cpu-bind=MASK - n2cn0191, task  0  0 [3604892]: mask |BBBBBBBB|BBBBBBBB||BBBBBBBB|BBBBBBBB||BBBBBBBB|BBBBBBBB||BBBBBBBB|BBBBBBBB||||BBBBBBBB|BBBBBBBB||BBBBBBBB|BBBBBBBB||BBBBBBBB|BBBBBBBB||BBBBBBBB|BBBBBBBB|  set
The following modules were not unloaded:
  (Use "module --force purge" to unload all):

  1) pc2fs   2) slurm/23.11.5-1   3) DefaultModules
cpu-bind=MASK - n2cn1105, task 160  0 [125242]: mask |BBBB----|--------||--------|--------||--------|--------||--------|--------||||--------|--------||--------|--------||--------|--------||--------|--------|  set
cpu-bind=MASK - n2cn1096, task 128  0 [1714236]: mask |BBBB----|--------||--------|--------||--------|--------||--------|--------||||--------|--------||--------|--------||--------|--------||--------|--------|  set
cpu-bind=MASK - n2cn0191, task  0  0 [3605311]: mask |BBBB----|--------||--------|--------||--------|--------||--------|--------||||--------|--------||--------|--------||--------|--------||--------|--------|  set
cpu-bind=MASK - n2cn0325, task 32  0 [1162024]: mask |BBBB----|--------||--------|--------||--------|--------||--------|--------||||--------|--------||--------|--------||--------|--------||--------|--------|  set
cpu-bind=MASK - n2cn1105, task 161  1 [125243]: mask |----BBBB|--------||--------|--------||--------|--------||--------|--------||||--------|--------||--------|--------||--------|--------||--------|--------|  set
cpu-bind=MASK - n2cn1105, task 162  2 [125244]: mask |--------|BBBB----||--------|--------||--------|--------||--------|--------||||--------|--------||--------|--------||--------|--------||--------|--------|  set
cpu-bind=MASK - n2cn1105, task 163  3 [125245]: mask |--------|----BBBB||--------|--------||--------|--------||--------|--------||||--------|--------||--------|--------||--------|--------||--------|--------|  set
cpu-bind=MASK - n2cn1105, task 164  4 [125246]: mask |--------|--------||BBBB----|--------||--------|--------||--------|--------||||--------|--------||--------|--------||--------|--------||--------|--------|  set
cpu-bind=MASK - n2cn1105, task 165  5 [125247]: mask |--------|--------||----BBBB|--------||--------|--------||--------|--------||||--------|--------||--------|--------||--------|--------||--------|--------|  set
cpu-bind=MASK - n2cn1105, task 166  6 [125248]: mask |--------|--------||--------|BBBB----||--------|--------||--------|--------||||--------|--------||--------|--------||--------|--------||--------|--------|  set
cpu-bind=MASK - n2cn1105, task 167  7 [125249]: mask |--------|--------||--------|----BBBB||--------|--------||--------|--------||||--------|--------||--------|--------||--------|--------||--------|--------|  set
cpu-bind=MASK - n2cn1096, task 129  1 [1714237]: mask |----BBBB|--------||--------|--------||--------|--------||--------|--------||||--------|--------||--------|--------||--------|--------||--------|--------|  set
cpu-bind=MASK - n2cn1096, task 130  2 [1714238]: mask |--------|BBBB----||--------|--------||--------|--------||--------|--------||||--------|--------||--------|--------||--------|--------||--------|--------|  set
cpu-bind=MASK - n2cn1096, task 131  3 [1714239]: mask |--------|----BBBB||--------|--------||--------|--------||--------|--------||||--------|--------||--------|--------||--------|--------||--------|--------|  set
cpu-bind=MASK - n2cn1096, task 132  4 [1714240]: mask |--------|--------||BBBB----|--------||--------|--------||--------|--------||||--------|--------||--------|--------||--------|--------||--------|--------|  set
cpu-bind=MASK - n2cn1096, task 133  5 [1714241]: mask |--------|--------||----BBBB|--------||--------|--------||--------|--------||||--------|--------||--------|--------||--------|--------||--------|--------|  set
cpu-bind=MASK - n2cn1096, task 134  6 [1714242]: mask |--------|--------||--------|BBBB----||--------|--------||--------|--------||||--------|--------||--------|--------||--------|--------||--------|--------|  set
cpu-bind=MASK - n2cn1096, task 135  7 [1714243]: mask |--------|--------||--------|----BBBB||--------|--------||--------|--------||||--------|--------||--------|--------||--------|--------||--------|--------|  set
cpu-bind=MASK - n2cn0337, task 64  0 [2338217]: mask |BBBB----|--------||--------|--------||--------|--------||--------|--------||||--------|--------||--------|--------||--------|--------||--------|--------|  set
cpu-bind=MASK - n2cn0325, task 33  1 [1162025]: mask |----BBBB|--------||--------|--------||--------|--------||--------|--------||||--------|--------||--------|--------||--------|--------||--------|--------|  set
cpu-bind=MASK - n2cn0325, task 34  2 [1162026]: mask |--------|BBBB----||--------|--------||--------|--------||--------|--------||||--------|--------||--------|--------||--------|--------||--------|--------|  set
cpu-bind=MASK - n2cn0325, task 35  3 [1162027]: mask |--------|----BBBB||--------|--------||--------|--------||--------|--------||||--------|--------||--------|--------||--------|--------||--------|--------|  set
cpu-bind=MASK - n2cn0325, task 36  4 [1162028]: mask |--------|--------||BBBB----|--------||--------|--------||--------|--------||||--------|--------||--------|--------||--------|--------||--------|--------|  set
cpu-bind=MASK - n2cn0325, task 37  5 [1162029]: mask |--------|--------||----BBBB|--------||--------|--------||--------|--------||||--------|--------||--------|--------||--------|--------||--------|--------|  set
cpu-bind=MASK - n2cn0325, task 38  6 [1162030]: mask |--------|--------||--------|BBBB----||--------|--------||--------|--------||||--------|--------||--------|--------||--------|--------||--------|--------|  set
cpu-bind=MASK - n2cn0325, task 39  7 [1162031]: mask |--------|--------||--------|----BBBB||--------|--------||--------|--------||||--------|--------||--------|--------||--------|--------||--------|--------|  set
cpu-bind=MASK - n2cn1001, task 96  0 [1299019]: mask |BBBB----|--------||--------|--------||--------|--------||--------|--------||||--------|--------||--------|--------||--------|--------||--------|--------|  set
cpu-bind=MASK - n2cn1105, task 168  8 [125250]: mask |--------|--------||--------|--------||BBBB----|--------||--------|--------||||--------|--------||--------|--------||--------|--------||--------|--------|  set
cpu-bind=MASK - n2cn1105, task 169  9 [125251]: mask |--------|--------||--------|--------||----BBBB|--------||--------|--------||||--------|--------||--------|--------||--------|--------||--------|--------|  set
cpu-bind=MASK - n2cn1105, task 170 10 [125252]: mask |--------|--------||--------|--------||--------|BBBB----||--------|--------||||--------|--------||--------|--------||--------|--------||--------|--------|  set
cpu-bind=MASK - n2cn1105, task 171 11 [125253]: mask |--------|--------||--------|--------||--------|----BBBB||--------|--------||||--------|--------||--------|--------||--------|--------||--------|--------|  set
cpu-bind=MASK - n2cn1105, task 172 12 [125254]: mask |--------|--------||--------|--------||--------|--------||BBBB----|--------||||--------|--------||--------|--------||--------|--------||--------|--------|  set
cpu-bind=MASK - n2cn1105, task 173 13 [125255]: mask |--------|--------||--------|--------||--------|--------||----BBBB|--------||||--------|--------||--------|--------||--------|--------||--------|--------|  set
cpu-bind=MASK - n2cn1105, task 174 14 [125256]: mask |--------|--------||--------|--------||--------|--------||--------|BBBB----||||--------|--------||--------|--------||--------|--------||--------|--------|  set
cpu-bind=MASK - n2cn1096, task 136  8 [1714244]: mask |--------|--------||--------|--------||BBBB----|--------||--------|--------||||--------|--------||--------|--------||--------|--------||--------|--------|  set
cpu-bind=MASK - n2cn1096, task 137  9 [1714245]: mask |--------|--------||--------|--------||----BBBB|--------||--------|--------||||--------|--------||--------|--------||--------|--------||--------|--------|  set
cpu-bind=MASK - n2cn1096, task 138 10 [1714246]: mask |--------|--------||--------|--------||--------|BBBB----||--------|--------||||--------|--------||--------|--------||--------|--------||--------|--------|  set
cpu-bind=MASK - n2cn1096, task 139 11 [1714247]: mask |--------|--------||--------|--------||--------|----BBBB||--------|--------||||--------|--------||--------|--------||--------|--------||--------|--------|  set
cpu-bind=MASK - n2cn1096, task 140 12 [1714248]: mask |--------|--------||--------|--------||--------|--------||BBBB----|--------||||--------|--------||--------|--------||--------|--------||--------|--------|  set
cpu-bind=MASK - n2cn1096, task 141 13 [1714249]: mask |--------|--------||--------|--------||--------|--------||----BBBB|--------||||--------|--------||--------|--------||--------|--------||--------|--------|  set
cpu-bind=MASK - n2cn1096, task 142 14 [1714250]: mask |--------|--------||--------|--------||--------|--------||--------|BBBB----||||--------|--------||--------|--------||--------|--------||--------|--------|  set
cpu-bind=MASK - n2cn0325, task 40  8 [1162032]: mask |--------|--------||--------|--------||BBBB----|--------||--------|--------||||--------|--------||--------|--------||--------|--------||--------|--------|  set
cpu-bind=MASK - n2cn0325, task 41  9 [1162033]: mask |--------|--------||--------|--------||----BBBB|--------||--------|--------||||--------|--------||--------|--------||--------|--------||--------|--------|  set
cpu-bind=MASK - n2cn0325, task 42 10 [1162034]: mask |--------|--------||--------|--------||--------|BBBB----||--------|--------||||--------|--------||--------|--------||--------|--------||--------|--------|  set
cpu-bind=MASK - n2cn0325, task 43 11 [1162035]: mask |--------|--------||--------|--------||--------|----BBBB||--------|--------||||--------|--------||--------|--------||--------|--------||--------|--------|  set
cpu-bind=MASK - n2cn0325, task 44 12 [1162036]: mask |--------|--------||--------|--------||--------|--------||BBBB----|--------||||--------|--------||--------|--------||--------|--------||--------|--------|  set
cpu-bind=MASK - n2cn0325, task 45 13 [1162037]: mask |--------|--------||--------|--------||--------|--------||----BBBB|--------||||--------|--------||--------|--------||--------|--------||--------|--------|  set
cpu-bind=MASK - n2cn0325, task 46 14 [1162038]: mask |--------|--------||--------|--------||--------|--------||--------|BBBB----||||--------|--------||--------|--------||--------|--------||--------|--------|  set
cpu-bind=MASK - n2cn0337, task 65  1 [2338218]: mask |----BBBB|--------||--------|--------||--------|--------||--------|--------||||--------|--------||--------|--------||--------|--------||--------|--------|  set
cpu-bind=MASK - n2cn0337, task 66  2 [2338219]: mask |--------|BBBB----||--------|--------||--------|--------||--------|--------||||--------|--------||--------|--------||--------|--------||--------|--------|  set
cpu-bind=MASK - n2cn0337, task 67  3 [2338220]: mask |--------|----BBBB||--------|--------||--------|--------||--------|--------||||--------|--------||--------|--------||--------|--------||--------|--------|  set
cpu-bind=MASK - n2cn0337, task 68  4 [2338221]: mask |--------|--------||BBBB----|--------||--------|--------||--------|--------||||--------|--------||--------|--------||--------|--------||--------|--------|  set
cpu-bind=MASK - n2cn0337, task 69  5 [2338222]: mask |--------|--------||----BBBB|--------||--------|--------||--------|--------||||--------|--------||--------|--------||--------|--------||--------|--------|  set
cpu-bind=MASK - n2cn0337, task 70  6 [2338223]: mask |--------|--------||--------|BBBB----||--------|--------||--------|--------||||--------|--------||--------|--------||--------|--------||--------|--------|  set
cpu-bind=MASK - n2cn0337, task 71  7 [2338224]: mask |--------|--------||--------|----BBBB||--------|--------||--------|--------||||--------|--------||--------|--------||--------|--------||--------|--------|  set
cpu-bind=MASK - n2cn1105, task 175 15 [125257]: mask |--------|--------||--------|--------||--------|--------||--------|----BBBB||||--------|--------||--------|--------||--------|--------||--------|--------|  set
cpu-bind=MASK - n2cn1105, task 176 16 [125258]: mask |--------|--------||--------|--------||--------|--------||--------|--------||||BBBB----|--------||--------|--------||--------|--------||--------|--------|  set
cpu-bind=MASK - n2cn1105, task 177 17 [125259]: mask |--------|--------||--------|--------||--------|--------||--------|--------||||----BBBB|--------||--------|--------||--------|--------||--------|--------|  set
cpu-bind=MASK - n2cn1105, task 178 18 [125260]: mask |--------|--------||--------|--------||--------|--------||--------|--------||||--------|BBBB----||--------|--------||--------|--------||--------|--------|  set
cpu-bind=MASK - n2cn1105, task 179 19 [125261]: mask |--------|--------||--------|--------||--------|--------||--------|--------||||--------|----BBBB||--------|--------||--------|--------||--------|--------|  set
cpu-bind=MASK - n2cn1105, task 180 20 [125262]: mask |--------|--------||--------|--------||--------|--------||--------|--------||||--------|--------||BBBB----|--------||--------|--------||--------|--------|  set
cpu-bind=MASK - n2cn1001, task 97  1 [1299020]: mask |----BBBB|--------||--------|--------||--------|--------||--------|--------||||--------|--------||--------|--------||--------|--------||--------|--------|  set
cpu-bind=MASK - n2cn1001, task 98  2 [1299021]: mask |--------|BBBB----||--------|--------||--------|--------||--------|--------||||--------|--------||--------|--------||--------|--------||--------|--------|  set
cpu-bind=MASK - n2cn1001, task 99  3 [1299022]: mask |--------|----BBBB||--------|--------||--------|--------||--------|--------||||--------|--------||--------|--------||--------|--------||--------|--------|  set
cpu-bind=MASK - n2cn1001, task 100  4 [1299023]: mask |--------|--------||BBBB----|--------||--------|--------||--------|--------||||--------|--------||--------|--------||--------|--------||--------|--------|  set
cpu-bind=MASK - n2cn1001, task 101  5 [1299024]: mask |--------|--------||----BBBB|--------||--------|--------||--------|--------||||--------|--------||--------|--------||--------|--------||--------|--------|  set
cpu-bind=MASK - n2cn1001, task 102  6 [1299025]: mask |--------|--------||--------|BBBB----||--------|--------||--------|--------||||--------|--------||--------|--------||--------|--------||--------|--------|  set
cpu-bind=MASK - n2cn1105, task 181 21 [125263]: mask |--------|--------||--------|--------||--------|--------||--------|--------||||--------|--------||----BBBB|--------||--------|--------||--------|--------|  set
cpu-bind=MASK - n2cn1001, task 103  7 [1299026]: mask |--------|--------||--------|----BBBB||--------|--------||--------|--------||||--------|--------||--------|--------||--------|--------||--------|--------|  set
cpu-bind=MASK - n2cn1096, task 143 15 [1714251]: mask |--------|--------||--------|--------||--------|--------||--------|----BBBB||||--------|--------||--------|--------||--------|--------||--------|--------|  set
cpu-bind=MASK - n2cn1096, task 144 16 [1714252]: mask |--------|--------||--------|--------||--------|--------||--------|--------||||BBBB----|--------||--------|--------||--------|--------||--------|--------|  set
cpu-bind=MASK - n2cn1096, task 145 17 [1714253]: mask |--------|--------||--------|--------||--------|--------||--------|--------||||----BBBB|--------||--------|--------||--------|--------||--------|--------|  set
cpu-bind=MASK - n2cn1096, task 146 18 [1714254]: mask |--------|--------||--------|--------||--------|--------||--------|--------||||--------|BBBB----||--------|--------||--------|--------||--------|--------|  set
cpu-bind=MASK - n2cn1096, task 147 19 [1714255]: mask |--------|--------||--------|--------||--------|--------||--------|--------||||--------|----BBBB||--------|--------||--------|--------||--------|--------|  set
cpu-bind=MASK - n2cn1096, task 148 20 [1714256]: mask |--------|--------||--------|--------||--------|--------||--------|--------||||--------|--------||BBBB----|--------||--------|--------||--------|--------|  set
cpu-bind=MASK - n2cn1096, task 149 21 [1714257]: mask |--------|--------||--------|--------||--------|--------||--------|--------||||--------|--------||----BBBB|--------||--------|--------||--------|--------|  set
cpu-bind=MASK - n2cn0325, task 47 15 [1162039]: mask |--------|--------||--------|--------||--------|--------||--------|----BBBB||||--------|--------||--------|--------||--------|--------||--------|--------|  set
cpu-bind=MASK - n2cn0325, task 48 16 [1162040]: mask |--------|--------||--------|--------||--------|--------||--------|--------||||BBBB----|--------||--------|--------||--------|--------||--------|--------|  set
cpu-bind=MASK - n2cn0325, task 49 17 [1162041]: mask |--------|--------||--------|--------||--------|--------||--------|--------||||----BBBB|--------||--------|--------||--------|--------||--------|--------|  set
cpu-bind=MASK - n2cn0325, task 50 18 [1162042]: mask |--------|--------||--------|--------||--------|--------||--------|--------||||--------|BBBB----||--------|--------||--------|--------||--------|--------|  set
cpu-bind=MASK - n2cn0325, task 51 19 [1162043]: mask |--------|--------||--------|--------||--------|--------||--------|--------||||--------|----BBBB||--------|--------||--------|--------||--------|--------|  set
cpu-bind=MASK - n2cn0325, task 52 20 [1162044]: mask |--------|--------||--------|--------||--------|--------||--------|--------||||--------|--------||BBBB----|--------||--------|--------||--------|--------|  set
cpu-bind=MASK - n2cn0325, task 53 21 [1162045]: mask |--------|--------||--------|--------||--------|--------||--------|--------||||--------|--------||----BBBB|--------||--------|--------||--------|--------|  set
cpu-bind=MASK - n2cn0337, task 72  8 [2338225]: mask |--------|--------||--------|--------||BBBB----|--------||--------|--------||||--------|--------||--------|--------||--------|--------||--------|--------|  set
cpu-bind=MASK - n2cn0337, task 73  9 [2338226]: mask |--------|--------||--------|--------||----BBBB|--------||--------|--------||||--------|--------||--------|--------||--------|--------||--------|--------|  set
cpu-bind=MASK - n2cn0337, task 74 10 [2338227]: mask |--------|--------||--------|--------||--------|BBBB----||--------|--------||||--------|--------||--------|--------||--------|--------||--------|--------|  set
cpu-bind=MASK - n2cn0337, task 75 11 [2338228]: mask |--------|--------||--------|--------||--------|----BBBB||--------|--------||||--------|--------||--------|--------||--------|--------||--------|--------|  set
cpu-bind=MASK - n2cn0337, task 76 12 [2338229]: mask |--------|--------||--------|--------||--------|--------||BBBB----|--------||||--------|--------||--------|--------||--------|--------||--------|--------|  set
cpu-bind=MASK - n2cn0337, task 77 13 [2338230]: mask |--------|--------||--------|--------||--------|--------||----BBBB|--------||||--------|--------||--------|--------||--------|--------||--------|--------|  set
cpu-bind=MASK - n2cn0337, task 78 14 [2338231]: mask |--------|--------||--------|--------||--------|--------||--------|BBBB----||||--------|--------||--------|--------||--------|--------||--------|--------|  set
cpu-bind=MASK - n2cn1001, task 104  8 [1299027]: mask |--------|--------||--------|--------||BBBB----|--------||--------|--------||||--------|--------||--------|--------||--------|--------||--------|--------|  set
cpu-bind=MASK - n2cn1001, task 105  9 [1299028]: mask |--------|--------||--------|--------||----BBBB|--------||--------|--------||||--------|--------||--------|--------||--------|--------||--------|--------|  set
cpu-bind=MASK - n2cn1001, task 106 10 [1299029]: mask |--------|--------||--------|--------||--------|BBBB----||--------|--------||||--------|--------||--------|--------||--------|--------||--------|--------|  set
cpu-bind=MASK - n2cn1001, task 107 11 [1299030]: mask |--------|--------||--------|--------||--------|----BBBB||--------|--------||||--------|--------||--------|--------||--------|--------||--------|--------|  set
cpu-bind=MASK - n2cn1001, task 108 12 [1299031]: mask |--------|--------||--------|--------||--------|--------||BBBB----|--------||||--------|--------||--------|--------||--------|--------||--------|--------|  set
cpu-bind=MASK - n2cn1001, task 109 13 [1299032]: mask |--------|--------||--------|--------||--------|--------||----BBBB|--------||||--------|--------||--------|--------||--------|--------||--------|--------|  set
cpu-bind=MASK - n2cn1001, task 110 14 [1299033]: mask |--------|--------||--------|--------||--------|--------||--------|BBBB----||||--------|--------||--------|--------||--------|--------||--------|--------|  set
cpu-bind=MASK - n2cn1096, task 150 22 [1714258]: mask |--------|--------||--------|--------||--------|--------||--------|--------||||--------|--------||--------|BBBB----||--------|--------||--------|--------|  set
cpu-bind=MASK - n2cn1096, task 151 23 [1714259]: mask |--------|--------||--------|--------||--------|--------||--------|--------||||--------|--------||--------|----BBBB||--------|--------||--------|--------|  set
cpu-bind=MASK - n2cn1096, task 152 24 [1714260]: mask |--------|--------||--------|--------||--------|--------||--------|--------||||--------|--------||--------|--------||BBBB----|--------||--------|--------|  set
cpu-bind=MASK - n2cn1096, task 153 25 [1714261]: mask |--------|--------||--------|--------||--------|--------||--------|--------||||--------|--------||--------|--------||----BBBB|--------||--------|--------|  set
cpu-bind=MASK - n2cn1096, task 154 26 [1714262]: mask |--------|--------||--------|--------||--------|--------||--------|--------||||--------|--------||--------|--------||--------|BBBB----||--------|--------|  set
cpu-bind=MASK - n2cn1096, task 155 27 [1714263]: mask |--------|--------||--------|--------||--------|--------||--------|--------||||--------|--------||--------|--------||--------|----BBBB||--------|--------|  set
cpu-bind=MASK - n2cn1105, task 182 22 [125264]: mask |--------|--------||--------|--------||--------|--------||--------|--------||||--------|--------||--------|BBBB----||--------|--------||--------|--------|  set
cpu-bind=MASK - n2cn1105, task 183 23 [125265]: mask |--------|--------||--------|--------||--------|--------||--------|--------||||--------|--------||--------|----BBBB||--------|--------||--------|--------|  set
cpu-bind=MASK - n2cn1105, task 184 24 [125266]: mask |--------|--------||--------|--------||--------|--------||--------|--------||||--------|--------||--------|--------||BBBB----|--------||--------|--------|  set
cpu-bind=MASK - n2cn1096, task 156 28 [1714264]: mask |--------|--------||--------|--------||--------|--------||--------|--------||||--------|--------||--------|--------||--------|--------||BBBB----|--------|  set
cpu-bind=MASK - n2cn1105, task 185 25 [125267]: mask |--------|--------||--------|--------||--------|--------||--------|--------||||--------|--------||--------|--------||----BBBB|--------||--------|--------|  set
cpu-bind=MASK - n2cn1105, task 186 26 [125268]: mask |--------|--------||--------|--------||--------|--------||--------|--------||||--------|--------||--------|--------||--------|BBBB----||--------|--------|  set
cpu-bind=MASK - n2cn1105, task 187 27 [125269]: mask |--------|--------||--------|--------||--------|--------||--------|--------||||--------|--------||--------|--------||--------|----BBBB||--------|--------|  set
cpu-bind=MASK - n2cn0325, task 54 22 [1162046]: mask |--------|--------||--------|--------||--------|--------||--------|--------||||--------|--------||--------|BBBB----||--------|--------||--------|--------|  set
cpu-bind=MASK - n2cn0325, task 55 23 [1162047]: mask |--------|--------||--------|--------||--------|--------||--------|--------||||--------|--------||--------|----BBBB||--------|--------||--------|--------|  set
cpu-bind=MASK - n2cn0325, task 56 24 [1162048]: mask |--------|--------||--------|--------||--------|--------||--------|--------||||--------|--------||--------|--------||BBBB----|--------||--------|--------|  set
cpu-bind=MASK - n2cn0325, task 57 25 [1162049]: mask |--------|--------||--------|--------||--------|--------||--------|--------||||--------|--------||--------|--------||----BBBB|--------||--------|--------|  set
cpu-bind=MASK - n2cn0325, task 58 26 [1162050]: mask |--------|--------||--------|--------||--------|--------||--------|--------||||--------|--------||--------|--------||--------|BBBB----||--------|--------|  set
cpu-bind=MASK - n2cn0325, task 59 27 [1162051]: mask |--------|--------||--------|--------||--------|--------||--------|--------||||--------|--------||--------|--------||--------|----BBBB||--------|--------|  set
cpu-bind=MASK - n2cn1105, task 188 28 [125270]: mask |--------|--------||--------|--------||--------|--------||--------|--------||||--------|--------||--------|--------||--------|--------||BBBB----|--------|  set
cpu-bind=MASK - n2cn0325, task 60 28 [1162052]: mask |--------|--------||--------|--------||--------|--------||--------|--------||||--------|--------||--------|--------||--------|--------||BBBB----|--------|  set
cpu-bind=MASK - n2cn0337, task 79 15 [2338232]: mask |--------|--------||--------|--------||--------|--------||--------|----BBBB||||--------|--------||--------|--------||--------|--------||--------|--------|  set
cpu-bind=MASK - n2cn0337, task 80 16 [2338233]: mask |--------|--------||--------|--------||--------|--------||--------|--------||||BBBB----|--------||--------|--------||--------|--------||--------|--------|  set
cpu-bind=MASK - n2cn0337, task 81 17 [2338234]: mask |--------|--------||--------|--------||--------|--------||--------|--------||||----BBBB|--------||--------|--------||--------|--------||--------|--------|  set
cpu-bind=MASK - n2cn0337, task 82 18 [2338235]: mask |--------|--------||--------|--------||--------|--------||--------|--------||||--------|BBBB----||--------|--------||--------|--------||--------|--------|  set
cpu-bind=MASK - n2cn0337, task 83 19 [2338236]: mask |--------|--------||--------|--------||--------|--------||--------|--------||||--------|----BBBB||--------|--------||--------|--------||--------|--------|  set
cpu-bind=MASK - n2cn0337, task 84 20 [2338237]: mask |--------|--------||--------|--------||--------|--------||--------|--------||||--------|--------||BBBB----|--------||--------|--------||--------|--------|  set
cpu-bind=MASK - n2cn0337, task 85 21 [2338238]: mask |--------|--------||--------|--------||--------|--------||--------|--------||||--------|--------||----BBBB|--------||--------|--------||--------|--------|  set
cpu-bind=MASK - n2cn1001, task 111 15 [1299034]: mask |--------|--------||--------|--------||--------|--------||--------|----BBBB||||--------|--------||--------|--------||--------|--------||--------|--------|  set
cpu-bind=MASK - n2cn1001, task 112 16 [1299035]: mask |--------|--------||--------|--------||--------|--------||--------|--------||||BBBB----|--------||--------|--------||--------|--------||--------|--------|  set
cpu-bind=MASK - n2cn1001, task 113 17 [1299036]: mask |--------|--------||--------|--------||--------|--------||--------|--------||||----BBBB|--------||--------|--------||--------|--------||--------|--------|  set
cpu-bind=MASK - n2cn1001, task 114 18 [1299037]: mask |--------|--------||--------|--------||--------|--------||--------|--------||||--------|BBBB----||--------|--------||--------|--------||--------|--------|  set
cpu-bind=MASK - n2cn1001, task 115 19 [1299038]: mask |--------|--------||--------|--------||--------|--------||--------|--------||||--------|----BBBB||--------|--------||--------|--------||--------|--------|  set
cpu-bind=MASK - n2cn1001, task 116 20 [1299039]: mask |--------|--------||--------|--------||--------|--------||--------|--------||||--------|--------||BBBB----|--------||--------|--------||--------|--------|  set
cpu-bind=MASK - n2cn1001, task 117 21 [1299040]: mask |--------|--------||--------|--------||--------|--------||--------|--------||||--------|--------||----BBBB|--------||--------|--------||--------|--------|  set
cpu-bind=MASK - n2cn0337, task 86 22 [2338239]: mask |--------|--------||--------|--------||--------|--------||--------|--------||||--------|--------||--------|BBBB----||--------|--------||--------|--------|  set
cpu-bind=MASK - n2cn0337, task 87 23 [2338240]: mask |--------|--------||--------|--------||--------|--------||--------|--------||||--------|--------||--------|----BBBB||--------|--------||--------|--------|  set
cpu-bind=MASK - n2cn0337, task 88 24 [2338241]: mask |--------|--------||--------|--------||--------|--------||--------|--------||||--------|--------||--------|--------||BBBB----|--------||--------|--------|  set
cpu-bind=MASK - n2cn0337, task 89 25 [2338242]: mask |--------|--------||--------|--------||--------|--------||--------|--------||||--------|--------||--------|--------||----BBBB|--------||--------|--------|  set
cpu-bind=MASK - n2cn0337, task 90 26 [2338243]: mask |--------|--------||--------|--------||--------|--------||--------|--------||||--------|--------||--------|--------||--------|BBBB----||--------|--------|  set
cpu-bind=MASK - n2cn0337, task 91 27 [2338244]: mask |--------|--------||--------|--------||--------|--------||--------|--------||||--------|--------||--------|--------||--------|----BBBB||--------|--------|  set
cpu-bind=MASK - n2cn0337, task 92 28 [2338245]: mask |--------|--------||--------|--------||--------|--------||--------|--------||||--------|--------||--------|--------||--------|--------||BBBB----|--------|  set
cpu-bind=MASK - n2cn0191, task  1  1 [3605312]: mask |----BBBB|--------||--------|--------||--------|--------||--------|--------||||--------|--------||--------|--------||--------|--------||--------|--------|  set
cpu-bind=MASK - n2cn0191, task  2  2 [3605313]: mask |--------|BBBB----||--------|--------||--------|--------||--------|--------||||--------|--------||--------|--------||--------|--------||--------|--------|  set
cpu-bind=MASK - n2cn0191, task  3  3 [3605314]: mask |--------|----BBBB||--------|--------||--------|--------||--------|--------||||--------|--------||--------|--------||--------|--------||--------|--------|  set
cpu-bind=MASK - n2cn0191, task  4  4 [3605315]: mask |--------|--------||BBBB----|--------||--------|--------||--------|--------||||--------|--------||--------|--------||--------|--------||--------|--------|  set
cpu-bind=MASK - n2cn0191, task  5  5 [3605316]: mask |--------|--------||----BBBB|--------||--------|--------||--------|--------||||--------|--------||--------|--------||--------|--------||--------|--------|  set
cpu-bind=MASK - n2cn0191, task  6  6 [3605317]: mask |--------|--------||--------|BBBB----||--------|--------||--------|--------||||--------|--------||--------|--------||--------|--------||--------|--------|  set
cpu-bind=MASK - n2cn0191, task  7  7 [3605318]: mask |--------|--------||--------|----BBBB||--------|--------||--------|--------||||--------|--------||--------|--------||--------|--------||--------|--------|  set
cpu-bind=MASK - n2cn0191, task  8  8 [3605319]: mask |--------|--------||--------|--------||BBBB----|--------||--------|--------||||--------|--------||--------|--------||--------|--------||--------|--------|  set
cpu-bind=MASK - n2cn0191, task  9  9 [3605320]: mask |--------|--------||--------|--------||----BBBB|--------||--------|--------||||--------|--------||--------|--------||--------|--------||--------|--------|  set
cpu-bind=MASK - n2cn0191, task 10 10 [3605321]: mask |--------|--------||--------|--------||--------|BBBB----||--------|--------||||--------|--------||--------|--------||--------|--------||--------|--------|  set
cpu-bind=MASK - n2cn0191, task 11 11 [3605322]: mask |--------|--------||--------|--------||--------|----BBBB||--------|--------||||--------|--------||--------|--------||--------|--------||--------|--------|  set
cpu-bind=MASK - n2cn0191, task 12 12 [3605323]: mask |--------|--------||--------|--------||--------|--------||BBBB----|--------||||--------|--------||--------|--------||--------|--------||--------|--------|  set
cpu-bind=MASK - n2cn0191, task 13 13 [3605324]: mask |--------|--------||--------|--------||--------|--------||----BBBB|--------||||--------|--------||--------|--------||--------|--------||--------|--------|  set
cpu-bind=MASK - n2cn0191, task 14 14 [3605325]: mask |--------|--------||--------|--------||--------|--------||--------|BBBB----||||--------|--------||--------|--------||--------|--------||--------|--------|  set
cpu-bind=MASK - n2cn0191, task 15 15 [3605326]: mask |--------|--------||--------|--------||--------|--------||--------|----BBBB||||--------|--------||--------|--------||--------|--------||--------|--------|  set
cpu-bind=MASK - n2cn0191, task 16 16 [3605327]: mask |--------|--------||--------|--------||--------|--------||--------|--------||||BBBB----|--------||--------|--------||--------|--------||--------|--------|  set
cpu-bind=MASK - n2cn0191, task 17 17 [3605328]: mask |--------|--------||--------|--------||--------|--------||--------|--------||||----BBBB|--------||--------|--------||--------|--------||--------|--------|  set
cpu-bind=MASK - n2cn0191, task 18 18 [3605329]: mask |--------|--------||--------|--------||--------|--------||--------|--------||||--------|BBBB----||--------|--------||--------|--------||--------|--------|  set
cpu-bind=MASK - n2cn0191, task 19 19 [3605330]: mask |--------|--------||--------|--------||--------|--------||--------|--------||||--------|----BBBB||--------|--------||--------|--------||--------|--------|  set
cpu-bind=MASK - n2cn0191, task 20 20 [3605331]: mask |--------|--------||--------|--------||--------|--------||--------|--------||||--------|--------||BBBB----|--------||--------|--------||--------|--------|  set
cpu-bind=MASK - n2cn0191, task 21 21 [3605332]: mask |--------|--------||--------|--------||--------|--------||--------|--------||||--------|--------||----BBBB|--------||--------|--------||--------|--------|  set
cpu-bind=MASK - n2cn0191, task 22 22 [3605333]: mask |--------|--------||--------|--------||--------|--------||--------|--------||||--------|--------||--------|BBBB----||--------|--------||--------|--------|  set
cpu-bind=MASK - n2cn0191, task 23 23 [3605334]: mask |--------|--------||--------|--------||--------|--------||--------|--------||||--------|--------||--------|----BBBB||--------|--------||--------|--------|  set
cpu-bind=MASK - n2cn0191, task 24 24 [3605335]: mask |--------|--------||--------|--------||--------|--------||--------|--------||||--------|--------||--------|--------||BBBB----|--------||--------|--------|  set
cpu-bind=MASK - n2cn0191, task 25 25 [3605336]: mask |--------|--------||--------|--------||--------|--------||--------|--------||||--------|--------||--------|--------||----BBBB|--------||--------|--------|  set
cpu-bind=MASK - n2cn0191, task 26 26 [3605337]: mask |--------|--------||--------|--------||--------|--------||--------|--------||||--------|--------||--------|--------||--------|BBBB----||--------|--------|  set
cpu-bind=MASK - n2cn0191, task 27 27 [3605338]: mask |--------|--------||--------|--------||--------|--------||--------|--------||||--------|--------||--------|--------||--------|----BBBB||--------|--------|  set
cpu-bind=MASK - n2cn0191, task 28 28 [3605339]: mask |--------|--------||--------|--------||--------|--------||--------|--------||||--------|--------||--------|--------||--------|--------||BBBB----|--------|  set
cpu-bind=MASK - n2cn0191, task 29 29 [3605340]: mask |--------|--------||--------|--------||--------|--------||--------|--------||||--------|--------||--------|--------||--------|--------||----BBBB|--------|  set
cpu-bind=MASK - n2cn0191, task 30 30 [3605341]: mask |--------|--------||--------|--------||--------|--------||--------|--------||||--------|--------||--------|--------||--------|--------||--------|BBBB----|  set
cpu-bind=MASK - n2cn1001, task 118 22 [1299041]: mask |--------|--------||--------|--------||--------|--------||--------|--------||||--------|--------||--------|BBBB----||--------|--------||--------|--------|  set
cpu-bind=MASK - n2cn1001, task 119 23 [1299042]: mask |--------|--------||--------|--------||--------|--------||--------|--------||||--------|--------||--------|----BBBB||--------|--------||--------|--------|  set
cpu-bind=MASK - n2cn1001, task 120 24 [1299043]: mask |--------|--------||--------|--------||--------|--------||--------|--------||||--------|--------||--------|--------||BBBB----|--------||--------|--------|  set
cpu-bind=MASK - n2cn1001, task 121 25 [1299044]: mask |--------|--------||--------|--------||--------|--------||--------|--------||||--------|--------||--------|--------||----BBBB|--------||--------|--------|  set
cpu-bind=MASK - n2cn1001, task 122 26 [1299045]: mask |--------|--------||--------|--------||--------|--------||--------|--------||||--------|--------||--------|--------||--------|BBBB----||--------|--------|  set
cpu-bind=MASK - n2cn1001, task 123 27 [1299046]: mask |--------|--------||--------|--------||--------|--------||--------|--------||||--------|--------||--------|--------||--------|----BBBB||--------|--------|  set
cpu-bind=MASK - n2cn1001, task 124 28 [1299047]: mask |--------|--------||--------|--------||--------|--------||--------|--------||||--------|--------||--------|--------||--------|--------||BBBB----|--------|  set
cpu-bind=MASK - n2cn0191, task 31 31 [3605342]: mask |--------|--------||--------|--------||--------|--------||--------|--------||||--------|--------||--------|--------||--------|--------||--------|----BBBB|  set
cpu-bind=MASK - n2cn1105, task 189 29 [125271]: mask |--------|--------||--------|--------||--------|--------||--------|--------||||--------|--------||--------|--------||--------|--------||----BBBB|--------|  set
cpu-bind=MASK - n2cn1105, task 190 30 [125272]: mask |--------|--------||--------|--------||--------|--------||--------|--------||||--------|--------||--------|--------||--------|--------||--------|BBBB----|  set
cpu-bind=MASK - n2cn1105, task 191 31 [125273]: mask |--------|--------||--------|--------||--------|--------||--------|--------||||--------|--------||--------|--------||--------|--------||--------|----BBBB|  set
cpu-bind=MASK - n2cn0325, task 61 29 [1162053]: mask |--------|--------||--------|--------||--------|--------||--------|--------||||--------|--------||--------|--------||--------|--------||----BBBB|--------|  set
cpu-bind=MASK - n2cn0325, task 62 30 [1162054]: mask |--------|--------||--------|--------||--------|--------||--------|--------||||--------|--------||--------|--------||--------|--------||--------|BBBB----|  set
cpu-bind=MASK - n2cn0325, task 63 31 [1162055]: mask |--------|--------||--------|--------||--------|--------||--------|--------||||--------|--------||--------|--------||--------|--------||--------|----BBBB|  set
cpu-bind=MASK - n2cn1096, task 157 29 [1714265]: mask |--------|--------||--------|--------||--------|--------||--------|--------||||--------|--------||--------|--------||--------|--------||----BBBB|--------|  set
cpu-bind=MASK - n2cn1096, task 158 30 [1714266]: mask |--------|--------||--------|--------||--------|--------||--------|--------||||--------|--------||--------|--------||--------|--------||--------|BBBB----|  set
cpu-bind=MASK - n2cn1096, task 159 31 [1714267]: mask |--------|--------||--------|--------||--------|--------||--------|--------||||--------|--------||--------|--------||--------|--------||--------|----BBBB|  set
cpu-bind=MASK - n2cn0337, task 93 29 [2338246]: mask |--------|--------||--------|--------||--------|--------||--------|--------||||--------|--------||--------|--------||--------|--------||----BBBB|--------|  set
cpu-bind=MASK - n2cn0337, task 94 30 [2338247]: mask |--------|--------||--------|--------||--------|--------||--------|--------||||--------|--------||--------|--------||--------|--------||--------|BBBB----|  set
cpu-bind=MASK - n2cn0337, task 95 31 [2338248]: mask |--------|--------||--------|--------||--------|--------||--------|--------||||--------|--------||--------|--------||--------|--------||--------|----BBBB|  set
cpu-bind=MASK - n2cn1001, task 125 29 [1299048]: mask |--------|--------||--------|--------||--------|--------||--------|--------||||--------|--------||--------|--------||--------|--------||----BBBB|--------|  set
cpu-bind=MASK - n2cn1001, task 126 30 [1299049]: mask |--------|--------||--------|--------||--------|--------||--------|--------||||--------|--------||--------|--------||--------|--------||--------|BBBB----|  set
cpu-bind=MASK - n2cn1001, task 127 31 [1299050]: mask |--------|--------||--------|--------||--------|--------||--------|--------||||--------|--------||--------|--------||--------|--------||--------|----BBBB|  set
2025-03-15 02:24:00.087452: I tensorflow/tsl/cuda/cudart_stub.cc:28] Could not find cuda drivers on your machine, GPU will not be used.
2025-03-15 02:24:00.089580: I tensorflow/tsl/cuda/cudart_stub.cc:28] Could not find cuda drivers on your machine, GPU will not be used.
2025-03-15 02:24:00.089574: I tensorflow/tsl/cuda/cudart_stub.cc:28] Could not find cuda drivers on your machine, GPU will not be used.
2025-03-15 02:24:00.091337: I tensorflow/tsl/cuda/cudart_stub.cc:28] Could not find cuda drivers on your machine, GPU will not be used.
2025-03-15 02:24:00.092514: I tensorflow/tsl/cuda/cudart_stub.cc:28] Could not find cuda drivers on your machine, GPU will not be used.
2025-03-15 02:24:00.096460: I tensorflow/tsl/cuda/cudart_stub.cc:28] Could not find cuda drivers on your machine, GPU will not be used.
2025-03-15 02:24:00.101834: I tensorflow/tsl/cuda/cudart_stub.cc:28] Could not find cuda drivers on your machine, GPU will not be used.
2025-03-15 02:24:00.112959: I tensorflow/tsl/cuda/cudart_stub.cc:28] Could not find cuda drivers on your machine, GPU will not be used.
2025-03-15 02:24:00.114964: E tensorflow/compiler/xla/stream_executor/cuda/cuda_dnn.cc:9342] Unable to register cuDNN factory: Attempting to register factory for plugin cuDNN when one has already been registered
2025-03-15 02:24:00.114993: E tensorflow/compiler/xla/stream_executor/cuda/cuda_fft.cc:609] Unable to register cuFFT factory: Attempting to register factory for plugin cuFFT when one has already been registered
2025-03-15 02:24:00.115017: E tensorflow/compiler/xla/stream_executor/cuda/cuda_blas.cc:1518] Unable to register cuBLAS factory: Attempting to register factory for plugin cuBLAS when one has already been registered
2025-03-15 02:24:00.115891: E tensorflow/compiler/xla/stream_executor/cuda/cuda_dnn.cc:9342] Unable to register cuDNN factory: Attempting to register factory for plugin cuDNN when one has already been registered
2025-03-15 02:24:00.115917: E tensorflow/compiler/xla/stream_executor/cuda/cuda_fft.cc:609] Unable to register cuFFT factory: Attempting to register factory for plugin cuFFT when one has already been registered
2025-03-15 02:24:00.115938: E tensorflow/compiler/xla/stream_executor/cuda/cuda_blas.cc:1518] Unable to register cuBLAS factory: Attempting to register factory for plugin cuBLAS when one has already been registered
2025-03-15 02:24:00.115891: E tensorflow/compiler/xla/stream_executor/cuda/cuda_dnn.cc:9342] Unable to register cuDNN factory: Attempting to register factory for plugin cuDNN when one has already been registered
2025-03-15 02:24:00.115917: E tensorflow/compiler/xla/stream_executor/cuda/cuda_fft.cc:609] Unable to register cuFFT factory: Attempting to register factory for plugin cuFFT when one has already been registered
2025-03-15 02:24:00.115942: E tensorflow/compiler/xla/stream_executor/cuda/cuda_blas.cc:1518] Unable to register cuBLAS factory: Attempting to register factory for plugin cuBLAS when one has already been registered
2025-03-15 02:24:00.118685: I tensorflow/tsl/cuda/cudart_stub.cc:28] Could not find cuda drivers on your machine, GPU will not be used.
2025-03-15 02:24:00.119971: E tensorflow/compiler/xla/stream_executor/cuda/cuda_dnn.cc:9342] Unable to register cuDNN factory: Attempting to register factory for plugin cuDNN when one has already been registered
2025-03-15 02:24:00.119992: E tensorflow/compiler/xla/stream_executor/cuda/cuda_fft.cc:609] Unable to register cuFFT factory: Attempting to register factory for plugin cuFFT when one has already been registered
2025-03-15 02:24:00.120024: E tensorflow/compiler/xla/stream_executor/cuda/cuda_blas.cc:1518] Unable to register cuBLAS factory: Attempting to register factory for plugin cuBLAS when one has already been registered
2025-03-15 02:24:00.120642: E tensorflow/compiler/xla/stream_executor/cuda/cuda_dnn.cc:9342] Unable to register cuDNN factory: Attempting to register factory for plugin cuDNN when one has already been registered
2025-03-15 02:24:00.120668: E tensorflow/compiler/xla/stream_executor/cuda/cuda_fft.cc:609] Unable to register cuFFT factory: Attempting to register factory for plugin cuFFT when one has already been registered
2025-03-15 02:24:00.120694: E tensorflow/compiler/xla/stream_executor/cuda/cuda_blas.cc:1518] Unable to register cuBLAS factory: Attempting to register factory for plugin cuBLAS when one has already been registered
2025-03-15 02:24:00.123694: E tensorflow/compiler/xla/stream_executor/cuda/cuda_dnn.cc:9342] Unable to register cuDNN factory: Attempting to register factory for plugin cuDNN when one has already been registered
2025-03-15 02:24:00.123712: E tensorflow/compiler/xla/stream_executor/cuda/cuda_fft.cc:609] Unable to register cuFFT factory: Attempting to register factory for plugin cuFFT when one has already been registered
2025-03-15 02:24:00.123737: E tensorflow/compiler/xla/stream_executor/cuda/cuda_blas.cc:1518] Unable to register cuBLAS factory: Attempting to register factory for plugin cuBLAS when one has already been registered
2025-03-15 02:24:00.125206: I tensorflow/tsl/cuda/cudart_stub.cc:28] Could not find cuda drivers on your machine, GPU will not be used.
2025-03-15 02:24:00.128272: I tensorflow/tsl/cuda/cudart_stub.cc:28] Could not find cuda drivers on your machine, GPU will not be used.
2025-03-15 02:24:00.129774: I tensorflow/tsl/cuda/cudart_stub.cc:28] Could not find cuda drivers on your machine, GPU will not be used.
2025-03-15 02:24:00.129890: E tensorflow/compiler/xla/stream_executor/cuda/cuda_dnn.cc:9342] Unable to register cuDNN factory: Attempting to register factory for plugin cuDNN when one has already been registered
2025-03-15 02:24:00.129917: E tensorflow/compiler/xla/stream_executor/cuda/cuda_fft.cc:609] Unable to register cuFFT factory: Attempting to register factory for plugin cuFFT when one has already been registered
2025-03-15 02:24:00.129944: E tensorflow/compiler/xla/stream_executor/cuda/cuda_blas.cc:1518] Unable to register cuBLAS factory: Attempting to register factory for plugin cuBLAS when one has already been registered
DeePMD-kit: Cannot find libcudart.so.11.0
implib-gen: libcudart.so.11.0: failed to load library 'libcudart.so.11.0' via callback 'DP_cudart_dlopen'
implib-gen: libcudart.so.11.0: failed to resolve symbol '__cudaRegisterFatBinary', library failed to load
implib-gen: libcudart.so.11.0: failed to load library 'libcudart.so.11.0' via callback 'DP_cudart_dlopen'
implib-gen: libcudart.so.11.0: failed to resolve symbol '__cudaRegisterFunction', library failed to load
implib-gen: libcudart.so.11.0: failed to load library 'libcudart.so.11.0' via callback 'DP_cudart_dlopen'
implib-gen: libcudart.so.11.0: failed to resolve symbol '__cudaRegisterFatBinaryEnd', library failed to load
DeePMD-kit: Cannot find libcudart.so.11.0
implib-gen: libcudart.so.11.0: failed to load library 'libcudart.so.11.0' via callback 'DP_cudart_dlopen'
implib-gen: libcudart.so.11.0: failed to resolve symbol '__cudaRegisterFatBinary', library failed to load
implib-gen: libcudart.so.11.0: failed to load library 'libcudart.so.11.0' via callback 'DP_cudart_dlopen'
implib-gen: libcudart.so.11.0: failed to resolve symbol '__cudaRegisterFunction', library failed to load
implib-gen: libcudart.so.11.0: failed to load library 'libcudart.so.11.0' via callback 'DP_cudart_dlopen'
implib-gen: libcudart.so.11.0: failed to resolve symbol '__cudaRegisterFatBinaryEnd', library failed to load
DeePMD-kit: Cannot find libcudart.so.11.0
implib-gen: libcudart.so.11.0: failed to load library 'libcudart.so.11.0' via callback 'DP_cudart_dlopen'
implib-gen: libcudart.so.11.0: failed to resolve symbol '__cudaRegisterFatBinary', library failed to load
implib-gen: libcudart.so.11.0: failed to load library 'libcudart.so.11.0' via callback 'DP_cudart_dlopen'
implib-gen: libcudart.so.11.0: failed to resolve symbol '__cudaRegisterFunction', library failed to load
implib-gen: libcudart.so.11.0: failed to load library 'libcudart.so.11.0' via callback 'DP_cudart_dlopen'
implib-gen: libcudart.so.11.0: failed to resolve symbol '__cudaRegisterFatBinaryEnd', library failed to load
DeePMD-kit: Cannot find libcudart.so.11.0
implib-gen: libcudart.so.11.0: failed to load library 'libcudart.so.11.0' via callback 'DP_cudart_dlopen'
implib-gen: libcudart.so.11.0: failed to resolve symbol '__cudaRegisterFatBinary', library failed to load
implib-gen: libcudart.so.11.0: failed to load library 'libcudart.so.11.0' via callback 'DP_cudart_dlopen'
implib-gen: libcudart.so.11.0: failed to resolve symbol '__cudaRegisterFunction', library failed to load
implib-gen: libcudart.so.11.0: failed to load library 'libcudart.so.11.0' via callback 'DP_cudart_dlopen'
implib-gen: libcudart.so.11.0: failed to resolve symbol '__cudaRegisterFatBinaryEnd', library failed to load
DeePMD-kit: Cannot find libcudart.so.11.0
implib-gen: libcudart.so.11.0: failed to load library 'libcudart.so.11.0' via callback 'DP_cudart_dlopen'
implib-gen: libcudart.so.11.0: failed to resolve symbol '__cudaRegisterFatBinary', library failed to load
implib-gen: libcudart.so.11.0: failed to load library 'libcudart.so.11.0' via callback 'DP_cudart_dlopen'
implib-gen: libcudart.so.11.0: failed to resolve symbol '__cudaRegisterFunction', library failed to load
implib-gen: libcudart.so.11.0: failed to load library 'libcudart.so.11.0' via callback 'DP_cudart_dlopen'
implib-gen: libcudart.so.11.0: failed to resolve symbol '__cudaRegisterFatBinaryEnd', library failed to load
DeePMD-kit: Cannot find libcudart.so.11.0
implib-gen: libcudart.so.11.0: failed to load library 'libcudart.so.11.0' via callback 'DP_cudart_dlopen'
implib-gen: libcudart.so.11.0: failed to resolve symbol '__cudaRegisterFatBinary', library failed to load
implib-gen: libcudart.so.11.0: failed to load library 'libcudart.so.11.0' via callback 'DP_cudart_dlopen'
implib-gen: libcudart.so.11.0: failed to resolve symbol '__cudaRegisterFunction', library failed to load
implib-gen: libcudart.so.11.0: failed to load library 'libcudart.so.11.0' via callback 'DP_cudart_dlopen'
implib-gen: libcudart.so.11.0: failed to resolve symbol '__cudaRegisterFatBinaryEnd', library failed to load
2025-03-15 02:24:00.133200: I tensorflow/tsl/cuda/cudart_stub.cc:28] Could not find cuda drivers on your machine, GPU will not be used.
2025-03-15 02:24:00.133205: I tensorflow/tsl/cuda/cudart_stub.cc:28] Could not find cuda drivers on your machine, GPU will not be used.
2025-03-15 02:24:00.133199: I tensorflow/tsl/cuda/cudart_stub.cc:28] Could not find cuda drivers on your machine, GPU will not be used.
2025-03-15 02:24:00.133198: I tensorflow/tsl/cuda/cudart_stub.cc:28] Could not find cuda drivers on your machine, GPU will not be used.
2025-03-15 02:24:00.133205: I tensorflow/tsl/cuda/cudart_stub.cc:28] Could not find cuda drivers on your machine, GPU will not be used.
2025-03-15 02:24:00.133619: I tensorflow/tsl/cuda/cudart_stub.cc:28] Could not find cuda drivers on your machine, GPU will not be used.
2025-03-15 02:24:00.134617: I tensorflow/tsl/cuda/cudart_stub.cc:28] Could not find cuda drivers on your machine, GPU will not be used.
2025-03-15 02:24:00.134619: I tensorflow/tsl/cuda/cudart_stub.cc:28] Could not find cuda drivers on your machine, GPU will not be used.
2025-03-15 02:24:00.137506: I tensorflow/tsl/cuda/cudart_stub.cc:28] Could not find cuda drivers on your machine, GPU will not be used.
DeePMD-kit: Cannot find libcudart.so.11.0
implib-gen: libcudart.so.11.0: failed to load library 'libcudart.so.11.0' via callback 'DP_cudart_dlopen'
implib-gen: libcudart.so.11.0: failed to resolve symbol '__cudaRegisterFatBinary', library failed to load
implib-gen: libcudart.so.11.0: failed to load library 'libcudart.so.11.0' via callback 'DP_cudart_dlopen'
implib-gen: libcudart.so.11.0: failed to resolve symbol '__cudaRegisterFunction', library failed to load
implib-gen: libcudart.so.11.0: failed to load library 'libcudart.so.11.0' via callback 'DP_cudart_dlopen'
implib-gen: libcudart.so.11.0: failed to resolve symbol '__cudaRegisterFatBinaryEnd', library failed to load
2025-03-15 02:24:00.142561: E tensorflow/compiler/xla/stream_executor/cuda/cuda_dnn.cc:9342] Unable to register cuDNN factory: Attempting to register factory for plugin cuDNN when one has already been registered
2025-03-15 02:24:00.142585: E tensorflow/compiler/xla/stream_executor/cuda/cuda_fft.cc:609] Unable to register cuFFT factory: Attempting to register factory for plugin cuFFT when one has already been registered
2025-03-15 02:24:00.142618: E tensorflow/compiler/xla/stream_executor/cuda/cuda_blas.cc:1518] Unable to register cuBLAS factory: Attempting to register factory for plugin cuBLAS when one has already been registered
2025-03-15 02:24:00.142709: I tensorflow/tsl/cuda/cudart_stub.cc:28] Could not find cuda drivers on your machine, GPU will not be used.
2025-03-15 02:24:00.144612: I tensorflow/tsl/cuda/cudart_stub.cc:28] Could not find cuda drivers on your machine, GPU will not be used.
2025-03-15 02:24:00.146005: I tensorflow/tsl/cuda/cudart_stub.cc:28] Could not find cuda drivers on your machine, GPU will not be used.
2025-03-15 02:24:00.146322: I tensorflow/tsl/cuda/cudart_stub.cc:28] Could not find cuda drivers on your machine, GPU will not be used.
2025-03-15 02:24:00.146869: I tensorflow/tsl/cuda/cudart_stub.cc:28] Could not find cuda drivers on your machine, GPU will not be used.
2025-03-15 02:24:00.146864: I tensorflow/tsl/cuda/cudart_stub.cc:28] Could not find cuda drivers on your machine, GPU will not be used.
2025-03-15 02:24:00.147062: I tensorflow/tsl/cuda/cudart_stub.cc:28] Could not find cuda drivers on your machine, GPU will not be used.
2025-03-15 02:24:00.147409: E tensorflow/compiler/xla/stream_executor/cuda/cuda_dnn.cc:9342] Unable to register cuDNN factory: Attempting to register factory for plugin cuDNN when one has already been registered
2025-03-15 02:24:00.147433: E tensorflow/compiler/xla/stream_executor/cuda/cuda_fft.cc:609] Unable to register cuFFT factory: Attempting to register factory for plugin cuFFT when one has already been registered
2025-03-15 02:24:00.147462: E tensorflow/compiler/xla/stream_executor/cuda/cuda_blas.cc:1518] Unable to register cuBLAS factory: Attempting to register factory for plugin cuBLAS when one has already been registered
2025-03-15 02:24:00.147559: I tensorflow/tsl/cuda/cudart_stub.cc:28] Could not find cuda drivers on your machine, GPU will not be used.
2025-03-15 02:24:00.148225: I tensorflow/tsl/cuda/cudart_stub.cc:28] Could not find cuda drivers on your machine, GPU will not be used.
2025-03-15 02:24:00.150514: I tensorflow/tsl/cuda/cudart_stub.cc:28] Could not find cuda drivers on your machine, GPU will not be used.
DeePMD-kit: Cannot find libcudart.so.11.0
implib-gen: libcudart.so.11.0: failed to load library 'libcudart.so.11.0' via callback 'DP_cudart_dlopen'
implib-gen: libcudart.so.11.0: failed to resolve symbol '__cudaRegisterFatBinary', library failed to load
implib-gen: libcudart.so.11.0: failed to load library 'libcudart.so.11.0' via callback 'DP_cudart_dlopen'
implib-gen: libcudart.so.11.0: failed to resolve symbol '__cudaRegisterFunction', library failed to load
implib-gen: libcudart.so.11.0: failed to load library 'libcudart.so.11.0' via callback 'DP_cudart_dlopen'
implib-gen: libcudart.so.11.0: failed to resolve symbol '__cudaRegisterFatBinaryEnd', library failed to load
2025-03-15 02:24:00.152438: I tensorflow/tsl/cuda/cudart_stub.cc:28] Could not find cuda drivers on your machine, GPU will not be used.
2025-03-15 02:24:00.152767: I tensorflow/tsl/cuda/cudart_stub.cc:28] Could not find cuda drivers on your machine, GPU will not be used.
2025-03-15 02:24:00.153060: I tensorflow/tsl/cuda/cudart_stub.cc:28] Could not find cuda drivers on your machine, GPU will not be used.
2025-03-15 02:24:00.153410: E tensorflow/compiler/xla/stream_executor/cuda/cuda_dnn.cc:9342] Unable to register cuDNN factory: Attempting to register factory for plugin cuDNN when one has already been registered
2025-03-15 02:24:00.153430: E tensorflow/compiler/xla/stream_executor/cuda/cuda_fft.cc:609] Unable to register cuFFT factory: Attempting to register factory for plugin cuFFT when one has already been registered
2025-03-15 02:24:00.153460: E tensorflow/compiler/xla/stream_executor/cuda/cuda_blas.cc:1518] Unable to register cuBLAS factory: Attempting to register factory for plugin cuBLAS when one has already been registered
2025-03-15 02:24:00.155611: I tensorflow/tsl/cuda/cudart_stub.cc:28] Could not find cuda drivers on your machine, GPU will not be used.
2025-03-15 02:24:00.156782: E tensorflow/compiler/xla/stream_executor/cuda/cuda_dnn.cc:9342] Unable to register cuDNN factory: Attempting to register factory for plugin cuDNN when one has already been registered
2025-03-15 02:24:00.156807: E tensorflow/compiler/xla/stream_executor/cuda/cuda_fft.cc:609] Unable to register cuFFT factory: Attempting to register factory for plugin cuFFT when one has already been registered
2025-03-15 02:24:00.156833: E tensorflow/compiler/xla/stream_executor/cuda/cuda_blas.cc:1518] Unable to register cuBLAS factory: Attempting to register factory for plugin cuBLAS when one has already been registered
2025-03-15 02:24:00.157400: E tensorflow/compiler/xla/stream_executor/cuda/cuda_dnn.cc:9342] Unable to register cuDNN factory: Attempting to register factory for plugin cuDNN when one has already been registered
2025-03-15 02:24:00.157424: E tensorflow/compiler/xla/stream_executor/cuda/cuda_fft.cc:609] Unable to register cuFFT factory: Attempting to register factory for plugin cuFFT when one has already been registered
2025-03-15 02:24:00.157454: E tensorflow/compiler/xla/stream_executor/cuda/cuda_blas.cc:1518] Unable to register cuBLAS factory: Attempting to register factory for plugin cuBLAS when one has already been registered
DeePMD-kit: Cannot find libcudart.so.11.0
implib-gen: libcudart.so.11.0: failed to load library 'libcudart.so.11.0' via callback 'DP_cudart_dlopen'
implib-gen: libcudart.so.11.0: failed to resolve symbol '__cudaRegisterFatBinary', library failed to load
implib-gen: libcudart.so.11.0: failed to load library 'libcudart.so.11.0' via callback 'DP_cudart_dlopen'
implib-gen: libcudart.so.11.0: failed to resolve symbol '__cudaRegisterFunction', library failed to load
implib-gen: libcudart.so.11.0: failed to load library 'libcudart.so.11.0' via callback 'DP_cudart_dlopen'
implib-gen: libcudart.so.11.0: failed to resolve symbol '__cudaRegisterFatBinaryEnd', library failed to load
2025-03-15 02:24:00.160408: I tensorflow/tsl/cuda/cudart_stub.cc:28] Could not find cuda drivers on your machine, GPU will not be used.
2025-03-15 02:24:00.160881: E tensorflow/compiler/xla/stream_executor/cuda/cuda_dnn.cc:9342] Unable to register cuDNN factory: Attempting to register factory for plugin cuDNN when one has already been registered
2025-03-15 02:24:00.160898: E tensorflow/compiler/xla/stream_executor/cuda/cuda_fft.cc:609] Unable to register cuFFT factory: Attempting to register factory for plugin cuFFT when one has already been registered
2025-03-15 02:24:00.160888: E tensorflow/compiler/xla/stream_executor/cuda/cuda_dnn.cc:9342] Unable to register cuDNN factory: Attempting to register factory for plugin cuDNN when one has already been registered
2025-03-15 02:24:00.160915: E tensorflow/compiler/xla/stream_executor/cuda/cuda_fft.cc:609] Unable to register cuFFT factory: Attempting to register factory for plugin cuFFT when one has already been registered
2025-03-15 02:24:00.160889: E tensorflow/compiler/xla/stream_executor/cuda/cuda_dnn.cc:9342] Unable to register cuDNN factory: Attempting to register factory for plugin cuDNN when one has already been registered
2025-03-15 02:24:00.160911: E tensorflow/compiler/xla/stream_executor/cuda/cuda_fft.cc:609] Unable to register cuFFT factory: Attempting to register factory for plugin cuFFT when one has already been registered
2025-03-15 02:24:00.160890: E tensorflow/compiler/xla/stream_executor/cuda/cuda_dnn.cc:9342] Unable to register cuDNN factory: Attempting to register factory for plugin cuDNN when one has already been registered
2025-03-15 02:24:00.160915: E tensorflow/compiler/xla/stream_executor/cuda/cuda_fft.cc:609] Unable to register cuFFT factory: Attempting to register factory for plugin cuFFT when one has already been registered
2025-03-15 02:24:00.160937: E tensorflow/compiler/xla/stream_executor/cuda/cuda_blas.cc:1518] Unable to register cuBLAS factory: Attempting to register factory for plugin cuBLAS when one has already been registered
2025-03-15 02:24:00.160888: E tensorflow/compiler/xla/stream_executor/cuda/cuda_dnn.cc:9342] Unable to register cuDNN factory: Attempting to register factory for plugin cuDNN when one has already been registered
2025-03-15 02:24:00.160908: E tensorflow/compiler/xla/stream_executor/cuda/cuda_fft.cc:609] Unable to register cuFFT factory: Attempting to register factory for plugin cuFFT when one has already been registered
2025-03-15 02:24:00.160933: E tensorflow/compiler/xla/stream_executor/cuda/cuda_blas.cc:1518] Unable to register cuBLAS factory: Attempting to register factory for plugin cuBLAS when one has already been registered
2025-03-15 02:24:00.160930: E tensorflow/compiler/xla/stream_executor/cuda/cuda_blas.cc:1518] Unable to register cuBLAS factory: Attempting to register factory for plugin cuBLAS when one has already been registered
2025-03-15 02:24:00.160939: E tensorflow/compiler/xla/stream_executor/cuda/cuda_blas.cc:1518] Unable to register cuBLAS factory: Attempting to register factory for plugin cuBLAS when one has already been registered
2025-03-15 02:24:00.160937: E tensorflow/compiler/xla/stream_executor/cuda/cuda_blas.cc:1518] Unable to register cuBLAS factory: Attempting to register factory for plugin cuBLAS when one has already been registered
2025-03-15 02:24:00.161928: E tensorflow/compiler/xla/stream_executor/cuda/cuda_dnn.cc:9342] Unable to register cuDNN factory: Attempting to register factory for plugin cuDNN when one has already been registered
2025-03-15 02:24:00.161950: E tensorflow/compiler/xla/stream_executor/cuda/cuda_fft.cc:609] Unable to register cuFFT factory: Attempting to register factory for plugin cuFFT when one has already been registered
2025-03-15 02:24:00.161975: E tensorflow/compiler/xla/stream_executor/cuda/cuda_blas.cc:1518] Unable to register cuBLAS factory: Attempting to register factory for plugin cuBLAS when one has already been registered
2025-03-15 02:24:00.161915: E tensorflow/compiler/xla/stream_executor/cuda/cuda_dnn.cc:9342] Unable to register cuDNN factory: Attempting to register factory for plugin cuDNN when one has already been registered
2025-03-15 02:24:00.161943: E tensorflow/compiler/xla/stream_executor/cuda/cuda_fft.cc:609] Unable to register cuFFT factory: Attempting to register factory for plugin cuFFT when one has already been registered
2025-03-15 02:24:00.161971: E tensorflow/compiler/xla/stream_executor/cuda/cuda_blas.cc:1518] Unable to register cuBLAS factory: Attempting to register factory for plugin cuBLAS when one has already been registered
2025-03-15 02:24:00.161915: E tensorflow/compiler/xla/stream_executor/cuda/cuda_dnn.cc:9342] Unable to register cuDNN factory: Attempting to register factory for plugin cuDNN when one has already been registered
2025-03-15 02:24:00.161943: E tensorflow/compiler/xla/stream_executor/cuda/cuda_fft.cc:609] Unable to register cuFFT factory: Attempting to register factory for plugin cuFFT when one has already been registered
2025-03-15 02:24:00.161969: E tensorflow/compiler/xla/stream_executor/cuda/cuda_blas.cc:1518] Unable to register cuBLAS factory: Attempting to register factory for plugin cuBLAS when one has already been registered
2025-03-15 02:24:00.162528: I tensorflow/tsl/cuda/cudart_stub.cc:28] Could not find cuda drivers on your machine, GPU will not be used.
DeePMD-kit: Cannot find libcudart.so.11.0
implib-gen: libcudart.so.11.0: failed to load library 'libcudart.so.11.0' via callback 'DP_cudart_dlopen'
implib-gen: libcudart.so.11.0: failed to resolve symbol '__cudaRegisterFatBinary', library failed to load
implib-gen: libcudart.so.11.0: failed to load library 'libcudart.so.11.0' via callback 'DP_cudart_dlopen'
implib-gen: libcudart.so.11.0: failed to resolve symbol '__cudaRegisterFunction', library failed to load
implib-gen: libcudart.so.11.0: failed to load library 'libcudart.so.11.0' via callback 'DP_cudart_dlopen'
implib-gen: libcudart.so.11.0: failed to resolve symbol '__cudaRegisterFatBinaryEnd', library failed to load
2025-03-15 02:24:00.165030: E tensorflow/compiler/xla/stream_executor/cuda/cuda_dnn.cc:9342] Unable to register cuDNN factory: Attempting to register factory for plugin cuDNN when one has already been registered
2025-03-15 02:24:00.165049: E tensorflow/compiler/xla/stream_executor/cuda/cuda_fft.cc:609] Unable to register cuFFT factory: Attempting to register factory for plugin cuFFT when one has already been registered
2025-03-15 02:24:00.165070: E tensorflow/compiler/xla/stream_executor/cuda/cuda_blas.cc:1518] Unable to register cuBLAS factory: Attempting to register factory for plugin cuBLAS when one has already been registered
2025-03-15 02:24:00.165534: I tensorflow/tsl/cuda/cudart_stub.cc:28] Could not find cuda drivers on your machine, GPU will not be used.
2025-03-15 02:24:00.165536: I tensorflow/tsl/cuda/cudart_stub.cc:28] Could not find cuda drivers on your machine, GPU will not be used.
DeePMD-kit: Cannot find libcudart.so.11.0
implib-gen: libcudart.so.11.0: failed to load library 'libcudart.so.11.0' via callback 'DP_cudart_dlopen'
implib-gen: libcudart.so.11.0: failed to resolve symbol '__cudaRegisterFatBinary', library failed to load
implib-gen: libcudart.so.11.0: failed to load library 'libcudart.so.11.0' via callback 'DP_cudart_dlopen'
implib-gen: libcudart.so.11.0: failed to resolve symbol '__cudaRegisterFunction', library failed to load
implib-gen: libcudart.so.11.0: failed to load library 'libcudart.so.11.0' via callback 'DP_cudart_dlopen'
implib-gen: libcudart.so.11.0: failed to resolve symbol '__cudaRegisterFatBinaryEnd', library failed to load
2025-03-15 02:24:00.167566: I tensorflow/tsl/cuda/cudart_stub.cc:28] Could not find cuda drivers on your machine, GPU will not be used.
2025-03-15 02:24:00.167568: I tensorflow/tsl/cuda/cudart_stub.cc:28] Could not find cuda drivers on your machine, GPU will not be used.
2025-03-15 02:24:00.169606: E tensorflow/compiler/xla/stream_executor/cuda/cuda_dnn.cc:9342] Unable to register cuDNN factory: Attempting to register factory for plugin cuDNN when one has already been registered
2025-03-15 02:24:00.169625: E tensorflow/compiler/xla/stream_executor/cuda/cuda_fft.cc:609] Unable to register cuFFT factory: Attempting to register factory for plugin cuFFT when one has already been registered
2025-03-15 02:24:00.169649: E tensorflow/compiler/xla/stream_executor/cuda/cuda_blas.cc:1518] Unable to register cuBLAS factory: Attempting to register factory for plugin cuBLAS when one has already been registered
DeePMD-kit: Cannot find libcudart.so.11.0
implib-gen: libcudart.so.11.0: failed to load library 'libcudart.so.11.0' via callback 'DP_cudart_dlopen'
implib-gen: libcudart.so.11.0: failed to resolve symbol '__cudaRegisterFatBinary', library failed to load
implib-gen: libcudart.so.11.0: failed to load library 'libcudart.so.11.0' via callback 'DP_cudart_dlopen'
implib-gen: libcudart.so.11.0: failed to resolve symbol '__cudaRegisterFunction', library failed to load
implib-gen: libcudart.so.11.0: failed to load library 'libcudart.so.11.0' via callback 'DP_cudart_dlopen'
implib-gen: libcudart.so.11.0: failed to resolve symbol '__cudaRegisterFatBinaryEnd', library failed to load
DeePMD-kit: Cannot find libcudart.so.11.0
implib-gen: libcudart.so.11.0: failed to load library 'libcudart.so.11.0' via callback 'DP_cudart_dlopen'
implib-gen: libcudart.so.11.0: failed to resolve symbol '__cudaRegisterFatBinary', library failed to load
implib-gen: libcudart.so.11.0: failed to load library 'libcudart.so.11.0' via callback 'DP_cudart_dlopen'
implib-gen: libcudart.so.11.0: failed to resolve symbol '__cudaRegisterFunction', library failed to load
implib-gen: libcudart.so.11.0: failed to load library 'libcudart.so.11.0' via callback 'DP_cudart_dlopen'
implib-gen: libcudart.so.11.0: failed to resolve symbol '__cudaRegisterFatBinaryEnd', library failed to load
DeePMD-kit: Cannot find libcudart.so.11.0
implib-gen: libcudart.so.11.0: failed to load library 'libcudart.so.11.0' via callback 'DP_cudart_dlopen'
implib-gen: libcudart.so.11.0: failed to resolve symbol '__cudaRegisterFatBinary', library failed to load
implib-gen: libcudart.so.11.0: failed to load library 'libcudart.so.11.0' via callback 'DP_cudart_dlopen'
implib-gen: libcudart.so.11.0: failed to resolve symbol '__cudaRegisterFunction', library failed to load
implib-gen: libcudart.so.11.0: failed to load library 'libcudart.so.11.0' via callback 'DP_cudart_dlopen'
implib-gen: libcudart.so.11.0: failed to resolve symbol '__cudaRegisterFatBinaryEnd', library failed to load
2025-03-15 02:24:00.171454: I tensorflow/tsl/cuda/cudart_stub.cc:28] Could not find cuda drivers on your machine, GPU will not be used.
2025-03-15 02:24:00.173263: E tensorflow/compiler/xla/stream_executor/cuda/cuda_dnn.cc:9342] Unable to register cuDNN factory: Attempting to register factory for plugin cuDNN when one has already been registered
2025-03-15 02:24:00.173286: E tensorflow/compiler/xla/stream_executor/cuda/cuda_fft.cc:609] Unable to register cuFFT factory: Attempting to register factory for plugin cuFFT when one has already been registered
2025-03-15 02:24:00.173315: E tensorflow/compiler/xla/stream_executor/cuda/cuda_blas.cc:1518] Unable to register cuBLAS factory: Attempting to register factory for plugin cuBLAS when one has already been registered
2025-03-15 02:24:00.173190: I tensorflow/tsl/cuda/cudart_stub.cc:28] Could not find cuda drivers on your machine, GPU will not be used.
2025-03-15 02:24:00.173619: E tensorflow/compiler/xla/stream_executor/cuda/cuda_dnn.cc:9342] Unable to register cuDNN factory: Attempting to register factory for plugin cuDNN when one has already been registered
2025-03-15 02:24:00.173646: E tensorflow/compiler/xla/stream_executor/cuda/cuda_fft.cc:609] Unable to register cuFFT factory: Attempting to register factory for plugin cuFFT when one has already been registered
2025-03-15 02:24:00.173671: E tensorflow/compiler/xla/stream_executor/cuda/cuda_blas.cc:1518] Unable to register cuBLAS factory: Attempting to register factory for plugin cuBLAS when one has already been registered
2025-03-15 02:24:00.173621: E tensorflow/compiler/xla/stream_executor/cuda/cuda_dnn.cc:9342] Unable to register cuDNN factory: Attempting to register factory for plugin cuDNN when one has already been registered
2025-03-15 02:24:00.173646: E tensorflow/compiler/xla/stream_executor/cuda/cuda_fft.cc:609] Unable to register cuFFT factory: Attempting to register factory for plugin cuFFT when one has already been registered
2025-03-15 02:24:00.173671: E tensorflow/compiler/xla/stream_executor/cuda/cuda_blas.cc:1518] Unable to register cuBLAS factory: Attempting to register factory for plugin cuBLAS when one has already been registered
2025-03-15 02:24:00.173685: E tensorflow/compiler/xla/stream_executor/cuda/cuda_dnn.cc:9342] Unable to register cuDNN factory: Attempting to register factory for plugin cuDNN when one has already been registered
2025-03-15 02:24:00.173710: E tensorflow/compiler/xla/stream_executor/cuda/cuda_fft.cc:609] Unable to register cuFFT factory: Attempting to register factory for plugin cuFFT when one has already been registered
2025-03-15 02:24:00.173727: E tensorflow/compiler/xla/stream_executor/cuda/cuda_blas.cc:1518] Unable to register cuBLAS factory: Attempting to register factory for plugin cuBLAS when one has already been registered
2025-03-15 02:24:00.173684: E tensorflow/compiler/xla/stream_executor/cuda/cuda_dnn.cc:9342] Unable to register cuDNN factory: Attempting to register factory for plugin cuDNN when one has already been registered
2025-03-15 02:24:00.173708: E tensorflow/compiler/xla/stream_executor/cuda/cuda_fft.cc:609] Unable to register cuFFT factory: Attempting to register factory for plugin cuFFT when one has already been registered
2025-03-15 02:24:00.173729: E tensorflow/compiler/xla/stream_executor/cuda/cuda_blas.cc:1518] Unable to register cuBLAS factory: Attempting to register factory for plugin cuBLAS when one has already been registered
2025-03-15 02:24:00.173833: E tensorflow/compiler/xla/stream_executor/cuda/cuda_dnn.cc:9342] Unable to register cuDNN factory: Attempting to register factory for plugin cuDNN when one has already been registered
2025-03-15 02:24:00.173848: E tensorflow/compiler/xla/stream_executor/cuda/cuda_fft.cc:609] Unable to register cuFFT factory: Attempting to register factory for plugin cuFFT when one has already been registered
2025-03-15 02:24:00.173876: E tensorflow/compiler/xla/stream_executor/cuda/cuda_blas.cc:1518] Unable to register cuBLAS factory: Attempting to register factory for plugin cuBLAS when one has already been registered
2025-03-15 02:24:00.174562: E tensorflow/compiler/xla/stream_executor/cuda/cuda_dnn.cc:9342] Unable to register cuDNN factory: Attempting to register factory for plugin cuDNN when one has already been registered
2025-03-15 02:24:00.174588: E tensorflow/compiler/xla/stream_executor/cuda/cuda_fft.cc:609] Unable to register cuFFT factory: Attempting to register factory for plugin cuFFT when one has already been registered
2025-03-15 02:24:00.174611: E tensorflow/compiler/xla/stream_executor/cuda/cuda_blas.cc:1518] Unable to register cuBLAS factory: Attempting to register factory for plugin cuBLAS when one has already been registered
2025-03-15 02:24:00.176797: E tensorflow/compiler/xla/stream_executor/cuda/cuda_dnn.cc:9342] Unable to register cuDNN factory: Attempting to register factory for plugin cuDNN when one has already been registered
2025-03-15 02:24:00.176817: E tensorflow/compiler/xla/stream_executor/cuda/cuda_fft.cc:609] Unable to register cuFFT factory: Attempting to register factory for plugin cuFFT when one has already been registered
2025-03-15 02:24:00.176841: E tensorflow/compiler/xla/stream_executor/cuda/cuda_blas.cc:1518] Unable to register cuBLAS factory: Attempting to register factory for plugin cuBLAS when one has already been registered
DeePMD-kit: Cannot find libcudart.so.11.0
implib-gen: libcudart.so.11.0: failed to load library 'libcudart.so.11.0' via callback 'DP_cudart_dlopen'
implib-gen: libcudart.so.11.0: failed to resolve symbol '__cudaRegisterFatBinary', library failed to load
implib-gen: libcudart.so.11.0: failed to load library 'libcudart.so.11.0' via callback 'DP_cudart_dlopen'
implib-gen: libcudart.so.11.0: failed to resolve symbol '__cudaRegisterFunction', library failed to load
implib-gen: libcudart.so.11.0: failed to load library 'libcudart.so.11.0' via callback 'DP_cudart_dlopen'
implib-gen: libcudart.so.11.0: failed to resolve symbol '__cudaRegisterFatBinaryEnd', library failed to load
2025-03-15 02:24:00.179019: E tensorflow/compiler/xla/stream_executor/cuda/cuda_dnn.cc:9342] Unable to register cuDNN factory: Attempting to register factory for plugin cuDNN when one has already been registered
2025-03-15 02:24:00.179039: E tensorflow/compiler/xla/stream_executor/cuda/cuda_fft.cc:609] Unable to register cuFFT factory: Attempting to register factory for plugin cuFFT when one has already been registered
2025-03-15 02:24:00.179063: E tensorflow/compiler/xla/stream_executor/cuda/cuda_blas.cc:1518] Unable to register cuBLAS factory: Attempting to register factory for plugin cuBLAS when one has already been registered
DeePMD-kit: Cannot find libcudart.so.11.0
implib-gen: libcudart.so.11.0: failed to load library 'libcudart.so.11.0' via callback 'DP_cudart_dlopen'
implib-gen: libcudart.so.11.0: failed to resolve symbol '__cudaRegisterFatBinary', library failed to load
implib-gen: libcudart.so.11.0: failed to load library 'libcudart.so.11.0' via callback 'DP_cudart_dlopen'
implib-gen: libcudart.so.11.0: failed to resolve symbol '__cudaRegisterFunction', library failed to load
implib-gen: libcudart.so.11.0: failed to load library 'libcudart.so.11.0' via callback 'DP_cudart_dlopen'
implib-gen: libcudart.so.11.0: failed to resolve symbol '__cudaRegisterFatBinaryEnd', library failed to load
DeePMD-kit: Cannot find libcudart.so.11.0
implib-gen: libcudart.so.11.0: failed to load library 'libcudart.so.11.0' via callback 'DP_cudart_dlopen'
implib-gen: libcudart.so.11.0: failed to resolve symbol '__cudaRegisterFatBinary', library failed to load
implib-gen: libcudart.so.11.0: failed to load library 'libcudart.so.11.0' via callback 'DP_cudart_dlopen'
implib-gen: libcudart.so.11.0: failed to resolve symbol '__cudaRegisterFunction', library failed to load
implib-gen: libcudart.so.11.0: failed to load library 'libcudart.so.11.0' via callback 'DP_cudart_dlopen'
implib-gen: libcudart.so.11.0: failed to resolve symbol '__cudaRegisterFatBinaryEnd', library failed to load
DeePMD-kit: Cannot find libcudart.so.11.0
implib-gen: libcudart.so.11.0: failed to load library 'libcudart.so.11.0' via callback 'DP_cudart_dlopen'
implib-gen: libcudart.so.11.0: failed to resolve symbol '__cudaRegisterFatBinary', library failed to load
implib-gen: libcudart.so.11.0: failed to load library 'libcudart.so.11.0' via callback 'DP_cudart_dlopen'
implib-gen: libcudart.so.11.0: failed to resolve symbol '__cudaRegisterFunction', library failed to load
implib-gen: libcudart.so.11.0: failed to load library 'libcudart.so.11.0' via callback 'DP_cudart_dlopen'
implib-gen: libcudart.so.11.0: failed to resolve symbol '__cudaRegisterFatBinaryEnd', library failed to load
DeePMD-kit: Cannot find libcudart.so.11.0
implib-gen: libcudart.so.11.0: failed to load library 'libcudart.so.11.0' via callback 'DP_cudart_dlopen'
implib-gen: libcudart.so.11.0: failed to resolve symbol '__cudaRegisterFatBinary', library failed to load
implib-gen: libcudart.so.11.0: failed to load library 'libcudart.so.11.0' via callback 'DP_cudart_dlopen'
implib-gen: libcudart.so.11.0: failed to resolve symbol '__cudaRegisterFunction', library failed to load
implib-gen: libcudart.so.11.0: failed to load library 'libcudart.so.11.0' via callback 'DP_cudart_dlopen'
implib-gen: libcudart.so.11.0: failed to resolve symbol '__cudaRegisterFatBinaryEnd', library failed to load
DeePMD-kit: Cannot find libcudart.so.11.0
implib-gen: libcudart.so.11.0: failed to load library 'libcudart.so.11.0' via callback 'DP_cudart_dlopen'
implib-gen: libcudart.so.11.0: failed to resolve symbol '__cudaRegisterFatBinary', library failed to load
implib-gen: libcudart.so.11.0: failed to load library 'libcudart.so.11.0' via callback 'DP_cudart_dlopen'
implib-gen: libcudart.so.11.0: failed to resolve symbol '__cudaRegisterFunction', library failed to load
implib-gen: libcudart.so.11.0: failed to load library 'libcudart.so.11.0' via callback 'DP_cudart_dlopen'
implib-gen: libcudart.so.11.0: failed to resolve symbol '__cudaRegisterFatBinaryEnd', library failed to load
DeePMD-kit: Cannot find libcudart.so.11.0
2025-03-15 02:24:00.179209: I tensorflow/tsl/cuda/cudart_stub.cc:28] Could not find cuda drivers on your machine, GPU will not be used.
DeePMD-kit: Cannot find libcudart.so.11.0
implib-gen: libcudart.so.11.0: failed to load library 'libcudart.so.11.0' via callback 'DP_cudart_dlopen'
implib-gen: libcudart.so.11.0: failed to resolve symbol '__cudaRegisterFatBinary', library failed to load
implib-gen: libcudart.so.11.0: failed to load library 'libcudart.so.11.0' via callback 'DP_cudart_dlopen'
implib-gen: libcudart.so.11.0: failed to resolve symbol '__cudaRegisterFunction', library failed to load
implib-gen: libcudart.so.11.0: failed to load library 'libcudart.so.11.0' via callback 'DP_cudart_dlopen'
implib-gen: libcudart.so.11.0: failed to resolve symbol '__cudaRegisterFatBinaryEnd', library failed to load
implib-gen: libcudart.so.11.0: failed to load library 'libcudart.so.11.0' via callback 'DP_cudart_dlopen'
implib-gen: libcudart.so.11.0: failed to resolve symbol '__cudaRegisterFatBinary', library failed to load
implib-gen: libcudart.so.11.0: failed to load library 'libcudart.so.11.0' via callback 'DP_cudart_dlopen'
implib-gen: libcudart.so.11.0: failed to resolve symbol '__cudaRegisterFunction', library failed to load
implib-gen: libcudart.so.11.0: failed to load library 'libcudart.so.11.0' via callback 'DP_cudart_dlopen'
implib-gen: libcudart.so.11.0: failed to resolve symbol '__cudaRegisterFatBinaryEnd', library failed to load
2025-03-15 02:24:00.180556: E tensorflow/compiler/xla/stream_executor/cuda/cuda_dnn.cc:9342] Unable to register cuDNN factory: Attempting to register factory for plugin cuDNN when one has already been registered
2025-03-15 02:24:00.180576: E tensorflow/compiler/xla/stream_executor/cuda/cuda_fft.cc:609] Unable to register cuFFT factory: Attempting to register factory for plugin cuFFT when one has already been registered
2025-03-15 02:24:00.180601: E tensorflow/compiler/xla/stream_executor/cuda/cuda_blas.cc:1518] Unable to register cuBLAS factory: Attempting to register factory for plugin cuBLAS when one has already been registered
2025-03-15 02:24:00.180540: E tensorflow/compiler/xla/stream_executor/cuda/cuda_dnn.cc:9342] Unable to register cuDNN factory: Attempting to register factory for plugin cuDNN when one has already been registered
2025-03-15 02:24:00.180561: E tensorflow/compiler/xla/stream_executor/cuda/cuda_fft.cc:609] Unable to register cuFFT factory: Attempting to register factory for plugin cuFFT when one has already been registered
2025-03-15 02:24:00.180590: E tensorflow/compiler/xla/stream_executor/cuda/cuda_blas.cc:1518] Unable to register cuBLAS factory: Attempting to register factory for plugin cuBLAS when one has already been registered
2025-03-15 02:24:00.180697: E tensorflow/compiler/xla/stream_executor/cuda/cuda_dnn.cc:9342] Unable to register cuDNN factory: Attempting to register factory for plugin cuDNN when one has already been registered
2025-03-15 02:24:00.180717: E tensorflow/compiler/xla/stream_executor/cuda/cuda_fft.cc:609] Unable to register cuFFT factory: Attempting to register factory for plugin cuFFT when one has already been registered
2025-03-15 02:24:00.180741: E tensorflow/compiler/xla/stream_executor/cuda/cuda_blas.cc:1518] Unable to register cuBLAS factory: Attempting to register factory for plugin cuBLAS when one has already been registered
DeePMD-kit: Cannot find libcudart.so.11.0
implib-gen: libcudart.so.11.0: failed to load library 'libcudart.so.11.0' via callback 'DP_cudart_dlopen'
implib-gen: libcudart.so.11.0: failed to resolve symbol '__cudaRegisterFatBinary', library failed to load
implib-gen: libcudart.so.11.0: failed to load library 'libcudart.so.11.0' via callback 'DP_cudart_dlopen'
implib-gen: libcudart.so.11.0: failed to resolve symbol '__cudaRegisterFunction', library failed to load
implib-gen: libcudart.so.11.0: failed to load library 'libcudart.so.11.0' via callback 'DP_cudart_dlopen'
implib-gen: libcudart.so.11.0: failed to resolve symbol '__cudaRegisterFatBinaryEnd', library failed to load
2025-03-15 02:24:00.181986: I tensorflow/tsl/cuda/cudart_stub.cc:28] Could not find cuda drivers on your machine, GPU will not be used.
DeePMD-kit: Cannot find libcudart.so.11.0
implib-gen: libcudart.so.11.0: failed to load library 'libcudart.so.11.0' via callback 'DP_cudart_dlopen'
implib-gen: libcudart.so.11.0: failed to resolve symbol '__cudaRegisterFatBinary', library failed to load
implib-gen: libcudart.so.11.0: failed to load library 'libcudart.so.11.0' via callback 'DP_cudart_dlopen'
implib-gen: libcudart.so.11.0: failed to resolve symbol '__cudaRegisterFunction', library failed to load
implib-gen: libcudart.so.11.0: failed to load library 'libcudart.so.11.0' via callback 'DP_cudart_dlopen'
implib-gen: libcudart.so.11.0: failed to resolve symbol '__cudaRegisterFatBinaryEnd', library failed to load
DeePMD-kit: Cannot find libcudart.so.11.0
implib-gen: libcudart.so.11.0: failed to load library 'libcudart.so.11.0' via callback 'DP_cudart_dlopen'
implib-gen: libcudart.so.11.0: failed to resolve symbol '__cudaRegisterFatBinary', library failed to load
implib-gen: libcudart.so.11.0: failed to load library 'libcudart.so.11.0' via callback 'DP_cudart_dlopen'
implib-gen: libcudart.so.11.0: failed to resolve symbol '__cudaRegisterFunction', library failed to load
implib-gen: libcudart.so.11.0: failed to load library 'libcudart.so.11.0' via callback 'DP_cudart_dlopen'
implib-gen: libcudart.so.11.0: failed to resolve symbol '__cudaRegisterFatBinaryEnd', library failed to load
DeePMD-kit: Cannot find libcudart.so.11.0
implib-gen: libcudart.so.11.0: failed to load library 'libcudart.so.11.0' via callback 'DP_cudart_dlopen'
implib-gen: libcudart.so.11.0: failed to resolve symbol '__cudaRegisterFatBinary', library failed to load
implib-gen: libcudart.so.11.0: failed to load library 'libcudart.so.11.0' via callback 'DP_cudart_dlopen'
implib-gen: libcudart.so.11.0: failed to resolve symbol '__cudaRegisterFunction', library failed to load
implib-gen: libcudart.so.11.0: failed to load library 'libcudart.so.11.0' via callback 'DP_cudart_dlopen'
implib-gen: libcudart.so.11.0: failed to resolve symbol '__cudaRegisterFatBinaryEnd', library failed to load
DeePMD-kit: Cannot find libcudart.so.11.0
DeePMD-kit: Cannot find libcudart.so.11.0
implib-gen: libcudart.so.11.0: failed to load library 'libcudart.so.11.0' via callback 'DP_cudart_dlopen'
implib-gen: libcudart.so.11.0: failed to resolve symbol '__cudaRegisterFatBinary', library failed to load
implib-gen: libcudart.so.11.0: failed to load library 'libcudart.so.11.0' via callback 'DP_cudart_dlopen'
implib-gen: libcudart.so.11.0: failed to resolve symbol '__cudaRegisterFatBinary', library failed to load
implib-gen: libcudart.so.11.0: failed to load library 'libcudart.so.11.0' via callback 'DP_cudart_dlopen'
implib-gen: libcudart.so.11.0: failed to resolve symbol '__cudaRegisterFunction', library failed to load
implib-gen: libcudart.so.11.0: failed to load library 'libcudart.so.11.0' via callback 'DP_cudart_dlopen'
implib-gen: libcudart.so.11.0: failed to resolve symbol '__cudaRegisterFatBinaryEnd', library failed to load
implib-gen: libcudart.so.11.0: failed to load library 'libcudart.so.11.0' via callback 'DP_cudart_dlopen'
implib-gen: libcudart.so.11.0: failed to resolve symbol '__cudaRegisterFunction', library failed to load
implib-gen: libcudart.so.11.0: failed to load library 'libcudart.so.11.0' via callback 'DP_cudart_dlopen'
implib-gen: libcudart.so.11.0: failed to resolve symbol '__cudaRegisterFatBinaryEnd', library failed to load
DeePMD-kit: Cannot find libcudart.so.11.0
implib-gen: libcudart.so.11.0: failed to load library 'libcudart.so.11.0' via callback 'DP_cudart_dlopen'
implib-gen: libcudart.so.11.0: failed to resolve symbol '__cudaRegisterFatBinary', library failed to load
implib-gen: libcudart.so.11.0: failed to load library 'libcudart.so.11.0' via callback 'DP_cudart_dlopen'
implib-gen: libcudart.so.11.0: failed to resolve symbol '__cudaRegisterFunction', library failed to load
implib-gen: libcudart.so.11.0: failed to load library 'libcudart.so.11.0' via callback 'DP_cudart_dlopen'
implib-gen: libcudart.so.11.0: failed to resolve symbol '__cudaRegisterFatBinaryEnd', library failed to load
2025-03-15 02:24:00.183571: I tensorflow/tsl/cuda/cudart_stub.cc:28] Could not find cuda drivers on your machine, GPU will not be used.
2025-03-15 02:24:00.183633: I tensorflow/tsl/cuda/cudart_stub.cc:28] Could not find cuda drivers on your machine, GPU will not be used.
2025-03-15 02:24:00.184014: E tensorflow/compiler/xla/stream_executor/cuda/cuda_dnn.cc:9342] Unable to register cuDNN factory: Attempting to register factory for plugin cuDNN when one has already been registered
2025-03-15 02:24:00.184032: E tensorflow/compiler/xla/stream_executor/cuda/cuda_fft.cc:609] Unable to register cuFFT factory: Attempting to register factory for plugin cuFFT when one has already been registered
2025-03-15 02:24:00.184058: E tensorflow/compiler/xla/stream_executor/cuda/cuda_blas.cc:1518] Unable to register cuBLAS factory: Attempting to register factory for plugin cuBLAS when one has already been registered
DeePMD-kit: Cannot find libcudart.so.11.0
implib-gen: libcudart.so.11.0: failed to load library 'libcudart.so.11.0' via callback 'DP_cudart_dlopen'
implib-gen: libcudart.so.11.0: failed to resolve symbol '__cudaRegisterFatBinary', library failed to load
implib-gen: libcudart.so.11.0: failed to load library 'libcudart.so.11.0' via callback 'DP_cudart_dlopen'
implib-gen: libcudart.so.11.0: failed to resolve symbol '__cudaRegisterFunction', library failed to load
implib-gen: libcudart.so.11.0: failed to load library 'libcudart.so.11.0' via callback 'DP_cudart_dlopen'
implib-gen: libcudart.so.11.0: failed to resolve symbol '__cudaRegisterFatBinaryEnd', library failed to load
DeePMD-kit: Cannot find libcudart.so.11.0
implib-gen: libcudart.so.11.0: failed to load library 'libcudart.so.11.0' via callback 'DP_cudart_dlopen'
implib-gen: libcudart.so.11.0: failed to resolve symbol '__cudaRegisterFatBinary', library failed to load
implib-gen: libcudart.so.11.0: failed to load library 'libcudart.so.11.0' via callback 'DP_cudart_dlopen'
implib-gen: libcudart.so.11.0: failed to resolve symbol '__cudaRegisterFunction', library failed to load
implib-gen: libcudart.so.11.0: failed to load library 'libcudart.so.11.0' via callback 'DP_cudart_dlopen'
implib-gen: libcudart.so.11.0: failed to resolve symbol '__cudaRegisterFatBinaryEnd', library failed to load
2025-03-15 02:24:00.187960: I tensorflow/tsl/cuda/cudart_stub.cc:28] Could not find cuda drivers on your machine, GPU will not be used.
2025-03-15 02:24:00.188198: E tensorflow/compiler/xla/stream_executor/cuda/cuda_dnn.cc:9342] Unable to register cuDNN factory: Attempting to register factory for plugin cuDNN when one has already been registered
2025-03-15 02:24:00.188218: E tensorflow/compiler/xla/stream_executor/cuda/cuda_fft.cc:609] Unable to register cuFFT factory: Attempting to register factory for plugin cuFFT when one has already been registered
2025-03-15 02:24:00.188240: E tensorflow/compiler/xla/stream_executor/cuda/cuda_blas.cc:1518] Unable to register cuBLAS factory: Attempting to register factory for plugin cuBLAS when one has already been registered
DeePMD-kit: Cannot find libcudart.so.11.0
implib-gen: libcudart.so.11.0: failed to load library 'libcudart.so.11.0' via callback 'DP_cudart_dlopen'
implib-gen: libcudart.so.11.0: failed to resolve symbol '__cudaRegisterFatBinary', library failed to load
implib-gen: libcudart.so.11.0: failed to load library 'libcudart.so.11.0' via callback 'DP_cudart_dlopen'
implib-gen: libcudart.so.11.0: failed to resolve symbol '__cudaRegisterFunction', library failed to load
implib-gen: libcudart.so.11.0: failed to load library 'libcudart.so.11.0' via callback 'DP_cudart_dlopen'
implib-gen: libcudart.so.11.0: failed to resolve symbol '__cudaRegisterFatBinaryEnd', library failed to load
DeePMD-kit: Cannot find libcudart.so.11.0
implib-gen: libcudart.so.11.0: failed to load library 'libcudart.so.11.0' via callback 'DP_cudart_dlopen'
implib-gen: libcudart.so.11.0: failed to resolve symbol '__cudaRegisterFatBinary', library failed to load
implib-gen: libcudart.so.11.0: failed to load library 'libcudart.so.11.0' via callback 'DP_cudart_dlopen'
implib-gen: libcudart.so.11.0: failed to resolve symbol '__cudaRegisterFunction', library failed to load
implib-gen: libcudart.so.11.0: failed to load library 'libcudart.so.11.0' via callback 'DP_cudart_dlopen'
implib-gen: libcudart.so.11.0: failed to resolve symbol '__cudaRegisterFatBinaryEnd', library failed to load
DeePMD-kit: Cannot find libcudart.so.11.0
implib-gen: libcudart.so.11.0: failed to load library 'libcudart.so.11.0' via callback 'DP_cudart_dlopen'
implib-gen: libcudart.so.11.0: failed to resolve symbol '__cudaRegisterFatBinary', library failed to load
implib-gen: libcudart.so.11.0: failed to load library 'libcudart.so.11.0' via callback 'DP_cudart_dlopen'
implib-gen: libcudart.so.11.0: failed to resolve symbol '__cudaRegisterFunction', library failed to load
implib-gen: libcudart.so.11.0: failed to load library 'libcudart.so.11.0' via callback 'DP_cudart_dlopen'
implib-gen: libcudart.so.11.0: failed to resolve symbol '__cudaRegisterFatBinaryEnd', library failed to load
2025-03-15 02:24:00.190444: I tensorflow/tsl/cuda/cudart_stub.cc:28] Could not find cuda drivers on your machine, GPU will not be used.
2025-03-15 02:24:00.190447: I tensorflow/tsl/cuda/cudart_stub.cc:28] Could not find cuda drivers on your machine, GPU will not be used.
2025-03-15 02:24:00.190484: E tensorflow/compiler/xla/stream_executor/cuda/cuda_dnn.cc:9342] Unable to register cuDNN factory: Attempting to register factory for plugin cuDNN when one has already been registered
2025-03-15 02:24:00.190500: E tensorflow/compiler/xla/stream_executor/cuda/cuda_fft.cc:609] Unable to register cuFFT factory: Attempting to register factory for plugin cuFFT when one has already been registered
2025-03-15 02:24:00.190521: E tensorflow/compiler/xla/stream_executor/cuda/cuda_blas.cc:1518] Unable to register cuBLAS factory: Attempting to register factory for plugin cuBLAS when one has already been registered
2025-03-15 02:24:00.191229: I tensorflow/tsl/cuda/cudart_stub.cc:28] Could not find cuda drivers on your machine, GPU will not be used.
2025-03-15 02:24:00.192374: I tensorflow/tsl/cuda/cudart_stub.cc:28] Could not find cuda drivers on your machine, GPU will not be used.
DeePMD-kit: Cannot find libcudart.so.11.0
implib-gen: libcudart.so.11.0: failed to load library 'libcudart.so.11.0' via callback 'DP_cudart_dlopen'
implib-gen: libcudart.so.11.0: failed to resolve symbol '__cudaRegisterFatBinary', library failed to load
implib-gen: libcudart.so.11.0: failed to load library 'libcudart.so.11.0' via callback 'DP_cudart_dlopen'
implib-gen: libcudart.so.11.0: failed to resolve symbol '__cudaRegisterFunction', library failed to load
implib-gen: libcudart.so.11.0: failed to load library 'libcudart.so.11.0' via callback 'DP_cudart_dlopen'
implib-gen: libcudart.so.11.0: failed to resolve symbol '__cudaRegisterFatBinaryEnd', library failed to load
2025-03-15 02:24:00.193556: E tensorflow/compiler/xla/stream_executor/cuda/cuda_dnn.cc:9342] Unable to register cuDNN factory: Attempting to register factory for plugin cuDNN when one has already been registered
2025-03-15 02:24:00.193576: E tensorflow/compiler/xla/stream_executor/cuda/cuda_fft.cc:609] Unable to register cuFFT factory: Attempting to register factory for plugin cuFFT when one has already been registered
2025-03-15 02:24:00.193601: E tensorflow/compiler/xla/stream_executor/cuda/cuda_blas.cc:1518] Unable to register cuBLAS factory: Attempting to register factory for plugin cuBLAS when one has already been registered
2025-03-15 02:24:00.193555: E tensorflow/compiler/xla/stream_executor/cuda/cuda_dnn.cc:9342] Unable to register cuDNN factory: Attempting to register factory for plugin cuDNN when one has already been registered
2025-03-15 02:24:00.193579: E tensorflow/compiler/xla/stream_executor/cuda/cuda_fft.cc:609] Unable to register cuFFT factory: Attempting to register factory for plugin cuFFT when one has already been registered
2025-03-15 02:24:00.193604: E tensorflow/compiler/xla/stream_executor/cuda/cuda_blas.cc:1518] Unable to register cuBLAS factory: Attempting to register factory for plugin cuBLAS when one has already been registered
2025-03-15 02:24:00.194817: E tensorflow/compiler/xla/stream_executor/cuda/cuda_dnn.cc:9342] Unable to register cuDNN factory: Attempting to register factory for plugin cuDNN when one has already been registered
2025-03-15 02:24:00.194842: E tensorflow/compiler/xla/stream_executor/cuda/cuda_fft.cc:609] Unable to register cuFFT factory: Attempting to register factory for plugin cuFFT when one has already been registered
2025-03-15 02:24:00.194872: E tensorflow/compiler/xla/stream_executor/cuda/cuda_blas.cc:1518] Unable to register cuBLAS factory: Attempting to register factory for plugin cuBLAS when one has already been registered
2025-03-15 02:24:00.194819: E tensorflow/compiler/xla/stream_executor/cuda/cuda_dnn.cc:9342] Unable to register cuDNN factory: Attempting to register factory for plugin cuDNN when one has already been registered
2025-03-15 02:24:00.194846: E tensorflow/compiler/xla/stream_executor/cuda/cuda_fft.cc:609] Unable to register cuFFT factory: Attempting to register factory for plugin cuFFT when one has already been registered
2025-03-15 02:24:00.194866: E tensorflow/compiler/xla/stream_executor/cuda/cuda_blas.cc:1518] Unable to register cuBLAS factory: Attempting to register factory for plugin cuBLAS when one has already been registered
2025-03-15 02:24:00.195343: I tensorflow/tsl/cuda/cudart_stub.cc:28] Could not find cuda drivers on your machine, GPU will not be used.
DeePMD-kit: Cannot find libcudart.so.11.0
implib-gen: libcudart.so.11.0: failed to load library 'libcudart.so.11.0' via callback 'DP_cudart_dlopen'
implib-gen: libcudart.so.11.0: failed to resolve symbol '__cudaRegisterFatBinary', library failed to load
implib-gen: libcudart.so.11.0: failed to load library 'libcudart.so.11.0' via callback 'DP_cudart_dlopen'
implib-gen: libcudart.so.11.0: failed to resolve symbol '__cudaRegisterFunction', library failed to load
implib-gen: libcudart.so.11.0: failed to load library 'libcudart.so.11.0' via callback 'DP_cudart_dlopen'
implib-gen: libcudart.so.11.0: failed to resolve symbol '__cudaRegisterFatBinaryEnd', library failed to load
2025-03-15 02:24:00.197141: I tensorflow/tsl/cuda/cudart_stub.cc:28] Could not find cuda drivers on your machine, GPU will not be used.
2025-03-15 02:24:00.197144: I tensorflow/tsl/cuda/cudart_stub.cc:28] Could not find cuda drivers on your machine, GPU will not be used.
2025-03-15 02:24:00.197357: I tensorflow/tsl/cuda/cudart_stub.cc:28] Could not find cuda drivers on your machine, GPU will not be used.
2025-03-15 02:24:00.197857: I tensorflow/tsl/cuda/cudart_stub.cc:28] Could not find cuda drivers on your machine, GPU will not be used.
2025-03-15 02:24:00.199190: E tensorflow/compiler/xla/stream_executor/cuda/cuda_dnn.cc:9342] Unable to register cuDNN factory: Attempting to register factory for plugin cuDNN when one has already been registered
2025-03-15 02:24:00.199210: E tensorflow/compiler/xla/stream_executor/cuda/cuda_fft.cc:609] Unable to register cuFFT factory: Attempting to register factory for plugin cuFFT when one has already been registered
2025-03-15 02:24:00.199233: E tensorflow/compiler/xla/stream_executor/cuda/cuda_blas.cc:1518] Unable to register cuBLAS factory: Attempting to register factory for plugin cuBLAS when one has already been registered
DeePMD-kit: Cannot find libcudart.so.11.0
implib-gen: libcudart.so.11.0: failed to load library 'libcudart.so.11.0' via callback 'DP_cudart_dlopen'
implib-gen: libcudart.so.11.0: failed to resolve symbol '__cudaRegisterFatBinary', library failed to load
implib-gen: libcudart.so.11.0: failed to load library 'libcudart.so.11.0' via callback 'DP_cudart_dlopen'
implib-gen: libcudart.so.11.0: failed to resolve symbol '__cudaRegisterFunction', library failed to load
implib-gen: libcudart.so.11.0: failed to load library 'libcudart.so.11.0' via callback 'DP_cudart_dlopen'
implib-gen: libcudart.so.11.0: failed to resolve symbol '__cudaRegisterFatBinaryEnd', library failed to load
2025-03-15 02:24:00.200267: E tensorflow/compiler/xla/stream_executor/cuda/cuda_dnn.cc:9342] Unable to register cuDNN factory: Attempting to register factory for plugin cuDNN when one has already been registered
2025-03-15 02:24:00.200287: E tensorflow/compiler/xla/stream_executor/cuda/cuda_fft.cc:609] Unable to register cuFFT factory: Attempting to register factory for plugin cuFFT when one has already been registered
2025-03-15 02:24:00.200313: E tensorflow/compiler/xla/stream_executor/cuda/cuda_blas.cc:1518] Unable to register cuBLAS factory: Attempting to register factory for plugin cuBLAS when one has already been registered
DeePMD-kit: Cannot find libcudart.so.11.0
implib-gen: libcudart.so.11.0: failed to load library 'libcudart.so.11.0' via callback 'DP_cudart_dlopen'
implib-gen: libcudart.so.11.0: failed to resolve symbol '__cudaRegisterFatBinary', library failed to load
implib-gen: libcudart.so.11.0: failed to load library 'libcudart.so.11.0' via callback 'DP_cudart_dlopen'
implib-gen: libcudart.so.11.0: failed to resolve symbol '__cudaRegisterFunction', library failed to load
implib-gen: libcudart.so.11.0: failed to load library 'libcudart.so.11.0' via callback 'DP_cudart_dlopen'
implib-gen: libcudart.so.11.0: failed to resolve symbol '__cudaRegisterFatBinaryEnd', library failed to load
DeePMD-kit: Cannot find libcudart.so.11.0
implib-gen: libcudart.so.11.0: failed to load library 'libcudart.so.11.0' via callback 'DP_cudart_dlopen'
implib-gen: libcudart.so.11.0: failed to resolve symbol '__cudaRegisterFatBinary', library failed to load
implib-gen: libcudart.so.11.0: failed to load library 'libcudart.so.11.0' via callback 'DP_cudart_dlopen'
implib-gen: libcudart.so.11.0: failed to resolve symbol '__cudaRegisterFunction', library failed to load
implib-gen: libcudart.so.11.0: failed to load library 'libcudart.so.11.0' via callback 'DP_cudart_dlopen'
implib-gen: libcudart.so.11.0: failed to resolve symbol '__cudaRegisterFatBinaryEnd', library failed to load
DeePMD-kit: Cannot find libcudart.so.11.0
implib-gen: libcudart.so.11.0: failed to load library 'libcudart.so.11.0' via callback 'DP_cudart_dlopen'
implib-gen: libcudart.so.11.0: failed to resolve symbol '__cudaRegisterFatBinary', library failed to load
implib-gen: libcudart.so.11.0: failed to load library 'libcudart.so.11.0' via callback 'DP_cudart_dlopen'
implib-gen: libcudart.so.11.0: failed to resolve symbol '__cudaRegisterFunction', library failed to load
implib-gen: libcudart.so.11.0: failed to load library 'libcudart.so.11.0' via callback 'DP_cudart_dlopen'
implib-gen: libcudart.so.11.0: failed to resolve symbol '__cudaRegisterFatBinaryEnd', library failed to load
DeePMD-kit: Cannot find libcudart.so.11.0
implib-gen: libcudart.so.11.0: failed to load library 'libcudart.so.11.0' via callback 'DP_cudart_dlopen'
implib-gen: libcudart.so.11.0: failed to resolve symbol '__cudaRegisterFatBinary', library failed to load
implib-gen: libcudart.so.11.0: failed to load library 'libcudart.so.11.0' via callback 'DP_cudart_dlopen'
implib-gen: libcudart.so.11.0: failed to resolve symbol '__cudaRegisterFunction', library failed to load
implib-gen: libcudart.so.11.0: failed to load library 'libcudart.so.11.0' via callback 'DP_cudart_dlopen'
implib-gen: libcudart.so.11.0: failed to resolve symbol '__cudaRegisterFatBinaryEnd', library failed to load
DeePMD-kit: Cannot find libcudart.so.11.0
implib-gen: libcudart.so.11.0: failed to load library 'libcudart.so.11.0' via callback 'DP_cudart_dlopen'
implib-gen: libcudart.so.11.0: failed to resolve symbol '__cudaRegisterFatBinary', library failed to load
implib-gen: libcudart.so.11.0: failed to load library 'libcudart.so.11.0' via callback 'DP_cudart_dlopen'
implib-gen: libcudart.so.11.0: failed to resolve symbol '__cudaRegisterFunction', library failed to load
implib-gen: libcudart.so.11.0: failed to load library 'libcudart.so.11.0' via callback 'DP_cudart_dlopen'
implib-gen: libcudart.so.11.0: failed to resolve symbol '__cudaRegisterFatBinaryEnd', library failed to load
2025-03-15 02:24:00.207493: E tensorflow/compiler/xla/stream_executor/cuda/cuda_dnn.cc:9342] Unable to register cuDNN factory: Attempting to register factory for plugin cuDNN when one has already been registered
2025-03-15 02:24:00.207512: E tensorflow/compiler/xla/stream_executor/cuda/cuda_fft.cc:609] Unable to register cuFFT factory: Attempting to register factory for plugin cuFFT when one has already been registered
2025-03-15 02:24:00.207534: E tensorflow/compiler/xla/stream_executor/cuda/cuda_blas.cc:1518] Unable to register cuBLAS factory: Attempting to register factory for plugin cuBLAS when one has already been registered
2025-03-15 02:24:00.208267: I tensorflow/tsl/cuda/cudart_stub.cc:28] Could not find cuda drivers on your machine, GPU will not be used.
2025-03-15 02:24:00.208259: I tensorflow/tsl/cuda/cudart_stub.cc:28] Could not find cuda drivers on your machine, GPU will not be used.
DeePMD-kit: Cannot find libcudart.so.11.0
implib-gen: libcudart.so.11.0: failed to load library 'libcudart.so.11.0' via callback 'DP_cudart_dlopen'
implib-gen: libcudart.so.11.0: failed to resolve symbol '__cudaRegisterFatBinary', library failed to load
implib-gen: libcudart.so.11.0: failed to load library 'libcudart.so.11.0' via callback 'DP_cudart_dlopen'
implib-gen: libcudart.so.11.0: failed to resolve symbol '__cudaRegisterFunction', library failed to load
implib-gen: libcudart.so.11.0: failed to load library 'libcudart.so.11.0' via callback 'DP_cudart_dlopen'
implib-gen: libcudart.so.11.0: failed to resolve symbol '__cudaRegisterFatBinaryEnd', library failed to load
2025-03-15 02:24:00.208960: I tensorflow/tsl/cuda/cudart_stub.cc:28] Could not find cuda drivers on your machine, GPU will not be used.
2025-03-15 02:24:00.208952: I tensorflow/tsl/cuda/cudart_stub.cc:28] Could not find cuda drivers on your machine, GPU will not be used.
2025-03-15 02:24:00.209818: E tensorflow/compiler/xla/stream_executor/cuda/cuda_dnn.cc:9342] Unable to register cuDNN factory: Attempting to register factory for plugin cuDNN when one has already been registered
2025-03-15 02:24:00.209835: E tensorflow/compiler/xla/stream_executor/cuda/cuda_fft.cc:609] Unable to register cuFFT factory: Attempting to register factory for plugin cuFFT when one has already been registered
2025-03-15 02:24:00.209859: E tensorflow/compiler/xla/stream_executor/cuda/cuda_blas.cc:1518] Unable to register cuBLAS factory: Attempting to register factory for plugin cuBLAS when one has already been registered
2025-03-15 02:24:00.211623: E tensorflow/compiler/xla/stream_executor/cuda/cuda_dnn.cc:9342] Unable to register cuDNN factory: Attempting to register factory for plugin cuDNN when one has already been registered
2025-03-15 02:24:00.211643: E tensorflow/compiler/xla/stream_executor/cuda/cuda_fft.cc:609] Unable to register cuFFT factory: Attempting to register factory for plugin cuFFT when one has already been registered
2025-03-15 02:24:00.211676: E tensorflow/compiler/xla/stream_executor/cuda/cuda_blas.cc:1518] Unable to register cuBLAS factory: Attempting to register factory for plugin cuBLAS when one has already been registered
2025-03-15 02:24:00.212199: E tensorflow/compiler/xla/stream_executor/cuda/cuda_dnn.cc:9342] Unable to register cuDNN factory: Attempting to register factory for plugin cuDNN when one has already been registered
2025-03-15 02:24:00.212218: E tensorflow/compiler/xla/stream_executor/cuda/cuda_fft.cc:609] Unable to register cuFFT factory: Attempting to register factory for plugin cuFFT when one has already been registered
2025-03-15 02:24:00.212242: E tensorflow/compiler/xla/stream_executor/cuda/cuda_blas.cc:1518] Unable to register cuBLAS factory: Attempting to register factory for plugin cuBLAS when one has already been registered
2025-03-15 02:24:00.214449: I tensorflow/tsl/cuda/cudart_stub.cc:28] Could not find cuda drivers on your machine, GPU will not be used.
2025-03-15 02:24:00.215991: E tensorflow/compiler/xla/stream_executor/cuda/cuda_dnn.cc:9342] Unable to register cuDNN factory: Attempting to register factory for plugin cuDNN when one has already been registered
2025-03-15 02:24:00.216011: E tensorflow/compiler/xla/stream_executor/cuda/cuda_fft.cc:609] Unable to register cuFFT factory: Attempting to register factory for plugin cuFFT when one has already been registered
2025-03-15 02:24:00.216036: E tensorflow/compiler/xla/stream_executor/cuda/cuda_blas.cc:1518] Unable to register cuBLAS factory: Attempting to register factory for plugin cuBLAS when one has already been registered
DeePMD-kit: Cannot find libcudart.so.11.0
implib-gen: libcudart.so.11.0: failed to load library 'libcudart.so.11.0' via callback 'DP_cudart_dlopen'
implib-gen: libcudart.so.11.0: failed to resolve symbol '__cudaRegisterFatBinary', library failed to load
implib-gen: libcudart.so.11.0: failed to load library 'libcudart.so.11.0' via callback 'DP_cudart_dlopen'
implib-gen: libcudart.so.11.0: failed to resolve symbol '__cudaRegisterFunction', library failed to load
implib-gen: libcudart.so.11.0: failed to load library 'libcudart.so.11.0' via callback 'DP_cudart_dlopen'
implib-gen: libcudart.so.11.0: failed to resolve symbol '__cudaRegisterFatBinaryEnd', library failed to load
2025-03-15 02:24:00.217711: E tensorflow/compiler/xla/stream_executor/cuda/cuda_dnn.cc:9342] Unable to register cuDNN factory: Attempting to register factory for plugin cuDNN when one has already been registered
2025-03-15 02:24:00.217737: E tensorflow/compiler/xla/stream_executor/cuda/cuda_fft.cc:609] Unable to register cuFFT factory: Attempting to register factory for plugin cuFFT when one has already been registered
2025-03-15 02:24:00.217762: E tensorflow/compiler/xla/stream_executor/cuda/cuda_blas.cc:1518] Unable to register cuBLAS factory: Attempting to register factory for plugin cuBLAS when one has already been registered
2025-03-15 02:24:00.217711: E tensorflow/compiler/xla/stream_executor/cuda/cuda_dnn.cc:9342] Unable to register cuDNN factory: Attempting to register factory for plugin cuDNN when one has already been registered
2025-03-15 02:24:00.217737: E tensorflow/compiler/xla/stream_executor/cuda/cuda_fft.cc:609] Unable to register cuFFT factory: Attempting to register factory for plugin cuFFT when one has already been registered
2025-03-15 02:24:00.217760: E tensorflow/compiler/xla/stream_executor/cuda/cuda_blas.cc:1518] Unable to register cuBLAS factory: Attempting to register factory for plugin cuBLAS when one has already been registered
2025-03-15 02:24:00.219351: E tensorflow/compiler/xla/stream_executor/cuda/cuda_dnn.cc:9342] Unable to register cuDNN factory: Attempting to register factory for plugin cuDNN when one has already been registered
2025-03-15 02:24:00.219368: E tensorflow/compiler/xla/stream_executor/cuda/cuda_fft.cc:609] Unable to register cuFFT factory: Attempting to register factory for plugin cuFFT when one has already been registered
2025-03-15 02:24:00.219392: E tensorflow/compiler/xla/stream_executor/cuda/cuda_blas.cc:1518] Unable to register cuBLAS factory: Attempting to register factory for plugin cuBLAS when one has already been registered
DeePMD-kit: Cannot find libcudart.so.11.0
implib-gen: libcudart.so.11.0: failed to load library 'libcudart.so.11.0' via callback 'DP_cudart_dlopen'
implib-gen: libcudart.so.11.0: failed to resolve symbol '__cudaRegisterFatBinary', library failed to load
implib-gen: libcudart.so.11.0: failed to load library 'libcudart.so.11.0' via callback 'DP_cudart_dlopen'
implib-gen: libcudart.so.11.0: failed to resolve symbol '__cudaRegisterFunction', library failed to load
implib-gen: libcudart.so.11.0: failed to load library 'libcudart.so.11.0' via callback 'DP_cudart_dlopen'
implib-gen: libcudart.so.11.0: failed to resolve symbol '__cudaRegisterFatBinaryEnd', library failed to load
2025-03-15 02:24:00.219501: I tensorflow/tsl/cuda/cudart_stub.cc:28] Could not find cuda drivers on your machine, GPU will not be used.
2025-03-15 02:24:00.219496: I tensorflow/tsl/cuda/cudart_stub.cc:28] Could not find cuda drivers on your machine, GPU will not be used.
DeePMD-kit: Cannot find libcudart.so.11.0
implib-gen: libcudart.so.11.0: failed to load library 'libcudart.so.11.0' via callback 'DP_cudart_dlopen'
implib-gen: libcudart.so.11.0: failed to resolve symbol '__cudaRegisterFatBinary', library failed to load
implib-gen: libcudart.so.11.0: failed to load library 'libcudart.so.11.0' via callback 'DP_cudart_dlopen'
implib-gen: libcudart.so.11.0: failed to resolve symbol '__cudaRegisterFunction', library failed to load
implib-gen: libcudart.so.11.0: failed to load library 'libcudart.so.11.0' via callback 'DP_cudart_dlopen'
implib-gen: libcudart.so.11.0: failed to resolve symbol '__cudaRegisterFatBinaryEnd', library failed to load
2025-03-15 02:24:00.220301: E tensorflow/compiler/xla/stream_executor/cuda/cuda_dnn.cc:9342] Unable to register cuDNN factory: Attempting to register factory for plugin cuDNN when one has already been registered
2025-03-15 02:24:00.220322: E tensorflow/compiler/xla/stream_executor/cuda/cuda_fft.cc:609] Unable to register cuFFT factory: Attempting to register factory for plugin cuFFT when one has already been registered
2025-03-15 02:24:00.220347: E tensorflow/compiler/xla/stream_executor/cuda/cuda_blas.cc:1518] Unable to register cuBLAS factory: Attempting to register factory for plugin cuBLAS when one has already been registered
DeePMD-kit: Cannot find libcudart.so.11.0
implib-gen: libcudart.so.11.0: failed to load library 'libcudart.so.11.0' via callback 'DP_cudart_dlopen'
implib-gen: libcudart.so.11.0: failed to resolve symbol '__cudaRegisterFatBinary', library failed to load
implib-gen: libcudart.so.11.0: failed to load library 'libcudart.so.11.0' via callback 'DP_cudart_dlopen'
implib-gen: libcudart.so.11.0: failed to resolve symbol '__cudaRegisterFunction', library failed to load
implib-gen: libcudart.so.11.0: failed to load library 'libcudart.so.11.0' via callback 'DP_cudart_dlopen'
implib-gen: libcudart.so.11.0: failed to resolve symbol '__cudaRegisterFatBinaryEnd', library failed to load
2025-03-15 02:24:00.222639: E tensorflow/compiler/xla/stream_executor/cuda/cuda_dnn.cc:9342] Unable to register cuDNN factory: Attempting to register factory for plugin cuDNN when one has already been registered
2025-03-15 02:24:00.222662: E tensorflow/compiler/xla/stream_executor/cuda/cuda_fft.cc:609] Unable to register cuFFT factory: Attempting to register factory for plugin cuFFT when one has already been registered
2025-03-15 02:24:00.222680: E tensorflow/compiler/xla/stream_executor/cuda/cuda_blas.cc:1518] Unable to register cuBLAS factory: Attempting to register factory for plugin cuBLAS when one has already been registered
2025-03-15 02:24:00.224840: E tensorflow/compiler/xla/stream_executor/cuda/cuda_dnn.cc:9342] Unable to register cuDNN factory: Attempting to register factory for plugin cuDNN when one has already been registered
2025-03-15 02:24:00.224881: E tensorflow/compiler/xla/stream_executor/cuda/cuda_fft.cc:609] Unable to register cuFFT factory: Attempting to register factory for plugin cuFFT when one has already been registered
2025-03-15 02:24:00.224912: E tensorflow/compiler/xla/stream_executor/cuda/cuda_blas.cc:1518] Unable to register cuBLAS factory: Attempting to register factory for plugin cuBLAS when one has already been registered
2025-03-15 02:24:00.224840: E tensorflow/compiler/xla/stream_executor/cuda/cuda_dnn.cc:9342] Unable to register cuDNN factory: Attempting to register factory for plugin cuDNN when one has already been registered
2025-03-15 02:24:00.224885: E tensorflow/compiler/xla/stream_executor/cuda/cuda_fft.cc:609] Unable to register cuFFT factory: Attempting to register factory for plugin cuFFT when one has already been registered
2025-03-15 02:24:00.224906: E tensorflow/compiler/xla/stream_executor/cuda/cuda_blas.cc:1518] Unable to register cuBLAS factory: Attempting to register factory for plugin cuBLAS when one has already been registered
DeePMD-kit: Cannot find libcudart.so.11.0
implib-gen: libcudart.so.11.0: failed to load library 'libcudart.so.11.0' via callback 'DP_cudart_dlopen'
implib-gen: libcudart.so.11.0: failed to resolve symbol '__cudaRegisterFatBinary', library failed to load
implib-gen: libcudart.so.11.0: failed to load library 'libcudart.so.11.0' via callback 'DP_cudart_dlopen'
implib-gen: libcudart.so.11.0: failed to resolve symbol '__cudaRegisterFunction', library failed to load
implib-gen: libcudart.so.11.0: failed to load library 'libcudart.so.11.0' via callback 'DP_cudart_dlopen'
implib-gen: libcudart.so.11.0: failed to resolve symbol '__cudaRegisterFatBinaryEnd', library failed to load
2025-03-15 02:24:00.225421: E tensorflow/compiler/xla/stream_executor/cuda/cuda_dnn.cc:9342] Unable to register cuDNN factory: Attempting to register factory for plugin cuDNN when one has already been registered
2025-03-15 02:24:00.225439: E tensorflow/compiler/xla/stream_executor/cuda/cuda_fft.cc:609] Unable to register cuFFT factory: Attempting to register factory for plugin cuFFT when one has already been registered
2025-03-15 02:24:00.225469: E tensorflow/compiler/xla/stream_executor/cuda/cuda_blas.cc:1518] Unable to register cuBLAS factory: Attempting to register factory for plugin cuBLAS when one has already been registered
2025-03-15 02:24:00.225879: E tensorflow/compiler/xla/stream_executor/cuda/cuda_dnn.cc:9342] Unable to register cuDNN factory: Attempting to register factory for plugin cuDNN when one has already been registered
2025-03-15 02:24:00.225898: E tensorflow/compiler/xla/stream_executor/cuda/cuda_fft.cc:609] Unable to register cuFFT factory: Attempting to register factory for plugin cuFFT when one has already been registered
2025-03-15 02:24:00.225921: E tensorflow/compiler/xla/stream_executor/cuda/cuda_blas.cc:1518] Unable to register cuBLAS factory: Attempting to register factory for plugin cuBLAS when one has already been registered
DeePMD-kit: Cannot find libcudart.so.11.0
implib-gen: libcudart.so.11.0: failed to load library 'libcudart.so.11.0' via callback 'DP_cudart_dlopen'
implib-gen: libcudart.so.11.0: failed to resolve symbol '__cudaRegisterFatBinary', library failed to load
implib-gen: libcudart.so.11.0: failed to load library 'libcudart.so.11.0' via callback 'DP_cudart_dlopen'
implib-gen: libcudart.so.11.0: failed to resolve symbol '__cudaRegisterFunction', library failed to load
implib-gen: libcudart.so.11.0: failed to load library 'libcudart.so.11.0' via callback 'DP_cudart_dlopen'
implib-gen: libcudart.so.11.0: failed to resolve symbol '__cudaRegisterFatBinaryEnd', library failed to load
DeePMD-kit: Cannot find libcudart.so.11.0
implib-gen: libcudart.so.11.0: failed to load library 'libcudart.so.11.0' via callback 'DP_cudart_dlopen'
implib-gen: libcudart.so.11.0: failed to resolve symbol '__cudaRegisterFatBinary', library failed to load
implib-gen: libcudart.so.11.0: failed to load library 'libcudart.so.11.0' via callback 'DP_cudart_dlopen'
implib-gen: libcudart.so.11.0: failed to resolve symbol '__cudaRegisterFunction', library failed to load
implib-gen: libcudart.so.11.0: failed to load library 'libcudart.so.11.0' via callback 'DP_cudart_dlopen'
implib-gen: libcudart.so.11.0: failed to resolve symbol '__cudaRegisterFatBinaryEnd', library failed to load
DeePMD-kit: Cannot find libcudart.so.11.0
implib-gen: libcudart.so.11.0: failed to load library 'libcudart.so.11.0' via callback 'DP_cudart_dlopen'
implib-gen: libcudart.so.11.0: failed to resolve symbol '__cudaRegisterFatBinary', library failed to load
implib-gen: libcudart.so.11.0: failed to load library 'libcudart.so.11.0' via callback 'DP_cudart_dlopen'
implib-gen: libcudart.so.11.0: failed to resolve symbol '__cudaRegisterFunction', library failed to load
implib-gen: libcudart.so.11.0: failed to load library 'libcudart.so.11.0' via callback 'DP_cudart_dlopen'
implib-gen: libcudart.so.11.0: failed to resolve symbol '__cudaRegisterFatBinaryEnd', library failed to load
DeePMD-kit: Cannot find libcudart.so.11.0
implib-gen: libcudart.so.11.0: failed to load library 'libcudart.so.11.0' via callback 'DP_cudart_dlopen'
implib-gen: libcudart.so.11.0: failed to resolve symbol '__cudaRegisterFatBinary', library failed to load
implib-gen: libcudart.so.11.0: failed to load library 'libcudart.so.11.0' via callback 'DP_cudart_dlopen'
implib-gen: libcudart.so.11.0: failed to resolve symbol '__cudaRegisterFunction', library failed to load
implib-gen: libcudart.so.11.0: failed to load library 'libcudart.so.11.0' via callback 'DP_cudart_dlopen'
implib-gen: libcudart.so.11.0: failed to resolve symbol '__cudaRegisterFatBinaryEnd', library failed to load
DeePMD-kit: Cannot find libcudart.so.11.0
implib-gen: libcudart.so.11.0: failed to load library 'libcudart.so.11.0' via callback 'DP_cudart_dlopen'
implib-gen: libcudart.so.11.0: failed to resolve symbol '__cudaRegisterFatBinary', library failed to load
implib-gen: libcudart.so.11.0: failed to load library 'libcudart.so.11.0' via callback 'DP_cudart_dlopen'
implib-gen: libcudart.so.11.0: failed to resolve symbol '__cudaRegisterFunction', library failed to load
implib-gen: libcudart.so.11.0: failed to load library 'libcudart.so.11.0' via callback 'DP_cudart_dlopen'
implib-gen: libcudart.so.11.0: failed to resolve symbol '__cudaRegisterFatBinaryEnd', library failed to load
DeePMD-kit: Cannot find libcudart.so.11.0
implib-gen: libcudart.so.11.0: failed to load library 'libcudart.so.11.0' via callback 'DP_cudart_dlopen'
implib-gen: libcudart.so.11.0: failed to resolve symbol '__cudaRegisterFatBinary', library failed to load
implib-gen: libcudart.so.11.0: failed to load library 'libcudart.so.11.0' via callback 'DP_cudart_dlopen'
implib-gen: libcudart.so.11.0: failed to resolve symbol '__cudaRegisterFunction', library failed to load
implib-gen: libcudart.so.11.0: failed to load library 'libcudart.so.11.0' via callback 'DP_cudart_dlopen'
implib-gen: libcudart.so.11.0: failed to resolve symbol '__cudaRegisterFatBinaryEnd', library failed to load
DeePMD-kit: Cannot find libcudart.so.11.0
implib-gen: libcudart.so.11.0: failed to load library 'libcudart.so.11.0' via callback 'DP_cudart_dlopen'
implib-gen: libcudart.so.11.0: failed to resolve symbol '__cudaRegisterFatBinary', library failed to load
implib-gen: libcudart.so.11.0: failed to load library 'libcudart.so.11.0' via callback 'DP_cudart_dlopen'
implib-gen: libcudart.so.11.0: failed to resolve symbol '__cudaRegisterFunction', library failed to load
implib-gen: libcudart.so.11.0: failed to load library 'libcudart.so.11.0' via callback 'DP_cudart_dlopen'
implib-gen: libcudart.so.11.0: failed to resolve symbol '__cudaRegisterFatBinaryEnd', library failed to load
DeePMD-kit: Cannot find libcudart.so.11.0
implib-gen: libcudart.so.11.0: failed to load library 'libcudart.so.11.0' via callback 'DP_cudart_dlopen'
implib-gen: libcudart.so.11.0: failed to resolve symbol '__cudaRegisterFatBinary', library failed to load
implib-gen: libcudart.so.11.0: failed to load library 'libcudart.so.11.0' via callback 'DP_cudart_dlopen'
implib-gen: libcudart.so.11.0: failed to resolve symbol '__cudaRegisterFunction', library failed to load
implib-gen: libcudart.so.11.0: failed to load library 'libcudart.so.11.0' via callback 'DP_cudart_dlopen'
implib-gen: libcudart.so.11.0: failed to resolve symbol '__cudaRegisterFatBinaryEnd', library failed to load
2025-03-15 02:24:00.235204: E tensorflow/compiler/xla/stream_executor/cuda/cuda_dnn.cc:9342] Unable to register cuDNN factory: Attempting to register factory for plugin cuDNN when one has already been registered
2025-03-15 02:24:00.235233: E tensorflow/compiler/xla/stream_executor/cuda/cuda_fft.cc:609] Unable to register cuFFT factory: Attempting to register factory for plugin cuFFT when one has already been registered
2025-03-15 02:24:00.235258: E tensorflow/compiler/xla/stream_executor/cuda/cuda_blas.cc:1518] Unable to register cuBLAS factory: Attempting to register factory for plugin cuBLAS when one has already been registered
2025-03-15 02:24:00.235204: E tensorflow/compiler/xla/stream_executor/cuda/cuda_dnn.cc:9342] Unable to register cuDNN factory: Attempting to register factory for plugin cuDNN when one has already been registered
2025-03-15 02:24:00.235233: E tensorflow/compiler/xla/stream_executor/cuda/cuda_fft.cc:609] Unable to register cuFFT factory: Attempting to register factory for plugin cuFFT when one has already been registered
2025-03-15 02:24:00.235259: E tensorflow/compiler/xla/stream_executor/cuda/cuda_blas.cc:1518] Unable to register cuBLAS factory: Attempting to register factory for plugin cuBLAS when one has already been registered
DeePMD-kit: Cannot find libcudart.so.11.0
implib-gen: libcudart.so.11.0: failed to load library 'libcudart.so.11.0' via callback 'DP_cudart_dlopen'
implib-gen: libcudart.so.11.0: failed to resolve symbol '__cudaRegisterFatBinary', library failed to load
implib-gen: libcudart.so.11.0: failed to load library 'libcudart.so.11.0' via callback 'DP_cudart_dlopen'
implib-gen: libcudart.so.11.0: failed to resolve symbol '__cudaRegisterFunction', library failed to load
implib-gen: libcudart.so.11.0: failed to load library 'libcudart.so.11.0' via callback 'DP_cudart_dlopen'
implib-gen: libcudart.so.11.0: failed to resolve symbol '__cudaRegisterFatBinaryEnd', library failed to load
2025-03-15 02:24:00.237245: E tensorflow/compiler/xla/stream_executor/cuda/cuda_dnn.cc:9342] Unable to register cuDNN factory: Attempting to register factory for plugin cuDNN when one has already been registered
2025-03-15 02:24:00.237263: E tensorflow/compiler/xla/stream_executor/cuda/cuda_fft.cc:609] Unable to register cuFFT factory: Attempting to register factory for plugin cuFFT when one has already been registered
2025-03-15 02:24:00.237286: E tensorflow/compiler/xla/stream_executor/cuda/cuda_blas.cc:1518] Unable to register cuBLAS factory: Attempting to register factory for plugin cuBLAS when one has already been registered
2025-03-15 02:24:00.237538: E tensorflow/compiler/xla/stream_executor/cuda/cuda_dnn.cc:9342] Unable to register cuDNN factory: Attempting to register factory for plugin cuDNN when one has already been registered
2025-03-15 02:24:00.237559: E tensorflow/compiler/xla/stream_executor/cuda/cuda_fft.cc:609] Unable to register cuFFT factory: Attempting to register factory for plugin cuFFT when one has already been registered
2025-03-15 02:24:00.237586: E tensorflow/compiler/xla/stream_executor/cuda/cuda_blas.cc:1518] Unable to register cuBLAS factory: Attempting to register factory for plugin cuBLAS when one has already been registered
2025-03-15 02:24:00.242888: E tensorflow/compiler/xla/stream_executor/cuda/cuda_dnn.cc:9342] Unable to register cuDNN factory: Attempting to register factory for plugin cuDNN when one has already been registered
2025-03-15 02:24:00.242905: E tensorflow/compiler/xla/stream_executor/cuda/cuda_fft.cc:609] Unable to register cuFFT factory: Attempting to register factory for plugin cuFFT when one has already been registered
2025-03-15 02:24:00.242930: E tensorflow/compiler/xla/stream_executor/cuda/cuda_blas.cc:1518] Unable to register cuBLAS factory: Attempting to register factory for plugin cuBLAS when one has already been registered
DeePMD-kit: Cannot find libcudart.so.11.0
implib-gen: libcudart.so.11.0: failed to load library 'libcudart.so.11.0' via callback 'DP_cudart_dlopen'
implib-gen: libcudart.so.11.0: failed to resolve symbol '__cudaRegisterFatBinary', library failed to load
implib-gen: libcudart.so.11.0: failed to load library 'libcudart.so.11.0' via callback 'DP_cudart_dlopen'
implib-gen: libcudart.so.11.0: failed to resolve symbol '__cudaRegisterFunction', library failed to load
implib-gen: libcudart.so.11.0: failed to load library 'libcudart.so.11.0' via callback 'DP_cudart_dlopen'
implib-gen: libcudart.so.11.0: failed to resolve symbol '__cudaRegisterFatBinaryEnd', library failed to load
DeePMD-kit: Cannot find libcudart.so.11.0
implib-gen: libcudart.so.11.0: failed to load library 'libcudart.so.11.0' via callback 'DP_cudart_dlopen'
implib-gen: libcudart.so.11.0: failed to resolve symbol '__cudaRegisterFatBinary', library failed to load
implib-gen: libcudart.so.11.0: failed to load library 'libcudart.so.11.0' via callback 'DP_cudart_dlopen'
implib-gen: libcudart.so.11.0: failed to resolve symbol '__cudaRegisterFunction', library failed to load
implib-gen: libcudart.so.11.0: failed to load library 'libcudart.so.11.0' via callback 'DP_cudart_dlopen'
implib-gen: libcudart.so.11.0: failed to resolve symbol '__cudaRegisterFatBinaryEnd', library failed to load
DeePMD-kit: Cannot find libcudart.so.11.0
implib-gen: libcudart.so.11.0: failed to load library 'libcudart.so.11.0' via callback 'DP_cudart_dlopen'
implib-gen: libcudart.so.11.0: failed to resolve symbol '__cudaRegisterFatBinary', library failed to load
implib-gen: libcudart.so.11.0: failed to load library 'libcudart.so.11.0' via callback 'DP_cudart_dlopen'
implib-gen: libcudart.so.11.0: failed to resolve symbol '__cudaRegisterFunction', library failed to load
implib-gen: libcudart.so.11.0: failed to load library 'libcudart.so.11.0' via callback 'DP_cudart_dlopen'
implib-gen: libcudart.so.11.0: failed to resolve symbol '__cudaRegisterFatBinaryEnd', library failed to load
2025-03-15 02:24:00.246845: E tensorflow/compiler/xla/stream_executor/cuda/cuda_dnn.cc:9342] Unable to register cuDNN factory: Attempting to register factory for plugin cuDNN when one has already been registered
2025-03-15 02:24:00.246871: E tensorflow/compiler/xla/stream_executor/cuda/cuda_fft.cc:609] Unable to register cuFFT factory: Attempting to register factory for plugin cuFFT when one has already been registered
2025-03-15 02:24:00.246895: E tensorflow/compiler/xla/stream_executor/cuda/cuda_blas.cc:1518] Unable to register cuBLAS factory: Attempting to register factory for plugin cuBLAS when one has already been registered
2025-03-15 02:24:00.246843: E tensorflow/compiler/xla/stream_executor/cuda/cuda_dnn.cc:9342] Unable to register cuDNN factory: Attempting to register factory for plugin cuDNN when one has already been registered
2025-03-15 02:24:00.246871: E tensorflow/compiler/xla/stream_executor/cuda/cuda_fft.cc:609] Unable to register cuFFT factory: Attempting to register factory for plugin cuFFT when one has already been registered
2025-03-15 02:24:00.246898: E tensorflow/compiler/xla/stream_executor/cuda/cuda_blas.cc:1518] Unable to register cuBLAS factory: Attempting to register factory for plugin cuBLAS when one has already been registered
DeePMD-kit: Cannot find libcudart.so.11.0
implib-gen: libcudart.so.11.0: failed to load library 'libcudart.so.11.0' via callback 'DP_cudart_dlopen'
implib-gen: libcudart.so.11.0: failed to resolve symbol '__cudaRegisterFatBinary', library failed to load
implib-gen: libcudart.so.11.0: failed to load library 'libcudart.so.11.0' via callback 'DP_cudart_dlopen'
implib-gen: libcudart.so.11.0: failed to resolve symbol '__cudaRegisterFunction', library failed to load
implib-gen: libcudart.so.11.0: failed to load library 'libcudart.so.11.0' via callback 'DP_cudart_dlopen'
implib-gen: libcudart.so.11.0: failed to resolve symbol '__cudaRegisterFatBinaryEnd', library failed to load
DeePMD-kit: Cannot find libcudart.so.11.0
implib-gen: libcudart.so.11.0: failed to load library 'libcudart.so.11.0' via callback 'DP_cudart_dlopen'
implib-gen: libcudart.so.11.0: failed to resolve symbol '__cudaRegisterFatBinary', library failed to load
implib-gen: libcudart.so.11.0: failed to load library 'libcudart.so.11.0' via callback 'DP_cudart_dlopen'
implib-gen: libcudart.so.11.0: failed to resolve symbol '__cudaRegisterFunction', library failed to load
implib-gen: libcudart.so.11.0: failed to load library 'libcudart.so.11.0' via callback 'DP_cudart_dlopen'
implib-gen: libcudart.so.11.0: failed to resolve symbol '__cudaRegisterFatBinaryEnd', library failed to load
DeePMD-kit: Cannot find libcudart.so.11.0
implib-gen: libcudart.so.11.0: failed to load library 'libcudart.so.11.0' via callback 'DP_cudart_dlopen'
implib-gen: libcudart.so.11.0: failed to resolve symbol '__cudaRegisterFatBinary', library failed to load
implib-gen: libcudart.so.11.0: failed to load library 'libcudart.so.11.0' via callback 'DP_cudart_dlopen'
implib-gen: libcudart.so.11.0: failed to resolve symbol '__cudaRegisterFunction', library failed to load
implib-gen: libcudart.so.11.0: failed to load library 'libcudart.so.11.0' via callback 'DP_cudart_dlopen'
implib-gen: libcudart.so.11.0: failed to resolve symbol '__cudaRegisterFatBinaryEnd', library failed to load
DeePMD-kit: Cannot find libcudart.so.11.0
implib-gen: libcudart.so.11.0: failed to load library 'libcudart.so.11.0' via callback 'DP_cudart_dlopen'
implib-gen: libcudart.so.11.0: failed to resolve symbol '__cudaRegisterFatBinary', library failed to load
implib-gen: libcudart.so.11.0: failed to load library 'libcudart.so.11.0' via callback 'DP_cudart_dlopen'
implib-gen: libcudart.so.11.0: failed to resolve symbol '__cudaRegisterFunction', library failed to load
implib-gen: libcudart.so.11.0: failed to load library 'libcudart.so.11.0' via callback 'DP_cudart_dlopen'
implib-gen: libcudart.so.11.0: failed to resolve symbol '__cudaRegisterFatBinaryEnd', library failed to load
2025-03-15 02:24:00.436090: I tensorflow/tsl/cuda/cudart_stub.cc:28] Could not find cuda drivers on your machine, GPU will not be used.
2025-03-15 02:24:00.437456: I tensorflow/tsl/cuda/cudart_stub.cc:28] Could not find cuda drivers on your machine, GPU will not be used.
2025-03-15 02:24:00.442166: I tensorflow/tsl/cuda/cudart_stub.cc:28] Could not find cuda drivers on your machine, GPU will not be used.
2025-03-15 02:24:00.443805: I tensorflow/tsl/cuda/cudart_stub.cc:28] Could not find cuda drivers on your machine, GPU will not be used.
2025-03-15 02:24:00.443803: I tensorflow/tsl/cuda/cudart_stub.cc:28] Could not find cuda drivers on your machine, GPU will not be used.
2025-03-15 02:24:00.443805: I tensorflow/tsl/cuda/cudart_stub.cc:28] Could not find cuda drivers on your machine, GPU will not be used.
2025-03-15 02:24:00.446884: I tensorflow/tsl/cuda/cudart_stub.cc:28] Could not find cuda drivers on your machine, GPU will not be used.
2025-03-15 02:24:00.448097: I tensorflow/tsl/cuda/cudart_stub.cc:28] Could not find cuda drivers on your machine, GPU will not be used.
2025-03-15 02:24:00.454179: I tensorflow/tsl/cuda/cudart_stub.cc:28] Could not find cuda drivers on your machine, GPU will not be used.
2025-03-15 02:24:00.455488: I tensorflow/tsl/cuda/cudart_stub.cc:28] Could not find cuda drivers on your machine, GPU will not be used.
2025-03-15 02:24:00.455481: I tensorflow/tsl/cuda/cudart_stub.cc:28] Could not find cuda drivers on your machine, GPU will not be used.
2025-03-15 02:24:00.456576: I tensorflow/tsl/cuda/cudart_stub.cc:28] Could not find cuda drivers on your machine, GPU will not be used.
2025-03-15 02:24:00.456619: I tensorflow/tsl/cuda/cudart_stub.cc:28] Could not find cuda drivers on your machine, GPU will not be used.
2025-03-15 02:24:00.458943: I tensorflow/tsl/cuda/cudart_stub.cc:28] Could not find cuda drivers on your machine, GPU will not be used.
2025-03-15 02:24:00.461942: I tensorflow/tsl/cuda/cudart_stub.cc:28] Could not find cuda drivers on your machine, GPU will not be used.
2025-03-15 02:24:00.463711: E tensorflow/compiler/xla/stream_executor/cuda/cuda_dnn.cc:9342] Unable to register cuDNN factory: Attempting to register factory for plugin cuDNN when one has already been registered
2025-03-15 02:24:00.463741: E tensorflow/compiler/xla/stream_executor/cuda/cuda_fft.cc:609] Unable to register cuFFT factory: Attempting to register factory for plugin cuFFT when one has already been registered
2025-03-15 02:24:00.463766: E tensorflow/compiler/xla/stream_executor/cuda/cuda_blas.cc:1518] Unable to register cuBLAS factory: Attempting to register factory for plugin cuBLAS when one has already been registered
2025-03-15 02:24:00.465886: E tensorflow/compiler/xla/stream_executor/cuda/cuda_dnn.cc:9342] Unable to register cuDNN factory: Attempting to register factory for plugin cuDNN when one has already been registered
2025-03-15 02:24:00.465909: E tensorflow/compiler/xla/stream_executor/cuda/cuda_fft.cc:609] Unable to register cuFFT factory: Attempting to register factory for plugin cuFFT when one has already been registered
2025-03-15 02:24:00.465935: E tensorflow/compiler/xla/stream_executor/cuda/cuda_blas.cc:1518] Unable to register cuBLAS factory: Attempting to register factory for plugin cuBLAS when one has already been registered
2025-03-15 02:24:00.469258: I tensorflow/tsl/cuda/cudart_stub.cc:28] Could not find cuda drivers on your machine, GPU will not be used.
2025-03-15 02:24:00.469254: I tensorflow/tsl/cuda/cudart_stub.cc:28] Could not find cuda drivers on your machine, GPU will not be used.
2025-03-15 02:24:00.469803: E tensorflow/compiler/xla/stream_executor/cuda/cuda_dnn.cc:9342] Unable to register cuDNN factory: Attempting to register factory for plugin cuDNN when one has already been registered
2025-03-15 02:24:00.469828: E tensorflow/compiler/xla/stream_executor/cuda/cuda_fft.cc:609] Unable to register cuFFT factory: Attempting to register factory for plugin cuFFT when one has already been registered
2025-03-15 02:24:00.469852: E tensorflow/compiler/xla/stream_executor/cuda/cuda_blas.cc:1518] Unable to register cuBLAS factory: Attempting to register factory for plugin cuBLAS when one has already been registered
2025-03-15 02:24:00.471742: E tensorflow/compiler/xla/stream_executor/cuda/cuda_dnn.cc:9342] Unable to register cuDNN factory: Attempting to register factory for plugin cuDNN when one has already been registered
2025-03-15 02:24:00.471769: E tensorflow/compiler/xla/stream_executor/cuda/cuda_fft.cc:609] Unable to register cuFFT factory: Attempting to register factory for plugin cuFFT when one has already been registered
2025-03-15 02:24:00.471802: E tensorflow/compiler/xla/stream_executor/cuda/cuda_blas.cc:1518] Unable to register cuBLAS factory: Attempting to register factory for plugin cuBLAS when one has already been registered
2025-03-15 02:24:00.471742: E tensorflow/compiler/xla/stream_executor/cuda/cuda_dnn.cc:9342] Unable to register cuDNN factory: Attempting to register factory for plugin cuDNN when one has already been registered
2025-03-15 02:24:00.471769: E tensorflow/compiler/xla/stream_executor/cuda/cuda_fft.cc:609] Unable to register cuFFT factory: Attempting to register factory for plugin cuFFT when one has already been registered
2025-03-15 02:24:00.471799: E tensorflow/compiler/xla/stream_executor/cuda/cuda_blas.cc:1518] Unable to register cuBLAS factory: Attempting to register factory for plugin cuBLAS when one has already been registered
2025-03-15 02:24:00.472137: E tensorflow/compiler/xla/stream_executor/cuda/cuda_dnn.cc:9342] Unable to register cuDNN factory: Attempting to register factory for plugin cuDNN when one has already been registered
2025-03-15 02:24:00.472162: E tensorflow/compiler/xla/stream_executor/cuda/cuda_fft.cc:609] Unable to register cuFFT factory: Attempting to register factory for plugin cuFFT when one has already been registered
2025-03-15 02:24:00.472188: E tensorflow/compiler/xla/stream_executor/cuda/cuda_blas.cc:1518] Unable to register cuBLAS factory: Attempting to register factory for plugin cuBLAS when one has already been registered
2025-03-15 02:24:00.474448: I tensorflow/tsl/cuda/cudart_stub.cc:28] Could not find cuda drivers on your machine, GPU will not be used.
2025-03-15 02:24:00.474711: E tensorflow/compiler/xla/stream_executor/cuda/cuda_dnn.cc:9342] Unable to register cuDNN factory: Attempting to register factory for plugin cuDNN when one has already been registered
2025-03-15 02:24:00.474741: E tensorflow/compiler/xla/stream_executor/cuda/cuda_fft.cc:609] Unable to register cuFFT factory: Attempting to register factory for plugin cuFFT when one has already been registered
2025-03-15 02:24:00.474762: E tensorflow/compiler/xla/stream_executor/cuda/cuda_blas.cc:1518] Unable to register cuBLAS factory: Attempting to register factory for plugin cuBLAS when one has already been registered
2025-03-15 02:24:00.475619: E tensorflow/compiler/xla/stream_executor/cuda/cuda_dnn.cc:9342] Unable to register cuDNN factory: Attempting to register factory for plugin cuDNN when one has already been registered
2025-03-15 02:24:00.475659: E tensorflow/compiler/xla/stream_executor/cuda/cuda_fft.cc:609] Unable to register cuFFT factory: Attempting to register factory for plugin cuFFT when one has already been registered
2025-03-15 02:24:00.475676: E tensorflow/compiler/xla/stream_executor/cuda/cuda_blas.cc:1518] Unable to register cuBLAS factory: Attempting to register factory for plugin cuBLAS when one has already been registered
2025-03-15 02:24:00.477063: I tensorflow/tsl/cuda/cudart_stub.cc:28] Could not find cuda drivers on your machine, GPU will not be used.
2025-03-15 02:24:00.478623: I tensorflow/tsl/cuda/cudart_stub.cc:28] Could not find cuda drivers on your machine, GPU will not be used.
DeePMD-kit: Cannot find libcudart.so.11.0
implib-gen: libcudart.so.11.0: failed to load library 'libcudart.so.11.0' via callback 'DP_cudart_dlopen'
implib-gen: libcudart.so.11.0: failed to resolve symbol '__cudaRegisterFatBinary', library failed to load
implib-gen: libcudart.so.11.0: failed to load library 'libcudart.so.11.0' via callback 'DP_cudart_dlopen'
implib-gen: libcudart.so.11.0: failed to resolve symbol '__cudaRegisterFunction', library failed to load
implib-gen: libcudart.so.11.0: failed to load library 'libcudart.so.11.0' via callback 'DP_cudart_dlopen'
implib-gen: libcudart.so.11.0: failed to resolve symbol '__cudaRegisterFatBinaryEnd', library failed to load
DeePMD-kit: Cannot find libcudart.so.11.0
implib-gen: libcudart.so.11.0: failed to load library 'libcudart.so.11.0' via callback 'DP_cudart_dlopen'
implib-gen: libcudart.so.11.0: failed to resolve symbol '__cudaRegisterFatBinary', library failed to load
implib-gen: libcudart.so.11.0: failed to load library 'libcudart.so.11.0' via callback 'DP_cudart_dlopen'
implib-gen: libcudart.so.11.0: failed to resolve symbol '__cudaRegisterFunction', library failed to load
implib-gen: libcudart.so.11.0: failed to load library 'libcudart.so.11.0' via callback 'DP_cudart_dlopen'
implib-gen: libcudart.so.11.0: failed to resolve symbol '__cudaRegisterFatBinaryEnd', library failed to load
2025-03-15 02:24:00.479783: I tensorflow/tsl/cuda/cudart_stub.cc:28] Could not find cuda drivers on your machine, GPU will not be used.
DeePMD-kit: Cannot find libcudart.so.11.0
implib-gen: libcudart.so.11.0: failed to load library 'libcudart.so.11.0' via callback 'DP_cudart_dlopen'
implib-gen: libcudart.so.11.0: failed to resolve symbol '__cudaRegisterFatBinary', library failed to load
implib-gen: libcudart.so.11.0: failed to load library 'libcudart.so.11.0' via callback 'DP_cudart_dlopen'
implib-gen: libcudart.so.11.0: failed to resolve symbol '__cudaRegisterFunction', library failed to load
DeePMD-kit: Cannot find libcudart.so.11.0
implib-gen: libcudart.so.11.0: failed to load library 'libcudart.so.11.0' via callback 'DP_cudart_dlopen'
implib-gen: libcudart.so.11.0: failed to resolve symbol '__cudaRegisterFatBinary', library failed to load
implib-gen: libcudart.so.11.0: failed to load library 'libcudart.so.11.0' via callback 'DP_cudart_dlopen'
implib-gen: libcudart.so.11.0: failed to resolve symbol '__cudaRegisterFunction', library failed to load
implib-gen: libcudart.so.11.0: failed to load library 'libcudart.so.11.0' via callback 'DP_cudart_dlopen'
implib-gen: libcudart.so.11.0: failed to resolve symbol '__cudaRegisterFatBinaryEnd', library failed to load
DeePMD-kit: Cannot find libcudart.so.11.0
implib-gen: libcudart.so.11.0: failed to load library 'libcudart.so.11.0' via callback 'DP_cudart_dlopen'
implib-gen: libcudart.so.11.0: failed to resolve symbol '__cudaRegisterFatBinary', library failed to load
implib-gen: libcudart.so.11.0: failed to load library 'libcudart.so.11.0' via callback 'DP_cudart_dlopen'
implib-gen: libcudart.so.11.0: failed to resolve symbol '__cudaRegisterFunction', library failed to load
implib-gen: libcudart.so.11.0: failed to load library 'libcudart.so.11.0' via callback 'DP_cudart_dlopen'
implib-gen: libcudart.so.11.0: failed to resolve symbol '__cudaRegisterFatBinaryEnd', library failed to load
implib-gen: libcudart.so.11.0: failed to load library 'libcudart.so.11.0' via callback 'DP_cudart_dlopen'
implib-gen: libcudart.so.11.0: failed to resolve symbol '__cudaRegisterFatBinaryEnd', library failed to load
2025-03-15 02:24:00.482346: E tensorflow/compiler/xla/stream_executor/cuda/cuda_dnn.cc:9342] Unable to register cuDNN factory: Attempting to register factory for plugin cuDNN when one has already been registered
2025-03-15 02:24:00.482370: E tensorflow/compiler/xla/stream_executor/cuda/cuda_fft.cc:609] Unable to register cuFFT factory: Attempting to register factory for plugin cuFFT when one has already been registered
2025-03-15 02:24:00.482395: E tensorflow/compiler/xla/stream_executor/cuda/cuda_blas.cc:1518] Unable to register cuBLAS factory: Attempting to register factory for plugin cuBLAS when one has already been registered
2025-03-15 02:24:00.483051: E tensorflow/compiler/xla/stream_executor/cuda/cuda_dnn.cc:9342] Unable to register cuDNN factory: Attempting to register factory for plugin cuDNN when one has already been registered
2025-03-15 02:24:00.483067: E tensorflow/compiler/xla/stream_executor/cuda/cuda_fft.cc:609] Unable to register cuFFT factory: Attempting to register factory for plugin cuFFT when one has already been registered
2025-03-15 02:24:00.483088: E tensorflow/compiler/xla/stream_executor/cuda/cuda_blas.cc:1518] Unable to register cuBLAS factory: Attempting to register factory for plugin cuBLAS when one has already been registered
2025-03-15 02:24:00.483253: E tensorflow/compiler/xla/stream_executor/cuda/cuda_dnn.cc:9342] Unable to register cuDNN factory: Attempting to register factory for plugin cuDNN when one has already been registered
2025-03-15 02:24:00.483279: E tensorflow/compiler/xla/stream_executor/cuda/cuda_fft.cc:609] Unable to register cuFFT factory: Attempting to register factory for plugin cuFFT when one has already been registered
2025-03-15 02:24:00.483314: E tensorflow/compiler/xla/stream_executor/cuda/cuda_blas.cc:1518] Unable to register cuBLAS factory: Attempting to register factory for plugin cuBLAS when one has already been registered
2025-03-15 02:24:00.483254: I tensorflow/tsl/cuda/cudart_stub.cc:28] Could not find cuda drivers on your machine, GPU will not be used.
2025-03-15 02:24:00.483252: E tensorflow/compiler/xla/stream_executor/cuda/cuda_dnn.cc:9342] Unable to register cuDNN factory: Attempting to register factory for plugin cuDNN when one has already been registered
2025-03-15 02:24:00.483277: E tensorflow/compiler/xla/stream_executor/cuda/cuda_fft.cc:609] Unable to register cuFFT factory: Attempting to register factory for plugin cuFFT when one has already been registered
2025-03-15 02:24:00.483315: E tensorflow/compiler/xla/stream_executor/cuda/cuda_blas.cc:1518] Unable to register cuBLAS factory: Attempting to register factory for plugin cuBLAS when one has already been registered
2025-03-15 02:24:00.483253: I tensorflow/tsl/cuda/cudart_stub.cc:28] Could not find cuda drivers on your machine, GPU will not be used.
DeePMD-kit: Cannot find libcudart.so.11.0
implib-gen: libcudart.so.11.0: failed to load library 'libcudart.so.11.0' via callback 'DP_cudart_dlopen'
implib-gen: libcudart.so.11.0: failed to resolve symbol '__cudaRegisterFatBinary', library failed to load
implib-gen: libcudart.so.11.0: failed to load library 'libcudart.so.11.0' via callback 'DP_cudart_dlopen'
implib-gen: libcudart.so.11.0: failed to resolve symbol '__cudaRegisterFunction', library failed to load
implib-gen: libcudart.so.11.0: failed to load library 'libcudart.so.11.0' via callback 'DP_cudart_dlopen'
implib-gen: libcudart.so.11.0: failed to resolve symbol '__cudaRegisterFatBinaryEnd', library failed to load
2025-03-15 02:24:00.483793: I tensorflow/tsl/cuda/cudart_stub.cc:28] Could not find cuda drivers on your machine, GPU will not be used.
2025-03-15 02:24:00.483799: I tensorflow/tsl/cuda/cudart_stub.cc:28] Could not find cuda drivers on your machine, GPU will not be used.
2025-03-15 02:24:00.484017: E tensorflow/compiler/xla/stream_executor/cuda/cuda_dnn.cc:9342] Unable to register cuDNN factory: Attempting to register factory for plugin cuDNN when one has already been registered
2025-03-15 02:24:00.484044: E tensorflow/compiler/xla/stream_executor/cuda/cuda_fft.cc:609] Unable to register cuFFT factory: Attempting to register factory for plugin cuFFT when one has already been registered
2025-03-15 02:24:00.484071: E tensorflow/compiler/xla/stream_executor/cuda/cuda_blas.cc:1518] Unable to register cuBLAS factory: Attempting to register factory for plugin cuBLAS when one has already been registered
2025-03-15 02:24:00.486120: I tensorflow/tsl/cuda/cudart_stub.cc:28] Could not find cuda drivers on your machine, GPU will not be used.
2025-03-15 02:24:00.486198: I tensorflow/tsl/cuda/cudart_stub.cc:28] Could not find cuda drivers on your machine, GPU will not be used.
2025-03-15 02:24:00.486685: E tensorflow/compiler/xla/stream_executor/cuda/cuda_dnn.cc:9342] Unable to register cuDNN factory: Attempting to register factory for plugin cuDNN when one has already been registered
2025-03-15 02:24:00.486709: E tensorflow/compiler/xla/stream_executor/cuda/cuda_fft.cc:609] Unable to register cuFFT factory: Attempting to register factory for plugin cuFFT when one has already been registered
2025-03-15 02:24:00.486735: E tensorflow/compiler/xla/stream_executor/cuda/cuda_blas.cc:1518] Unable to register cuBLAS factory: Attempting to register factory for plugin cuBLAS when one has already been registered
2025-03-15 02:24:00.490224: I tensorflow/tsl/cuda/cudart_stub.cc:28] Could not find cuda drivers on your machine, GPU will not be used.
2025-03-15 02:24:00.490271: E tensorflow/compiler/xla/stream_executor/cuda/cuda_dnn.cc:9342] Unable to register cuDNN factory: Attempting to register factory for plugin cuDNN when one has already been registered
2025-03-15 02:24:00.490297: E tensorflow/compiler/xla/stream_executor/cuda/cuda_fft.cc:609] Unable to register cuFFT factory: Attempting to register factory for plugin cuFFT when one has already been registered
2025-03-15 02:24:00.490325: E tensorflow/compiler/xla/stream_executor/cuda/cuda_blas.cc:1518] Unable to register cuBLAS factory: Attempting to register factory for plugin cuBLAS when one has already been registered
DeePMD-kit: Cannot find libcudart.so.11.0
implib-gen: libcudart.so.11.0: failed to load library 'libcudart.so.11.0' via callback 'DP_cudart_dlopen'
implib-gen: libcudart.so.11.0: failed to resolve symbol '__cudaRegisterFatBinary', library failed to load
implib-gen: libcudart.so.11.0: failed to load library 'libcudart.so.11.0' via callback 'DP_cudart_dlopen'
implib-gen: libcudart.so.11.0: failed to resolve symbol '__cudaRegisterFunction', library failed to load
implib-gen: libcudart.so.11.0: failed to load library 'libcudart.so.11.0' via callback 'DP_cudart_dlopen'
implib-gen: libcudart.so.11.0: failed to resolve symbol '__cudaRegisterFatBinaryEnd', library failed to load
DeePMD-kit: Cannot find libcudart.so.11.0
implib-gen: libcudart.so.11.0: failed to load library 'libcudart.so.11.0' via callback 'DP_cudart_dlopen'
implib-gen: libcudart.so.11.0: failed to resolve symbol '__cudaRegisterFatBinary', library failed to load
implib-gen: libcudart.so.11.0: failed to load library 'libcudart.so.11.0' via callback 'DP_cudart_dlopen'
implib-gen: libcudart.so.11.0: failed to resolve symbol '__cudaRegisterFunction', library failed to load
implib-gen: libcudart.so.11.0: failed to load library 'libcudart.so.11.0' via callback 'DP_cudart_dlopen'
implib-gen: libcudart.so.11.0: failed to resolve symbol '__cudaRegisterFatBinaryEnd', library failed to load
DeePMD-kit: Cannot find libcudart.so.11.0
implib-gen: libcudart.so.11.0: failed to load library 'libcudart.so.11.0' via callback 'DP_cudart_dlopen'
implib-gen: libcudart.so.11.0: failed to resolve symbol '__cudaRegisterFatBinary', library failed to load
implib-gen: libcudart.so.11.0: failed to load library 'libcudart.so.11.0' via callback 'DP_cudart_dlopen'
implib-gen: libcudart.so.11.0: failed to resolve symbol '__cudaRegisterFunction', library failed to load
DeePMD-kit: Cannot find libcudart.so.11.0
implib-gen: libcudart.so.11.0: failed to load library 'libcudart.so.11.0' via callback 'DP_cudart_dlopen'
implib-gen: libcudart.so.11.0: failed to resolve symbol '__cudaRegisterFatBinary', library failed to load
implib-gen: libcudart.so.11.0: failed to load library 'libcudart.so.11.0' via callback 'DP_cudart_dlopen'
implib-gen: libcudart.so.11.0: failed to resolve symbol '__cudaRegisterFunction', library failed to load
implib-gen: libcudart.so.11.0: failed to load library 'libcudart.so.11.0' via callback 'DP_cudart_dlopen'
implib-gen: libcudart.so.11.0: failed to resolve symbol '__cudaRegisterFatBinaryEnd', library failed to load
implib-gen: libcudart.so.11.0: failed to load library 'libcudart.so.11.0' via callback 'DP_cudart_dlopen'
implib-gen: libcudart.so.11.0: failed to resolve symbol '__cudaRegisterFatBinaryEnd', library failed to load
DeePMD-kit: Cannot find libcudart.so.11.0
implib-gen: libcudart.so.11.0: failed to load library 'libcudart.so.11.0' via callback 'DP_cudart_dlopen'
implib-gen: libcudart.so.11.0: failed to resolve symbol '__cudaRegisterFatBinary', library failed to load
implib-gen: libcudart.so.11.0: failed to load library 'libcudart.so.11.0' via callback 'DP_cudart_dlopen'
implib-gen: libcudart.so.11.0: failed to resolve symbol '__cudaRegisterFunction', library failed to load
implib-gen: libcudart.so.11.0: failed to load library 'libcudart.so.11.0' via callback 'DP_cudart_dlopen'
implib-gen: libcudart.so.11.0: failed to resolve symbol '__cudaRegisterFatBinaryEnd', library failed to load
DeePMD-kit: Cannot find libcudart.so.11.0
implib-gen: libcudart.so.11.0: failed to load library 'libcudart.so.11.0' via callback 'DP_cudart_dlopen'
implib-gen: libcudart.so.11.0: failed to resolve symbol '__cudaRegisterFatBinary', library failed to load
implib-gen: libcudart.so.11.0: failed to load library 'libcudart.so.11.0' via callback 'DP_cudart_dlopen'
implib-gen: libcudart.so.11.0: failed to resolve symbol '__cudaRegisterFunction', library failed to load
implib-gen: libcudart.so.11.0: failed to load library 'libcudart.so.11.0' via callback 'DP_cudart_dlopen'
implib-gen: libcudart.so.11.0: failed to resolve symbol '__cudaRegisterFatBinaryEnd', library failed to load
DeePMD-kit: Cannot find libcudart.so.11.0
implib-gen: libcudart.so.11.0: failed to load library 'libcudart.so.11.0' via callback 'DP_cudart_dlopen'
implib-gen: libcudart.so.11.0: failed to resolve symbol '__cudaRegisterFatBinary', library failed to load
implib-gen: libcudart.so.11.0: failed to load library 'libcudart.so.11.0' via callback 'DP_cudart_dlopen'
implib-gen: libcudart.so.11.0: failed to resolve symbol '__cudaRegisterFunction', library failed to load
implib-gen: libcudart.so.11.0: failed to load library 'libcudart.so.11.0' via callback 'DP_cudart_dlopen'
implib-gen: libcudart.so.11.0: failed to resolve symbol '__cudaRegisterFatBinaryEnd', library failed to load
2025-03-15 02:24:00.492783: I tensorflow/tsl/cuda/cudart_stub.cc:28] Could not find cuda drivers on your machine, GPU will not be used.
2025-03-15 02:24:00.492785: I tensorflow/tsl/cuda/cudart_stub.cc:28] Could not find cuda drivers on your machine, GPU will not be used.
2025-03-15 02:24:00.494554: I tensorflow/tsl/cuda/cudart_stub.cc:28] Could not find cuda drivers on your machine, GPU will not be used.
DeePMD-kit: Cannot find libcudart.so.11.0
implib-gen: libcudart.so.11.0: failed to load library 'libcudart.so.11.0' via callback 'DP_cudart_dlopen'
implib-gen: libcudart.so.11.0: failed to resolve symbol '__cudaRegisterFatBinary', library failed to load
implib-gen: libcudart.so.11.0: failed to load library 'libcudart.so.11.0' via callback 'DP_cudart_dlopen'
implib-gen: libcudart.so.11.0: failed to resolve symbol '__cudaRegisterFunction', library failed to load
implib-gen: libcudart.so.11.0: failed to load library 'libcudart.so.11.0' via callback 'DP_cudart_dlopen'
implib-gen: libcudart.so.11.0: failed to resolve symbol '__cudaRegisterFatBinaryEnd', library failed to load
2025-03-15 02:24:00.495521: I tensorflow/tsl/cuda/cudart_stub.cc:28] Could not find cuda drivers on your machine, GPU will not be used.
2025-03-15 02:24:00.497425: E tensorflow/compiler/xla/stream_executor/cuda/cuda_dnn.cc:9342] Unable to register cuDNN factory: Attempting to register factory for plugin cuDNN when one has already been registered
2025-03-15 02:24:00.497453: E tensorflow/compiler/xla/stream_executor/cuda/cuda_fft.cc:609] Unable to register cuFFT factory: Attempting to register factory for plugin cuFFT when one has already been registered
2025-03-15 02:24:00.497478: E tensorflow/compiler/xla/stream_executor/cuda/cuda_blas.cc:1518] Unable to register cuBLAS factory: Attempting to register factory for plugin cuBLAS when one has already been registered
2025-03-15 02:24:00.497425: E tensorflow/compiler/xla/stream_executor/cuda/cuda_dnn.cc:9342] Unable to register cuDNN factory: Attempting to register factory for plugin cuDNN when one has already been registered
2025-03-15 02:24:00.497450: E tensorflow/compiler/xla/stream_executor/cuda/cuda_fft.cc:609] Unable to register cuFFT factory: Attempting to register factory for plugin cuFFT when one has already been registered
2025-03-15 02:24:00.497476: E tensorflow/compiler/xla/stream_executor/cuda/cuda_blas.cc:1518] Unable to register cuBLAS factory: Attempting to register factory for plugin cuBLAS when one has already been registered
DeePMD-kit: Cannot find libcudart.so.11.0
implib-gen: libcudart.so.11.0: failed to load library 'libcudart.so.11.0' via callback 'DP_cudart_dlopen'
implib-gen: libcudart.so.11.0: failed to resolve symbol '__cudaRegisterFatBinary', library failed to load
implib-gen: libcudart.so.11.0: failed to load library 'libcudart.so.11.0' via callback 'DP_cudart_dlopen'
implib-gen: libcudart.so.11.0: failed to resolve symbol '__cudaRegisterFunction', library failed to load
implib-gen: libcudart.so.11.0: failed to load library 'libcudart.so.11.0' via callback 'DP_cudart_dlopen'
implib-gen: libcudart.so.11.0: failed to resolve symbol '__cudaRegisterFatBinaryEnd', library failed to load
2025-03-15 02:24:00.500917: I tensorflow/tsl/cuda/cudart_stub.cc:28] Could not find cuda drivers on your machine, GPU will not be used.
2025-03-15 02:24:00.500917: I tensorflow/tsl/cuda/cudart_stub.cc:28] Could not find cuda drivers on your machine, GPU will not be used.
2025-03-15 02:24:00.503226: E tensorflow/compiler/xla/stream_executor/cuda/cuda_dnn.cc:9342] Unable to register cuDNN factory: Attempting to register factory for plugin cuDNN when one has already been registered
2025-03-15 02:24:00.503251: E tensorflow/compiler/xla/stream_executor/cuda/cuda_fft.cc:609] Unable to register cuFFT factory: Attempting to register factory for plugin cuFFT when one has already been registered
2025-03-15 02:24:00.503278: E tensorflow/compiler/xla/stream_executor/cuda/cuda_blas.cc:1518] Unable to register cuBLAS factory: Attempting to register factory for plugin cuBLAS when one has already been registered
2025-03-15 02:24:00.504490: I tensorflow/tsl/cuda/cudart_stub.cc:28] Could not find cuda drivers on your machine, GPU will not be used.
2025-03-15 02:24:00.506104: E tensorflow/compiler/xla/stream_executor/cuda/cuda_dnn.cc:9342] Unable to register cuDNN factory: Attempting to register factory for plugin cuDNN when one has already been registered
2025-03-15 02:24:00.506128: E tensorflow/compiler/xla/stream_executor/cuda/cuda_fft.cc:609] Unable to register cuFFT factory: Attempting to register factory for plugin cuFFT when one has already been registered
2025-03-15 02:24:00.506155: E tensorflow/compiler/xla/stream_executor/cuda/cuda_blas.cc:1518] Unable to register cuBLAS factory: Attempting to register factory for plugin cuBLAS when one has already been registered
DeePMD-kit: Cannot find libcudart.so.11.0
implib-gen: libcudart.so.11.0: failed to load library 'libcudart.so.11.0' via callback 'DP_cudart_dlopen'
implib-gen: libcudart.so.11.0: failed to resolve symbol '__cudaRegisterFatBinary', library failed to load
implib-gen: libcudart.so.11.0: failed to load library 'libcudart.so.11.0' via callback 'DP_cudart_dlopen'
implib-gen: libcudart.so.11.0: failed to resolve symbol '__cudaRegisterFunction', library failed to load
implib-gen: libcudart.so.11.0: failed to load library 'libcudart.so.11.0' via callback 'DP_cudart_dlopen'
implib-gen: libcudart.so.11.0: failed to resolve symbol '__cudaRegisterFatBinaryEnd', library failed to load
DeePMD-kit: Cannot find libcudart.so.11.0
implib-gen: libcudart.so.11.0: failed to load library 'libcudart.so.11.0' via callback 'DP_cudart_dlopen'
implib-gen: libcudart.so.11.0: failed to resolve symbol '__cudaRegisterFatBinary', library failed to load
implib-gen: libcudart.so.11.0: failed to load library 'libcudart.so.11.0' via callback 'DP_cudart_dlopen'
implib-gen: libcudart.so.11.0: failed to resolve symbol '__cudaRegisterFunction', library failed to load
implib-gen: libcudart.so.11.0: failed to load library 'libcudart.so.11.0' via callback 'DP_cudart_dlopen'
implib-gen: libcudart.so.11.0: failed to resolve symbol '__cudaRegisterFatBinaryEnd', library failed to load
2025-03-15 02:24:00.507154: E tensorflow/compiler/xla/stream_executor/cuda/cuda_dnn.cc:9342] Unable to register cuDNN factory: Attempting to register factory for plugin cuDNN when one has already been registered
2025-03-15 02:24:00.507179: E tensorflow/compiler/xla/stream_executor/cuda/cuda_fft.cc:609] Unable to register cuFFT factory: Attempting to register factory for plugin cuFFT when one has already been registered
2025-03-15 02:24:00.507210: E tensorflow/compiler/xla/stream_executor/cuda/cuda_blas.cc:1518] Unable to register cuBLAS factory: Attempting to register factory for plugin cuBLAS when one has already been registered
2025-03-15 02:24:00.507701: E tensorflow/compiler/xla/stream_executor/cuda/cuda_dnn.cc:9342] Unable to register cuDNN factory: Attempting to register factory for plugin cuDNN when one has already been registered
2025-03-15 02:24:00.507733: E tensorflow/compiler/xla/stream_executor/cuda/cuda_fft.cc:609] Unable to register cuFFT factory: Attempting to register factory for plugin cuFFT when one has already been registered
2025-03-15 02:24:00.507757: E tensorflow/compiler/xla/stream_executor/cuda/cuda_blas.cc:1518] Unable to register cuBLAS factory: Attempting to register factory for plugin cuBLAS when one has already been registered
2025-03-15 02:24:00.510565: E tensorflow/compiler/xla/stream_executor/cuda/cuda_dnn.cc:9342] Unable to register cuDNN factory: Attempting to register factory for plugin cuDNN when one has already been registered
2025-03-15 02:24:00.510586: E tensorflow/compiler/xla/stream_executor/cuda/cuda_fft.cc:609] Unable to register cuFFT factory: Attempting to register factory for plugin cuFFT when one has already been registered
2025-03-15 02:24:00.510569: E tensorflow/compiler/xla/stream_executor/cuda/cuda_dnn.cc:9342] Unable to register cuDNN factory: Attempting to register factory for plugin cuDNN when one has already been registered
2025-03-15 02:24:00.510586: E tensorflow/compiler/xla/stream_executor/cuda/cuda_fft.cc:609] Unable to register cuFFT factory: Attempting to register factory for plugin cuFFT when one has already been registered
2025-03-15 02:24:00.510613: E tensorflow/compiler/xla/stream_executor/cuda/cuda_blas.cc:1518] Unable to register cuBLAS factory: Attempting to register factory for plugin cuBLAS when one has already been registered
2025-03-15 02:24:00.510614: E tensorflow/compiler/xla/stream_executor/cuda/cuda_blas.cc:1518] Unable to register cuBLAS factory: Attempting to register factory for plugin cuBLAS when one has already been registered
2025-03-15 02:24:00.510771: E tensorflow/compiler/xla/stream_executor/cuda/cuda_dnn.cc:9342] Unable to register cuDNN factory: Attempting to register factory for plugin cuDNN when one has already been registered
2025-03-15 02:24:00.510803: E tensorflow/compiler/xla/stream_executor/cuda/cuda_fft.cc:609] Unable to register cuFFT factory: Attempting to register factory for plugin cuFFT when one has already been registered
2025-03-15 02:24:00.510824: E tensorflow/compiler/xla/stream_executor/cuda/cuda_blas.cc:1518] Unable to register cuBLAS factory: Attempting to register factory for plugin cuBLAS when one has already been registered
2025-03-15 02:24:00.510776: E tensorflow/compiler/xla/stream_executor/cuda/cuda_dnn.cc:9342] Unable to register cuDNN factory: Attempting to register factory for plugin cuDNN when one has already been registered
2025-03-15 02:24:00.510803: E tensorflow/compiler/xla/stream_executor/cuda/cuda_fft.cc:609] Unable to register cuFFT factory: Attempting to register factory for plugin cuFFT when one has already been registered
2025-03-15 02:24:00.510823: E tensorflow/compiler/xla/stream_executor/cuda/cuda_blas.cc:1518] Unable to register cuBLAS factory: Attempting to register factory for plugin cuBLAS when one has already been registered
DeePMD-kit: Cannot find libcudart.so.11.0
implib-gen: libcudart.so.11.0: failed to load library 'libcudart.so.11.0' via callback 'DP_cudart_dlopen'
implib-gen: libcudart.so.11.0: failed to resolve symbol '__cudaRegisterFatBinary', library failed to load
implib-gen: libcudart.so.11.0: failed to load library 'libcudart.so.11.0' via callback 'DP_cudart_dlopen'
implib-gen: libcudart.so.11.0: failed to resolve symbol '__cudaRegisterFunction', library failed to load
implib-gen: libcudart.so.11.0: failed to load library 'libcudart.so.11.0' via callback 'DP_cudart_dlopen'
implib-gen: libcudart.so.11.0: failed to resolve symbol '__cudaRegisterFatBinaryEnd', library failed to load
2025-03-15 02:24:00.513652: E tensorflow/compiler/xla/stream_executor/cuda/cuda_dnn.cc:9342] Unable to register cuDNN factory: Attempting to register factory for plugin cuDNN when one has already been registered
2025-03-15 02:24:00.513674: E tensorflow/compiler/xla/stream_executor/cuda/cuda_fft.cc:609] Unable to register cuFFT factory: Attempting to register factory for plugin cuFFT when one has already been registered
2025-03-15 02:24:00.513700: E tensorflow/compiler/xla/stream_executor/cuda/cuda_blas.cc:1518] Unable to register cuBLAS factory: Attempting to register factory for plugin cuBLAS when one has already been registered
2025-03-15 02:24:00.513684: E tensorflow/compiler/xla/stream_executor/cuda/cuda_dnn.cc:9342] Unable to register cuDNN factory: Attempting to register factory for plugin cuDNN when one has already been registered
2025-03-15 02:24:00.513706: E tensorflow/compiler/xla/stream_executor/cuda/cuda_fft.cc:609] Unable to register cuFFT factory: Attempting to register factory for plugin cuFFT when one has already been registered
2025-03-15 02:24:00.513731: E tensorflow/compiler/xla/stream_executor/cuda/cuda_blas.cc:1518] Unable to register cuBLAS factory: Attempting to register factory for plugin cuBLAS when one has already been registered
DeePMD-kit: Cannot find libcudart.so.11.0
implib-gen: libcudart.so.11.0: failed to load library 'libcudart.so.11.0' via callback 'DP_cudart_dlopen'
implib-gen: libcudart.so.11.0: failed to resolve symbol '__cudaRegisterFatBinary', library failed to load
implib-gen: libcudart.so.11.0: failed to load library 'libcudart.so.11.0' via callback 'DP_cudart_dlopen'
implib-gen: libcudart.so.11.0: failed to resolve symbol '__cudaRegisterFunction', library failed to load
implib-gen: libcudart.so.11.0: failed to load library 'libcudart.so.11.0' via callback 'DP_cudart_dlopen'
implib-gen: libcudart.so.11.0: failed to resolve symbol '__cudaRegisterFatBinaryEnd', library failed to load
DeePMD-kit: Cannot find libcudart.so.11.0
implib-gen: libcudart.so.11.0: failed to load library 'libcudart.so.11.0' via callback 'DP_cudart_dlopen'
implib-gen: libcudart.so.11.0: failed to resolve symbol '__cudaRegisterFatBinary', library failed to load
implib-gen: libcudart.so.11.0: failed to load library 'libcudart.so.11.0' via callback 'DP_cudart_dlopen'
implib-gen: libcudart.so.11.0: failed to resolve symbol '__cudaRegisterFunction', library failed to load
implib-gen: libcudart.so.11.0: failed to load library 'libcudart.so.11.0' via callback 'DP_cudart_dlopen'
implib-gen: libcudart.so.11.0: failed to resolve symbol '__cudaRegisterFatBinaryEnd', library failed to load
DeePMD-kit: Cannot find libcudart.so.11.0
implib-gen: libcudart.so.11.0: failed to load library 'libcudart.so.11.0' via callback 'DP_cudart_dlopen'
implib-gen: libcudart.so.11.0: failed to resolve symbol '__cudaRegisterFatBinary', library failed to load
implib-gen: libcudart.so.11.0: failed to load library 'libcudart.so.11.0' via callback 'DP_cudart_dlopen'
implib-gen: libcudart.so.11.0: failed to resolve symbol '__cudaRegisterFunction', library failed to load
implib-gen: libcudart.so.11.0: failed to load library 'libcudart.so.11.0' via callback 'DP_cudart_dlopen'
implib-gen: libcudart.so.11.0: failed to resolve symbol '__cudaRegisterFatBinaryEnd', library failed to load
2025-03-15 02:24:00.517963: I tensorflow/tsl/cuda/cudart_stub.cc:28] Could not find cuda drivers on your machine, GPU will not be used.
2025-03-15 02:24:00.518000: I tensorflow/tsl/cuda/cudart_stub.cc:28] Could not find cuda drivers on your machine, GPU will not be used.
2025-03-15 02:24:00.517987: I tensorflow/tsl/cuda/cudart_stub.cc:28] Could not find cuda drivers on your machine, GPU will not be used.
2025-03-15 02:24:00.518320: E tensorflow/compiler/xla/stream_executor/cuda/cuda_dnn.cc:9342] Unable to register cuDNN factory: Attempting to register factory for plugin cuDNN when one has already been registered
2025-03-15 02:24:00.518339: E tensorflow/compiler/xla/stream_executor/cuda/cuda_fft.cc:609] Unable to register cuFFT factory: Attempting to register factory for plugin cuFFT when one has already been registered
2025-03-15 02:24:00.518369: E tensorflow/compiler/xla/stream_executor/cuda/cuda_blas.cc:1518] Unable to register cuBLAS factory: Attempting to register factory for plugin cuBLAS when one has already been registered
DeePMD-kit: Cannot find libcudart.so.11.0
implib-gen: libcudart.so.11.0: failed to load library 'libcudart.so.11.0' via callback 'DP_cudart_dlopen'
implib-gen: libcudart.so.11.0: failed to resolve symbol '__cudaRegisterFatBinary', library failed to load
implib-gen: libcudart.so.11.0: failed to load library 'libcudart.so.11.0' via callback 'DP_cudart_dlopen'
implib-gen: libcudart.so.11.0: failed to resolve symbol '__cudaRegisterFunction', library failed to load
DeePMD-kit: Cannot find libcudart.so.11.0
implib-gen: libcudart.so.11.0: failed to load library 'libcudart.so.11.0' via callback 'DP_cudart_dlopen'
implib-gen: libcudart.so.11.0: failed to resolve symbol '__cudaRegisterFatBinary', library failed to load
implib-gen: libcudart.so.11.0: failed to load library 'libcudart.so.11.0' via callback 'DP_cudart_dlopen'
implib-gen: libcudart.so.11.0: failed to resolve symbol '__cudaRegisterFunction', library failed to load
implib-gen: libcudart.so.11.0: failed to load library 'libcudart.so.11.0' via callback 'DP_cudart_dlopen'
implib-gen: libcudart.so.11.0: failed to resolve symbol '__cudaRegisterFatBinaryEnd', library failed to load
implib-gen: libcudart.so.11.0: failed to load library 'libcudart.so.11.0' via callback 'DP_cudart_dlopen'
implib-gen: libcudart.so.11.0: failed to resolve symbol '__cudaRegisterFatBinaryEnd', library failed to load
DeePMD-kit: Cannot find libcudart.so.11.0
implib-gen: libcudart.so.11.0: failed to load library 'libcudart.so.11.0' via callback 'DP_cudart_dlopen'
implib-gen: libcudart.so.11.0: failed to resolve symbol '__cudaRegisterFatBinary', library failed to load
implib-gen: libcudart.so.11.0: failed to load library 'libcudart.so.11.0' via callback 'DP_cudart_dlopen'
DeePMD-kit: Cannot find libcudart.so.11.0
implib-gen: libcudart.so.11.0: failed to load library 'libcudart.so.11.0' via callback 'DP_cudart_dlopen'
implib-gen: libcudart.so.11.0: failed to resolve symbol '__cudaRegisterFatBinary', library failed to load
implib-gen: libcudart.so.11.0: failed to load library 'libcudart.so.11.0' via callback 'DP_cudart_dlopen'
implib-gen: libcudart.so.11.0: failed to resolve symbol '__cudaRegisterFunction', library failed to load
implib-gen: libcudart.so.11.0: failed to load library 'libcudart.so.11.0' via callback 'DP_cudart_dlopen'
implib-gen: libcudart.so.11.0: failed to resolve symbol '__cudaRegisterFatBinaryEnd', library failed to load
implib-gen: libcudart.so.11.0: failed to resolve symbol '__cudaRegisterFunction', library failed to load
implib-gen: libcudart.so.11.0: failed to load library 'libcudart.so.11.0' via callback 'DP_cudart_dlopen'
implib-gen: libcudart.so.11.0: failed to resolve symbol '__cudaRegisterFatBinaryEnd', library failed to load
2025-03-15 02:24:00.520600: E tensorflow/compiler/xla/stream_executor/cuda/cuda_dnn.cc:9342] Unable to register cuDNN factory: Attempting to register factory for plugin cuDNN when one has already been registered
2025-03-15 02:24:00.520627: E tensorflow/compiler/xla/stream_executor/cuda/cuda_fft.cc:609] Unable to register cuFFT factory: Attempting to register factory for plugin cuFFT when one has already been registered
2025-03-15 02:24:00.520652: E tensorflow/compiler/xla/stream_executor/cuda/cuda_blas.cc:1518] Unable to register cuBLAS factory: Attempting to register factory for plugin cuBLAS when one has already been registered
2025-03-15 02:24:00.520600: E tensorflow/compiler/xla/stream_executor/cuda/cuda_dnn.cc:9342] Unable to register cuDNN factory: Attempting to register factory for plugin cuDNN when one has already been registered
2025-03-15 02:24:00.520631: E tensorflow/compiler/xla/stream_executor/cuda/cuda_fft.cc:609] Unable to register cuFFT factory: Attempting to register factory for plugin cuFFT when one has already been registered
2025-03-15 02:24:00.520649: E tensorflow/compiler/xla/stream_executor/cuda/cuda_blas.cc:1518] Unable to register cuBLAS factory: Attempting to register factory for plugin cuBLAS when one has already been registered
2025-03-15 02:24:00.521775: I tensorflow/tsl/cuda/cudart_stub.cc:28] Could not find cuda drivers on your machine, GPU will not be used.
2025-03-15 02:24:00.522058: I tensorflow/tsl/cuda/cudart_stub.cc:28] Could not find cuda drivers on your machine, GPU will not be used.
2025-03-15 02:24:00.522196: E tensorflow/compiler/xla/stream_executor/cuda/cuda_dnn.cc:9342] Unable to register cuDNN factory: Attempting to register factory for plugin cuDNN when one has already been registered
2025-03-15 02:24:00.522222: E tensorflow/compiler/xla/stream_executor/cuda/cuda_fft.cc:609] Unable to register cuFFT factory: Attempting to register factory for plugin cuFFT when one has already been registered
2025-03-15 02:24:00.522243: E tensorflow/compiler/xla/stream_executor/cuda/cuda_blas.cc:1518] Unable to register cuBLAS factory: Attempting to register factory for plugin cuBLAS when one has already been registered
DeePMD-kit: Cannot find libcudart.so.11.0
implib-gen: libcudart.so.11.0: failed to load library 'libcudart.so.11.0' via callback 'DP_cudart_dlopen'
implib-gen: libcudart.so.11.0: failed to resolve symbol '__cudaRegisterFatBinary', library failed to load
implib-gen: libcudart.so.11.0: failed to load library 'libcudart.so.11.0' via callback 'DP_cudart_dlopen'
implib-gen: libcudart.so.11.0: failed to resolve symbol '__cudaRegisterFunction', library failed to load
implib-gen: libcudart.so.11.0: failed to load library 'libcudart.so.11.0' via callback 'DP_cudart_dlopen'
implib-gen: libcudart.so.11.0: failed to resolve symbol '__cudaRegisterFatBinaryEnd', library failed to load
DeePMD-kit: Cannot find libcudart.so.11.0
implib-gen: libcudart.so.11.0: failed to load library 'libcudart.so.11.0' via callback 'DP_cudart_dlopen'
implib-gen: libcudart.so.11.0: failed to resolve symbol '__cudaRegisterFatBinary', library failed to load
implib-gen: libcudart.so.11.0: failed to load library 'libcudart.so.11.0' via callback 'DP_cudart_dlopen'
implib-gen: libcudart.so.11.0: failed to resolve symbol '__cudaRegisterFunction', library failed to load
implib-gen: libcudart.so.11.0: failed to load library 'libcudart.so.11.0' via callback 'DP_cudart_dlopen'
implib-gen: libcudart.so.11.0: failed to resolve symbol '__cudaRegisterFatBinaryEnd', library failed to load
2025-03-15 02:24:00.523456: I tensorflow/tsl/cuda/cudart_stub.cc:28] Could not find cuda drivers on your machine, GPU will not be used.
2025-03-15 02:24:00.523502: E tensorflow/compiler/xla/stream_executor/cuda/cuda_dnn.cc:9342] Unable to register cuDNN factory: Attempting to register factory for plugin cuDNN when one has already been registered
2025-03-15 02:24:00.523525: E tensorflow/compiler/xla/stream_executor/cuda/cuda_fft.cc:609] Unable to register cuFFT factory: Attempting to register factory for plugin cuFFT when one has already been registered
2025-03-15 02:24:00.523548: E tensorflow/compiler/xla/stream_executor/cuda/cuda_blas.cc:1518] Unable to register cuBLAS factory: Attempting to register factory for plugin cuBLAS when one has already been registered
2025-03-15 02:24:00.523591: I tensorflow/tsl/cuda/cudart_stub.cc:28] Could not find cuda drivers on your machine, GPU will not be used.
DeePMD-kit: Cannot find libcudart.so.11.0
implib-gen: libcudart.so.11.0: failed to load library 'libcudart.so.11.0' via callback 'DP_cudart_dlopen'
implib-gen: libcudart.so.11.0: failed to resolve symbol '__cudaRegisterFatBinary', library failed to load
implib-gen: libcudart.so.11.0: failed to load library 'libcudart.so.11.0' via callback 'DP_cudart_dlopen'
implib-gen: libcudart.so.11.0: failed to resolve symbol '__cudaRegisterFunction', library failed to load
implib-gen: libcudart.so.11.0: failed to load library 'libcudart.so.11.0' via callback 'DP_cudart_dlopen'
implib-gen: libcudart.so.11.0: failed to resolve symbol '__cudaRegisterFatBinaryEnd', library failed to load
2025-03-15 02:24:00.527065: I tensorflow/tsl/cuda/cudart_stub.cc:28] Could not find cuda drivers on your machine, GPU will not be used.
2025-03-15 02:24:00.528010: E tensorflow/compiler/xla/stream_executor/cuda/cuda_dnn.cc:9342] Unable to register cuDNN factory: Attempting to register factory for plugin cuDNN when one has already been registered
2025-03-15 02:24:00.528041: E tensorflow/compiler/xla/stream_executor/cuda/cuda_fft.cc:609] Unable to register cuFFT factory: Attempting to register factory for plugin cuFFT when one has already been registered
2025-03-15 02:24:00.528008: E tensorflow/compiler/xla/stream_executor/cuda/cuda_dnn.cc:9342] Unable to register cuDNN factory: Attempting to register factory for plugin cuDNN when one has already been registered
2025-03-15 02:24:00.528041: E tensorflow/compiler/xla/stream_executor/cuda/cuda_fft.cc:609] Unable to register cuFFT factory: Attempting to register factory for plugin cuFFT when one has already been registered
2025-03-15 02:24:00.528064: E tensorflow/compiler/xla/stream_executor/cuda/cuda_blas.cc:1518] Unable to register cuBLAS factory: Attempting to register factory for plugin cuBLAS when one has already been registered
2025-03-15 02:24:00.528064: E tensorflow/compiler/xla/stream_executor/cuda/cuda_blas.cc:1518] Unable to register cuBLAS factory: Attempting to register factory for plugin cuBLAS when one has already been registered
DeePMD-kit: Cannot find libcudart.so.11.0
implib-gen: libcudart.so.11.0: failed to load library 'libcudart.so.11.0' via callback 'DP_cudart_dlopen'
implib-gen: libcudart.so.11.0: failed to resolve symbol '__cudaRegisterFatBinary', library failed to load
implib-gen: libcudart.so.11.0: failed to load library 'libcudart.so.11.0' via callback 'DP_cudart_dlopen'
implib-gen: libcudart.so.11.0: failed to resolve symbol '__cudaRegisterFunction', library failed to load
implib-gen: libcudart.so.11.0: failed to load library 'libcudart.so.11.0' via callback 'DP_cudart_dlopen'
DeePMD-kit: Cannot find libcudart.so.11.0
implib-gen: libcudart.so.11.0: failed to load library 'libcudart.so.11.0' via callback 'DP_cudart_dlopen'
implib-gen: libcudart.so.11.0: failed to resolve symbol '__cudaRegisterFatBinary', library failed to load
implib-gen: libcudart.so.11.0: failed to load library 'libcudart.so.11.0' via callback 'DP_cudart_dlopen'
implib-gen: libcudart.so.11.0: failed to resolve symbol '__cudaRegisterFunction', library failed to load
implib-gen: libcudart.so.11.0: failed to load library 'libcudart.so.11.0' via callback 'DP_cudart_dlopen'
implib-gen: libcudart.so.11.0: failed to resolve symbol '__cudaRegisterFatBinaryEnd', library failed to load
implib-gen: libcudart.so.11.0: failed to resolve symbol '__cudaRegisterFatBinaryEnd', library failed to load
DeePMD-kit: Cannot find libcudart.so.11.0
implib-gen: libcudart.so.11.0: failed to load library 'libcudart.so.11.0' via callback 'DP_cudart_dlopen'
implib-gen: libcudart.so.11.0: failed to resolve symbol '__cudaRegisterFatBinary', library failed to load
implib-gen: libcudart.so.11.0: failed to load library 'libcudart.so.11.0' via callback 'DP_cudart_dlopen'
implib-gen: libcudart.so.11.0: failed to resolve symbol '__cudaRegisterFunction', library failed to load
implib-gen: libcudart.so.11.0: failed to load library 'libcudart.so.11.0' via callback 'DP_cudart_dlopen'
implib-gen: libcudart.so.11.0: failed to resolve symbol '__cudaRegisterFatBinaryEnd', library failed to load
2025-03-15 02:24:00.532318: I tensorflow/tsl/cuda/cudart_stub.cc:28] Could not find cuda drivers on your machine, GPU will not be used.
2025-03-15 02:24:00.532611: I tensorflow/tsl/cuda/cudart_stub.cc:28] Could not find cuda drivers on your machine, GPU will not be used.
2025-03-15 02:24:00.532614: I tensorflow/tsl/cuda/cudart_stub.cc:28] Could not find cuda drivers on your machine, GPU will not be used.
DeePMD-kit: Cannot find libcudart.so.11.0
implib-gen: libcudart.so.11.0: failed to load library 'libcudart.so.11.0' via callback 'DP_cudart_dlopen'
implib-gen: libcudart.so.11.0: failed to resolve symbol '__cudaRegisterFatBinary', library failed to load
implib-gen: libcudart.so.11.0: failed to load library 'libcudart.so.11.0' via callback 'DP_cudart_dlopen'
implib-gen: libcudart.so.11.0: failed to resolve symbol '__cudaRegisterFunction', library failed to load
implib-gen: libcudart.so.11.0: failed to load library 'libcudart.so.11.0' via callback 'DP_cudart_dlopen'
implib-gen: libcudart.so.11.0: failed to resolve symbol '__cudaRegisterFatBinaryEnd', library failed to load
2025-03-15 02:24:00.533539: E tensorflow/compiler/xla/stream_executor/cuda/cuda_dnn.cc:9342] Unable to register cuDNN factory: Attempting to register factory for plugin cuDNN when one has already been registered
2025-03-15 02:24:00.533562: E tensorflow/compiler/xla/stream_executor/cuda/cuda_fft.cc:609] Unable to register cuFFT factory: Attempting to register factory for plugin cuFFT when one has already been registered
2025-03-15 02:24:00.533593: E tensorflow/compiler/xla/stream_executor/cuda/cuda_blas.cc:1518] Unable to register cuBLAS factory: Attempting to register factory for plugin cuBLAS when one has already been registered
2025-03-15 02:24:00.536711: I tensorflow/tsl/cuda/cudart_stub.cc:28] Could not find cuda drivers on your machine, GPU will not be used.
DeePMD-kit: Cannot find libcudart.so.11.0
implib-gen: libcudart.so.11.0: failed to load library 'libcudart.so.11.0' via callback 'DP_cudart_dlopen'
implib-gen: libcudart.so.11.0: failed to resolve symbol '__cudaRegisterFatBinary', library failed to load
implib-gen: libcudart.so.11.0: failed to load library 'libcudart.so.11.0' via callback 'DP_cudart_dlopen'
implib-gen: libcudart.so.11.0: failed to resolve symbol '__cudaRegisterFunction', library failed to load
implib-gen: libcudart.so.11.0: failed to load library 'libcudart.so.11.0' via callback 'DP_cudart_dlopen'
implib-gen: libcudart.so.11.0: failed to resolve symbol '__cudaRegisterFatBinaryEnd', library failed to load
2025-03-15 02:24:00.537435: I tensorflow/tsl/cuda/cudart_stub.cc:28] Could not find cuda drivers on your machine, GPU will not be used.
DeePMD-kit: Cannot find libcudart.so.11.0
implib-gen: libcudart.so.11.0: failed to load library 'libcudart.so.11.0' via callback 'DP_cudart_dlopen'
implib-gen: libcudart.so.11.0: failed to resolve symbol '__cudaRegisterFatBinary', library failed to load
implib-gen: libcudart.so.11.0: failed to load library 'libcudart.so.11.0' via callback 'DP_cudart_dlopen'
implib-gen: libcudart.so.11.0: failed to resolve symbol '__cudaRegisterFunction', library failed to load
implib-gen: libcudart.so.11.0: failed to load library 'libcudart.so.11.0' via callback 'DP_cudart_dlopen'
implib-gen: libcudart.so.11.0: failed to resolve symbol '__cudaRegisterFatBinaryEnd', library failed to load
2025-03-15 02:24:00.537986: I tensorflow/tsl/cuda/cudart_stub.cc:28] Could not find cuda drivers on your machine, GPU will not be used.
2025-03-15 02:24:00.537980: I tensorflow/tsl/cuda/cudart_stub.cc:28] Could not find cuda drivers on your machine, GPU will not be used.
2025-03-15 02:24:00.538155: I tensorflow/tsl/cuda/cudart_stub.cc:28] Could not find cuda drivers on your machine, GPU will not be used.
2025-03-15 02:24:00.538155: I tensorflow/tsl/cuda/cudart_stub.cc:28] Could not find cuda drivers on your machine, GPU will not be used.
2025-03-15 02:24:00.540200: I tensorflow/tsl/cuda/cudart_stub.cc:28] Could not find cuda drivers on your machine, GPU will not be used.
2025-03-15 02:24:00.542658: I tensorflow/tsl/cuda/cudart_stub.cc:28] Could not find cuda drivers on your machine, GPU will not be used.
2025-03-15 02:24:00.542663: I tensorflow/tsl/cuda/cudart_stub.cc:28] Could not find cuda drivers on your machine, GPU will not be used.
DeePMD-kit: Cannot find libcudart.so.11.0
implib-gen: libcudart.so.11.0: failed to load library 'libcudart.so.11.0' via callback 'DP_cudart_dlopen'
implib-gen: libcudart.so.11.0: failed to resolve symbol '__cudaRegisterFatBinary', library failed to load
implib-gen: libcudart.so.11.0: failed to load library 'libcudart.so.11.0' via callback 'DP_cudart_dlopen'
implib-gen: libcudart.so.11.0: failed to resolve symbol '__cudaRegisterFunction', library failed to load
implib-gen: libcudart.so.11.0: failed to load library 'libcudart.so.11.0' via callback 'DP_cudart_dlopen'
implib-gen: libcudart.so.11.0: failed to resolve symbol '__cudaRegisterFatBinaryEnd', library failed to load
2025-03-15 02:24:00.544675: I tensorflow/tsl/cuda/cudart_stub.cc:28] Could not find cuda drivers on your machine, GPU will not be used.
2025-03-15 02:24:00.545956: E tensorflow/compiler/xla/stream_executor/cuda/cuda_dnn.cc:9342] Unable to register cuDNN factory: Attempting to register factory for plugin cuDNN when one has already been registered
2025-03-15 02:24:00.545974: E tensorflow/compiler/xla/stream_executor/cuda/cuda_fft.cc:609] Unable to register cuFFT factory: Attempting to register factory for plugin cuFFT when one has already been registered
2025-03-15 02:24:00.545998: E tensorflow/compiler/xla/stream_executor/cuda/cuda_blas.cc:1518] Unable to register cuBLAS factory: Attempting to register factory for plugin cuBLAS when one has already been registered
2025-03-15 02:24:00.546489: E tensorflow/compiler/xla/stream_executor/cuda/cuda_dnn.cc:9342] Unable to register cuDNN factory: Attempting to register factory for plugin cuDNN when one has already been registered
2025-03-15 02:24:00.546512: E tensorflow/compiler/xla/stream_executor/cuda/cuda_fft.cc:609] Unable to register cuFFT factory: Attempting to register factory for plugin cuFFT when one has already been registered
2025-03-15 02:24:00.546430: I tensorflow/tsl/cuda/cudart_stub.cc:28] Could not find cuda drivers on your machine, GPU will not be used.
2025-03-15 02:24:00.546538: E tensorflow/compiler/xla/stream_executor/cuda/cuda_blas.cc:1518] Unable to register cuBLAS factory: Attempting to register factory for plugin cuBLAS when one has already been registered
2025-03-15 02:24:00.546430: I tensorflow/tsl/cuda/cudart_stub.cc:28] Could not find cuda drivers on your machine, GPU will not be used.
2025-03-15 02:24:00.546874: E tensorflow/compiler/xla/stream_executor/cuda/cuda_dnn.cc:9342] Unable to register cuDNN factory: Attempting to register factory for plugin cuDNN when one has already been registered
2025-03-15 02:24:00.546893: E tensorflow/compiler/xla/stream_executor/cuda/cuda_fft.cc:609] Unable to register cuFFT factory: Attempting to register factory for plugin cuFFT when one has already been registered
2025-03-15 02:24:00.546917: E tensorflow/compiler/xla/stream_executor/cuda/cuda_blas.cc:1518] Unable to register cuBLAS factory: Attempting to register factory for plugin cuBLAS when one has already been registered
2025-03-15 02:24:00.548483: I tensorflow/tsl/cuda/cudart_stub.cc:28] Could not find cuda drivers on your machine, GPU will not be used.
2025-03-15 02:24:00.550290: E tensorflow/compiler/xla/stream_executor/cuda/cuda_dnn.cc:9342] Unable to register cuDNN factory: Attempting to register factory for plugin cuDNN when one has already been registered
2025-03-15 02:24:00.550314: E tensorflow/compiler/xla/stream_executor/cuda/cuda_fft.cc:609] Unable to register cuFFT factory: Attempting to register factory for plugin cuFFT when one has already been registered
2025-03-15 02:24:00.550334: E tensorflow/compiler/xla/stream_executor/cuda/cuda_blas.cc:1518] Unable to register cuBLAS factory: Attempting to register factory for plugin cuBLAS when one has already been registered
2025-03-15 02:24:00.550408: E tensorflow/compiler/xla/stream_executor/cuda/cuda_dnn.cc:9342] Unable to register cuDNN factory: Attempting to register factory for plugin cuDNN when one has already been registered
2025-03-15 02:24:00.550427: E tensorflow/compiler/xla/stream_executor/cuda/cuda_fft.cc:609] Unable to register cuFFT factory: Attempting to register factory for plugin cuFFT when one has already been registered
2025-03-15 02:24:00.550452: E tensorflow/compiler/xla/stream_executor/cuda/cuda_blas.cc:1518] Unable to register cuBLAS factory: Attempting to register factory for plugin cuBLAS when one has already been registered
2025-03-15 02:24:00.550799: E tensorflow/compiler/xla/stream_executor/cuda/cuda_dnn.cc:9342] Unable to register cuDNN factory: Attempting to register factory for plugin cuDNN when one has already been registered
2025-03-15 02:24:00.550819: E tensorflow/compiler/xla/stream_executor/cuda/cuda_fft.cc:609] Unable to register cuFFT factory: Attempting to register factory for plugin cuFFT when one has already been registered
2025-03-15 02:24:00.550853: E tensorflow/compiler/xla/stream_executor/cuda/cuda_blas.cc:1518] Unable to register cuBLAS factory: Attempting to register factory for plugin cuBLAS when one has already been registered
2025-03-15 02:24:00.551776: I tensorflow/tsl/cuda/cudart_stub.cc:28] Could not find cuda drivers on your machine, GPU will not be used.
2025-03-15 02:24:00.552316: E tensorflow/compiler/xla/stream_executor/cuda/cuda_dnn.cc:9342] Unable to register cuDNN factory: Attempting to register factory for plugin cuDNN when one has already been registered
2025-03-15 02:24:00.552339: E tensorflow/compiler/xla/stream_executor/cuda/cuda_fft.cc:609] Unable to register cuFFT factory: Attempting to register factory for plugin cuFFT when one has already been registered
2025-03-15 02:24:00.552368: E tensorflow/compiler/xla/stream_executor/cuda/cuda_blas.cc:1518] Unable to register cuBLAS factory: Attempting to register factory for plugin cuBLAS when one has already been registered
2025-03-15 02:24:00.553452: I tensorflow/tsl/cuda/cudart_stub.cc:28] Could not find cuda drivers on your machine, GPU will not be used.
2025-03-15 02:24:00.553804: I tensorflow/tsl/cuda/cudart_stub.cc:28] Could not find cuda drivers on your machine, GPU will not be used.
2025-03-15 02:24:00.555078: E tensorflow/compiler/xla/stream_executor/cuda/cuda_dnn.cc:9342] Unable to register cuDNN factory: Attempting to register factory for plugin cuDNN when one has already been registered
2025-03-15 02:24:00.555101: E tensorflow/compiler/xla/stream_executor/cuda/cuda_fft.cc:609] Unable to register cuFFT factory: Attempting to register factory for plugin cuFFT when one has already been registered
2025-03-15 02:24:00.555121: E tensorflow/compiler/xla/stream_executor/cuda/cuda_blas.cc:1518] Unable to register cuBLAS factory: Attempting to register factory for plugin cuBLAS when one has already been registered
DeePMD-kit: Cannot find libcudart.so.11.0
implib-gen: libcudart.so.11.0: failed to load library 'libcudart.so.11.0' via callback 'DP_cudart_dlopen'
implib-gen: libcudart.so.11.0: failed to resolve symbol '__cudaRegisterFatBinary', library failed to load
implib-gen: libcudart.so.11.0: failed to load library 'libcudart.so.11.0' via callback 'DP_cudart_dlopen'
implib-gen: libcudart.so.11.0: failed to resolve symbol '__cudaRegisterFunction', library failed to load
implib-gen: libcudart.so.11.0: failed to load library 'libcudart.so.11.0' via callback 'DP_cudart_dlopen'
implib-gen: libcudart.so.11.0: failed to resolve symbol '__cudaRegisterFatBinaryEnd', library failed to load
2025-03-15 02:24:00.555554: I tensorflow/tsl/cuda/cudart_stub.cc:28] Could not find cuda drivers on your machine, GPU will not be used.
DeePMD-kit: Cannot find libcudart.so.11.0
DeePMD-kit: Cannot find libcudart.so.11.0
implib-gen: libcudart.so.11.0: failed to load library 'libcudart.so.11.0' via callback 'DP_cudart_dlopen'
implib-gen: libcudart.so.11.0: failed to resolve symbol '__cudaRegisterFatBinary', library failed to load
implib-gen: libcudart.so.11.0: failed to load library 'libcudart.so.11.0' via callback 'DP_cudart_dlopen'
implib-gen: libcudart.so.11.0: failed to resolve symbol '__cudaRegisterFunction', library failed to load
implib-gen: libcudart.so.11.0: failed to load library 'libcudart.so.11.0' via callback 'DP_cudart_dlopen'
implib-gen: libcudart.so.11.0: failed to resolve symbol '__cudaRegisterFatBinaryEnd', library failed to load
implib-gen: libcudart.so.11.0: failed to load library 'libcudart.so.11.0' via callback 'DP_cudart_dlopen'
implib-gen: libcudart.so.11.0: failed to resolve symbol '__cudaRegisterFatBinary', library failed to load
implib-gen: libcudart.so.11.0: failed to load library 'libcudart.so.11.0' via callback 'DP_cudart_dlopen'
implib-gen: libcudart.so.11.0: failed to resolve symbol '__cudaRegisterFunction', library failed to load
implib-gen: libcudart.so.11.0: failed to load library 'libcudart.so.11.0' via callback 'DP_cudart_dlopen'
implib-gen: libcudart.so.11.0: failed to resolve symbol '__cudaRegisterFatBinaryEnd', library failed to load
2025-03-15 02:24:00.558438: I tensorflow/tsl/cuda/cudart_stub.cc:28] Could not find cuda drivers on your machine, GPU will not be used.
DeePMD-kit: Cannot find libcudart.so.11.0
implib-gen: libcudart.so.11.0: failed to load library 'libcudart.so.11.0' via callback 'DP_cudart_dlopen'
implib-gen: libcudart.so.11.0: failed to resolve symbol '__cudaRegisterFatBinary', library failed to load
implib-gen: libcudart.so.11.0: failed to load library 'libcudart.so.11.0' via callback 'DP_cudart_dlopen'
implib-gen: libcudart.so.11.0: failed to resolve symbol '__cudaRegisterFunction', library failed to load
implib-gen: libcudart.so.11.0: failed to load library 'libcudart.so.11.0' via callback 'DP_cudart_dlopen'
implib-gen: libcudart.so.11.0: failed to resolve symbol '__cudaRegisterFatBinaryEnd', library failed to load
DeePMD-kit: Cannot find libcudart.so.11.0
implib-gen: libcudart.so.11.0: failed to load library 'libcudart.so.11.0' via callback 'DP_cudart_dlopen'
implib-gen: libcudart.so.11.0: failed to resolve symbol '__cudaRegisterFatBinary', library failed to load
implib-gen: libcudart.so.11.0: failed to load library 'libcudart.so.11.0' via callback 'DP_cudart_dlopen'
implib-gen: libcudart.so.11.0: failed to resolve symbol '__cudaRegisterFunction', library failed to load
implib-gen: libcudart.so.11.0: failed to load library 'libcudart.so.11.0' via callback 'DP_cudart_dlopen'
implib-gen: libcudart.so.11.0: failed to resolve symbol '__cudaRegisterFatBinaryEnd', library failed to load
DeePMD-kit: Cannot find libcudart.so.11.0
implib-gen: libcudart.so.11.0: failed to load library 'libcudart.so.11.0' via callback 'DP_cudart_dlopen'
implib-gen: libcudart.so.11.0: failed to resolve symbol '__cudaRegisterFatBinary', library failed to load
implib-gen: libcudart.so.11.0: failed to load library 'libcudart.so.11.0' via callback 'DP_cudart_dlopen'
implib-gen: libcudart.so.11.0: failed to resolve symbol '__cudaRegisterFunction', library failed to load
implib-gen: libcudart.so.11.0: failed to load library 'libcudart.so.11.0' via callback 'DP_cudart_dlopen'
implib-gen: libcudart.so.11.0: failed to resolve symbol '__cudaRegisterFatBinaryEnd', library failed to load
2025-03-15 02:24:00.560648: E tensorflow/compiler/xla/stream_executor/cuda/cuda_dnn.cc:9342] Unable to register cuDNN factory: Attempting to register factory for plugin cuDNN when one has already been registered
2025-03-15 02:24:00.560668: E tensorflow/compiler/xla/stream_executor/cuda/cuda_fft.cc:609] Unable to register cuFFT factory: Attempting to register factory for plugin cuFFT when one has already been registered
2025-03-15 02:24:00.560692: E tensorflow/compiler/xla/stream_executor/cuda/cuda_blas.cc:1518] Unable to register cuBLAS factory: Attempting to register factory for plugin cuBLAS when one has already been registered
2025-03-15 02:24:00.561074: E tensorflow/compiler/xla/stream_executor/cuda/cuda_dnn.cc:9342] Unable to register cuDNN factory: Attempting to register factory for plugin cuDNN when one has already been registered
2025-03-15 02:24:00.561101: E tensorflow/compiler/xla/stream_executor/cuda/cuda_fft.cc:609] Unable to register cuFFT factory: Attempting to register factory for plugin cuFFT when one has already been registered
2025-03-15 02:24:00.561128: E tensorflow/compiler/xla/stream_executor/cuda/cuda_blas.cc:1518] Unable to register cuBLAS factory: Attempting to register factory for plugin cuBLAS when one has already been registered
2025-03-15 02:24:00.561481: E tensorflow/compiler/xla/stream_executor/cuda/cuda_dnn.cc:9342] Unable to register cuDNN factory: Attempting to register factory for plugin cuDNN when one has already been registered
2025-03-15 02:24:00.561508: E tensorflow/compiler/xla/stream_executor/cuda/cuda_fft.cc:609] Unable to register cuFFT factory: Attempting to register factory for plugin cuFFT when one has already been registered
2025-03-15 02:24:00.561535: E tensorflow/compiler/xla/stream_executor/cuda/cuda_blas.cc:1518] Unable to register cuBLAS factory: Attempting to register factory for plugin cuBLAS when one has already been registered
2025-03-15 02:24:00.561711: I tensorflow/tsl/cuda/cudart_stub.cc:28] Could not find cuda drivers on your machine, GPU will not be used.
2025-03-15 02:24:00.563091: I tensorflow/tsl/cuda/cudart_stub.cc:28] Could not find cuda drivers on your machine, GPU will not be used.
2025-03-15 02:24:00.563087: I tensorflow/tsl/cuda/cudart_stub.cc:28] Could not find cuda drivers on your machine, GPU will not be used.
2025-03-15 02:24:00.564471: E tensorflow/compiler/xla/stream_executor/cuda/cuda_dnn.cc:9342] Unable to register cuDNN factory: Attempting to register factory for plugin cuDNN when one has already been registered
2025-03-15 02:24:00.564490: E tensorflow/compiler/xla/stream_executor/cuda/cuda_fft.cc:609] Unable to register cuFFT factory: Attempting to register factory for plugin cuFFT when one has already been registered
DeePMD-kit: Cannot find libcudart.so.11.0
implib-gen: libcudart.so.11.0: failed to load library 'libcudart.so.11.0' via callback 'DP_cudart_dlopen'
implib-gen: libcudart.so.11.0: failed to resolve symbol '__cudaRegisterFatBinary', library failed to load
implib-gen: libcudart.so.11.0: failed to load library 'libcudart.so.11.0' via callback 'DP_cudart_dlopen'
implib-gen: libcudart.so.11.0: failed to resolve symbol '__cudaRegisterFunction', library failed to load
implib-gen: libcudart.so.11.0: failed to load library 'libcudart.so.11.0' via callback 'DP_cudart_dlopen'
implib-gen: libcudart.so.11.0: failed to resolve symbol '__cudaRegisterFatBinaryEnd', library failed to load
2025-03-15 02:24:00.564515: E tensorflow/compiler/xla/stream_executor/cuda/cuda_blas.cc:1518] Unable to register cuBLAS factory: Attempting to register factory for plugin cuBLAS when one has already been registered
2025-03-15 02:24:00.565326: E tensorflow/compiler/xla/stream_executor/cuda/cuda_dnn.cc:9342] Unable to register cuDNN factory: Attempting to register factory for plugin cuDNN when one has already been registered
2025-03-15 02:24:00.565354: E tensorflow/compiler/xla/stream_executor/cuda/cuda_fft.cc:609] Unable to register cuFFT factory: Attempting to register factory for plugin cuFFT when one has already been registered
2025-03-15 02:24:00.565378: E tensorflow/compiler/xla/stream_executor/cuda/cuda_blas.cc:1518] Unable to register cuBLAS factory: Attempting to register factory for plugin cuBLAS when one has already been registered
2025-03-15 02:24:00.565431: E tensorflow/compiler/xla/stream_executor/cuda/cuda_dnn.cc:9342] Unable to register cuDNN factory: Attempting to register factory for plugin cuDNN when one has already been registered
2025-03-15 02:24:00.565450: E tensorflow/compiler/xla/stream_executor/cuda/cuda_fft.cc:609] Unable to register cuFFT factory: Attempting to register factory for plugin cuFFT when one has already been registered
2025-03-15 02:24:00.565481: E tensorflow/compiler/xla/stream_executor/cuda/cuda_blas.cc:1518] Unable to register cuBLAS factory: Attempting to register factory for plugin cuBLAS when one has already been registered
2025-03-15 02:24:00.565329: E tensorflow/compiler/xla/stream_executor/cuda/cuda_dnn.cc:9342] Unable to register cuDNN factory: Attempting to register factory for plugin cuDNN when one has already been registered
2025-03-15 02:24:00.565354: E tensorflow/compiler/xla/stream_executor/cuda/cuda_fft.cc:609] Unable to register cuFFT factory: Attempting to register factory for plugin cuFFT when one has already been registered
2025-03-15 02:24:00.565380: E tensorflow/compiler/xla/stream_executor/cuda/cuda_blas.cc:1518] Unable to register cuBLAS factory: Attempting to register factory for plugin cuBLAS when one has already been registered
2025-03-15 02:24:00.565812: E tensorflow/compiler/xla/stream_executor/cuda/cuda_dnn.cc:9342] Unable to register cuDNN factory: Attempting to register factory for plugin cuDNN when one has already been registered
2025-03-15 02:24:00.565839: E tensorflow/compiler/xla/stream_executor/cuda/cuda_fft.cc:609] Unable to register cuFFT factory: Attempting to register factory for plugin cuFFT when one has already been registered
2025-03-15 02:24:00.565866: E tensorflow/compiler/xla/stream_executor/cuda/cuda_blas.cc:1518] Unable to register cuBLAS factory: Attempting to register factory for plugin cuBLAS when one has already been registered
2025-03-15 02:24:00.565812: E tensorflow/compiler/xla/stream_executor/cuda/cuda_dnn.cc:9342] Unable to register cuDNN factory: Attempting to register factory for plugin cuDNN when one has already been registered
2025-03-15 02:24:00.565840: E tensorflow/compiler/xla/stream_executor/cuda/cuda_fft.cc:609] Unable to register cuFFT factory: Attempting to register factory for plugin cuFFT when one has already been registered
2025-03-15 02:24:00.565866: E tensorflow/compiler/xla/stream_executor/cuda/cuda_blas.cc:1518] Unable to register cuBLAS factory: Attempting to register factory for plugin cuBLAS when one has already been registered
2025-03-15 02:24:00.566927: I tensorflow/tsl/cuda/cudart_stub.cc:28] Could not find cuda drivers on your machine, GPU will not be used.
2025-03-15 02:24:00.567614: I tensorflow/tsl/cuda/cudart_stub.cc:28] Could not find cuda drivers on your machine, GPU will not be used.
2025-03-15 02:24:00.568036: I tensorflow/tsl/cuda/cudart_stub.cc:28] Could not find cuda drivers on your machine, GPU will not be used.
2025-03-15 02:24:00.568337: E tensorflow/compiler/xla/stream_executor/cuda/cuda_dnn.cc:9342] Unable to register cuDNN factory: Attempting to register factory for plugin cuDNN when one has already been registered
2025-03-15 02:24:00.568354: E tensorflow/compiler/xla/stream_executor/cuda/cuda_fft.cc:609] Unable to register cuFFT factory: Attempting to register factory for plugin cuFFT when one has already been registered
2025-03-15 02:24:00.568380: E tensorflow/compiler/xla/stream_executor/cuda/cuda_blas.cc:1518] Unable to register cuBLAS factory: Attempting to register factory for plugin cuBLAS when one has already been registered
2025-03-15 02:24:00.569425: E tensorflow/compiler/xla/stream_executor/cuda/cuda_dnn.cc:9342] Unable to register cuDNN factory: Attempting to register factory for plugin cuDNN when one has already been registered
2025-03-15 02:24:00.569449: E tensorflow/compiler/xla/stream_executor/cuda/cuda_fft.cc:609] Unable to register cuFFT factory: Attempting to register factory for plugin cuFFT when one has already been registered
2025-03-15 02:24:00.569475: E tensorflow/compiler/xla/stream_executor/cuda/cuda_blas.cc:1518] Unable to register cuBLAS factory: Attempting to register factory for plugin cuBLAS when one has already been registered
2025-03-15 02:24:00.569425: E tensorflow/compiler/xla/stream_executor/cuda/cuda_dnn.cc:9342] Unable to register cuDNN factory: Attempting to register factory for plugin cuDNN when one has already been registered
2025-03-15 02:24:00.569449: E tensorflow/compiler/xla/stream_executor/cuda/cuda_fft.cc:609] Unable to register cuFFT factory: Attempting to register factory for plugin cuFFT when one has already been registered
2025-03-15 02:24:00.569473: E tensorflow/compiler/xla/stream_executor/cuda/cuda_blas.cc:1518] Unable to register cuBLAS factory: Attempting to register factory for plugin cuBLAS when one has already been registered
DeePMD-kit: Cannot find libcudart.so.11.0
implib-gen: libcudart.so.11.0: failed to load library 'libcudart.so.11.0' via callback 'DP_cudart_dlopen'
implib-gen: libcudart.so.11.0: failed to resolve symbol '__cudaRegisterFatBinary', library failed to load
implib-gen: libcudart.so.11.0: failed to load library 'libcudart.so.11.0' via callback 'DP_cudart_dlopen'
implib-gen: libcudart.so.11.0: failed to resolve symbol '__cudaRegisterFunction', library failed to load
implib-gen: libcudart.so.11.0: failed to load library 'libcudart.so.11.0' via callback 'DP_cudart_dlopen'
implib-gen: libcudart.so.11.0: failed to resolve symbol '__cudaRegisterFatBinaryEnd', library failed to load
2025-03-15 02:24:00.571975: I tensorflow/tsl/cuda/cudart_stub.cc:28] Could not find cuda drivers on your machine, GPU will not be used.
2025-03-15 02:24:00.572099: E tensorflow/compiler/xla/stream_executor/cuda/cuda_dnn.cc:9342] Unable to register cuDNN factory: Attempting to register factory for plugin cuDNN when one has already been registered
2025-03-15 02:24:00.572125: E tensorflow/compiler/xla/stream_executor/cuda/cuda_fft.cc:609] Unable to register cuFFT factory: Attempting to register factory for plugin cuFFT when one has already been registered
2025-03-15 02:24:00.572154: E tensorflow/compiler/xla/stream_executor/cuda/cuda_blas.cc:1518] Unable to register cuBLAS factory: Attempting to register factory for plugin cuBLAS when one has already been registered
2025-03-15 02:24:00.572467: I tensorflow/tsl/cuda/cudart_stub.cc:28] Could not find cuda drivers on your machine, GPU will not be used.
DeePMD-kit: Cannot find libcudart.so.11.0
implib-gen: libcudart.so.11.0: failed to load library 'libcudart.so.11.0' via callback 'DP_cudart_dlopen'
implib-gen: libcudart.so.11.0: failed to resolve symbol '__cudaRegisterFatBinary', library failed to load
implib-gen: libcudart.so.11.0: failed to load library 'libcudart.so.11.0' via callback 'DP_cudart_dlopen'
implib-gen: libcudart.so.11.0: failed to resolve symbol '__cudaRegisterFunction', library failed to load
implib-gen: libcudart.so.11.0: failed to load library 'libcudart.so.11.0' via callback 'DP_cudart_dlopen'
implib-gen: libcudart.so.11.0: failed to resolve symbol '__cudaRegisterFatBinaryEnd', library failed to load
2025-03-15 02:24:00.573049: E tensorflow/compiler/xla/stream_executor/cuda/cuda_dnn.cc:9342] Unable to register cuDNN factory: Attempting to register factory for plugin cuDNN when one has already been registered
2025-03-15 02:24:00.573076: E tensorflow/compiler/xla/stream_executor/cuda/cuda_fft.cc:609] Unable to register cuFFT factory: Attempting to register factory for plugin cuFFT when one has already been registered
2025-03-15 02:24:00.573105: E tensorflow/compiler/xla/stream_executor/cuda/cuda_blas.cc:1518] Unable to register cuBLAS factory: Attempting to register factory for plugin cuBLAS when one has already been registered
2025-03-15 02:24:00.573049: E tensorflow/compiler/xla/stream_executor/cuda/cuda_dnn.cc:9342] Unable to register cuDNN factory: Attempting to register factory for plugin cuDNN when one has already been registered
2025-03-15 02:24:00.573076: E tensorflow/compiler/xla/stream_executor/cuda/cuda_fft.cc:609] Unable to register cuFFT factory: Attempting to register factory for plugin cuFFT when one has already been registered
2025-03-15 02:24:00.573102: E tensorflow/compiler/xla/stream_executor/cuda/cuda_blas.cc:1518] Unable to register cuBLAS factory: Attempting to register factory for plugin cuBLAS when one has already been registered
DeePMD-kit: Cannot find libcudart.so.11.0
implib-gen: libcudart.so.11.0: failed to load library 'libcudart.so.11.0' via callback 'DP_cudart_dlopen'
implib-gen: libcudart.so.11.0: failed to resolve symbol '__cudaRegisterFatBinary', library failed to load
implib-gen: libcudart.so.11.0: failed to load library 'libcudart.so.11.0' via callback 'DP_cudart_dlopen'
implib-gen: libcudart.so.11.0: failed to resolve symbol '__cudaRegisterFunction', library failed to load
implib-gen: libcudart.so.11.0: failed to load library 'libcudart.so.11.0' via callback 'DP_cudart_dlopen'
implib-gen: libcudart.so.11.0: failed to resolve symbol '__cudaRegisterFatBinaryEnd', library failed to load
DeePMD-kit: Cannot find libcudart.so.11.0
implib-gen: libcudart.so.11.0: failed to load library 'libcudart.so.11.0' via callback 'DP_cudart_dlopen'
implib-gen: libcudart.so.11.0: failed to resolve symbol '__cudaRegisterFatBinary', library failed to load
implib-gen: libcudart.so.11.0: failed to load library 'libcudart.so.11.0' via callback 'DP_cudart_dlopen'
implib-gen: libcudart.so.11.0: failed to resolve symbol '__cudaRegisterFunction', library failed to load
implib-gen: libcudart.so.11.0: failed to load library 'libcudart.so.11.0' via callback 'DP_cudart_dlopen'
implib-gen: libcudart.so.11.0: failed to resolve symbol '__cudaRegisterFatBinaryEnd', library failed to load
DeePMD-kit: Cannot find libcudart.so.11.0
implib-gen: libcudart.so.11.0: failed to load library 'libcudart.so.11.0' via callback 'DP_cudart_dlopen'
implib-gen: libcudart.so.11.0: failed to resolve symbol '__cudaRegisterFatBinary', library failed to load
implib-gen: libcudart.so.11.0: failed to load library 'libcudart.so.11.0' via callback 'DP_cudart_dlopen'
implib-gen: libcudart.so.11.0: failed to resolve symbol '__cudaRegisterFunction', library failed to load
implib-gen: libcudart.so.11.0: failed to load library 'libcudart.so.11.0' via callback 'DP_cudart_dlopen'
implib-gen: libcudart.so.11.0: failed to resolve symbol '__cudaRegisterFatBinaryEnd', library failed to load
2025-03-15 02:24:00.573870: I tensorflow/tsl/cuda/cudart_stub.cc:28] Could not find cuda drivers on your machine, GPU will not be used.
DeePMD-kit: Cannot find libcudart.so.11.0
implib-gen: libcudart.so.11.0: failed to load library 'libcudart.so.11.0' via callback 'DP_cudart_dlopen'
implib-gen: libcudart.so.11.0: failed to resolve symbol '__cudaRegisterFatBinary', library failed to load
implib-gen: libcudart.so.11.0: failed to load library 'libcudart.so.11.0' via callback 'DP_cudart_dlopen'
implib-gen: libcudart.so.11.0: failed to resolve symbol '__cudaRegisterFunction', library failed to load
implib-gen: libcudart.so.11.0: failed to load library 'libcudart.so.11.0' via callback 'DP_cudart_dlopen'
implib-gen: libcudart.so.11.0: failed to resolve symbol '__cudaRegisterFatBinaryEnd', library failed to load
DeePMD-kit: Cannot find libcudart.so.11.0
implib-gen: libcudart.so.11.0: failed to load library 'libcudart.so.11.0' via callback 'DP_cudart_dlopen'
implib-gen: libcudart.so.11.0: failed to resolve symbol '__cudaRegisterFatBinary', library failed to load
implib-gen: libcudart.so.11.0: failed to load library 'libcudart.so.11.0' via callback 'DP_cudart_dlopen'
implib-gen: libcudart.so.11.0: failed to resolve symbol '__cudaRegisterFunction', library failed to load
implib-gen: libcudart.so.11.0: failed to load library 'libcudart.so.11.0' via callback 'DP_cudart_dlopen'
implib-gen: libcudart.so.11.0: failed to resolve symbol '__cudaRegisterFatBinaryEnd', library failed to load
DeePMD-kit: Cannot find libcudart.so.11.0
implib-gen: libcudart.so.11.0: failed to load library 'libcudart.so.11.0' via callback 'DP_cudart_dlopen'
implib-gen: libcudart.so.11.0: failed to resolve symbol '__cudaRegisterFatBinary', library failed to load
implib-gen: libcudart.so.11.0: failed to load library 'libcudart.so.11.0' via callback 'DP_cudart_dlopen'
implib-gen: libcudart.so.11.0: failed to resolve symbol '__cudaRegisterFunction', library failed to load
implib-gen: libcudart.so.11.0: failed to load library 'libcudart.so.11.0' via callback 'DP_cudart_dlopen'
implib-gen: libcudart.so.11.0: failed to resolve symbol '__cudaRegisterFatBinaryEnd', library failed to load
DeePMD-kit: Cannot find libcudart.so.11.0
implib-gen: libcudart.so.11.0: failed to load library 'libcudart.so.11.0' via callback 'DP_cudart_dlopen'
implib-gen: libcudart.so.11.0: failed to resolve symbol '__cudaRegisterFatBinary', library failed to load
implib-gen: libcudart.so.11.0: failed to load library 'libcudart.so.11.0' via callback 'DP_cudart_dlopen'
implib-gen: libcudart.so.11.0: failed to resolve symbol '__cudaRegisterFunction', library failed to load
implib-gen: libcudart.so.11.0: failed to load library 'libcudart.so.11.0' via callback 'DP_cudart_dlopen'
implib-gen: libcudart.so.11.0: failed to resolve symbol '__cudaRegisterFatBinaryEnd', library failed to load
DeePMD-kit: Cannot find libcudart.so.11.0
implib-gen: libcudart.so.11.0: failed to load library 'libcudart.so.11.0' via callback 'DP_cudart_dlopen'
implib-gen: libcudart.so.11.0: failed to resolve symbol '__cudaRegisterFatBinary', library failed to load
implib-gen: libcudart.so.11.0: failed to load library 'libcudart.so.11.0' via callback 'DP_cudart_dlopen'
implib-gen: libcudart.so.11.0: failed to resolve symbol '__cudaRegisterFunction', library failed to load
implib-gen: libcudart.so.11.0: failed to load library 'libcudart.so.11.0' via callback 'DP_cudart_dlopen'
implib-gen: libcudart.so.11.0: failed to resolve symbol '__cudaRegisterFatBinaryEnd', library failed to load
2025-03-15 02:24:00.575861: E tensorflow/compiler/xla/stream_executor/cuda/cuda_dnn.cc:9342] Unable to register cuDNN factory: Attempting to register factory for plugin cuDNN when one has already been registered
2025-03-15 02:24:00.575879: E tensorflow/compiler/xla/stream_executor/cuda/cuda_fft.cc:609] Unable to register cuFFT factory: Attempting to register factory for plugin cuFFT when one has already been registered
2025-03-15 02:24:00.575904: E tensorflow/compiler/xla/stream_executor/cuda/cuda_blas.cc:1518] Unable to register cuBLAS factory: Attempting to register factory for plugin cuBLAS when one has already been registered
DeePMD-kit: Cannot find libcudart.so.11.0
implib-gen: libcudart.so.11.0: failed to load library 'libcudart.so.11.0' via callback 'DP_cudart_dlopen'
implib-gen: libcudart.so.11.0: failed to resolve symbol '__cudaRegisterFatBinary', library failed to load
implib-gen: libcudart.so.11.0: failed to load library 'libcudart.so.11.0' via callback 'DP_cudart_dlopen'
implib-gen: libcudart.so.11.0: failed to resolve symbol '__cudaRegisterFunction', library failed to load
implib-gen: libcudart.so.11.0: failed to load library 'libcudart.so.11.0' via callback 'DP_cudart_dlopen'
implib-gen: libcudart.so.11.0: failed to resolve symbol '__cudaRegisterFatBinaryEnd', library failed to load
DeePMD-kit: Cannot find libcudart.so.11.0
implib-gen: libcudart.so.11.0: failed to load library 'libcudart.so.11.0' via callback 'DP_cudart_dlopen'
implib-gen: libcudart.so.11.0: failed to resolve symbol '__cudaRegisterFatBinary', library failed to load
implib-gen: libcudart.so.11.0: failed to load library 'libcudart.so.11.0' via callback 'DP_cudart_dlopen'
implib-gen: libcudart.so.11.0: failed to resolve symbol '__cudaRegisterFunction', library failed to load
implib-gen: libcudart.so.11.0: failed to load library 'libcudart.so.11.0' via callback 'DP_cudart_dlopen'
implib-gen: libcudart.so.11.0: failed to resolve symbol '__cudaRegisterFatBinaryEnd', library failed to load
DeePMD-kit: Cannot find libcudart.so.11.0
implib-gen: libcudart.so.11.0: failed to load library 'libcudart.so.11.0' via callback 'DP_cudart_dlopen'
implib-gen: libcudart.so.11.0: failed to resolve symbol '__cudaRegisterFatBinary', library failed to load
implib-gen: libcudart.so.11.0: failed to load library 'libcudart.so.11.0' via callback 'DP_cudart_dlopen'
implib-gen: libcudart.so.11.0: failed to resolve symbol '__cudaRegisterFunction', library failed to load
implib-gen: libcudart.so.11.0: failed to load library 'libcudart.so.11.0' via callback 'DP_cudart_dlopen'
implib-gen: libcudart.so.11.0: failed to resolve symbol '__cudaRegisterFatBinaryEnd', library failed to load
2025-03-15 02:24:00.580645: I tensorflow/tsl/cuda/cudart_stub.cc:28] Could not find cuda drivers on your machine, GPU will not be used.
2025-03-15 02:24:00.581366: E tensorflow/compiler/xla/stream_executor/cuda/cuda_dnn.cc:9342] Unable to register cuDNN factory: Attempting to register factory for plugin cuDNN when one has already been registered
2025-03-15 02:24:00.581390: E tensorflow/compiler/xla/stream_executor/cuda/cuda_fft.cc:609] Unable to register cuFFT factory: Attempting to register factory for plugin cuFFT when one has already been registered
2025-03-15 02:24:00.581415: E tensorflow/compiler/xla/stream_executor/cuda/cuda_blas.cc:1518] Unable to register cuBLAS factory: Attempting to register factory for plugin cuBLAS when one has already been registered
DeePMD-kit: Cannot find libcudart.so.11.0
implib-gen: libcudart.so.11.0: failed to load library 'libcudart.so.11.0' via callback 'DP_cudart_dlopen'
implib-gen: libcudart.so.11.0: failed to resolve symbol '__cudaRegisterFatBinary', library failed to load
implib-gen: libcudart.so.11.0: failed to load library 'libcudart.so.11.0' via callback 'DP_cudart_dlopen'
implib-gen: libcudart.so.11.0: failed to resolve symbol '__cudaRegisterFunction', library failed to load
implib-gen: libcudart.so.11.0: failed to load library 'libcudart.so.11.0' via callback 'DP_cudart_dlopen'
implib-gen: libcudart.so.11.0: failed to resolve symbol '__cudaRegisterFatBinaryEnd', library failed to load
2025-03-15 02:24:00.581908: E tensorflow/compiler/xla/stream_executor/cuda/cuda_dnn.cc:9342] Unable to register cuDNN factory: Attempting to register factory for plugin cuDNN when one has already been registered
2025-03-15 02:24:00.581926: E tensorflow/compiler/xla/stream_executor/cuda/cuda_fft.cc:609] Unable to register cuFFT factory: Attempting to register factory for plugin cuFFT when one has already been registered
2025-03-15 02:24:00.581952: E tensorflow/compiler/xla/stream_executor/cuda/cuda_blas.cc:1518] Unable to register cuBLAS factory: Attempting to register factory for plugin cuBLAS when one has already been registered
DeePMD-kit: Cannot find libcudart.so.11.0
implib-gen: libcudart.so.11.0: failed to load library 'libcudart.so.11.0' via callback 'DP_cudart_dlopen'
implib-gen: libcudart.so.11.0: failed to resolve symbol '__cudaRegisterFatBinary', library failed to load
implib-gen: libcudart.so.11.0: failed to load library 'libcudart.so.11.0' via callback 'DP_cudart_dlopen'
implib-gen: libcudart.so.11.0: failed to resolve symbol '__cudaRegisterFunction', library failed to load
implib-gen: libcudart.so.11.0: failed to load library 'libcudart.so.11.0' via callback 'DP_cudart_dlopen'
implib-gen: libcudart.so.11.0: failed to resolve symbol '__cudaRegisterFatBinaryEnd', library failed to load
DeePMD-kit: Cannot find libcudart.so.11.0
implib-gen: libcudart.so.11.0: failed to load library 'libcudart.so.11.0' via callback 'DP_cudart_dlopen'
implib-gen: libcudart.so.11.0: failed to resolve symbol '__cudaRegisterFatBinary', library failed to load
implib-gen: libcudart.so.11.0: failed to load library 'libcudart.so.11.0' via callback 'DP_cudart_dlopen'
implib-gen: libcudart.so.11.0: failed to resolve symbol '__cudaRegisterFunction', library failed to load
implib-gen: libcudart.so.11.0: failed to load library 'libcudart.so.11.0' via callback 'DP_cudart_dlopen'
implib-gen: libcudart.so.11.0: failed to resolve symbol '__cudaRegisterFatBinaryEnd', library failed to load
2025-03-15 02:24:00.583337: I tensorflow/tsl/cuda/cudart_stub.cc:28] Could not find cuda drivers on your machine, GPU will not be used.
2025-03-15 02:24:00.580048: E tensorflow/compiler/xla/stream_executor/cuda/cuda_dnn.cc:9342] Unable to register cuDNN factory: Attempting to register factory for plugin cuDNN when one has already been registered
2025-03-15 02:24:00.580067: E tensorflow/compiler/xla/stream_executor/cuda/cuda_fft.cc:609] Unable to register cuFFT factory: Attempting to register factory for plugin cuFFT when one has already been registered
2025-03-15 02:24:00.580100: E tensorflow/compiler/xla/stream_executor/cuda/cuda_blas.cc:1518] Unable to register cuBLAS factory: Attempting to register factory for plugin cuBLAS when one has already been registered
2025-03-15 02:24:00.583715: E tensorflow/compiler/xla/stream_executor/cuda/cuda_dnn.cc:9342] Unable to register cuDNN factory: Attempting to register factory for plugin cuDNN when one has already been registered
2025-03-15 02:24:00.583733: E tensorflow/compiler/xla/stream_executor/cuda/cuda_fft.cc:609] Unable to register cuFFT factory: Attempting to register factory for plugin cuFFT when one has already been registered
2025-03-15 02:24:00.583756: E tensorflow/compiler/xla/stream_executor/cuda/cuda_blas.cc:1518] Unable to register cuBLAS factory: Attempting to register factory for plugin cuBLAS when one has already been registered
2025-03-15 02:24:00.585110: I tensorflow/tsl/cuda/cudart_stub.cc:28] Could not find cuda drivers on your machine, GPU will not be used.
DeePMD-kit: Cannot find libcudart.so.11.0
implib-gen: libcudart.so.11.0: failed to load library 'libcudart.so.11.0' via callback 'DP_cudart_dlopen'
implib-gen: libcudart.so.11.0: failed to resolve symbol '__cudaRegisterFatBinary', library failed to load
implib-gen: libcudart.so.11.0: failed to load library 'libcudart.so.11.0' via callback 'DP_cudart_dlopen'
implib-gen: libcudart.so.11.0: failed to resolve symbol '__cudaRegisterFunction', library failed to load
implib-gen: libcudart.so.11.0: failed to load library 'libcudart.so.11.0' via callback 'DP_cudart_dlopen'
implib-gen: libcudart.so.11.0: failed to resolve symbol '__cudaRegisterFatBinaryEnd', library failed to load
2025-03-15 02:24:00.586585: E tensorflow/compiler/xla/stream_executor/cuda/cuda_dnn.cc:9342] Unable to register cuDNN factory: Attempting to register factory for plugin cuDNN when one has already been registered
2025-03-15 02:24:00.586603: E tensorflow/compiler/xla/stream_executor/cuda/cuda_fft.cc:609] Unable to register cuFFT factory: Attempting to register factory for plugin cuFFT when one has already been registered
2025-03-15 02:24:00.586627: E tensorflow/compiler/xla/stream_executor/cuda/cuda_blas.cc:1518] Unable to register cuBLAS factory: Attempting to register factory for plugin cuBLAS when one has already been registered
2025-03-15 02:24:00.586964: I tensorflow/tsl/cuda/cudart_stub.cc:28] Could not find cuda drivers on your machine, GPU will not be used.
2025-03-15 02:24:00.589540: E tensorflow/compiler/xla/stream_executor/cuda/cuda_dnn.cc:9342] Unable to register cuDNN factory: Attempting to register factory for plugin cuDNN when one has already been registered
2025-03-15 02:24:00.589560: E tensorflow/compiler/xla/stream_executor/cuda/cuda_fft.cc:609] Unable to register cuFFT factory: Attempting to register factory for plugin cuFFT when one has already been registered
2025-03-15 02:24:00.589588: E tensorflow/compiler/xla/stream_executor/cuda/cuda_blas.cc:1518] Unable to register cuBLAS factory: Attempting to register factory for plugin cuBLAS when one has already been registered
DeePMD-kit: Cannot find libcudart.so.11.0
implib-gen: libcudart.so.11.0: failed to load library 'libcudart.so.11.0' via callback 'DP_cudart_dlopen'
implib-gen: libcudart.so.11.0: failed to resolve symbol '__cudaRegisterFatBinary', library failed to load
implib-gen: libcudart.so.11.0: failed to load library 'libcudart.so.11.0' via callback 'DP_cudart_dlopen'
implib-gen: libcudart.so.11.0: failed to resolve symbol '__cudaRegisterFunction', library failed to load
implib-gen: libcudart.so.11.0: failed to load library 'libcudart.so.11.0' via callback 'DP_cudart_dlopen'
implib-gen: libcudart.so.11.0: failed to resolve symbol '__cudaRegisterFatBinaryEnd', library failed to load
2025-03-15 02:24:00.590483: E tensorflow/compiler/xla/stream_executor/cuda/cuda_dnn.cc:9342] Unable to register cuDNN factory: Attempting to register factory for plugin cuDNN when one has already been registered
2025-03-15 02:24:00.590506: E tensorflow/compiler/xla/stream_executor/cuda/cuda_fft.cc:609] Unable to register cuFFT factory: Attempting to register factory for plugin cuFFT when one has already been registered
2025-03-15 02:24:00.590528: E tensorflow/compiler/xla/stream_executor/cuda/cuda_blas.cc:1518] Unable to register cuBLAS factory: Attempting to register factory for plugin cuBLAS when one has already been registered
2025-03-15 02:24:00.590483: E tensorflow/compiler/xla/stream_executor/cuda/cuda_dnn.cc:9342] Unable to register cuDNN factory: Attempting to register factory for plugin cuDNN when one has already been registered
2025-03-15 02:24:00.590506: E tensorflow/compiler/xla/stream_executor/cuda/cuda_fft.cc:609] Unable to register cuFFT factory: Attempting to register factory for plugin cuFFT when one has already been registered
2025-03-15 02:24:00.590530: E tensorflow/compiler/xla/stream_executor/cuda/cuda_blas.cc:1518] Unable to register cuBLAS factory: Attempting to register factory for plugin cuBLAS when one has already been registered
DeePMD-kit: Cannot find libcudart.so.11.0
implib-gen: libcudart.so.11.0: failed to load library 'libcudart.so.11.0' via callback 'DP_cudart_dlopen'
implib-gen: libcudart.so.11.0: failed to resolve symbol '__cudaRegisterFatBinary', library failed to load
implib-gen: libcudart.so.11.0: failed to load library 'libcudart.so.11.0' via callback 'DP_cudart_dlopen'
implib-gen: libcudart.so.11.0: failed to resolve symbol '__cudaRegisterFunction', library failed to load
implib-gen: libcudart.so.11.0: failed to load library 'libcudart.so.11.0' via callback 'DP_cudart_dlopen'
implib-gen: libcudart.so.11.0: failed to resolve symbol '__cudaRegisterFatBinaryEnd', library failed to load
2025-03-15 02:24:00.592003: I tensorflow/tsl/cuda/cudart_stub.cc:28] Could not find cuda drivers on your machine, GPU will not be used.
DeePMD-kit: Cannot find libcudart.so.11.0
implib-gen: libcudart.so.11.0: failed to load library 'libcudart.so.11.0' via callback 'DP_cudart_dlopen'
implib-gen: libcudart.so.11.0: failed to resolve symbol '__cudaRegisterFatBinary', library failed to load
implib-gen: libcudart.so.11.0: failed to load library 'libcudart.so.11.0' via callback 'DP_cudart_dlopen'
implib-gen: libcudart.so.11.0: failed to resolve symbol '__cudaRegisterFunction', library failed to load
implib-gen: libcudart.so.11.0: failed to load library 'libcudart.so.11.0' via callback 'DP_cudart_dlopen'
implib-gen: libcudart.so.11.0: failed to resolve symbol '__cudaRegisterFatBinaryEnd', library failed to load
2025-03-15 02:24:00.594283: I tensorflow/tsl/cuda/cudart_stub.cc:28] Could not find cuda drivers on your machine, GPU will not be used.
2025-03-15 02:24:00.594283: I tensorflow/tsl/cuda/cudart_stub.cc:28] Could not find cuda drivers on your machine, GPU will not be used.
2025-03-15 02:24:00.595844: E tensorflow/compiler/xla/stream_executor/cuda/cuda_dnn.cc:9342] Unable to register cuDNN factory: Attempting to register factory for plugin cuDNN when one has already been registered
2025-03-15 02:24:00.595864: E tensorflow/compiler/xla/stream_executor/cuda/cuda_fft.cc:609] Unable to register cuFFT factory: Attempting to register factory for plugin cuFFT when one has already been registered
2025-03-15 02:24:00.595889: E tensorflow/compiler/xla/stream_executor/cuda/cuda_blas.cc:1518] Unable to register cuBLAS factory: Attempting to register factory for plugin cuBLAS when one has already been registered
2025-03-15 02:24:00.596000: I tensorflow/tsl/cuda/cudart_stub.cc:28] Could not find cuda drivers on your machine, GPU will not be used.
DeePMD-kit: Cannot find libcudart.so.11.0
implib-gen: libcudart.so.11.0: failed to load library 'libcudart.so.11.0' via callback 'DP_cudart_dlopen'
implib-gen: libcudart.so.11.0: failed to resolve symbol '__cudaRegisterFatBinary', library failed to load
implib-gen: libcudart.so.11.0: failed to load library 'libcudart.so.11.0' via callback 'DP_cudart_dlopen'
implib-gen: libcudart.so.11.0: failed to resolve symbol '__cudaRegisterFunction', library failed to load
implib-gen: libcudart.so.11.0: failed to load library 'libcudart.so.11.0' via callback 'DP_cudart_dlopen'
implib-gen: libcudart.so.11.0: failed to resolve symbol '__cudaRegisterFatBinaryEnd', library failed to load
2025-03-15 02:24:00.597049: E tensorflow/compiler/xla/stream_executor/cuda/cuda_dnn.cc:9342] Unable to register cuDNN factory: Attempting to register factory for plugin cuDNN when one has already been registered
2025-03-15 02:24:00.597072: E tensorflow/compiler/xla/stream_executor/cuda/cuda_fft.cc:609] Unable to register cuFFT factory: Attempting to register factory for plugin cuFFT when one has already been registered
2025-03-15 02:24:00.597103: E tensorflow/compiler/xla/stream_executor/cuda/cuda_blas.cc:1518] Unable to register cuBLAS factory: Attempting to register factory for plugin cuBLAS when one has already been registered
2025-03-15 02:24:00.599402: E tensorflow/compiler/xla/stream_executor/cuda/cuda_dnn.cc:9342] Unable to register cuDNN factory: Attempting to register factory for plugin cuDNN when one has already been registered
2025-03-15 02:24:00.599421: E tensorflow/compiler/xla/stream_executor/cuda/cuda_fft.cc:609] Unable to register cuFFT factory: Attempting to register factory for plugin cuFFT when one has already been registered
2025-03-15 02:24:00.599444: E tensorflow/compiler/xla/stream_executor/cuda/cuda_blas.cc:1518] Unable to register cuBLAS factory: Attempting to register factory for plugin cuBLAS when one has already been registered
DeePMD-kit: Cannot find libcudart.so.11.0
implib-gen: libcudart.so.11.0: failed to load library 'libcudart.so.11.0' via callback 'DP_cudart_dlopen'
implib-gen: libcudart.so.11.0: failed to resolve symbol '__cudaRegisterFatBinary', library failed to load
implib-gen: libcudart.so.11.0: failed to load library 'libcudart.so.11.0' via callback 'DP_cudart_dlopen'
implib-gen: libcudart.so.11.0: failed to resolve symbol '__cudaRegisterFunction', library failed to load
implib-gen: libcudart.so.11.0: failed to load library 'libcudart.so.11.0' via callback 'DP_cudart_dlopen'
implib-gen: libcudart.so.11.0: failed to resolve symbol '__cudaRegisterFatBinaryEnd', library failed to load
2025-03-15 02:24:00.595230: E tensorflow/compiler/xla/stream_executor/cuda/cuda_dnn.cc:9342] Unable to register cuDNN factory: Attempting to register factory for plugin cuDNN when one has already been registered
2025-03-15 02:24:00.595249: E tensorflow/compiler/xla/stream_executor/cuda/cuda_fft.cc:609] Unable to register cuFFT factory: Attempting to register factory for plugin cuFFT when one has already been registered
2025-03-15 02:24:00.595273: E tensorflow/compiler/xla/stream_executor/cuda/cuda_blas.cc:1518] Unable to register cuBLAS factory: Attempting to register factory for plugin cuBLAS when one has already been registered
DeePMD-kit: Cannot find libcudart.so.11.0
implib-gen: libcudart.so.11.0: failed to load library 'libcudart.so.11.0' via callback 'DP_cudart_dlopen'
implib-gen: libcudart.so.11.0: failed to resolve symbol '__cudaRegisterFatBinary', library failed to load
implib-gen: libcudart.so.11.0: failed to load library 'libcudart.so.11.0' via callback 'DP_cudart_dlopen'
implib-gen: libcudart.so.11.0: failed to resolve symbol '__cudaRegisterFunction', library failed to load
implib-gen: libcudart.so.11.0: failed to load library 'libcudart.so.11.0' via callback 'DP_cudart_dlopen'
implib-gen: libcudart.so.11.0: failed to resolve symbol '__cudaRegisterFatBinaryEnd', library failed to load
DeePMD-kit: Cannot find libcudart.so.11.0
implib-gen: libcudart.so.11.0: failed to load library 'libcudart.so.11.0' via callback 'DP_cudart_dlopen'
implib-gen: libcudart.so.11.0: failed to resolve symbol '__cudaRegisterFatBinary', library failed to load
implib-gen: libcudart.so.11.0: failed to load library 'libcudart.so.11.0' via callback 'DP_cudart_dlopen'
implib-gen: libcudart.so.11.0: failed to resolve symbol '__cudaRegisterFunction', library failed to load
DeePMD-kit: Cannot find libcudart.so.11.0
implib-gen: libcudart.so.11.0: failed to load library 'libcudart.so.11.0' via callback 'DP_cudart_dlopen'
implib-gen: libcudart.so.11.0: failed to resolve symbol '__cudaRegisterFatBinary', library failed to load
implib-gen: libcudart.so.11.0: failed to load library 'libcudart.so.11.0' via callback 'DP_cudart_dlopen'
implib-gen: libcudart.so.11.0: failed to resolve symbol '__cudaRegisterFunction', library failed to load
implib-gen: libcudart.so.11.0: failed to load library 'libcudart.so.11.0' via callback 'DP_cudart_dlopen'
implib-gen: libcudart.so.11.0: failed to resolve symbol '__cudaRegisterFatBinaryEnd', library failed to load
implib-gen: libcudart.so.11.0: failed to load library 'libcudart.so.11.0' via callback 'DP_cudart_dlopen'
implib-gen: libcudart.so.11.0: failed to resolve symbol '__cudaRegisterFatBinaryEnd', library failed to load
2025-03-15 02:24:00.601483: E tensorflow/compiler/xla/stream_executor/cuda/cuda_dnn.cc:9342] Unable to register cuDNN factory: Attempting to register factory for plugin cuDNN when one has already been registered
2025-03-15 02:24:00.601502: E tensorflow/compiler/xla/stream_executor/cuda/cuda_fft.cc:609] Unable to register cuFFT factory: Attempting to register factory for plugin cuFFT when one has already been registered
2025-03-15 02:24:00.601524: E tensorflow/compiler/xla/stream_executor/cuda/cuda_blas.cc:1518] Unable to register cuBLAS factory: Attempting to register factory for plugin cuBLAS when one has already been registered
2025-03-15 02:24:00.602483: E tensorflow/compiler/xla/stream_executor/cuda/cuda_dnn.cc:9342] Unable to register cuDNN factory: Attempting to register factory for plugin cuDNN when one has already been registered
2025-03-15 02:24:00.602508: E tensorflow/compiler/xla/stream_executor/cuda/cuda_fft.cc:609] Unable to register cuFFT factory: Attempting to register factory for plugin cuFFT when one has already been registered
2025-03-15 02:24:00.602542: E tensorflow/compiler/xla/stream_executor/cuda/cuda_blas.cc:1518] Unable to register cuBLAS factory: Attempting to register factory for plugin cuBLAS when one has already been registered
[n2cn0191.ab2021.local:3605327] MCW rank 16 bound to socket 1[core 64[hwt 0]]: [./././././././././././././././././././././././././././././././././././././././././././././././././././././././././././././././.][B/././././././././././././././././././././././././././././././././././././././././././././././././././././././././././././././.]
[n2cn0191.ab2021.local:3605328] MCW rank 17 bound to socket 1[core 68[hwt 0]]: [./././././././././././././././././././././././././././././././././././././././././././././././././././././././././././././././.][././././B/././././././././././././././././././././././././././././././././././././././././././././././././././././././././././.]
[n2cn0191.ab2021.local:3605327] MCW rank 16 bound to socket 1[core 64[hwt 0]]: [./././././././././././././././././././././././././././././././././././././././././././././././././././././././././././././././.][B/././././././././././././././././././././././././././././././././././././././././././././././././././././././././././././././.]
[n2cn0191.ab2021.local:3605328] MCW rank 17 bound to socket 1[core 68[hwt 0]]: [./././././././././././././././././././././././././././././././././././././././././././././././././././././././././././././././.][././././B/././././././././././././././././././././././././././././././././././././././././././././././././././././././././././.]
DeePMD-kit: Cannot find libcudart.so.11.0
implib-gen: libcudart.so.11.0: failed to load library 'libcudart.so.11.0' via callback 'DP_cudart_dlopen'
implib-gen: libcudart.so.11.0: failed to resolve symbol '__cudaRegisterFatBinary', library failed to load
implib-gen: libcudart.so.11.0: failed to load library 'libcudart.so.11.0' via callback 'DP_cudart_dlopen'
implib-gen: libcudart.so.11.0: failed to resolve symbol '__cudaRegisterFunction', library failed to load
implib-gen: libcudart.so.11.0: failed to load library 'libcudart.so.11.0' via callback 'DP_cudart_dlopen'
implib-gen: libcudart.so.11.0: failed to resolve symbol '__cudaRegisterFatBinaryEnd', library failed to load
DeePMD-kit: Cannot find libcudart.so.11.0
implib-gen: libcudart.so.11.0: failed to load library 'libcudart.so.11.0' via callback 'DP_cudart_dlopen'
implib-gen: libcudart.so.11.0: failed to resolve symbol '__cudaRegisterFatBinary', library failed to load
implib-gen: libcudart.so.11.0: failed to load library 'libcudart.so.11.0' via callback 'DP_cudart_dlopen'
implib-gen: libcudart.so.11.0: failed to resolve symbol '__cudaRegisterFunction', library failed to load
implib-gen: libcudart.so.11.0: failed to load library 'libcudart.so.11.0' via callback 'DP_cudart_dlopen'
implib-gen: libcudart.so.11.0: failed to resolve symbol '__cudaRegisterFatBinaryEnd', library failed to load
DeePMD-kit: Cannot find libcudart.so.11.0
implib-gen: libcudart.so.11.0: failed to load library 'libcudart.so.11.0' via callback 'DP_cudart_dlopen'
implib-gen: libcudart.so.11.0: failed to resolve symbol '__cudaRegisterFatBinary', library failed to load
implib-gen: libcudart.so.11.0: failed to load library 'libcudart.so.11.0' via callback 'DP_cudart_dlopen'
implib-gen: libcudart.so.11.0: failed to resolve symbol '__cudaRegisterFunction', library failed to load
implib-gen: libcudart.so.11.0: failed to load library 'libcudart.so.11.0' via callback 'DP_cudart_dlopen'
implib-gen: libcudart.so.11.0: failed to resolve symbol '__cudaRegisterFatBinaryEnd', library failed to load
2025-03-15 02:24:00.608000: E tensorflow/compiler/xla/stream_executor/cuda/cuda_dnn.cc:9342] Unable to register cuDNN factory: Attempting to register factory for plugin cuDNN when one has already been registered
2025-03-15 02:24:00.608019: E tensorflow/compiler/xla/stream_executor/cuda/cuda_fft.cc:609] Unable to register cuFFT factory: Attempting to register factory for plugin cuFFT when one has already been registered
2025-03-15 02:24:00.608047: E tensorflow/compiler/xla/stream_executor/cuda/cuda_blas.cc:1518] Unable to register cuBLAS factory: Attempting to register factory for plugin cuBLAS when one has already been registered
DeePMD-kit: Cannot find libcudart.so.11.0
implib-gen: libcudart.so.11.0: failed to load library 'libcudart.so.11.0' via callback 'DP_cudart_dlopen'
implib-gen: libcudart.so.11.0: failed to resolve symbol '__cudaRegisterFatBinary', library failed to load
implib-gen: libcudart.so.11.0: failed to load library 'libcudart.so.11.0' via callback 'DP_cudart_dlopen'
implib-gen: libcudart.so.11.0: failed to resolve symbol '__cudaRegisterFunction', library failed to load
implib-gen: libcudart.so.11.0: failed to load library 'libcudart.so.11.0' via callback 'DP_cudart_dlopen'
implib-gen: libcudart.so.11.0: failed to resolve symbol '__cudaRegisterFatBinaryEnd', library failed to load
DeePMD-kit: Cannot find libcudart.so.11.0
implib-gen: libcudart.so.11.0: failed to load library 'libcudart.so.11.0' via callback 'DP_cudart_dlopen'
implib-gen: libcudart.so.11.0: failed to resolve symbol '__cudaRegisterFatBinary', library failed to load
implib-gen: libcudart.so.11.0: failed to load library 'libcudart.so.11.0' via callback 'DP_cudart_dlopen'
implib-gen: libcudart.so.11.0: failed to resolve symbol '__cudaRegisterFunction', library failed to load
implib-gen: libcudart.so.11.0: failed to load library 'libcudart.so.11.0' via callback 'DP_cudart_dlopen'
implib-gen: libcudart.so.11.0: failed to resolve symbol '__cudaRegisterFatBinaryEnd', library failed to load
DeePMD-kit: Cannot find libcudart.so.11.0
implib-gen: libcudart.so.11.0: failed to load library 'libcudart.so.11.0' via callback 'DP_cudart_dlopen'
implib-gen: libcudart.so.11.0: failed to resolve symbol '__cudaRegisterFatBinary', library failed to load
implib-gen: libcudart.so.11.0: failed to load library 'libcudart.so.11.0' via callback 'DP_cudart_dlopen'
implib-gen: libcudart.so.11.0: failed to resolve symbol '__cudaRegisterFunction', library failed to load
implib-gen: libcudart.so.11.0: failed to load library 'libcudart.so.11.0' via callback 'DP_cudart_dlopen'
implib-gen: libcudart.so.11.0: failed to resolve symbol '__cudaRegisterFatBinaryEnd', library failed to load
2025-03-15 02:24:00.612108: I tensorflow/tsl/cuda/cudart_stub.cc:28] Could not find cuda drivers on your machine, GPU will not be used.
2025-03-15 02:24:00.612531: E tensorflow/compiler/xla/stream_executor/cuda/cuda_dnn.cc:9342] Unable to register cuDNN factory: Attempting to register factory for plugin cuDNN when one has already been registered
2025-03-15 02:24:00.612556: E tensorflow/compiler/xla/stream_executor/cuda/cuda_fft.cc:609] Unable to register cuFFT factory: Attempting to register factory for plugin cuFFT when one has already been registered
2025-03-15 02:24:00.612587: E tensorflow/compiler/xla/stream_executor/cuda/cuda_blas.cc:1518] Unable to register cuBLAS factory: Attempting to register factory for plugin cuBLAS when one has already been registered
2025-03-15 02:24:00.612818: I tensorflow/tsl/cuda/cudart_stub.cc:28] Could not find cuda drivers on your machine, GPU will not be used.
2025-03-15 02:24:00.612820: I tensorflow/tsl/cuda/cudart_stub.cc:28] Could not find cuda drivers on your machine, GPU will not be used.
2025-03-15 02:24:00.613943: E tensorflow/compiler/xla/stream_executor/cuda/cuda_dnn.cc:9342] Unable to register cuDNN factory: Attempting to register factory for plugin cuDNN when one has already been registered
2025-03-15 02:24:00.613962: E tensorflow/compiler/xla/stream_executor/cuda/cuda_fft.cc:609] Unable to register cuFFT factory: Attempting to register factory for plugin cuFFT when one has already been registered
2025-03-15 02:24:00.613987: E tensorflow/compiler/xla/stream_executor/cuda/cuda_blas.cc:1518] Unable to register cuBLAS factory: Attempting to register factory for plugin cuBLAS when one has already been registered
[n2cn0191.ab2021.local:3605323] MCW rank 12 bound to socket 0[core 48[hwt 0]]: [././././././././././././././././././././././././././././././././././././././././././././././././B/././././././././././././././.][./././././././././././././././././././././././././././././././././././././././././././././././././././././././././././././././.]
[n2cn0191.ab2021.local:3605323] MCW rank 12 bound to socket 0[core 48[hwt 0]]: [././././././././././././././././././././././././././././././././././././././././././././././././B/././././././././././././././.][./././././././././././././././././././././././././././././././././././././././././././././././././././././././././././././././.]
2025-03-15 02:24:00.614354: E tensorflow/compiler/xla/stream_executor/cuda/cuda_dnn.cc:9342] Unable to register cuDNN factory: Attempting to register factory for plugin cuDNN when one has already been registered
2025-03-15 02:24:00.614377: E tensorflow/compiler/xla/stream_executor/cuda/cuda_fft.cc:609] Unable to register cuFFT factory: Attempting to register factory for plugin cuFFT when one has already been registered
2025-03-15 02:24:00.614398: E tensorflow/compiler/xla/stream_executor/cuda/cuda_blas.cc:1518] Unable to register cuBLAS factory: Attempting to register factory for plugin cuBLAS when one has already been registered
[n2cn0191.ab2021.local:3605315] MCW rank 4 bound to socket 0[core 16[hwt 0]]: [././././././././././././././././B/././././././././././././././././././././././././././././././././././././././././././././././.][./././././././././././././././././././././././././././././././././././././././././././././././././././././././././././././././.]
[n2cn0191.ab2021.local:3605315] MCW rank 4 bound to socket 0[core 16[hwt 0]]: [././././././././././././././././B/././././././././././././././././././././././././././././././././././././././././././././././.][./././././././././././././././././././././././././././././././././././././././././././././././././././././././././././././././.]
[n2cn0191.ab2021.local:3605316] MCW rank 5 bound to socket 0[core 20[hwt 0]]: [././././././././././././././././././././B/././././././././././././././././././././././././././././././././././././././././././.][./././././././././././././././././././././././././././././././././././././././././././././././././././././././././././././././.]
[n2cn0191.ab2021.local:3605342] MCW rank 31 bound to socket 1[core 124[hwt 0]]: [./././././././././././././././././././././././././././././././././././././././././././././././././././././././././././././././.][././././././././././././././././././././././././././././././././././././././././././././././././././././././././././././B/././.]
[n2cn0191.ab2021.local:3605316] MCW rank 5 bound to socket 0[core 20[hwt 0]]: [././././././././././././././././././././B/././././././././././././././././././././././././././././././././././././././././././.][./././././././././././././././././././././././././././././././././././././././././././././././././././././././././././././././.]
[n2cn0191.ab2021.local:3605342] MCW rank 31 bound to socket 1[core 124[hwt 0]]: [./././././././././././././././././././././././././././././././././././././././././././././././././././././././././././././././.][././././././././././././././././././././././././././././././././././././././././././././././././././././././././././././B/././.]
DeePMD-kit: Cannot find libcudart.so.11.0
implib-gen: libcudart.so.11.0: failed to load library 'libcudart.so.11.0' via callback 'DP_cudart_dlopen'
implib-gen: libcudart.so.11.0: failed to resolve symbol '__cudaRegisterFatBinary', library failed to load
implib-gen: libcudart.so.11.0: failed to load library 'libcudart.so.11.0' via callback 'DP_cudart_dlopen'
implib-gen: libcudart.so.11.0: failed to resolve symbol '__cudaRegisterFunction', library failed to load
implib-gen: libcudart.so.11.0: failed to load library 'libcudart.so.11.0' via callback 'DP_cudart_dlopen'
implib-gen: libcudart.so.11.0: failed to resolve symbol '__cudaRegisterFatBinaryEnd', library failed to load
2025-03-15 02:24:00.620497: E tensorflow/compiler/xla/stream_executor/cuda/cuda_dnn.cc:9342] Unable to register cuDNN factory: Attempting to register factory for plugin cuDNN when one has already been registered
2025-03-15 02:24:00.620522: E tensorflow/compiler/xla/stream_executor/cuda/cuda_fft.cc:609] Unable to register cuFFT factory: Attempting to register factory for plugin cuFFT when one has already been registered
2025-03-15 02:24:00.620549: E tensorflow/compiler/xla/stream_executor/cuda/cuda_blas.cc:1518] Unable to register cuBLAS factory: Attempting to register factory for plugin cuBLAS when one has already been registered
2025-03-15 02:24:00.621779: I tensorflow/tsl/cuda/cudart_stub.cc:28] Could not find cuda drivers on your machine, GPU will not be used.
DeePMD-kit: Cannot find libcudart.so.11.0
implib-gen: libcudart.so.11.0: failed to load library 'libcudart.so.11.0' via callback 'DP_cudart_dlopen'
implib-gen: libcudart.so.11.0: failed to resolve symbol '__cudaRegisterFatBinary', library failed to load
implib-gen: libcudart.so.11.0: failed to load library 'libcudart.so.11.0' via callback 'DP_cudart_dlopen'
implib-gen: libcudart.so.11.0: failed to resolve symbol '__cudaRegisterFunction', library failed to load
implib-gen: libcudart.so.11.0: failed to load library 'libcudart.so.11.0' via callback 'DP_cudart_dlopen'
implib-gen: libcudart.so.11.0: failed to resolve symbol '__cudaRegisterFatBinaryEnd', library failed to load
2025-03-15 02:24:00.622715: E tensorflow/compiler/xla/stream_executor/cuda/cuda_dnn.cc:9342] Unable to register cuDNN factory: Attempting to register factory for plugin cuDNN when one has already been registered
2025-03-15 02:24:00.622735: E tensorflow/compiler/xla/stream_executor/cuda/cuda_fft.cc:609] Unable to register cuFFT factory: Attempting to register factory for plugin cuFFT when one has already been registered
2025-03-15 02:24:00.622763: E tensorflow/compiler/xla/stream_executor/cuda/cuda_blas.cc:1518] Unable to register cuBLAS factory: Attempting to register factory for plugin cuBLAS when one has already been registered
2025-03-15 02:24:00.622715: E tensorflow/compiler/xla/stream_executor/cuda/cuda_dnn.cc:9342] Unable to register cuDNN factory: Attempting to register factory for plugin cuDNN when one has already been registered
2025-03-15 02:24:00.622735: E tensorflow/compiler/xla/stream_executor/cuda/cuda_fft.cc:609] Unable to register cuFFT factory: Attempting to register factory for plugin cuFFT when one has already been registered
2025-03-15 02:24:00.622761: E tensorflow/compiler/xla/stream_executor/cuda/cuda_blas.cc:1518] Unable to register cuBLAS factory: Attempting to register factory for plugin cuBLAS when one has already been registered
[n2cn0191.ab2021.local:3605312] MCW rank 1 bound to socket 0[core 4[hwt 0]]: [././././B/././././././././././././././././././././././././././././././././././././././././././././././././././././././././././.][./././././././././././././././././././././././././././././././././././././././././././././././././././././././././././././././.]
[n2cn0191.ab2021.local:3605312] MCW rank 1 bound to socket 0[core 4[hwt 0]]: [././././B/././././././././././././././././././././././././././././././././././././././././././././././././././././././././././.][./././././././././././././././././././././././././././././././././././././././././././././././././././././././././././././././.]
2025-03-15 02:24:00.623732: E tensorflow/compiler/xla/stream_executor/cuda/cuda_dnn.cc:9342] Unable to register cuDNN factory: Attempting to register factory for plugin cuDNN when one has already been registered
2025-03-15 02:24:00.623754: E tensorflow/compiler/xla/stream_executor/cuda/cuda_fft.cc:609] Unable to register cuFFT factory: Attempting to register factory for plugin cuFFT when one has already been registered
2025-03-15 02:24:00.623778: E tensorflow/compiler/xla/stream_executor/cuda/cuda_blas.cc:1518] Unable to register cuBLAS factory: Attempting to register factory for plugin cuBLAS when one has already been registered
DeePMD-kit: Cannot find libcudart.so.11.0
implib-gen: libcudart.so.11.0: failed to load library 'libcudart.so.11.0' via callback 'DP_cudart_dlopen'
implib-gen: libcudart.so.11.0: failed to resolve symbol '__cudaRegisterFatBinary', library failed to load
implib-gen: libcudart.so.11.0: failed to load library 'libcudart.so.11.0' via callback 'DP_cudart_dlopen'
implib-gen: libcudart.so.11.0: failed to resolve symbol '__cudaRegisterFunction', library failed to load
implib-gen: libcudart.so.11.0: failed to load library 'libcudart.so.11.0' via callback 'DP_cudart_dlopen'
implib-gen: libcudart.so.11.0: failed to resolve symbol '__cudaRegisterFatBinaryEnd', library failed to load
DeePMD-kit: Cannot find libcudart.so.11.0
implib-gen: libcudart.so.11.0: failed to load library 'libcudart.so.11.0' via callback 'DP_cudart_dlopen'
implib-gen: libcudart.so.11.0: failed to resolve symbol '__cudaRegisterFatBinary', library failed to load
implib-gen: libcudart.so.11.0: failed to load library 'libcudart.so.11.0' via callback 'DP_cudart_dlopen'
implib-gen: libcudart.so.11.0: failed to resolve symbol '__cudaRegisterFunction', library failed to load
implib-gen: libcudart.so.11.0: failed to load library 'libcudart.so.11.0' via callback 'DP_cudart_dlopen'
implib-gen: libcudart.so.11.0: failed to resolve symbol '__cudaRegisterFatBinaryEnd', library failed to load
2025-03-15 02:24:00.625846: I tensorflow/tsl/cuda/cudart_stub.cc:28] Could not find cuda drivers on your machine, GPU will not be used.
[n2cn0325:1162052] MCW rank 60 bound to socket 1[core 112[hwt 0]]: [./././././././././././././././././././././././././././././././././././././././././././././././././././././././././././././././.][././././././././././././././././././././././././././././././././././././././././././././././././B/././././././././././././././.]
[n2cn0325:1162052] MCW rank 60 bound to socket 1[core 112[hwt 0]]: [./././././././././././././././././././././././././././././././././././././././././././././././././././././././././././././././.][././././././././././././././././././././././././././././././././././././././././././././././././B/././././././././././././././.]
[n2cn0325:1162049] MCW rank 57 bound to socket 1[core 100[hwt 0]]: [./././././././././././././././././././././././././././././././././././././././././././././././././././././././././././././././.][././././././././././././././././././././././././././././././././././././B/././././././././././././././././././././././././././.]
[n2cn0191.ab2021.local:3605331] MCW rank 20 bound to socket 1[core 80[hwt 0]]: [./././././././././././././././././././././././././././././././././././././././././././././././././././././././././././././././.][././././././././././././././././B/././././././././././././././././././././././././././././././././././././././././././././././.]
DeePMD-kit: Cannot find libcudart.so.11.0
implib-gen: libcudart.so.11.0: failed to load library 'libcudart.so.11.0' via callback 'DP_cudart_dlopen'
implib-gen: libcudart.so.11.0: failed to resolve symbol '__cudaRegisterFatBinary', library failed to load
implib-gen: libcudart.so.11.0: failed to load library 'libcudart.so.11.0' via callback 'DP_cudart_dlopen'
implib-gen: libcudart.so.11.0: failed to resolve symbol '__cudaRegisterFunction', library failed to load
implib-gen: libcudart.so.11.0: failed to load library 'libcudart.so.11.0' via callback 'DP_cudart_dlopen'
implib-gen: libcudart.so.11.0: failed to resolve symbol '__cudaRegisterFatBinaryEnd', library failed to load
[n2cn0325:1162049] MCW rank 57 bound to socket 1[core 100[hwt 0]]: [./././././././././././././././././././././././././././././././././././././././././././././././././././././././././././././././.][././././././././././././././././././././././././././././././././././././B/././././././././././././././././././././././././././.]
[n2cn0191.ab2021.local:3605331] MCW rank 20 bound to socket 1[core 80[hwt 0]]: [./././././././././././././././././././././././././././././././././././././././././././././././././././././././././././././././.][././././././././././././././././B/././././././././././././././././././././././././././././././././././././././././././././././.]
[n2cn0325:1162038] MCW rank 46 bound to socket 0[core 56[hwt 0]]: [././././././././././././././././././././././././././././././././././././././././././././././././././././././././B/././././././.][./././././././././././././././././././././././././././././././././././././././././././././././././././././././././././././././.]
[n2cn0325:1162038] MCW rank 46 bound to socket 0[core 56[hwt 0]]: [././././././././././././././././././././././././././././././././././././././././././././././././././././././././B/././././././.][./././././././././././././././././././././././././././././././././././././././././././././././././././././././././././././././.]
DeePMD-kit: Cannot find libcudart.so.11.0
DeePMD-kit: Cannot find libcudart.so.11.0
implib-gen: libcudart.so.11.0: failed to load library 'libcudart.so.11.0' via callback 'DP_cudart_dlopen'
implib-gen: libcudart.so.11.0: failed to resolve symbol '__cudaRegisterFatBinary', library failed to load
implib-gen: libcudart.so.11.0: failed to load library 'libcudart.so.11.0' via callback 'DP_cudart_dlopen'
implib-gen: libcudart.so.11.0: failed to resolve symbol '__cudaRegisterFatBinary', library failed to load
implib-gen: libcudart.so.11.0: failed to load library 'libcudart.so.11.0' via callback 'DP_cudart_dlopen'
implib-gen: libcudart.so.11.0: failed to resolve symbol '__cudaRegisterFunction', library failed to load
implib-gen: libcudart.so.11.0: failed to load library 'libcudart.so.11.0' via callback 'DP_cudart_dlopen'
implib-gen: libcudart.so.11.0: failed to resolve symbol '__cudaRegisterFatBinaryEnd', library failed to load
implib-gen: libcudart.so.11.0: failed to load library 'libcudart.so.11.0' via callback 'DP_cudart_dlopen'
implib-gen: libcudart.so.11.0: failed to resolve symbol '__cudaRegisterFunction', library failed to load
implib-gen: libcudart.so.11.0: failed to load library 'libcudart.so.11.0' via callback 'DP_cudart_dlopen'
implib-gen: libcudart.so.11.0: failed to resolve symbol '__cudaRegisterFatBinaryEnd', library failed to load
DeePMD-kit: Cannot find libcudart.so.11.0
implib-gen: libcudart.so.11.0: failed to load library 'libcudart.so.11.0' via callback 'DP_cudart_dlopen'
implib-gen: libcudart.so.11.0: failed to resolve symbol '__cudaRegisterFatBinary', library failed to load
implib-gen: libcudart.so.11.0: failed to load library 'libcudart.so.11.0' via callback 'DP_cudart_dlopen'
implib-gen: libcudart.so.11.0: failed to resolve symbol '__cudaRegisterFunction', library failed to load
implib-gen: libcudart.so.11.0: failed to load library 'libcudart.so.11.0' via callback 'DP_cudart_dlopen'
implib-gen: libcudart.so.11.0: failed to resolve symbol '__cudaRegisterFatBinaryEnd', library failed to load
2025-03-15 02:24:00.633561: I tensorflow/tsl/cuda/cudart_stub.cc:28] Could not find cuda drivers on your machine, GPU will not be used.
2025-03-15 02:24:00.640192: I tensorflow/tsl/cuda/cudart_stub.cc:28] Could not find cuda drivers on your machine, GPU will not be used.
[n2cn0191.ab2021.local:3605333] MCW rank 22 bound to socket 1[core 88[hwt 0]]: [./././././././././././././././././././././././././././././././././././././././././././././././././././././././././././././././.][././././././././././././././././././././././././B/././././././././././././././././././././././././././././././././././././././.]
2025-03-15 02:24:00.640421: E tensorflow/compiler/xla/stream_executor/cuda/cuda_dnn.cc:9342] Unable to register cuDNN factory: Attempting to register factory for plugin cuDNN when one has already been registered
2025-03-15 02:24:00.640444: E tensorflow/compiler/xla/stream_executor/cuda/cuda_fft.cc:609] Unable to register cuFFT factory: Attempting to register factory for plugin cuFFT when one has already been registered
2025-03-15 02:24:00.640470: E tensorflow/compiler/xla/stream_executor/cuda/cuda_blas.cc:1518] Unable to register cuBLAS factory: Attempting to register factory for plugin cuBLAS when one has already been registered
2025-03-15 02:24:00.640420: E tensorflow/compiler/xla/stream_executor/cuda/cuda_dnn.cc:9342] Unable to register cuDNN factory: Attempting to register factory for plugin cuDNN when one has already been registered
2025-03-15 02:24:00.640444: E tensorflow/compiler/xla/stream_executor/cuda/cuda_fft.cc:609] Unable to register cuFFT factory: Attempting to register factory for plugin cuFFT when one has already been registered
2025-03-15 02:24:00.640467: E tensorflow/compiler/xla/stream_executor/cuda/cuda_blas.cc:1518] Unable to register cuBLAS factory: Attempting to register factory for plugin cuBLAS when one has already been registered
[n2cn0191.ab2021.local:3605333] MCW rank 22 bound to socket 1[core 88[hwt 0]]: [./././././././././././././././././././././././././././././././././././././././././././././././././././././././././././././././.][././././././././././././././././././././././././B/././././././././././././././././././././././././././././././././././././././.]
2025-03-15 02:24:00.640587: E tensorflow/compiler/xla/stream_executor/cuda/cuda_dnn.cc:9342] Unable to register cuDNN factory: Attempting to register factory for plugin cuDNN when one has already been registered
2025-03-15 02:24:00.640607: E tensorflow/compiler/xla/stream_executor/cuda/cuda_fft.cc:609] Unable to register cuFFT factory: Attempting to register factory for plugin cuFFT when one has already been registered
2025-03-15 02:24:00.640631: E tensorflow/compiler/xla/stream_executor/cuda/cuda_blas.cc:1518] Unable to register cuBLAS factory: Attempting to register factory for plugin cuBLAS when one has already been registered
2025-03-15 02:24:00.640898: I tensorflow/tsl/cuda/cudart_stub.cc:28] Could not find cuda drivers on your machine, GPU will not be used.
[n2cn0191.ab2021.local:3605334] MCW rank 23 bound to socket 1[core 92[hwt 0]]: [./././././././././././././././././././././././././././././././././././././././././././././././././././././././././././././././.][././././././././././././././././././././././././././././B/././././././././././././././././././././././././././././././././././.]
[n2cn0191.ab2021.local:3605334] MCW rank 23 bound to socket 1[core 92[hwt 0]]: [./././././././././././././././././././././././././././././././././././././././././././././././././././././././././././././././.][././././././././././././././././././././././././././././B/././././././././././././././././././././././././././././././././././.]
[n2cn0191.ab2021.local:3605320] MCW rank 9 bound to socket 0[core 36[hwt 0]]: [././././././././././././././././././././././././././././././././././././B/././././././././././././././././././././././././././.][./././././././././././././././././././././././././././././././././././././././././././././././././././././././././././././././.]
[n2cn0191.ab2021.local:3605320] MCW rank 9 bound to socket 0[core 36[hwt 0]]: [././././././././././././././././././././././././././././././././././././B/././././././././././././././././././././././././././.][./././././././././././././././././././././././././././././././././././././././././././././././././././././././././././././././.]
[n2cn0191.ab2021.local:3605326] MCW rank 15 bound to socket 0[core 60[hwt 0]]: [././././././././././././././././././././././././././././././././././././././././././././././././././././././././././././B/././.][./././././././././././././././././././././././././././././././././././././././././././././././././././././././././././././././.]
[n2cn0191.ab2021.local:3605326] MCW rank 15 bound to socket 0[core 60[hwt 0]]: [././././././././././././././././././././././././././././././././././././././././././././././././././././././././././././B/././.][./././././././././././././././././././././././././././././././././././././././././././././././././././././././././././././././.]
2025-03-15 02:24:00.647477: I tensorflow/tsl/cuda/cudart_stub.cc:28] Could not find cuda drivers on your machine, GPU will not be used.
2025-03-15 02:24:00.649094: I tensorflow/tsl/cuda/cudart_stub.cc:28] Could not find cuda drivers on your machine, GPU will not be used.
2025-03-15 02:24:00.649098: I tensorflow/tsl/cuda/cudart_stub.cc:28] Could not find cuda drivers on your machine, GPU will not be used.
DeePMD-kit: Cannot find libcudart.so.11.0
implib-gen: libcudart.so.11.0: failed to load library 'libcudart.so.11.0' via callback 'DP_cudart_dlopen'
implib-gen: libcudart.so.11.0: failed to resolve symbol '__cudaRegisterFatBinary', library failed to load
implib-gen: libcudart.so.11.0: failed to load library 'libcudart.so.11.0' via callback 'DP_cudart_dlopen'
implib-gen: libcudart.so.11.0: failed to resolve symbol '__cudaRegisterFunction', library failed to load
implib-gen: libcudart.so.11.0: failed to load library 'libcudart.so.11.0' via callback 'DP_cudart_dlopen'
implib-gen: libcudart.so.11.0: failed to resolve symbol '__cudaRegisterFatBinaryEnd', library failed to load
DeePMD-kit: Cannot find libcudart.so.11.0
implib-gen: libcudart.so.11.0: failed to load library 'libcudart.so.11.0' via callback 'DP_cudart_dlopen'
implib-gen: libcudart.so.11.0: failed to resolve symbol '__cudaRegisterFatBinary', library failed to load
implib-gen: libcudart.so.11.0: failed to load library 'libcudart.so.11.0' via callback 'DP_cudart_dlopen'
implib-gen: libcudart.so.11.0: failed to resolve symbol '__cudaRegisterFunction', library failed to load
implib-gen: libcudart.so.11.0: failed to load library 'libcudart.so.11.0' via callback 'DP_cudart_dlopen'
implib-gen: libcudart.so.11.0: failed to resolve symbol '__cudaRegisterFatBinaryEnd', library failed to load
DeePMD-kit: Cannot find libcudart.so.11.0
implib-gen: libcudart.so.11.0: failed to load library 'libcudart.so.11.0' via callback 'DP_cudart_dlopen'
implib-gen: libcudart.so.11.0: failed to resolve symbol '__cudaRegisterFatBinary', library failed to load
implib-gen: libcudart.so.11.0: failed to load library 'libcudart.so.11.0' via callback 'DP_cudart_dlopen'
implib-gen: libcudart.so.11.0: failed to resolve symbol '__cudaRegisterFunction', library failed to load
implib-gen: libcudart.so.11.0: failed to load library 'libcudart.so.11.0' via callback 'DP_cudart_dlopen'
implib-gen: libcudart.so.11.0: failed to resolve symbol '__cudaRegisterFatBinaryEnd', library failed to load
2025-03-15 02:24:00.650159: E tensorflow/compiler/xla/stream_executor/cuda/cuda_dnn.cc:9342] Unable to register cuDNN factory: Attempting to register factory for plugin cuDNN when one has already been registered
2025-03-15 02:24:00.650177: E tensorflow/compiler/xla/stream_executor/cuda/cuda_fft.cc:609] Unable to register cuFFT factory: Attempting to register factory for plugin cuFFT when one has already been registered
2025-03-15 02:24:00.650207: E tensorflow/compiler/xla/stream_executor/cuda/cuda_blas.cc:1518] Unable to register cuBLAS factory: Attempting to register factory for plugin cuBLAS when one has already been registered
2025-03-15 02:24:00.654411: E tensorflow/compiler/xla/stream_executor/cuda/cuda_dnn.cc:9342] Unable to register cuDNN factory: Attempting to register factory for plugin cuDNN when one has already been registered
2025-03-15 02:24:00.654429: E tensorflow/compiler/xla/stream_executor/cuda/cuda_fft.cc:609] Unable to register cuFFT factory: Attempting to register factory for plugin cuFFT when one has already been registered
2025-03-15 02:24:00.654453: E tensorflow/compiler/xla/stream_executor/cuda/cuda_blas.cc:1518] Unable to register cuBLAS factory: Attempting to register factory for plugin cuBLAS when one has already been registered
2025-03-15 02:24:00.655641: I tensorflow/tsl/cuda/cudart_stub.cc:28] Could not find cuda drivers on your machine, GPU will not be used.
2025-03-15 02:24:00.655637: I tensorflow/tsl/cuda/cudart_stub.cc:28] Could not find cuda drivers on your machine, GPU will not be used.
DeePMD-kit: Cannot find libcudart.so.11.0
implib-gen: libcudart.so.11.0: failed to load library 'libcudart.so.11.0' via callback 'DP_cudart_dlopen'
implib-gen: libcudart.so.11.0: failed to resolve symbol '__cudaRegisterFatBinary', library failed to load
implib-gen: libcudart.so.11.0: failed to load library 'libcudart.so.11.0' via callback 'DP_cudart_dlopen'
implib-gen: libcudart.so.11.0: failed to resolve symbol '__cudaRegisterFunction', library failed to load
implib-gen: libcudart.so.11.0: failed to load library 'libcudart.so.11.0' via callback 'DP_cudart_dlopen'
implib-gen: libcudart.so.11.0: failed to resolve symbol '__cudaRegisterFatBinaryEnd', library failed to load
2025-03-15 02:24:00.661876: E tensorflow/compiler/xla/stream_executor/cuda/cuda_dnn.cc:9342] Unable to register cuDNN factory: Attempting to register factory for plugin cuDNN when one has already been registered
2025-03-15 02:24:00.661893: E tensorflow/compiler/xla/stream_executor/cuda/cuda_fft.cc:609] Unable to register cuFFT factory: Attempting to register factory for plugin cuFFT when one has already been registered
2025-03-15 02:24:00.661918: E tensorflow/compiler/xla/stream_executor/cuda/cuda_blas.cc:1518] Unable to register cuBLAS factory: Attempting to register factory for plugin cuBLAS when one has already been registered
DeePMD-kit: Cannot find libcudart.so.11.0
implib-gen: libcudart.so.11.0: failed to load library 'libcudart.so.11.0' via callback 'DP_cudart_dlopen'
implib-gen: libcudart.so.11.0: failed to resolve symbol '__cudaRegisterFatBinary', library failed to load
implib-gen: libcudart.so.11.0: failed to load library 'libcudart.so.11.0' via callback 'DP_cudart_dlopen'
implib-gen: libcudart.so.11.0: failed to resolve symbol '__cudaRegisterFunction', library failed to load
implib-gen: libcudart.so.11.0: failed to load library 'libcudart.so.11.0' via callback 'DP_cudart_dlopen'
implib-gen: libcudart.so.11.0: failed to resolve symbol '__cudaRegisterFatBinaryEnd', library failed to load
2025-03-15 02:24:00.667786: I tensorflow/tsl/cuda/cudart_stub.cc:28] Could not find cuda drivers on your machine, GPU will not be used.
2025-03-15 02:24:00.668268: E tensorflow/compiler/xla/stream_executor/cuda/cuda_dnn.cc:9342] Unable to register cuDNN factory: Attempting to register factory for plugin cuDNN when one has already been registered
2025-03-15 02:24:00.668286: E tensorflow/compiler/xla/stream_executor/cuda/cuda_fft.cc:609] Unable to register cuFFT factory: Attempting to register factory for plugin cuFFT when one has already been registered
2025-03-15 02:24:00.668309: E tensorflow/compiler/xla/stream_executor/cuda/cuda_blas.cc:1518] Unable to register cuBLAS factory: Attempting to register factory for plugin cuBLAS when one has already been registered
2025-03-15 02:24:00.669613: E tensorflow/compiler/xla/stream_executor/cuda/cuda_dnn.cc:9342] Unable to register cuDNN factory: Attempting to register factory for plugin cuDNN when one has already been registered
2025-03-15 02:24:00.669632: E tensorflow/compiler/xla/stream_executor/cuda/cuda_fft.cc:609] Unable to register cuFFT factory: Attempting to register factory for plugin cuFFT when one has already been registered
2025-03-15 02:24:00.669662: E tensorflow/compiler/xla/stream_executor/cuda/cuda_blas.cc:1518] Unable to register cuBLAS factory: Attempting to register factory for plugin cuBLAS when one has already been registered
DeePMD-kit: Cannot find libcudart.so.11.0
implib-gen: libcudart.so.11.0: failed to load library 'libcudart.so.11.0' via callback 'DP_cudart_dlopen'
implib-gen: libcudart.so.11.0: failed to resolve symbol '__cudaRegisterFatBinary', library failed to load
implib-gen: libcudart.so.11.0: failed to load library 'libcudart.so.11.0' via callback 'DP_cudart_dlopen'
implib-gen: libcudart.so.11.0: failed to resolve symbol '__cudaRegisterFunction', library failed to load
implib-gen: libcudart.so.11.0: failed to load library 'libcudart.so.11.0' via callback 'DP_cudart_dlopen'
implib-gen: libcudart.so.11.0: failed to resolve symbol '__cudaRegisterFatBinaryEnd', library failed to load
2025-03-15 02:24:00.675885: E tensorflow/compiler/xla/stream_executor/cuda/cuda_dnn.cc:9342] Unable to register cuDNN factory: Attempting to register factory for plugin cuDNN when one has already been registered
2025-03-15 02:24:00.675905: E tensorflow/compiler/xla/stream_executor/cuda/cuda_fft.cc:609] Unable to register cuFFT factory: Attempting to register factory for plugin cuFFT when one has already been registered
2025-03-15 02:24:00.675934: E tensorflow/compiler/xla/stream_executor/cuda/cuda_blas.cc:1518] Unable to register cuBLAS factory: Attempting to register factory for plugin cuBLAS when one has already been registered
2025-03-15 02:24:00.676769: E tensorflow/compiler/xla/stream_executor/cuda/cuda_dnn.cc:9342] Unable to register cuDNN factory: Attempting to register factory for plugin cuDNN when one has already been registered
2025-03-15 02:24:00.676790: E tensorflow/compiler/xla/stream_executor/cuda/cuda_fft.cc:609] Unable to register cuFFT factory: Attempting to register factory for plugin cuFFT when one has already been registered
2025-03-15 02:24:00.676821: E tensorflow/compiler/xla/stream_executor/cuda/cuda_blas.cc:1518] Unable to register cuBLAS factory: Attempting to register factory for plugin cuBLAS when one has already been registered
2025-03-15 02:24:00.676769: E tensorflow/compiler/xla/stream_executor/cuda/cuda_dnn.cc:9342] Unable to register cuDNN factory: Attempting to register factory for plugin cuDNN when one has already been registered
2025-03-15 02:24:00.676790: E tensorflow/compiler/xla/stream_executor/cuda/cuda_fft.cc:609] Unable to register cuFFT factory: Attempting to register factory for plugin cuFFT when one has already been registered
2025-03-15 02:24:00.676818: E tensorflow/compiler/xla/stream_executor/cuda/cuda_blas.cc:1518] Unable to register cuBLAS factory: Attempting to register factory for plugin cuBLAS when one has already been registered
DeePMD-kit: Cannot find libcudart.so.11.0
implib-gen: libcudart.so.11.0: failed to load library 'libcudart.so.11.0' via callback 'DP_cudart_dlopen'
implib-gen: libcudart.so.11.0: failed to resolve symbol '__cudaRegisterFatBinary', library failed to load
implib-gen: libcudart.so.11.0: failed to load library 'libcudart.so.11.0' via callback 'DP_cudart_dlopen'
implib-gen: libcudart.so.11.0: failed to resolve symbol '__cudaRegisterFunction', library failed to load
implib-gen: libcudart.so.11.0: failed to load library 'libcudart.so.11.0' via callback 'DP_cudart_dlopen'
implib-gen: libcudart.so.11.0: failed to resolve symbol '__cudaRegisterFatBinaryEnd', library failed to load
DeePMD-kit: Cannot find libcudart.so.11.0
implib-gen: libcudart.so.11.0: failed to load library 'libcudart.so.11.0' via callback 'DP_cudart_dlopen'
implib-gen: libcudart.so.11.0: failed to resolve symbol '__cudaRegisterFatBinary', library failed to load
implib-gen: libcudart.so.11.0: failed to load library 'libcudart.so.11.0' via callback 'DP_cudart_dlopen'
implib-gen: libcudart.so.11.0: failed to resolve symbol '__cudaRegisterFunction', library failed to load
implib-gen: libcudart.so.11.0: failed to load library 'libcudart.so.11.0' via callback 'DP_cudart_dlopen'
implib-gen: libcudart.so.11.0: failed to resolve symbol '__cudaRegisterFatBinaryEnd', library failed to load
2025-03-15 02:24:00.679624: I tensorflow/tsl/cuda/cudart_stub.cc:28] Could not find cuda drivers on your machine, GPU will not be used.
2025-03-15 02:24:00.683601: E tensorflow/compiler/xla/stream_executor/cuda/cuda_dnn.cc:9342] Unable to register cuDNN factory: Attempting to register factory for plugin cuDNN when one has already been registered
2025-03-15 02:24:00.683620: E tensorflow/compiler/xla/stream_executor/cuda/cuda_fft.cc:609] Unable to register cuFFT factory: Attempting to register factory for plugin cuFFT when one has already been registered
2025-03-15 02:24:00.683646: E tensorflow/compiler/xla/stream_executor/cuda/cuda_blas.cc:1518] Unable to register cuBLAS factory: Attempting to register factory for plugin cuBLAS when one has already been registered
2025-03-15 02:24:00.683605: E tensorflow/compiler/xla/stream_executor/cuda/cuda_dnn.cc:9342] Unable to register cuDNN factory: Attempting to register factory for plugin cuDNN when one has already been registered
2025-03-15 02:24:00.683624: E tensorflow/compiler/xla/stream_executor/cuda/cuda_fft.cc:609] Unable to register cuFFT factory: Attempting to register factory for plugin cuFFT when one has already been registered
2025-03-15 02:24:00.683645: E tensorflow/compiler/xla/stream_executor/cuda/cuda_blas.cc:1518] Unable to register cuBLAS factory: Attempting to register factory for plugin cuBLAS when one has already been registered
DeePMD-kit: Cannot find libcudart.so.11.0
implib-gen: libcudart.so.11.0: failed to load library 'libcudart.so.11.0' via callback 'DP_cudart_dlopen'
implib-gen: libcudart.so.11.0: failed to resolve symbol '__cudaRegisterFatBinary', library failed to load
implib-gen: libcudart.so.11.0: failed to load library 'libcudart.so.11.0' via callback 'DP_cudart_dlopen'
implib-gen: libcudart.so.11.0: failed to resolve symbol '__cudaRegisterFunction', library failed to load
implib-gen: libcudart.so.11.0: failed to load library 'libcudart.so.11.0' via callback 'DP_cudart_dlopen'
implib-gen: libcudart.so.11.0: failed to resolve symbol '__cudaRegisterFatBinaryEnd', library failed to load
DeePMD-kit: Cannot find libcudart.so.11.0
implib-gen: libcudart.so.11.0: failed to load library 'libcudart.so.11.0' via callback 'DP_cudart_dlopen'
implib-gen: libcudart.so.11.0: failed to resolve symbol '__cudaRegisterFatBinary', library failed to load
implib-gen: libcudart.so.11.0: failed to load library 'libcudart.so.11.0' via callback 'DP_cudart_dlopen'
implib-gen: libcudart.so.11.0: failed to resolve symbol '__cudaRegisterFunction', library failed to load
implib-gen: libcudart.so.11.0: failed to load library 'libcudart.so.11.0' via callback 'DP_cudart_dlopen'
implib-gen: libcudart.so.11.0: failed to resolve symbol '__cudaRegisterFatBinaryEnd', library failed to load
DeePMD-kit: Cannot find libcudart.so.11.0
implib-gen: libcudart.so.11.0: failed to load library 'libcudart.so.11.0' via callback 'DP_cudart_dlopen'
implib-gen: libcudart.so.11.0: failed to resolve symbol '__cudaRegisterFatBinary', library failed to load
implib-gen: libcudart.so.11.0: failed to load library 'libcudart.so.11.0' via callback 'DP_cudart_dlopen'
implib-gen: libcudart.so.11.0: failed to resolve symbol '__cudaRegisterFunction', library failed to load
implib-gen: libcudart.so.11.0: failed to load library 'libcudart.so.11.0' via callback 'DP_cudart_dlopen'
implib-gen: libcudart.so.11.0: failed to resolve symbol '__cudaRegisterFatBinaryEnd', library failed to load
DeePMD-kit: Cannot find libcudart.so.11.0
DeePMD-kit: Cannot find libcudart.so.11.0
implib-gen: libcudart.so.11.0: failed to load library 'libcudart.so.11.0' via callback 'DP_cudart_dlopen'
implib-gen: libcudart.so.11.0: failed to resolve symbol '__cudaRegisterFatBinary', library failed to load
implib-gen: libcudart.so.11.0: failed to load library 'libcudart.so.11.0' via callback 'DP_cudart_dlopen'
implib-gen: libcudart.so.11.0: failed to resolve symbol '__cudaRegisterFunction', library failed to load
implib-gen: libcudart.so.11.0: failed to load library 'libcudart.so.11.0' via callback 'DP_cudart_dlopen'
implib-gen: libcudart.so.11.0: failed to resolve symbol '__cudaRegisterFatBinaryEnd', library failed to load
implib-gen: libcudart.so.11.0: failed to load library 'libcudart.so.11.0' via callback 'DP_cudart_dlopen'
implib-gen: libcudart.so.11.0: failed to resolve symbol '__cudaRegisterFatBinary', library failed to load
implib-gen: libcudart.so.11.0: failed to load library 'libcudart.so.11.0' via callback 'DP_cudart_dlopen'
implib-gen: libcudart.so.11.0: failed to resolve symbol '__cudaRegisterFunction', library failed to load
implib-gen: libcudart.so.11.0: failed to load library 'libcudart.so.11.0' via callback 'DP_cudart_dlopen'
implib-gen: libcudart.so.11.0: failed to resolve symbol '__cudaRegisterFatBinaryEnd', library failed to load
2025-03-15 02:24:00.695687: E tensorflow/compiler/xla/stream_executor/cuda/cuda_dnn.cc:9342] Unable to register cuDNN factory: Attempting to register factory for plugin cuDNN when one has already been registered
2025-03-15 02:24:00.695707: E tensorflow/compiler/xla/stream_executor/cuda/cuda_fft.cc:609] Unable to register cuFFT factory: Attempting to register factory for plugin cuFFT when one has already been registered
2025-03-15 02:24:00.695731: E tensorflow/compiler/xla/stream_executor/cuda/cuda_blas.cc:1518] Unable to register cuBLAS factory: Attempting to register factory for plugin cuBLAS when one has already been registered
[n2cn0191.ab2021.local:3605322] MCW rank 11 bound to socket 0[core 44[hwt 0]]: [././././././././././././././././././././././././././././././././././././././././././././B/././././././././././././././././././.][./././././././././././././././././././././././././././././././././././././././././././././././././././././././././././././././.]
[n2cn0191.ab2021.local:3605322] MCW rank 11 bound to socket 0[core 44[hwt 0]]: [././././././././././././././././././././././././././././././././././././././././././././B/././././././././././././././././././.][./././././././././././././././././././././././././././././././././././././././././././././././././././././././././././././././.]
[n2cn0191.ab2021.local:3605321] MCW rank 10 bound to socket 0[core 40[hwt 0]]: [././././././././././././././././././././././././././././././././././././././././B/././././././././././././././././././././././.][./././././././././././././././././././././././././././././././././././././././././././././././././././././././././././././././.]
[n2cn0191.ab2021.local:3605321] MCW rank 10 bound to socket 0[core 40[hwt 0]]: [././././././././././././././././././././././././././././././././././././././././B/././././././././././././././././././././././.][./././././././././././././././././././././././././././././././././././././././././././././././././././././././././././././././.]
DeePMD-kit: Cannot find libcudart.so.11.0
implib-gen: libcudart.so.11.0: failed to load library 'libcudart.so.11.0' via callback 'DP_cudart_dlopen'
implib-gen: libcudart.so.11.0: failed to resolve symbol '__cudaRegisterFatBinary', library failed to load
implib-gen: libcudart.so.11.0: failed to load library 'libcudart.so.11.0' via callback 'DP_cudart_dlopen'
implib-gen: libcudart.so.11.0: failed to resolve symbol '__cudaRegisterFunction', library failed to load
implib-gen: libcudart.so.11.0: failed to load library 'libcudart.so.11.0' via callback 'DP_cudart_dlopen'
implib-gen: libcudart.so.11.0: failed to resolve symbol '__cudaRegisterFatBinaryEnd', library failed to load
[n2cn0191.ab2021.local:3605318] MCW rank 7 bound to socket 0[core 28[hwt 0]]: [././././././././././././././././././././././././././././B/././././././././././././././././././././././././././././././././././.][./././././././././././././././././././././././././././././././././././././././././././././././././././././././././././././././.]
[n2cn0191.ab2021.local:3605318] MCW rank 7 bound to socket 0[core 28[hwt 0]]: [././././././././././././././././././././././././././././B/././././././././././././././././././././././././././././././././././.][./././././././././././././././././././././././././././././././././././././././././././././././././././././././././././././././.]
[n2cn0191.ab2021.local:3605338] MCW rank 27 bound to socket 1[core 108[hwt 0]]: [./././././././././././././././././././././././././././././././././././././././././././././././././././././././././././././././.][././././././././././././././././././././././././././././././././././././././././././././B/././././././././././././././././././.]
[n2cn0191.ab2021.local:3605337] MCW rank 26 bound to socket 1[core 104[hwt 0]]: [./././././././././././././././././././././././././././././././././././././././././././././././././././././././././././././././.][././././././././././././././././././././././././././././././././././././././././B/././././././././././././././././././././././.]
[n2cn0191.ab2021.local:3605338] MCW rank 27 bound to socket 1[core 108[hwt 0]]: [./././././././././././././././././././././././././././././././././././././././././././././././././././././././././././././././.][././././././././././././././././././././././././././././././././././././././././././././B/././././././././././././././././././.]
[n2cn0191.ab2021.local:3605337] MCW rank 26 bound to socket 1[core 104[hwt 0]]: [./././././././././././././././././././././././././././././././././././././././././././././././././././././././././././././././.][././././././././././././././././././././././././././././././././././././././././B/././././././././././././././././././././././.]
2025-03-15 02:24:00.708094: E tensorflow/compiler/xla/stream_executor/cuda/cuda_dnn.cc:9342] Unable to register cuDNN factory: Attempting to register factory for plugin cuDNN when one has already been registered
2025-03-15 02:24:00.708112: E tensorflow/compiler/xla/stream_executor/cuda/cuda_fft.cc:609] Unable to register cuFFT factory: Attempting to register factory for plugin cuFFT when one has already been registered
2025-03-15 02:24:00.708139: E tensorflow/compiler/xla/stream_executor/cuda/cuda_blas.cc:1518] Unable to register cuBLAS factory: Attempting to register factory for plugin cuBLAS when one has already been registered
[n2cn0191.ab2021.local:3605325] MCW rank 14 bound to socket 0[core 56[hwt 0]]: [././././././././././././././././././././././././././././././././././././././././././././././././././././././././B/././././././.][./././././././././././././././././././././././././././././././././././././././././././././././././././././././././././././././.]
[n2cn0191.ab2021.local:3605325] MCW rank 14 bound to socket 0[core 56[hwt 0]]: [././././././././././././././././././././././././././././././././././././././././././././././././././././././././B/././././././.][./././././././././././././././././././././././././././././././././././././././././././././././././././././././././././././././.]
[n2cn0191.ab2021.local:3605329] MCW rank 18 bound to socket 1[core 72[hwt 0]]: [./././././././././././././././././././././././././././././././././././././././././././././././././././././././././././././././.][././././././././B/././././././././././././././././././././././././././././././././././././././././././././././././././././././.]
[n2cn0191.ab2021.local:3605319] MCW rank 8 bound to socket 0[core 32[hwt 0]]: [././././././././././././././././././././././././././././././././B/././././././././././././././././././././././././././././././.][./././././././././././././././././././././././././././././././././././././././././././././././././././././././././././././././.]
[n2cn0191.ab2021.local:3605329] MCW rank 18 bound to socket 1[core 72[hwt 0]]: [./././././././././././././././././././././././././././././././././././././././././././././././././././././././././././././././.][././././././././B/././././././././././././././././././././././././././././././././././././././././././././././././././././././.]
[n2cn0191.ab2021.local:3605319] MCW rank 8 bound to socket 0[core 32[hwt 0]]: [././././././././././././././././././././././././././././././././B/././././././././././././././././././././././././././././././.][./././././././././././././././././././././././././././././././././././././././././././././././././././././././././././././././.]
[n2cn0191.ab2021.local:3605332] MCW rank 21 bound to socket 1[core 84[hwt 0]]: [./././././././././././././././././././././././././././././././././././././././././././././././././././././././././././././././.][././././././././././././././././././././B/././././././././././././././././././././././././././././././././././././././././././.]
[n2cn0191.ab2021.local:3605332] MCW rank 21 bound to socket 1[core 84[hwt 0]]: [./././././././././././././././././././././././././././././././././././././././././././././././././././././././././././././././.][././././././././././././././././././././B/././././././././././././././././././././././././././././././././././././././././././.]
[n2cn0325:1162029] MCW rank 37 bound to socket 0[core 20[hwt 0]]: [././././././././././././././././././././B/././././././././././././././././././././././././././././././././././././././././././.][./././././././././././././././././././././././././././././././././././././././././././././././././././././././././././././././.]
[n2cn0325:1162029] MCW rank 37 bound to socket 0[core 20[hwt 0]]: [././././././././././././././././././././B/././././././././././././././././././././././././././././././././././././././././././.][./././././././././././././././././././././././././././././././././././././././././././././././././././././././././././././././.]
[n2cn0325:1162028] MCW rank 36 bound to socket 0[core 16[hwt 0]]: [././././././././././././././././B/././././././././././././././././././././././././././././././././././././././././././././././.][./././././././././././././././././././././././././././././././././././././././././././././././././././././././././././././././.]
[n2cn0325:1162028] MCW rank 36 bound to socket 0[core 16[hwt 0]]: [././././././././././././././././B/././././././././././././././././././././././././././././././././././././././././././././././.][./././././././././././././././././././././././././././././././././././././././././././././././././././././././././././././././.]
DeePMD-kit: Cannot find libcudart.so.11.0
implib-gen: libcudart.so.11.0: failed to load library 'libcudart.so.11.0' via callback 'DP_cudart_dlopen'
implib-gen: libcudart.so.11.0: failed to resolve symbol '__cudaRegisterFatBinary', library failed to load
implib-gen: libcudart.so.11.0: failed to load library 'libcudart.so.11.0' via callback 'DP_cudart_dlopen'
implib-gen: libcudart.so.11.0: failed to resolve symbol '__cudaRegisterFunction', library failed to load
implib-gen: libcudart.so.11.0: failed to load library 'libcudart.so.11.0' via callback 'DP_cudart_dlopen'
implib-gen: libcudart.so.11.0: failed to resolve symbol '__cudaRegisterFatBinaryEnd', library failed to load
[n2cn0191.ab2021.local:3605317] MCW rank 6 bound to socket 0[core 24[hwt 0]]: [././././././././././././././././././././././././B/././././././././././././././././././././././././././././././././././././././.][./././././././././././././././././././././././././././././././././././././././././././././././././././././././././././././././.]
[n2cn0191.ab2021.local:3605317] MCW rank 6 bound to socket 0[core 24[hwt 0]]: [././././././././././././././././././././././././B/././././././././././././././././././././././././././././././././././././././.][./././././././././././././././././././././././././././././././././././././././././././././././././././././././././././././././.]
[n2cn0325:1162046] MCW rank 54 bound to socket 1[core 88[hwt 0]]: [./././././././././././././././././././././././././././././././././././././././././././././././././././././././././././././././.][././././././././././././././././././././././././B/././././././././././././././././././././././././././././././././././././././.]
[n2cn0325:1162046] MCW rank 54 bound to socket 1[core 88[hwt 0]]: [./././././././././././././././././././././././././././././././././././././././././././././././././././././././././././././././.][././././././././././././././././././././././././B/././././././././././././././././././././././././././././././././././././././.]
[n2cn0191.ab2021.local:3605335] MCW rank 24 bound to socket 1[core 96[hwt 0]]: [./././././././././././././././././././././././././././././././././././././././././././././././././././././././././././././././.][././././././././././././././././././././././././././././././././B/././././././././././././././././././././././././././././././.]
[n2cn0191.ab2021.local:3605335] MCW rank 24 bound to socket 1[core 96[hwt 0]]: [./././././././././././././././././././././././././././././././././././././././././././././././././././././././././././././././.][././././././././././././././././././././././././././././././././B/././././././././././././././././././././././././././././././.]
[n2cn0325:1162039] MCW rank 47 bound to socket 0[core 60[hwt 0]]: [././././././././././././././././././././././././././././././././././././././././././././././././././././././././././././B/././.][./././././././././././././././././././././././././././././././././././././././././././././././././././././././././././././././.]
[n2cn0325:1162039] MCW rank 47 bound to socket 0[core 60[hwt 0]]: [././././././././././././././././././././././././././././././././././././././././././././././././././././././././././././B/././.][./././././././././././././././././././././././././././././././././././././././././././././././././././././././././././././././.]
[n2cn0325:1162041] MCW rank 49 bound to socket 1[core 68[hwt 0]]: [./././././././././././././././././././././././././././././././././././././././././././././././././././././././././././././././.][././././B/././././././././././././././././././././././././././././././././././././././././././././././././././././././././././.]
[n2cn0325:1162032] MCW rank 40 bound to socket 0[core 32[hwt 0]]: [././././././././././././././././././././././././././././././././B/././././././././././././././././././././././././././././././.][./././././././././././././././././././././././././././././././././././././././././././././././././././././././././././././././.]
[n2cn0325:1162043] MCW rank 51 bound to socket 1[core 76[hwt 0]]: [./././././././././././././././././././././././././././././././././././././././././././././././././././././././././././././././.][././././././././././././B/././././././././././././././././././././././././././././././././././././././././././././././././././.]
[n2cn0325:1162041] MCW rank 49 bound to socket 1[core 68[hwt 0]]: [./././././././././././././././././././././././././././././././././././././././././././././././././././././././././././././././.][././././B/././././././././././././././././././././././././././././././././././././././././././././././././././././././././././.]
[n2cn0325:1162032] MCW rank 40 bound to socket 0[core 32[hwt 0]]: [././././././././././././././././././././././././././././././././B/././././././././././././././././././././././././././././././.][./././././././././././././././././././././././././././././././././././././././././././././././././././././././././././././././.]
[n2cn0325:1162043] MCW rank 51 bound to socket 1[core 76[hwt 0]]: [./././././././././././././././././././././././././././././././././././././././././././././././././././././././././././././././.][././././././././././././B/././././././././././././././././././././././././././././././././././././././././././././././././././.]
[n2cn0325:1162055] MCW rank 63 bound to socket 1[core 124[hwt 0]]: [./././././././././././././././././././././././././././././././././././././././././././././././././././././././././././././././.][././././././././././././././././././././././././././././././././././././././././././././././././././././././././././././B/././.]
[n2cn0325:1162055] MCW rank 63 bound to socket 1[core 124[hwt 0]]: [./././././././././././././././././././././././././././././././././././././././././././././././././././././././././././././././.][././././././././././././././././././././././././././././././././././././././././././././././././././././././././././././B/././.]
[n2cn0325:1162053] MCW rank 61 bound to socket 1[core 116[hwt 0]]: [./././././././././././././././././././././././././././././././././././././././././././././././././././././././././././././././.][././././././././././././././././././././././././././././././././././././././././././././././././././././B/././././././././././.]
[n2cn0325:1162053] MCW rank 61 bound to socket 1[core 116[hwt 0]]: [./././././././././././././././././././././././././././././././././././././././././././././././././././././././././././././././.][././././././././././././././././././././././././././././././././././././././././././././././././././././B/././././././././././.]
[n2cn0191.ab2021.local:3605336] MCW rank 25 bound to socket 1[core 100[hwt 0]]: [./././././././././././././././././././././././././././././././././././././././././././././././././././././././././././././././.][././././././././././././././././././././././././././././././././././././B/././././././././././././././././././././././././././.]
[n2cn0191.ab2021.local:3605336] MCW rank 25 bound to socket 1[core 100[hwt 0]]: [./././././././././././././././././././././././././././././././././././././././././././././././././././././././././././././././.][././././././././././././././././././././././././././././././././././././B/././././././././././././././././././././././././././.]
[n2cn0191.ab2021.local:3605340] MCW rank 29 bound to socket 1[core 116[hwt 0]]: [./././././././././././././././././././././././././././././././././././././././././././././././././././././././././././././././.][././././././././././././././././././././././././././././././././././././././././././././././././././././B/././././././././././.]
[n2cn0191.ab2021.local:3605339] MCW rank 28 bound to socket 1[core 112[hwt 0]]: [./././././././././././././././././././././././././././././././././././././././././././././././././././././././././././././././.][././././././././././././././././././././././././././././././././././././././././././././././././B/././././././././././././././.]
[n2cn0191.ab2021.local:3605324] MCW rank 13 bound to socket 0[core 52[hwt 0]]: [././././././././././././././././././././././././././././././././././././././././././././././././././././B/././././././././././.][./././././././././././././././././././././././././././././././././././././././././././././././././././././././././././././././.]
[n2cn0191.ab2021.local:3605330] MCW rank 19 bound to socket 1[core 76[hwt 0]]: [./././././././././././././././././././././././././././././././././././././././././././././././././././././././././././././././.][././././././././././././B/././././././././././././././././././././././././././././././././././././././././././././././././././.]
[n2cn0191.ab2021.local:3605340] MCW rank 29 bound to socket 1[core 116[hwt 0]]: [./././././././././././././././././././././././././././././././././././././././././././././././././././././././././././././././.][././././././././././././././././././././././././././././././././././././././././././././././././././././B/././././././././././.]
[n2cn0191.ab2021.local:3605339] MCW rank 28 bound to socket 1[core 112[hwt 0]]: [./././././././././././././././././././././././././././././././././././././././././././././././././././././././././././././././.][././././././././././././././././././././././././././././././././././././././././././././././././B/././././././././././././././.]
[n2cn0191.ab2021.local:3605324] MCW rank 13 bound to socket 0[core 52[hwt 0]]: [././././././././././././././././././././././././././././././././././././././././././././././././././././B/././././././././././.][./././././././././././././././././././././././././././././././././././././././././././././././././././././././././././././././.]
[n2cn0191.ab2021.local:3605330] MCW rank 19 bound to socket 1[core 76[hwt 0]]: [./././././././././././././././././././././././././././././././././././././././././././././././././././././././././././././././.][././././././././././././B/././././././././././././././././././././././././././././././././././././././././././././././././././.]
[n2cn0191.ab2021.local:3605341] MCW rank 30 bound to socket 1[core 120[hwt 0]]: [./././././././././././././././././././././././././././././././././././././././././././././././././././././././././././././././.][././././././././././././././././././././././././././././././././././././././././././././././././././././././././B/././././././.]
[n2cn0191.ab2021.local:3605341] MCW rank 30 bound to socket 1[core 120[hwt 0]]: [./././././././././././././././././././././././././././././././././././././././././././././././././././././././././././././././.][././././././././././././././././././././././././././././././././././././././././././././././././././././././././B/././././././.]
[n2cn0191.ab2021.local:3605311] MCW rank 0 bound to socket 0[core 0[hwt 0]]: [B/././././././././././././././././././././././././././././././././././././././././././././././././././././././././././././././.][./././././././././././././././././././././././././././././././././././././././././././././././././././././././././././././././.]
[n2cn0191.ab2021.local:3605311] MCW rank 0 bound to socket 0[core 0[hwt 0]]: [B/././././././././././././././././././././././././././././././././././././././././././././././././././././././././././././././.][./././././././././././././././././././././././././././././././././././././././././././././././././././././././././././././././.]
[n2cn0191.ab2021.local:3605313] MCW rank 2 bound to socket 0[core 8[hwt 0]]: [././././././././B/././././././././././././././././././././././././././././././././././././././././././././././././././././././.][./././././././././././././././././././././././././././././././././././././././././././././././././././././././././././././././.]
[n2cn0191.ab2021.local:3605313] MCW rank 2 bound to socket 0[core 8[hwt 0]]: [././././././././B/././././././././././././././././././././././././././././././././././././././././././././././././././././././.][./././././././././././././././././././././././././././././././././././././././././././././././././././././././././././././././.]
[n2cn0191.ab2021.local:3605314] MCW rank 3 bound to socket 0[core 12[hwt 0]]: [././././././././././././B/././././././././././././././././././././././././././././././././././././././././././././././././././.][./././././././././././././././././././././././././././././././././././././././././././././././././././././././././././././././.]
[n2cn0191.ab2021.local:3605314] MCW rank 3 bound to socket 0[core 12[hwt 0]]: [././././././././././././B/././././././././././././././././././././././././././././././././././././././././././././././././././.][./././././././././././././././././././././././././././././././././././././././././././././././././././././././././././././././.]
[n2cn0325:1162031] MCW rank 39 bound to socket 0[core 28[hwt 0]]: [././././././././././././././././././././././././././././B/././././././././././././././././././././././././././././././././././.][./././././././././././././././././././././././././././././././././././././././././././././././././././././././././././././././.]
[n2cn0325:1162031] MCW rank 39 bound to socket 0[core 28[hwt 0]]: [././././././././././././././././././././././././././././B/././././././././././././././././././././././././././././././././././.][./././././././././././././././././././././././././././././././././././././././././././././././././././././././././././././././.]
[n2cn0325:1162030] MCW rank 38 bound to socket 0[core 24[hwt 0]]: [././././././././././././././././././././././././B/././././././././././././././././././././././././././././././././././././././.][./././././././././././././././././././././././././././././././././././././././././././././././././././././././././././././././.]
[n2cn0325:1162030] MCW rank 38 bound to socket 0[core 24[hwt 0]]: [././././././././././././././././././././././././B/././././././././././././././././././././././././././././././././././././././.][./././././././././././././././././././././././././././././././././././././././././././././././././././././././././././././././.]
[n2cn0325:1162035] MCW rank 43 bound to socket 0[core 44[hwt 0]]: [././././././././././././././././././././././././././././././././././././././././././././B/././././././././././././././././././.][./././././././././././././././././././././././././././././././././././././././././././././././././././././././././././././././.]
[n2cn0325:1162035] MCW rank 43 bound to socket 0[core 44[hwt 0]]: [././././././././././././././././././././././././././././././././././././././././././././B/././././././././././././././././././.][./././././././././././././././././././././././././././././././././././././././././././././././././././././././././././././././.]
[n2cn0325:1162036] MCW rank 44 bound to socket 0[core 48[hwt 0]]: [././././././././././././././././././././././././././././././././././././././././././././././././B/././././././././././././././.][./././././././././././././././././././././././././././././././././././././././././././././././././././././././././././././././.]
[n2cn0325:1162036] MCW rank 44 bound to socket 0[core 48[hwt 0]]: [././././././././././././././././././././././././././././././././././././././././././././././././B/././././././././././././././.][./././././././././././././././././././././././././././././././././././././././././././././././././././././././././././././././.]
[n2cn0325:1162033] MCW rank 41 bound to socket 0[core 36[hwt 0]]: [././././././././././././././././././././././././././././././././././././B/././././././././././././././././././././././././././.][./././././././././././././././././././././././././././././././././././././././././././././././././././././././././././././././.]
[n2cn0325:1162033] MCW rank 41 bound to socket 0[core 36[hwt 0]]: [././././././././././././././././././././././././././././././././././././B/././././././././././././././././././././././././././.][./././././././././././././././././././././././././././././././././././././././././././././././././././././././././././././././.]
[n2cn0325:1162034] MCW rank 42 bound to socket 0[core 40[hwt 0]]: [././././././././././././././././././././././././././././././././././././././././B/././././././././././././././././././././././.][./././././././././././././././././././././././././././././././././././././././././././././././././././././././././././././././.]
[n2cn0325:1162037] MCW rank 45 bound to socket 0[core 52[hwt 0]]: [././././././././././././././././././././././././././././././././././././././././././././././././././././B/././././././././././.][./././././././././././././././././././././././././././././././././././././././././././././././././././././././././././././././.]
[n2cn0325:1162042] MCW rank 50 bound to socket 1[core 72[hwt 0]]: [./././././././././././././././././././././././././././././././././././././././././././././././././././././././././././././././.][././././././././B/././././././././././././././././././././././././././././././././././././././././././././././././././././././.]
[n2cn0325:1162034] MCW rank 42 bound to socket 0[core 40[hwt 0]]: [././././././././././././././././././././././././././././././././././././././././B/././././././././././././././././././././././.][./././././././././././././././././././././././././././././././././././././././././././././././././././././././././././././././.]
[n2cn0325:1162037] MCW rank 45 bound to socket 0[core 52[hwt 0]]: [././././././././././././././././././././././././././././././././././././././././././././././././././././B/././././././././././.][./././././././././././././././././././././././././././././././././././././././././././././././././././././././././././././././.]
[n2cn0325:1162048] MCW rank 56 bound to socket 1[core 96[hwt 0]]: [./././././././././././././././././././././././././././././././././././././././././././././././././././././././././././././././.][././././././././././././././././././././././././././././././././B/././././././././././././././././././././././././././././././.]
[n2cn0325:1162042] MCW rank 50 bound to socket 1[core 72[hwt 0]]: [./././././././././././././././././././././././././././././././././././././././././././././././././././././././././././././././.][././././././././B/././././././././././././././././././././././././././././././././././././././././././././././././././././././.]
[n2cn0325:1162048] MCW rank 56 bound to socket 1[core 96[hwt 0]]: [./././././././././././././././././././././././././././././././././././././././././././././././././././././././././././././././.][././././././././././././././././././././././././././././././././B/././././././././././././././././././././././././././././././.]
[n2cn0325:1162050] MCW rank 58 bound to socket 1[core 104[hwt 0]]: [./././././././././././././././././././././././././././././././././././././././././././././././././././././././././././././././.][././././././././././././././././././././././././././././././././././././././././B/././././././././././././././././././././././.]
[n2cn0325:1162051] MCW rank 59 bound to socket 1[core 108[hwt 0]]: [./././././././././././././././././././././././././././././././././././././././././././././././././././././././././././././././.][././././././././././././././././././././././././././././././././././././././././././././B/././././././././././././././././././.]
[n2cn0325:1162054] MCW rank 62 bound to socket 1[core 120[hwt 0]]: [./././././././././././././././././././././././././././././././././././././././././././././././././././././././././././././././.][././././././././././././././././././././././././././././././././././././././././././././././././././././././././B/././././././.]
[n2cn0325:1162044] MCW rank 52 bound to socket 1[core 80[hwt 0]]: [./././././././././././././././././././././././././././././././././././././././././././././././././././././././././././././././.][././././././././././././././././B/././././././././././././././././././././././././././././././././././././././././././././././.]
[n2cn0325:1162045] MCW rank 53 bound to socket 1[core 84[hwt 0]]: [./././././././././././././././././././././././././././././././././././././././././././././././././././././././././././././././.][././././././././././././././././././././B/././././././././././././././././././././././././././././././././././././././././././.]
[n2cn0325:1162050] MCW rank 58 bound to socket 1[core 104[hwt 0]]: [./././././././././././././././././././././././././././././././././././././././././././././././././././././././././././././././.][././././././././././././././././././././././././././././././././././././././././B/././././././././././././././././././././././.]
[n2cn0325:1162040] MCW rank 48 bound to socket 1[core 64[hwt 0]]: [./././././././././././././././././././././././././././././././././././././././././././././././././././././././././././././././.][B/././././././././././././././././././././././././././././././././././././././././././././././././././././././././././././././.]
[n2cn0325:1162051] MCW rank 59 bound to socket 1[core 108[hwt 0]]: [./././././././././././././././././././././././././././././././././././././././././././././././././././././././././././././././.][././././././././././././././././././././././././././././././././././././././././././././B/././././././././././././././././././.]
[n2cn0325:1162054] MCW rank 62 bound to socket 1[core 120[hwt 0]]: [./././././././././././././././././././././././././././././././././././././././././././././././././././././././././././././././.][././././././././././././././././././././././././././././././././././././././././././././././././././././././././B/././././././.]
[n2cn0325:1162047] MCW rank 55 bound to socket 1[core 92[hwt 0]]: [./././././././././././././././././././././././././././././././././././././././././././././././././././././././././././././././.][././././././././././././././././././././././././././././B/././././././././././././././././././././././././././././././././././.]
[n2cn0325:1162044] MCW rank 52 bound to socket 1[core 80[hwt 0]]: [./././././././././././././././././././././././././././././././././././././././././././././././././././././././././././././././.][././././././././././././././././B/././././././././././././././././././././././././././././././././././././././././././././././.]
[n2cn0325:1162045] MCW rank 53 bound to socket 1[core 84[hwt 0]]: [./././././././././././././././././././././././././././././././././././././././././././././././././././././././././././././././.][././././././././././././././././././././B/././././././././././././././././././././././././././././././././././././././././././.]
[n2cn0325:1162040] MCW rank 48 bound to socket 1[core 64[hwt 0]]: [./././././././././././././././././././././././././././././././././././././././././././././././././././././././././././././././.][B/././././././././././././././././././././././././././././././././././././././././././././././././././././././././././././././.]
[n2cn0325:1162047] MCW rank 55 bound to socket 1[core 92[hwt 0]]: [./././././././././././././././././././././././././././././././././././././././././././././././././././././././././././././././.][././././././././././././././././././././././././././././B/././././././././././././././././././././././././././././././././././.]
[n2cn0325:1162027] MCW rank 35 bound to socket 0[core 12[hwt 0]]: [././././././././././././B/././././././././././././././././././././././././././././././././././././././././././././././././././.][./././././././././././././././././././././././././././././././././././././././././././././././././././././././././././././././.]
[n2cn0325:1162026] MCW rank 34 bound to socket 0[core 8[hwt 0]]: [././././././././B/././././././././././././././././././././././././././././././././././././././././././././././././././././././.][./././././././././././././././././././././././././././././././././././././././././././././././././././././././././././././././.]
[n2cn0325:1162027] MCW rank 35 bound to socket 0[core 12[hwt 0]]: [././././././././././././B/././././././././././././././././././././././././././././././././././././././././././././././././././.][./././././././././././././././././././././././././././././././././././././././././././././././././././././././././././././././.]
[n2cn0325:1162026] MCW rank 34 bound to socket 0[core 8[hwt 0]]: [././././././././B/././././././././././././././././././././././././././././././././././././././././././././././././././././././.][./././././././././././././././././././././././././././././././././././././././././././././././././././././././././././././././.]
[n2cn0325:1162025] MCW rank 33 bound to socket 0[core 4[hwt 0]]: [././././B/././././././././././././././././././././././././././././././././././././././././././././././././././././././././././.][./././././././././././././././././././././././././././././././././././././././././././././././././././././././././././././././.]
[n2cn0325:1162025] MCW rank 33 bound to socket 0[core 4[hwt 0]]: [././././B/././././././././././././././././././././././././././././././././././././././././././././././././././././././././././.][./././././././././././././././././././././././././././././././././././././././././././././././././././././././././././././././.]
[n2cn0325:1162024] MCW rank 32 bound to socket 0[core 0[hwt 0]]: [B/././././././././././././././././././././././././././././././././././././././././././././././././././././././././././././././.][./././././././././././././././././././././././././././././././././././././././././././././././././././././././././././././././.]
[n2cn0325:1162024] MCW rank 32 bound to socket 0[core 0[hwt 0]]: [B/././././././././././././././././././././././././././././././././././././././././././././././././././././././././././././././.][./././././././././././././././././././././././././././././././././././././././././././././././././././././././././././././././.]
[n2cn1105:125270] MCW rank 188 bound to socket 1[core 112[hwt 0]]: [./././././././././././././././././././././././././././././././././././././././././././././././././././././././././././././././.][././././././././././././././././././././././././././././././././././././././././././././././././B/././././././././././././././.]
[n2cn1105:125271] MCW rank 189 bound to socket 1[core 116[hwt 0]]: [./././././././././././././././././././././././././././././././././././././././././././././././././././././././././././././././.][././././././././././././././././././././././././././././././././././././././././././././././././././././B/././././././././././.]
[n2cn1105:125270] MCW rank 188 bound to socket 1[core 112[hwt 0]]: [./././././././././././././././././././././././././././././././././././././././././././././././././././././././././././././././.][././././././././././././././././././././././././././././././././././././././././././././././././B/././././././././././././././.]
[n2cn1105:125271] MCW rank 189 bound to socket 1[core 116[hwt 0]]: [./././././././././././././././././././././././././././././././././././././././././././././././././././././././././././././././.][././././././././././././././././././././././././././././././././././././././././././././././././././././B/././././././././././.]
[n2cn0337.ab2021.local:2338231] MCW rank 78 bound to socket 0[core 56[hwt 0]]: [././././././././././././././././././././././././././././././././././././././././././././././././././././././././B/././././././.][./././././././././././././././././././././././././././././././././././././././././././././././././././././././././././././././.]
[n2cn0337.ab2021.local:2338231] MCW rank 78 bound to socket 0[core 56[hwt 0]]: [././././././././././././././././././././././././././././././././././././././././././././././././././././././././B/././././././.][./././././././././././././././././././././././././././././././././././././././././././././././././././././././././././././././.]
[n2cn1105:125252] MCW rank 170 bound to socket 0[core 40[hwt 0]]: [././././././././././././././././././././././././././././././././././././././././B/././././././././././././././././././././././.][./././././././././././././././././././././././././././././././././././././././././././././././././././././././././././././././.]
[n2cn1105:125253] MCW rank 171 bound to socket 0[core 44[hwt 0]]: [././././././././././././././././././././././././././././././././././././././././././././B/././././././././././././././././././.][./././././././././././././././././././././././././././././././././././././././././././././././././././././././././././././././.]
[n2cn1105:125252] MCW rank 170 bound to socket 0[core 40[hwt 0]]: [././././././././././././././././././././././././././././././././././././././././B/././././././././././././././././././././././.][./././././././././././././././././././././././././././././././././././././././././././././././././././././././././././././././.]
[n2cn1105:125253] MCW rank 171 bound to socket 0[core 44[hwt 0]]: [././././././././././././././././././././././././././././././././././././././././././././B/././././././././././././././././././.][./././././././././././././././././././././././././././././././././././././././././././././././././././././././././././././././.]
[n2cn1105:125254] MCW rank 172 bound to socket 0[core 48[hwt 0]]: [././././././././././././././././././././././././././././././././././././././././././././././././B/././././././././././././././.][./././././././././././././././././././././././././././././././././././././././././././././././././././././././././././././././.]
[n2cn1105:125254] MCW rank 172 bound to socket 0[core 48[hwt 0]]: [././././././././././././././././././././././././././././././././././././././././././././././././B/././././././././././././././.][./././././././././././././././././././././././././././././././././././././././././././././././././././././././././././././././.]
[n2cn1105:125247] MCW rank 165 bound to socket 0[core 20[hwt 0]]: [././././././././././././././././././././B/././././././././././././././././././././././././././././././././././././././././././.][./././././././././././././././././././././././././././././././././././././././././././././././././././././././././././././././.]
[n2cn1105:125257] MCW rank 175 bound to socket 0[core 60[hwt 0]]: [././././././././././././././././././././././././././././././././././././././././././././././././././././././././././././B/././.][./././././././././././././././././././././././././././././././././././././././././././././././././././././././././././././././.]
[n2cn1105:125247] MCW rank 165 bound to socket 0[core 20[hwt 0]]: [././././././././././././././././././././B/././././././././././././././././././././././././././././././././././././././././././.][./././././././././././././././././././././././././././././././././././././././././././././././././././././././././././././././.]
[n2cn1105:125257] MCW rank 175 bound to socket 0[core 60[hwt 0]]: [././././././././././././././././././././././././././././././././././././././././././././././././././././././././././././B/././.][./././././././././././././././././././././././././././././././././././././././././././././././././././././././././././././././.]
[n2cn1105:125266] MCW rank 184 bound to socket 1[core 96[hwt 0]]: [./././././././././././././././././././././././././././././././././././././././././././././././././././././././././././././././.][././././././././././././././././././././././././././././././././B/././././././././././././././././././././././././././././././.]
[n2cn1105:125266] MCW rank 184 bound to socket 1[core 96[hwt 0]]: [./././././././././././././././././././././././././././././././././././././././././././././././././././././././././././././././.][././././././././././././././././././././././././././././././././B/././././././././././././././././././././././././././././././.]
[n2cn0337.ab2021.local:2338248] MCW rank 95 bound to socket 1[core 124[hwt 0]]: [./././././././././././././././././././././././././././././././././././././././././././././././././././././././././././././././.][././././././././././././././././././././././././././././././././././././././././././././././././././././././././././././B/././.]
[n2cn0337.ab2021.local:2338248] MCW rank 95 bound to socket 1[core 124[hwt 0]]: [./././././././././././././././././././././././././././././././././././././././././././././././././././././././././././././././.][././././././././././././././././././././././././././././././././././././././././././././././././././././././././././././B/././.]
[n2cn1105:125265] MCW rank 183 bound to socket 1[core 92[hwt 0]]: [./././././././././././././././././././././././././././././././././././././././././././././././././././././././././././././././.][././././././././././././././././././././././././././././B/././././././././././././././././././././././././././././././././././.]
[n2cn1105:125265] MCW rank 183 bound to socket 1[core 92[hwt 0]]: [./././././././././././././././././././././././././././././././././././././././././././././././././././././././././././././././.][././././././././././././././././././././././././././././B/././././././././././././././././././././././././././././././././././.]
[n2cn1105:125260] MCW rank 178 bound to socket 1[core 72[hwt 0]]: [./././././././././././././././././././././././././././././././././././././././././././././././././././././././././././././././.][././././././././B/././././././././././././././././././././././././././././././././././././././././././././././././././././././.]
[n2cn1105:125260] MCW rank 178 bound to socket 1[core 72[hwt 0]]: [./././././././././././././././././././././././././././././././././././././././././././././././././././././././././././././././.][././././././././B/././././././././././././././././././././././././././././././././././././././././././././././././././././././.]
[n2cn1105:125272] MCW rank 190 bound to socket 1[core 120[hwt 0]]: [./././././././././././././././././././././././././././././././././././././././././././././././././././././././././././././././.][././././././././././././././././././././././././././././././././././././././././././././././././././././././././B/././././././.]
[n2cn1105:125272] MCW rank 190 bound to socket 1[core 120[hwt 0]]: [./././././././././././././././././././././././././././././././././././././././././././././././././././././././././././././././.][././././././././././././././././././././././././././././././././././././././././././././././././././././././././B/././././././.]
[n2cn0337.ab2021.local:2338218] MCW rank 65 bound to socket 0[core 4[hwt 0]]: [././././B/././././././././././././././././././././././././././././././././././././././././././././././././././././././././././.][./././././././././././././././././././././././././././././././././././././././././././././././././././././././././././././././.]
[n2cn0337.ab2021.local:2338218] MCW rank 65 bound to socket 0[core 4[hwt 0]]: [././././B/././././././././././././././././././././././././././././././././././././././././././././././././././././././././././.][./././././././././././././././././././././././././././././././././././././././././././././././././././././././././././././././.]
[n2cn0337.ab2021.local:2338232] MCW rank 79 bound to socket 0[core 60[hwt 0]]: [././././././././././././././././././././././././././././././././././././././././././././././././././././././././././././B/././.][./././././././././././././././././././././././././././././././././././././././././././././././././././././././././././././././.]
[n2cn0337.ab2021.local:2338232] MCW rank 79 bound to socket 0[core 60[hwt 0]]: [././././././././././././././././././././././././././././././././././././././././././././././././././././././././././././B/././.][./././././././././././././././././././././././././././././././././././././././././././././././././././././././././././././././.]
[n2cn0337.ab2021.local:2338224] MCW rank 71 bound to socket 0[core 28[hwt 0]]: [././././././././././././././././././././././././././././B/././././././././././././././././././././././././././././././././././.][./././././././././././././././././././././././././././././././././././././././././././././././././././././././././././././././.]
[n2cn0337.ab2021.local:2338224] MCW rank 71 bound to socket 0[core 28[hwt 0]]: [././././././././././././././././././././././././././././B/././././././././././././././././././././././././././././././././././.][./././././././././././././././././././././././././././././././././././././././././././././././././././././././././././././././.]
[n2cn0337.ab2021.local:2338235] MCW rank 82 bound to socket 1[core 72[hwt 0]]: [./././././././././././././././././././././././././././././././././././././././././././././././././././././././././././././././.][././././././././B/././././././././././././././././././././././././././././././././././././././././././././././././././././././.]
[n2cn0337.ab2021.local:2338235] MCW rank 82 bound to socket 1[core 72[hwt 0]]: [./././././././././././././././././././././././././././././././././././././././././././././././././././././././././././././././.][././././././././B/././././././././././././././././././././././././././././././././././././././././././././././././././././././.]
[n2cn1105:125249] MCW rank 167 bound to socket 0[core 28[hwt 0]]: [././././././././././././././././././././././././././././B/././././././././././././././././././././././././././././././././././.][./././././././././././././././././././././././././././././././././././././././././././././././././././././././././././././././.]
[n2cn1105:125249] MCW rank 167 bound to socket 0[core 28[hwt 0]]: [././././././././././././././././././././././././././././B/././././././././././././././././././././././././././././././././././.][./././././././././././././././././././././././././././././././././././././././././././././././././././././././././././././././.]
[n2cn0337.ab2021.local:2338246] MCW rank 93 bound to socket 1[core 116[hwt 0]]: [./././././././././././././././././././././././././././././././././././././././././././././././././././././././././././././././.][././././././././././././././././././././././././././././././././././././././././././././././././././././B/././././././././././.]
[n2cn0337.ab2021.local:2338246] MCW rank 93 bound to socket 1[core 116[hwt 0]]: [./././././././././././././././././././././././././././././././././././././././././././././././././././././././././././././././.][././././././././././././././././././././././././././././././././././././././././././././././././././././B/././././././././././.]
[n2cn0337.ab2021.local:2338242] MCW rank 89 bound to socket 1[core 100[hwt 0]]: [./././././././././././././././././././././././././././././././././././././././././././././././././././././././././././././././.][././././././././././././././././././././././././././././././././././././B/././././././././././././././././././././././././././.]
[n2cn0337.ab2021.local:2338237] MCW rank 84 bound to socket 1[core 80[hwt 0]]: [./././././././././././././././././././././././././././././././././././././././././././././././././././././././././././././././.][././././././././././././././././B/././././././././././././././././././././././././././././././././././././././././././././././.]
[n2cn0337.ab2021.local:2338242] MCW rank 89 bound to socket 1[core 100[hwt 0]]: [./././././././././././././././././././././././././././././././././././././././././././././././././././././././././././././././.][././././././././././././././././././././././././././././././././././././B/././././././././././././././././././././././././././.]
[n2cn0337.ab2021.local:2338237] MCW rank 84 bound to socket 1[core 80[hwt 0]]: [./././././././././././././././././././././././././././././././././././././././././././././././././././././././././././././././.][././././././././././././././././B/././././././././././././././././././././././././././././././././././././././././././././././.]
[n2cn1105:125250] MCW rank 168 bound to socket 0[core 32[hwt 0]]: [././././././././././././././././././././././././././././././././B/././././././././././././././././././././././././././././././.][./././././././././././././././././././././././././././././././././././././././././././././././././././././././././././././././.]
[n2cn1105:125250] MCW rank 168 bound to socket 0[core 32[hwt 0]]: [././././././././././././././././././././././././././././././././B/././././././././././././././././././././././././././././././.][./././././././././././././././././././././././././././././././././././././././././././././././././././././././././././././././.]
[n2cn1105:125251] MCW rank 169 bound to socket 0[core 36[hwt 0]]: [././././././././././././././././././././././././././././././././././././B/././././././././././././././././././././././././././.][./././././././././././././././././././././././././././././././././././././././././././././././././././././././././././././././.]
[n2cn1105:125251] MCW rank 169 bound to socket 0[core 36[hwt 0]]: [././././././././././././././././././././././././././././././././././././B/././././././././././././././././././././././././././.][./././././././././././././././././././././././././././././././././././././././././././././././././././././././././././././././.]
[n2cn1105:125267] MCW rank 185 bound to socket 1[core 100[hwt 0]]: [./././././././././././././././././././././././././././././././././././././././././././././././././././././././././././././././.][././././././././././././././././././././././././././././././././././././B/././././././././././././././././././././././././././.]
[n2cn1105:125267] MCW rank 185 bound to socket 1[core 100[hwt 0]]: [./././././././././././././././././././././././././././././././././././././././././././././././././././././././././././././././.][././././././././././././././././././././././././././././././././././././B/././././././././././././././././././././././././././.]
[n2cn1105:125244] MCW rank 162 bound to socket 0[core 8[hwt 0]]: [././././././././B/././././././././././././././././././././././././././././././././././././././././././././././././././././././.][./././././././././././././././././././././././././././././././././././././././././././././././././././././././././././././././.]
[n2cn1105:125245] MCW rank 163 bound to socket 0[core 12[hwt 0]]: [././././././././././././B/././././././././././././././././././././././././././././././././././././././././././././././././././.][./././././././././././././././././././././././././././././././././././././././././././././././././././././././././././././././.]
[n2cn1105:125244] MCW rank 162 bound to socket 0[core 8[hwt 0]]: [././././././././B/././././././././././././././././././././././././././././././././././././././././././././././././././././././.][./././././././././././././././././././././././././././././././././././././././././././././././././././././././././././././././.]
[n2cn1105:125245] MCW rank 163 bound to socket 0[core 12[hwt 0]]: [././././././././././././B/././././././././././././././././././././././././././././././././././././././././././././././././././.][./././././././././././././././././././././././././././././././././././././././././././././././././././././././././././././././.]
[n2cn0337.ab2021.local:2338230] MCW rank 77 bound to socket 0[core 52[hwt 0]]: [././././././././././././././././././././././././././././././././././././././././././././././././././././B/././././././././././.][./././././././././././././././././././././././././././././././././././././././././././././././././././././././././././././././.]
[n2cn0337.ab2021.local:2338230] MCW rank 77 bound to socket 0[core 52[hwt 0]]: [././././././././././././././././././././././././././././././././././././././././././././././././././././B/././././././././././.][./././././././././././././././././././././././././././././././././././././././././././././././././././././././././././././././.]
[n2cn1105:125243] MCW rank 161 bound to socket 0[core 4[hwt 0]]: [././././B/././././././././././././././././././././././././././././././././././././././././././././././././././././././././././.][./././././././././././././././././././././././././././././././././././././././././././././././././././././././././././././././.]
[n2cn1105:125243] MCW rank 161 bound to socket 0[core 4[hwt 0]]: [././././B/././././././././././././././././././././././././././././././././././././././././././././././././././././././././././.][./././././././././././././././././././././././././././././././././././././././././././././././././././././././././././././././.]
[n2cn1096.ab2021.local:1714241] MCW rank 133 bound to socket 0[core 20[hwt 0]]: [././././././././././././././././././././B/././././././././././././././././././././././././././././././././././././././././././.][./././././././././././././././././././././././././././././././././././././././././././././././././././././././././././././././.]
[n2cn1096.ab2021.local:1714241] MCW rank 133 bound to socket 0[core 20[hwt 0]]: [././././././././././././././././././././B/././././././././././././././././././././././././././././././././././././././././././.][./././././././././././././././././././././././././././././././././././././././././././././././././././././././././././././././.]
[n2cn1105:125258] MCW rank 176 bound to socket 1[core 64[hwt 0]]: [./././././././././././././././././././././././././././././././././././././././././././././././././././././././././././././././.][B/././././././././././././././././././././././././././././././././././././././././././././././././././././././././././././././.]
[n2cn1105:125259] MCW rank 177 bound to socket 1[core 68[hwt 0]]: [./././././././././././././././././././././././././././././././././././././././././././././././././././././././././././././././.][././././B/././././././././././././././././././././././././././././././././././././././././././././././././././././././././././.]
[n2cn1105:125268] MCW rank 186 bound to socket 1[core 104[hwt 0]]: [./././././././././././././././././././././././././././././././././././././././././././././././././././././././././././././././.][././././././././././././././././././././././././././././././././././././././././B/././././././././././././././././././././././.]
[n2cn1105:125269] MCW rank 187 bound to socket 1[core 108[hwt 0]]: [./././././././././././././././././././././././././././././././././././././././././././././././././././././././././././././././.][././././././././././././././././././././././././././././././././././././././././././././B/././././././././././././././././././.]
[n2cn1105:125258] MCW rank 176 bound to socket 1[core 64[hwt 0]]: [./././././././././././././././././././././././././././././././././././././././././././././././././././././././././././././././.][B/././././././././././././././././././././././././././././././././././././././././././././././././././././././././././././././.]
[n2cn1105:125259] MCW rank 177 bound to socket 1[core 68[hwt 0]]: [./././././././././././././././././././././././././././././././././././././././././././././././././././././././././././././././.][././././B/././././././././././././././././././././././././././././././././././././././././././././././././././././././././././.]
[n2cn1105:125248] MCW rank 166 bound to socket 0[core 24[hwt 0]]: [././././././././././././././././././././././././B/././././././././././././././././././././././././././././././././././././././.][./././././././././././././././././././././././././././././././././././././././././././././././././././././././././././././././.]
[n2cn1105:125268] MCW rank 186 bound to socket 1[core 104[hwt 0]]: [./././././././././././././././././././././././././././././././././././././././././././././././././././././././././././././././.][././././././././././././././././././././././././././././././././././././././././B/././././././././././././././././././././././.]
[n2cn1105:125269] MCW rank 187 bound to socket 1[core 108[hwt 0]]: [./././././././././././././././././././././././././././././././././././././././././././././././././././././././././././././././.][././././././././././././././././././././././././././././././././././././././././././././B/././././././././././././././././././.]
[n2cn1105:125248] MCW rank 166 bound to socket 0[core 24[hwt 0]]: [././././././././././././././././././././././././B/././././././././././././././././././././././././././././././././././././././.][./././././././././././././././././././././././././././././././././././././././././././././././././././././././././././././././.]
[n2cn1105:125256] MCW rank 174 bound to socket 0[core 56[hwt 0]]: [././././././././././././././././././././././././././././././././././././././././././././././././././././././././B/././././././.][./././././././././././././././././././././././././././././././././././././././././././././././././././././././././././././././.]
[n2cn1105:125256] MCW rank 174 bound to socket 0[core 56[hwt 0]]: [././././././././././././././././././././././././././././././././././././././././././././././././././././././././B/././././././.][./././././././././././././././././././././././././././././././././././././././././././././././././././././././././././././././.]
[n2cn0337.ab2021.local:2338229] MCW rank 76 bound to socket 0[core 48[hwt 0]]: [././././././././././././././././././././././././././././././././././././././././././././././././B/././././././././././././././.][./././././././././././././././././././././././././././././././././././././././././././././././././././././././././././././././.]
[n2cn0337.ab2021.local:2338229] MCW rank 76 bound to socket 0[core 48[hwt 0]]: [././././././././././././././././././././././././././././././././././././././././././././././././B/././././././././././././././.][./././././././././././././././././././././././././././././././././././././././././././././././././././././././././././././././.]
[n2cn0337.ab2021.local:2338226] MCW rank 73 bound to socket 0[core 36[hwt 0]]: [././././././././././././././././././././././././././././././././././././B/././././././././././././././././././././././././././.][./././././././././././././././././././././././././././././././././././././././././././././././././././././././././././././././.]
[n2cn0337.ab2021.local:2338225] MCW rank 72 bound to socket 0[core 32[hwt 0]]: [././././././././././././././././././././././././././././././././B/././././././././././././././././././././././././././././././.][./././././././././././././././././././././././././././././././././././././././././././././././././././././././././././././././.]
[n2cn0337.ab2021.local:2338226] MCW rank 73 bound to socket 0[core 36[hwt 0]]: [././././././././././././././././././././././././././././././././././././B/././././././././././././././././././././././././././.][./././././././././././././././././././././././././././././././././././././././././././././././././././././././././././././././.]
[n2cn0337.ab2021.local:2338223] MCW rank 70 bound to socket 0[core 24[hwt 0]]: [././././././././././././././././././././././././B/././././././././././././././././././././././././././././././././././././././.][./././././././././././././././././././././././././././././././././././././././././././././././././././././././././././././././.]
[n2cn0337.ab2021.local:2338225] MCW rank 72 bound to socket 0[core 32[hwt 0]]: [././././././././././././././././././././././././././././././././B/././././././././././././././././././././././././././././././.][./././././././././././././././././././././././././././././././././././././././././././././././././././././././././././././././.]
[n2cn0337.ab2021.local:2338223] MCW rank 70 bound to socket 0[core 24[hwt 0]]: [././././././././././././././././././././././././B/././././././././././././././././././././././././././././././././././././././.][./././././././././././././././././././././././././././././././././././././././././././././././././././././././././././././././.]
[n2cn0337.ab2021.local:2338243] MCW rank 90 bound to socket 1[core 104[hwt 0]]: [./././././././././././././././././././././././././././././././././././././././././././././././././././././././././././././././.][././././././././././././././././././././././././././././././././././././././././B/././././././././././././././././././././././.]
[n2cn0337.ab2021.local:2338243] MCW rank 90 bound to socket 1[core 104[hwt 0]]: [./././././././././././././././././././././././././././././././././././././././././././././././././././././././././././././././.][././././././././././././././././././././././././././././././././././././././././B/././././././././././././././././././././././.]
[n2cn1105:125261] MCW rank 179 bound to socket 1[core 76[hwt 0]]: [./././././././././././././././././././././././././././././././././././././././././././././././././././././././././././././././.][././././././././././././B/././././././././././././././././././././././././././././././././././././././././././././././././././.]
[n2cn1105:125261] MCW rank 179 bound to socket 1[core 76[hwt 0]]: [./././././././././././././././././././././././././././././././././././././././././././././././././././././././././././././././.][././././././././././././B/././././././././././././././././././././././././././././././././././././././././././././././././././.]
[n2cn0337.ab2021.local:2338233] MCW rank 80 bound to socket 1[core 64[hwt 0]]: [./././././././././././././././././././././././././././././././././././././././././././././././././././././././././././././././.][B/././././././././././././././././././././././././././././././././././././././././././././././././././././././././././././././.]
[n2cn0337.ab2021.local:2338247] MCW rank 94 bound to socket 1[core 120[hwt 0]]: [./././././././././././././././././././././././././././././././././././././././././././././././././././././././././././././././.][././././././././././././././././././././././././././././././././././././././././././././././././././././././././B/././././././.]
[n2cn0337.ab2021.local:2338233] MCW rank 80 bound to socket 1[core 64[hwt 0]]: [./././././././././././././././././././././././././././././././././././././././././././././././././././././././././././././././.][B/././././././././././././././././././././././././././././././././././././././././././././././././././././././././././././././.]
[n2cn0337.ab2021.local:2338244] MCW rank 91 bound to socket 1[core 108[hwt 0]]: [./././././././././././././././././././././././././././././././././././././././././././././././././././././././././././././././.][././././././././././././././././././././././././././././././././././././././././././././B/././././././././././././././././././.]
[n2cn0337.ab2021.local:2338247] MCW rank 94 bound to socket 1[core 120[hwt 0]]: [./././././././././././././././././././././././././././././././././././././././././././././././././././././././././././././././.][././././././././././././././././././././././././././././././././././././././././././././././././././././././././B/././././././.]
[n2cn0337.ab2021.local:2338240] MCW rank 87 bound to socket 1[core 92[hwt 0]]: [./././././././././././././././././././././././././././././././././././././././././././././././././././././././././././././././.][././././././././././././././././././././././././././././B/././././././././././././././././././././././././././././././././././.]
[n2cn1096.ab2021.local:1714242] MCW rank 134 bound to socket 0[core 24[hwt 0]]: [././././././././././././././././././././././././B/././././././././././././././././././././././././././././././././././././././.][./././././././././././././././././././././././././././././././././././././././././././././././././././././././././././././././.]
[n2cn1096.ab2021.local:1714243] MCW rank 135 bound to socket 0[core 28[hwt 0]]: [././././././././././././././././././././././././././././B/././././././././././././././././././././././././././././././././././.][./././././././././././././././././././././././././././././././././././././././././././././././././././././././././././././././.]
[n2cn1096.ab2021.local:1714242] MCW rank 134 bound to socket 0[core 24[hwt 0]]: [././././././././././././././././././././././././B/././././././././././././././././././././././././././././././././././././././.][./././././././././././././././././././././././././././././././././././././././././././././././././././././././././././././././.]
[n2cn1096.ab2021.local:1714243] MCW rank 135 bound to socket 0[core 28[hwt 0]]: [././././././././././././././././././././././././././././B/././././././././././././././././././././././././././././././././././.][./././././././././././././././././././././././././././././././././././././././././././././././././././././././././././././././.]
[n2cn1105:125273] MCW rank 191 bound to socket 1[core 124[hwt 0]]: [./././././././././././././././././././././././././././././././././././././././././././././././././././././././././././././././.][././././././././././././././././././././././././././././././././././././././././././././././././././././././././././././B/././.]
[n2cn1105:125273] MCW rank 191 bound to socket 1[core 124[hwt 0]]: [./././././././././././././././././././././././././././././././././././././././././././././././././././././././././././././././.][././././././././././././././././././././././././././././././././././././././././././././././././././././././././././././B/././.]
[n2cn1096.ab2021.local:1714240] MCW rank 132 bound to socket 0[core 16[hwt 0]]: [././././././././././././././././B/././././././././././././././././././././././././././././././././././././././././././././././.][./././././././././././././././././././././././././././././././././././././././././././././././././././././././././././././././.]
[n2cn1096.ab2021.local:1714240] MCW rank 132 bound to socket 0[core 16[hwt 0]]: [././././././././././././././././B/././././././././././././././././././././././././././././././././././././././././././././././.][./././././././././././././././././././././././././././././././././././././././././././././././././././././././././././././././.]
[n2cn1096.ab2021.local:1714245] MCW rank 137 bound to socket 0[core 36[hwt 0]]: [././././././././././././././././././././././././././././././././././././B/././././././././././././././././././././././././././.][./././././././././././././././././././././././././././././././././././././././././././././././././././././././././././././././.]
[n2cn1096.ab2021.local:1714249] MCW rank 141 bound to socket 0[core 52[hwt 0]]: [././././././././././././././././././././././././././././././././././././././././././././././././././././B/././././././././././.][./././././././././././././././././././././././././././././././././././././././././././././././././././././././././././././././.]
[n2cn1105:125255] MCW rank 173 bound to socket 0[core 52[hwt 0]]: [././././././././././././././././././././././././././././././././././././././././././././././././././././B/././././././././././.][./././././././././././././././././././././././././././././././././././././././././././././././././././././././././././././././.]
[n2cn1096.ab2021.local:1714245] MCW rank 137 bound to socket 0[core 36[hwt 0]]: [././././././././././././././././././././././././././././././././././././B/././././././././././././././././././././././././././.][./././././././././././././././././././././././././././././././././././././././././././././././././././././././././././././././.]
[n2cn1096.ab2021.local:1714249] MCW rank 141 bound to socket 0[core 52[hwt 0]]: [././././././././././././././././././././././././././././././././././././././././././././././././././././B/././././././././././.][./././././././././././././././././././././././././././././././././././././././././././././././././././././././././././././././.]
[n2cn1105:125255] MCW rank 173 bound to socket 0[core 52[hwt 0]]: [././././././././././././././././././././././././././././././././././././././././././././././././././././B/././././././././././.][./././././././././././././././././././././././././././././././././././././././././././././././././././././././././././././././.]
[n2cn0337.ab2021.local:2338239] MCW rank 86 bound to socket 1[core 88[hwt 0]]: [./././././././././././././././././././././././././././././././././././././././././././././././././././././././././././././././.][././././././././././././././././././././././././B/././././././././././././././././././././././././././././././././././././././.]
[n2cn0337.ab2021.local:2338244] MCW rank 91 bound to socket 1[core 108[hwt 0]]: [./././././././././././././././././././././././././././././././././././././././././././././././././././././././././././././././.][././././././././././././././././././././././././././././././././././././././././././././B/././././././././././././././././././.]
[n2cn0337.ab2021.local:2338240] MCW rank 87 bound to socket 1[core 92[hwt 0]]: [./././././././././././././././././././././././././././././././././././././././././././././././././././././././././././././././.][././././././././././././././././././././././././././././B/././././././././././././././././././././././././././././././././././.]
[n2cn0337.ab2021.local:2338239] MCW rank 86 bound to socket 1[core 88[hwt 0]]: [./././././././././././././././././././././././././././././././././././././././././././././././././././././././././././././././.][././././././././././././././././././././././././B/././././././././././././././././././././././././././././././././././././././.]
[n2cn0337.ab2021.local:2338220] MCW rank 67 bound to socket 0[core 12[hwt 0]]: [././././././././././././B/././././././././././././././././././././././././././././././././././././././././././././././././././.][./././././././././././././././././././././././././././././././././././././././././././././././././././././././././././././././.]
[n2cn0337.ab2021.local:2338220] MCW rank 67 bound to socket 0[core 12[hwt 0]]: [././././././././././././B/././././././././././././././././././././././././././././././././././././././././././././././././././.][./././././././././././././././././././././././././././././././././././././././././././././././././././././././././././././././.]
[n2cn1105:125263] MCW rank 181 bound to socket 1[core 84[hwt 0]]: [./././././././././././././././././././././././././././././././././././././././././././././././././././././././././././././././.][././././././././././././././././././././B/././././././././././././././././././././././././././././././././././././././././././.]
[n2cn1105:125263] MCW rank 181 bound to socket 1[core 84[hwt 0]]: [./././././././././././././././././././././././././././././././././././././././././././././././././././././././././././././././.][././././././././././././././././././././B/././././././././././././././././././././././././././././././././././././././././././.]
[n2cn1105:125246] MCW rank 164 bound to socket 0[core 16[hwt 0]]: [././././././././././././././././B/././././././././././././././././././././././././././././././././././././././././././././././.][./././././././././././././././././././././././././././././././././././././././././././././././././././././././././././././././.]
[n2cn1105:125262] MCW rank 180 bound to socket 1[core 80[hwt 0]]: [./././././././././././././././././././././././././././././././././././././././././././././././././././././././././././././././.][././././././././././././././././B/././././././././././././././././././././././././././././././././././././././././././././././.]
[n2cn1105:125264] MCW rank 182 bound to socket 1[core 88[hwt 0]]: [./././././././././././././././././././././././././././././././././././././././././././././././././././././././././././././././.][././././././././././././././././././././././././B/././././././././././././././././././././././././././././././././././././././.]
[n2cn1105:125246] MCW rank 164 bound to socket 0[core 16[hwt 0]]: [././././././././././././././././B/././././././././././././././././././././././././././././././././././././././././././././././.][./././././././././././././././././././././././././././././././././././././././././././././././././././././././././././././././.]
[n2cn1105:125262] MCW rank 180 bound to socket 1[core 80[hwt 0]]: [./././././././././././././././././././././././././././././././././././././././././././././././././././././././././././././././.][././././././././././././././././B/././././././././././././././././././././././././././././././././././././././././././././././.]
[n2cn1105:125264] MCW rank 182 bound to socket 1[core 88[hwt 0]]: [./././././././././././././././././././././././././././././././././././././././././././././././././././././././././././././././.][././././././././././././././././././././././././B/././././././././././././././././././././././././././././././././././././././.]
[n2cn1105:125242] MCW rank 160 bound to socket 0[core 0[hwt 0]]: [B/././././././././././././././././././././././././././././././././././././././././././././././././././././././././././././././.][./././././././././././././././././././././././././././././././././././././././././././././././././././././././././././././././.]
[n2cn1105:125242] MCW rank 160 bound to socket 0[core 0[hwt 0]]: [B/././././././././././././././././././././././././././././././././././././././././././././././././././././././././././././././.][./././././././././././././././././././././././././././././././././././././././././././././././././././././././././././././././.]
[n2cn1096.ab2021.local:1714257] MCW rank 149 bound to socket 1[core 84[hwt 0]]: [./././././././././././././././././././././././././././././././././././././././././././././././././././././././././././././././.][././././././././././././././././././././B/././././././././././././././././././././././././././././././././././././././././././.]
[n2cn1096.ab2021.local:1714236] MCW rank 128 bound to socket 0[core 0[hwt 0]]: [B/././././././././././././././././././././././././././././././././././././././././././././././././././././././././././././././.][./././././././././././././././././././././././././././././././././././././././././././././././././././././././././././././././.]
[n2cn1096.ab2021.local:1714257] MCW rank 149 bound to socket 1[core 84[hwt 0]]: [./././././././././././././././././././././././././././././././././././././././././././././././././././././././././././././././.][././././././././././././././././././././B/././././././././././././././././././././././././././././././././././././././././././.]
[n2cn1096.ab2021.local:1714236] MCW rank 128 bound to socket 0[core 0[hwt 0]]: [B/././././././././././././././././././././././././././././././././././././././././././././././././././././././././././././././.][./././././././././././././././././././././././././././././././././././././././././././././././././././././././././././././././.]
[n2cn0337.ab2021.local:2338227] MCW rank 74 bound to socket 0[core 40[hwt 0]]: [././././././././././././././././././././././././././././././././././././././././B/././././././././././././././././././././././.][./././././././././././././././././././././././././././././././././././././././././././././././././././././././././././././././.]
[n2cn0337.ab2021.local:2338227] MCW rank 74 bound to socket 0[core 40[hwt 0]]: [././././././././././././././././././././././././././././././././././././././././B/././././././././././././././././././././././.][./././././././././././././././././././././././././././././././././././././././././././././././././././././././././././././././.]
[n2cn0337.ab2021.local:2338222] MCW rank 69 bound to socket 0[core 20[hwt 0]]: [././././././././././././././././././././B/././././././././././././././././././././././././././././././././././././././././././.][./././././././././././././././././././././././././././././././././././././././././././././././././././././././././././././././.]
[n2cn0337.ab2021.local:2338228] MCW rank 75 bound to socket 0[core 44[hwt 0]]: [././././././././././././././././././././././././././././././././././././././././././././B/././././././././././././././././././.][./././././././././././././././././././././././././././././././././././././././././././././././././././././././././././././././.]
[n2cn0337.ab2021.local:2338221] MCW rank 68 bound to socket 0[core 16[hwt 0]]: [././././././././././././././././B/././././././././././././././././././././././././././././././././././././././././././././././.][./././././././././././././././././././././././././././././././././././././././././././././././././././././././././././././././.]
[n2cn0337.ab2021.local:2338222] MCW rank 69 bound to socket 0[core 20[hwt 0]]: [././././././././././././././././././././B/././././././././././././././././././././././././././././././././././././././././././.][./././././././././././././././././././././././././././././././././././././././././././././././././././././././././././././././.]
[n2cn1096.ab2021.local:1714237] MCW rank 129 bound to socket 0[core 4[hwt 0]]: [././././B/././././././././././././././././././././././././././././././././././././././././././././././././././././././././././.][./././././././././././././././././././././././././././././././././././././././././././././././././././././././././././././././.]
[n2cn0337.ab2021.local:2338228] MCW rank 75 bound to socket 0[core 44[hwt 0]]: [././././././././././././././././././././././././././././././././././././././././././././B/././././././././././././././././././.][./././././././././././././././././././././././././././././././././././././././././././././././././././././././././././././././.]
[n2cn0337.ab2021.local:2338221] MCW rank 68 bound to socket 0[core 16[hwt 0]]: [././././././././././././././././B/././././././././././././././././././././././././././././././././././././././././././././././.][./././././././././././././././././././././././././././././././././././././././././././././././././././././././././././././././.]
[n2cn1096.ab2021.local:1714237] MCW rank 129 bound to socket 0[core 4[hwt 0]]: [././././B/././././././././././././././././././././././././././././././././././././././././././././././././././././././././././.][./././././././././././././././././././././././././././././././././././././././././././././././././././././././././././././././.]
[n2cn1096.ab2021.local:1714258] MCW rank 150 bound to socket 1[core 88[hwt 0]]: [./././././././././././././././././././././././././././././././././././././././././././././././././././././././././././././././.][././././././././././././././././././././././././B/././././././././././././././././././././././././././././././././././././././.]
[n2cn1096.ab2021.local:1714266] MCW rank 158 bound to socket 1[core 120[hwt 0]]: [./././././././././././././././././././././././././././././././././././././././././././././././././././././././././././././././.][././././././././././././././././././././././././././././././././././././././././././././././././././././././././B/././././././.]
[n2cn1096.ab2021.local:1714258] MCW rank 150 bound to socket 1[core 88[hwt 0]]: [./././././././././././././././././././././././././././././././././././././././././././././././././././././././././././././././.][././././././././././././././././././././././././B/././././././././././././././././././././././././././././././././././././././.]
[n2cn0337.ab2021.local:2338236] MCW rank 83 bound to socket 1[core 76[hwt 0]]: [./././././././././././././././././././././././././././././././././././././././././././././././././././././././././././././././.][././././././././././././B/././././././././././././././././././././././././././././././././././././././././././././././././././.]
[n2cn1096.ab2021.local:1714266] MCW rank 158 bound to socket 1[core 120[hwt 0]]: [./././././././././././././././././././././././././././././././././././././././././././././././././././././././././././././././.][././././././././././././././././././././././././././././././././././././././././././././././././././././././././B/././././././.]
[n2cn0337.ab2021.local:2338236] MCW rank 83 bound to socket 1[core 76[hwt 0]]: [./././././././././././././././././././././././././././././././././././././././././././././././././././././././././././././././.][././././././././././././B/././././././././././././././././././././././././././././././././././././././././././././././././././.]
[n2cn0337.ab2021.local:2338217] MCW rank 64 bound to socket 0[core 0[hwt 0]]: [B/././././././././././././././././././././././././././././././././././././././././././././././././././././././././././././././.][./././././././././././././././././././././././././././././././././././././././././././././././././././././././././././././././.]
[n2cn0337.ab2021.local:2338217] MCW rank 64 bound to socket 0[core 0[hwt 0]]: [B/././././././././././././././././././././././././././././././././././././././././././././././././././././././././././././././.][./././././././././././././././././././././././././././././././././././././././././././././././././././././././././././././././.]
[n2cn0337.ab2021.local:2338245] MCW rank 92 bound to socket 1[core 112[hwt 0]]: [./././././././././././././././././././././././././././././././././././././././././././././././././././././././././././././././.][././././././././././././././././././././././././././././././././././././././././././././././././B/././././././././././././././.]
[n2cn0337.ab2021.local:2338245] MCW rank 92 bound to socket 1[core 112[hwt 0]]: [./././././././././././././././././././././././././././././././././././././././././././././././././././././././././././././././.][././././././././././././././././././././././././././././././././././././././././././././././././B/././././././././././././././.]
[n2cn0337.ab2021.local:2338234] MCW rank 81 bound to socket 1[core 68[hwt 0]]: [./././././././././././././././././././././././././././././././././././././././././././././././././././././././././././././././.][././././B/././././././././././././././././././././././././././././././././././././././././././././././././././././././././././.]
[n2cn0337.ab2021.local:2338234] MCW rank 81 bound to socket 1[core 68[hwt 0]]: [./././././././././././././././././././././././././././././././././././././././././././././././././././././././././././././././.][././././B/././././././././././././././././././././././././././././././././././././././././././././././././././././././././././.]
[n2cn0337.ab2021.local:2338219] MCW rank 66 bound to socket 0[core 8[hwt 0]]: [././././././././B/././././././././././././././././././././././././././././././././././././././././././././././././././././././.][./././././././././././././././././././././././././././././././././././././././././././././././././././././././././././././././.]
[n2cn0337.ab2021.local:2338219] MCW rank 66 bound to socket 0[core 8[hwt 0]]: [././././././././B/././././././././././././././././././././././././././././././././././././././././././././././././././././././.][./././././././././././././././././././././././././././././././././././././././././././././././././././././././././././././././.]
[n2cn1096.ab2021.local:1714261] MCW rank 153 bound to socket 1[core 100[hwt 0]]: [./././././././././././././././././././././././././././././././././././././././././././././././././././././././././././././././.][././././././././././././././././././././././././././././././././././././B/././././././././././././././././././././././././././.]
[n2cn0337.ab2021.local:2338241] MCW rank 88 bound to socket 1[core 96[hwt 0]]: [./././././././././././././././././././././././././././././././././././././././././././././././././././././././././././././././.][././././././././././././././././././././././././././././././././B/././././././././././././././././././././././././././././././.]
[n2cn1096.ab2021.local:1714261] MCW rank 153 bound to socket 1[core 100[hwt 0]]: [./././././././././././././././././././././././././././././././././././././././././././././././././././././././././././././././.][././././././././././././././././././././././././././././././././././././B/././././././././././././././././././././././././././.]
[n2cn0337.ab2021.local:2338238] MCW rank 85 bound to socket 1[core 84[hwt 0]]: [./././././././././././././././././././././././././././././././././././././././././././././././././././././././././././././././.][././././././././././././././././././././B/././././././././././././././././././././././././././././././././././././././././././.]
[n2cn0337.ab2021.local:2338241] MCW rank 88 bound to socket 1[core 96[hwt 0]]: [./././././././././././././././././././././././././././././././././././././././././././././././././././././././././././././././.][././././././././././././././././././././././././././././././././B/././././././././././././././././././././././././././././././.]
[n2cn0337.ab2021.local:2338238] MCW rank 85 bound to socket 1[core 84[hwt 0]]: [./././././././././././././././././././././././././././././././././././././././././././././././././././././././././././././././.][././././././././././././././././././././B/././././././././././././././././././././././././././././././././././././././././././.]
[n2cn1096.ab2021.local:1714251] MCW rank 143 bound to socket 0[core 60[hwt 0]]: [././././././././././././././././././././././././././././././././././././././././././././././././././././././././././././B/././.][./././././././././././././././././././././././././././././././././././././././././././././././././././././././././././././././.]
[n2cn1096.ab2021.local:1714251] MCW rank 143 bound to socket 0[core 60[hwt 0]]: [././././././././././././././././././././././././././././././././././././././././././././././././././././././././././././B/././.][./././././././././././././././././././././././././././././././././././././././././././././././././././././././././././././././.]
[n2cn1096.ab2021.local:1714254] MCW rank 146 bound to socket 1[core 72[hwt 0]]: [./././././././././././././././././././././././././././././././././././././././././././././././././././././././././././././././.][././././././././B/././././././././././././././././././././././././././././././././././././././././././././././././././././././.]
[n2cn1096.ab2021.local:1714254] MCW rank 146 bound to socket 1[core 72[hwt 0]]: [./././././././././././././././././././././././././././././././././././././././././././././././././././././././././././././././.][././././././././B/././././././././././././././././././././././././././././././././././././././././././././././././././././././.]
[n2cn1096.ab2021.local:1714253] MCW rank 145 bound to socket 1[core 68[hwt 0]]: [./././././././././././././././././././././././././././././././././././././././././././././././././././././././././././././././.][././././B/././././././././././././././././././././././././././././././././././././././././././././././././././././././././././.]
[n2cn1096.ab2021.local:1714253] MCW rank 145 bound to socket 1[core 68[hwt 0]]: [./././././././././././././././././././././././././././././././././././././././././././././././././././././././././././././././.][././././B/././././././././././././././././././././././././././././././././././././././././././././././././././././././././././.]
[n2cn1096.ab2021.local:1714250] MCW rank 142 bound to socket 0[core 56[hwt 0]]: [././././././././././././././././././././././././././././././././././././././././././././././././././././././././B/././././././.][./././././././././././././././././././././././././././././././././././././././././././././././././././././././././././././././.]
[n2cn1096.ab2021.local:1714250] MCW rank 142 bound to socket 0[core 56[hwt 0]]: [././././././././././././././././././././././././././././././././././././././././././././././././././././././././B/././././././.][./././././././././././././././././././././././././././././././././././././././././././././././././././././././././././././././.]
[n2cn1096.ab2021.local:1714256] MCW rank 148 bound to socket 1[core 80[hwt 0]]: [./././././././././././././././././././././././././././././././././././././././././././././././././././././././././././././././.][././././././././././././././././B/././././././././././././././././././././././././././././././././././././././././././././././.]
[n2cn1096.ab2021.local:1714256] MCW rank 148 bound to socket 1[core 80[hwt 0]]: [./././././././././././././././././././././././././././././././././././././././././././././././././././././././././././././././.][././././././././././././././././B/././././././././././././././././././././././././././././././././././././././././././././././.]
[n2cn1096.ab2021.local:1714239] MCW rank 131 bound to socket 0[core 12[hwt 0]]: [././././././././././././B/././././././././././././././././././././././././././././././././././././././././././././././././././.][./././././././././././././././././././././././././././././././././././././././././././././././././././././././././././././././.]
[n2cn1096.ab2021.local:1714239] MCW rank 131 bound to socket 0[core 12[hwt 0]]: [././././././././././././B/././././././././././././././././././././././././././././././././././././././././././././././././././.][./././././././././././././././././././././././././././././././././././././././././././././././././././././././././././././././.]
[n2cn1096.ab2021.local:1714255] MCW rank 147 bound to socket 1[core 76[hwt 0]]: [./././././././././././././././././././././././././././././././././././././././././././././././././././././././././././././././.][././././././././././././B/././././././././././././././././././././././././././././././././././././././././././././././././././.]
[n2cn1096.ab2021.local:1714255] MCW rank 147 bound to socket 1[core 76[hwt 0]]: [./././././././././././././././././././././././././././././././././././././././././././././././././././././././././././././././.][././././././././././././B/././././././././././././././././././././././././././././././././././././././././././././././././././.]
[n2cn1096.ab2021.local:1714265] MCW rank 157 bound to socket 1[core 116[hwt 0]]: [./././././././././././././././././././././././././././././././././././././././././././././././././././././././././././././././.][././././././././././././././././././././././././././././././././././././././././././././././././././././B/././././././././././.]
[n2cn1096.ab2021.local:1714264] MCW rank 156 bound to socket 1[core 112[hwt 0]]: [./././././././././././././././././././././././././././././././././././././././././././././././././././././././././././././././.][././././././././././././././././././././././././././././././././././././././././././././././././B/././././././././././././././.]
[n2cn1096.ab2021.local:1714265] MCW rank 157 bound to socket 1[core 116[hwt 0]]: [./././././././././././././././././././././././././././././././././././././././././././././././././././././././././././././././.][././././././././././././././././././././././././././././././././././././././././././././././././././././B/././././././././././.]
[n2cn1096.ab2021.local:1714264] MCW rank 156 bound to socket 1[core 112[hwt 0]]: [./././././././././././././././././././././././././././././././././././././././././././././././././././././././././././././././.][././././././././././././././././././././././././././././././././././././././././././././././././B/././././././././././././././.]
[n2cn1096.ab2021.local:1714267] MCW rank 159 bound to socket 1[core 124[hwt 0]]: [./././././././././././././././././././././././././././././././././././././././././././././././././././././././././././././././.][././././././././././././././././././././././././././././././././././././././././././././././././././././././././././././B/././.]
[n2cn1096.ab2021.local:1714267] MCW rank 159 bound to socket 1[core 124[hwt 0]]: [./././././././././././././././././././././././././././././././././././././././././././././././././././././././././././././././.][././././././././././././././././././././././././././././././././././././././././././././././././././././././././././././B/././.]
[n2cn1096.ab2021.local:1714259] MCW rank 151 bound to socket 1[core 92[hwt 0]]: [./././././././././././././././././././././././././././././././././././././././././././././././././././././././././././././././.][././././././././././././././././././././././././././././B/././././././././././././././././././././././././././././././././././.]
[n2cn1096.ab2021.local:1714259] MCW rank 151 bound to socket 1[core 92[hwt 0]]: [./././././././././././././././././././././././././././././././././././././././././././././././././././././././././././././././.][././././././././././././././././././././././././././././B/././././././././././././././././././././././././././././././././././.]
[n2cn1096.ab2021.local:1714247] MCW rank 139 bound to socket 0[core 44[hwt 0]]: [././././././././././././././././././././././././././././././././././././././././././././B/././././././././././././././././././.][./././././././././././././././././././././././././././././././././././././././././././././././././././././././././././././././.]
[n2cn1096.ab2021.local:1714246] MCW rank 138 bound to socket 0[core 40[hwt 0]]: [././././././././././././././././././././././././././././././././././././././././B/././././././././././././././././././././././.][./././././././././././././././././././././././././././././././././././././././././././././././././././././././././././././././.]
[n2cn1096.ab2021.local:1714247] MCW rank 139 bound to socket 0[core 44[hwt 0]]: [././././././././././././././././././././././././././././././././././././././././././././B/././././././././././././././././././.][./././././././././././././././././././././././././././././././././././././././././././././././././././././././././././././././.]
[n2cn1096.ab2021.local:1714246] MCW rank 138 bound to socket 0[core 40[hwt 0]]: [././././././././././././././././././././././././././././././././././././././././B/././././././././././././././././././././././.][./././././././././././././././././././././././././././././././././././././././././././././././././././././././././././././././.]
[n2cn1096.ab2021.local:1714252] MCW rank 144 bound to socket 1[core 64[hwt 0]]: [./././././././././././././././././././././././././././././././././././././././././././././././././././././././././././././././.][B/././././././././././././././././././././././././././././././././././././././././././././././././././././././././././././././.]
[n2cn1096.ab2021.local:1714252] MCW rank 144 bound to socket 1[core 64[hwt 0]]: [./././././././././././././././././././././././././././././././././././././././././././././././././././././././././././././././.][B/././././././././././././././././././././././././././././././././././././././././././././././././././././././././././././././.]
[n2cn1096.ab2021.local:1714238] MCW rank 130 bound to socket 0[core 8[hwt 0]]: [././././././././B/././././././././././././././././././././././././././././././././././././././././././././././././././././././.][./././././././././././././././././././././././././././././././././././././././././././././././././././././././././././././././.]
[n2cn1096.ab2021.local:1714262] MCW rank 154 bound to socket 1[core 104[hwt 0]]: [./././././././././././././././././././././././././././././././././././././././././././././././././././././././././././././././.][././././././././././././././././././././././././././././././././././././././././B/././././././././././././././././././././././.]
[n2cn1096.ab2021.local:1714263] MCW rank 155 bound to socket 1[core 108[hwt 0]]: [./././././././././././././././././././././././././././././././././././././././././././././././././././././././././././././././.][././././././././././././././././././././././././././././././././././././././././././././B/././././././././././././././././././.]
[n2cn1096.ab2021.local:1714238] MCW rank 130 bound to socket 0[core 8[hwt 0]]: [././././././././B/././././././././././././././././././././././././././././././././././././././././././././././././././././././.][./././././././././././././././././././././././././././././././././././././././././././././././././././././././././././././././.]
[n2cn1096.ab2021.local:1714262] MCW rank 154 bound to socket 1[core 104[hwt 0]]: [./././././././././././././././././././././././././././././././././././././././././././././././././././././././././././././././.][././././././././././././././././././././././././././././././././././././././././B/././././././././././././././././././././././.]
[n2cn1096.ab2021.local:1714263] MCW rank 155 bound to socket 1[core 108[hwt 0]]: [./././././././././././././././././././././././././././././././././././././././././././././././././././././././././././././././.][././././././././././././././././././././././././././././././././././././././././././././B/././././././././././././././././././.]
[n2cn1096.ab2021.local:1714248] MCW rank 140 bound to socket 0[core 48[hwt 0]]: [././././././././././././././././././././././././././././././././././././././././././././././././B/././././././././././././././.][./././././././././././././././././././././././././././././././././././././././././././././././././././././././././././././././.]
[n2cn1096.ab2021.local:1714248] MCW rank 140 bound to socket 0[core 48[hwt 0]]: [././././././././././././././././././././././././././././././././././././././././././././././././B/././././././././././././././.][./././././././././././././././././././././././././././././././././././././././././././././././././././././././././././././././.]
[n2cn1096.ab2021.local:1714244] MCW rank 136 bound to socket 0[core 32[hwt 0]]: [././././././././././././././././././././././././././././././././B/././././././././././././././././././././././././././././././.][./././././././././././././././././././././././././././././././././././././././././././././././././././././././././././././././.]
[n2cn1096.ab2021.local:1714260] MCW rank 152 bound to socket 1[core 96[hwt 0]]: [./././././././././././././././././././././././././././././././././././././././././././././././././././././././././././././././.][././././././././././././././././././././././././././././././././B/././././././././././././././././././././././././././././././.]
[n2cn1096.ab2021.local:1714244] MCW rank 136 bound to socket 0[core 32[hwt 0]]: [././././././././././././././././././././././././././././././././B/././././././././././././././././././././././././././././././.][./././././././././././././././././././././././././././././././././././././././././././././././././././././././././././././././.]
[n2cn1096.ab2021.local:1714260] MCW rank 152 bound to socket 1[core 96[hwt 0]]: [./././././././././././././././././././././././././././././././././././././././././././././././././././././././././././././././.][././././././././././././././././././././././././././././././././B/././././././././././././././././././././././././././././././.]
2025-03-15 02:24:01.274891: I tensorflow/tsl/cuda/cudart_stub.cc:28] Could not find cuda drivers on your machine, GPU will not be used.
2025-03-15 02:24:01.274891: I tensorflow/tsl/cuda/cudart_stub.cc:28] Could not find cuda drivers on your machine, GPU will not be used.
2025-03-15 02:24:01.275477: I tensorflow/tsl/cuda/cudart_stub.cc:28] Could not find cuda drivers on your machine, GPU will not be used.
2025-03-15 02:24:01.275476: I tensorflow/tsl/cuda/cudart_stub.cc:28] Could not find cuda drivers on your machine, GPU will not be used.
2025-03-15 02:24:01.275479: I tensorflow/tsl/cuda/cudart_stub.cc:28] Could not find cuda drivers on your machine, GPU will not be used.
2025-03-15 02:24:01.275484: I tensorflow/tsl/cuda/cudart_stub.cc:28] Could not find cuda drivers on your machine, GPU will not be used.
2025-03-15 02:24:01.275489: I tensorflow/tsl/cuda/cudart_stub.cc:28] Could not find cuda drivers on your machine, GPU will not be used.
2025-03-15 02:24:01.275489: I tensorflow/tsl/cuda/cudart_stub.cc:28] Could not find cuda drivers on your machine, GPU will not be used.
2025-03-15 02:24:01.275491: I tensorflow/tsl/cuda/cudart_stub.cc:28] Could not find cuda drivers on your machine, GPU will not be used.
2025-03-15 02:24:01.275491: I tensorflow/tsl/cuda/cudart_stub.cc:28] Could not find cuda drivers on your machine, GPU will not be used.
2025-03-15 02:24:01.275519: I tensorflow/tsl/cuda/cudart_stub.cc:28] Could not find cuda drivers on your machine, GPU will not be used.
2025-03-15 02:24:01.275491: I tensorflow/tsl/cuda/cudart_stub.cc:28] Could not find cuda drivers on your machine, GPU will not be used.
2025-03-15 02:24:01.275494: I tensorflow/tsl/cuda/cudart_stub.cc:28] Could not find cuda drivers on your machine, GPU will not be used.
2025-03-15 02:24:01.275542: I tensorflow/tsl/cuda/cudart_stub.cc:28] Could not find cuda drivers on your machine, GPU will not be used.
2025-03-15 02:24:01.275547: I tensorflow/tsl/cuda/cudart_stub.cc:28] Could not find cuda drivers on your machine, GPU will not be used.
2025-03-15 02:24:01.275557: I tensorflow/tsl/cuda/cudart_stub.cc:28] Could not find cuda drivers on your machine, GPU will not be used.
2025-03-15 02:24:01.275559: I tensorflow/tsl/cuda/cudart_stub.cc:28] Could not find cuda drivers on your machine, GPU will not be used.
2025-03-15 02:24:01.275556: I tensorflow/tsl/cuda/cudart_stub.cc:28] Could not find cuda drivers on your machine, GPU will not be used.
2025-03-15 02:24:01.275558: I tensorflow/tsl/cuda/cudart_stub.cc:28] Could not find cuda drivers on your machine, GPU will not be used.
2025-03-15 02:24:01.275539: I tensorflow/tsl/cuda/cudart_stub.cc:28] Could not find cuda drivers on your machine, GPU will not be used.
2025-03-15 02:24:01.275539: I tensorflow/tsl/cuda/cudart_stub.cc:28] Could not find cuda drivers on your machine, GPU will not be used.
2025-03-15 02:24:01.275542: I tensorflow/tsl/cuda/cudart_stub.cc:28] Could not find cuda drivers on your machine, GPU will not be used.
2025-03-15 02:24:01.275536: I tensorflow/tsl/cuda/cudart_stub.cc:28] Could not find cuda drivers on your machine, GPU will not be used.
2025-03-15 02:24:01.275525: I tensorflow/tsl/cuda/cudart_stub.cc:28] Could not find cuda drivers on your machine, GPU will not be used.
2025-03-15 02:24:01.275550: I tensorflow/tsl/cuda/cudart_stub.cc:28] Could not find cuda drivers on your machine, GPU will not be used.
2025-03-15 02:24:01.275561: I tensorflow/tsl/cuda/cudart_stub.cc:28] Could not find cuda drivers on your machine, GPU will not be used.
2025-03-15 02:24:01.275569: I tensorflow/tsl/cuda/cudart_stub.cc:28] Could not find cuda drivers on your machine, GPU will not be used.
2025-03-15 02:24:01.275555: I tensorflow/tsl/cuda/cudart_stub.cc:28] Could not find cuda drivers on your machine, GPU will not be used.
2025-03-15 02:24:01.275560: I tensorflow/tsl/cuda/cudart_stub.cc:28] Could not find cuda drivers on your machine, GPU will not be used.
2025-03-15 02:24:01.275534: I tensorflow/tsl/cuda/cudart_stub.cc:28] Could not find cuda drivers on your machine, GPU will not be used.
2025-03-15 02:24:01.275536: I tensorflow/tsl/cuda/cudart_stub.cc:28] Could not find cuda drivers on your machine, GPU will not be used.
2025-03-15 02:24:01.275523: I tensorflow/tsl/cuda/cudart_stub.cc:28] Could not find cuda drivers on your machine, GPU will not be used.
2025-03-15 02:24:01.736413: E tensorflow/compiler/xla/stream_executor/cuda/cuda_dnn.cc:9342] Unable to register cuDNN factory: Attempting to register factory for plugin cuDNN when one has already been registered
2025-03-15 02:24:01.736434: E tensorflow/compiler/xla/stream_executor/cuda/cuda_fft.cc:609] Unable to register cuFFT factory: Attempting to register factory for plugin cuFFT when one has already been registered
2025-03-15 02:24:01.736386: E tensorflow/compiler/xla/stream_executor/cuda/cuda_dnn.cc:9342] Unable to register cuDNN factory: Attempting to register factory for plugin cuDNN when one has already been registered
2025-03-15 02:24:01.736409: E tensorflow/compiler/xla/stream_executor/cuda/cuda_fft.cc:609] Unable to register cuFFT factory: Attempting to register factory for plugin cuFFT when one has already been registered
2025-03-15 02:24:01.736414: E tensorflow/compiler/xla/stream_executor/cuda/cuda_dnn.cc:9342] Unable to register cuDNN factory: Attempting to register factory for plugin cuDNN when one has already been registered
2025-03-15 02:24:01.736436: E tensorflow/compiler/xla/stream_executor/cuda/cuda_fft.cc:609] Unable to register cuFFT factory: Attempting to register factory for plugin cuFFT when one has already been registered
2025-03-15 02:24:01.736378: E tensorflow/compiler/xla/stream_executor/cuda/cuda_dnn.cc:9342] Unable to register cuDNN factory: Attempting to register factory for plugin cuDNN when one has already been registered
2025-03-15 02:24:01.736402: E tensorflow/compiler/xla/stream_executor/cuda/cuda_fft.cc:609] Unable to register cuFFT factory: Attempting to register factory for plugin cuFFT when one has already been registered
2025-03-15 02:24:01.736380: E tensorflow/compiler/xla/stream_executor/cuda/cuda_dnn.cc:9342] Unable to register cuDNN factory: Attempting to register factory for plugin cuDNN when one has already been registered
2025-03-15 02:24:01.736405: E tensorflow/compiler/xla/stream_executor/cuda/cuda_fft.cc:609] Unable to register cuFFT factory: Attempting to register factory for plugin cuFFT when one has already been registered
2025-03-15 02:24:01.736396: E tensorflow/compiler/xla/stream_executor/cuda/cuda_dnn.cc:9342] Unable to register cuDNN factory: Attempting to register factory for plugin cuDNN when one has already been registered
2025-03-15 02:24:01.736422: E tensorflow/compiler/xla/stream_executor/cuda/cuda_fft.cc:609] Unable to register cuFFT factory: Attempting to register factory for plugin cuFFT when one has already been registered
2025-03-15 02:24:01.736347: E tensorflow/compiler/xla/stream_executor/cuda/cuda_dnn.cc:9342] Unable to register cuDNN factory: Attempting to register factory for plugin cuDNN when one has already been registered
2025-03-15 02:24:01.736391: E tensorflow/compiler/xla/stream_executor/cuda/cuda_fft.cc:609] Unable to register cuFFT factory: Attempting to register factory for plugin cuFFT when one has already been registered
2025-03-15 02:24:01.736317: E tensorflow/compiler/xla/stream_executor/cuda/cuda_dnn.cc:9342] Unable to register cuDNN factory: Attempting to register factory for plugin cuDNN when one has already been registered
2025-03-15 02:24:01.736341: E tensorflow/compiler/xla/stream_executor/cuda/cuda_fft.cc:609] Unable to register cuFFT factory: Attempting to register factory for plugin cuFFT when one has already been registered
2025-03-15 02:24:01.736392: E tensorflow/compiler/xla/stream_executor/cuda/cuda_dnn.cc:9342] Unable to register cuDNN factory: Attempting to register factory for plugin cuDNN when one has already been registered
2025-03-15 02:24:01.736414: E tensorflow/compiler/xla/stream_executor/cuda/cuda_fft.cc:609] Unable to register cuFFT factory: Attempting to register factory for plugin cuFFT when one has already been registered
2025-03-15 02:24:01.736383: E tensorflow/compiler/xla/stream_executor/cuda/cuda_dnn.cc:9342] Unable to register cuDNN factory: Attempting to register factory for plugin cuDNN when one has already been registered
2025-03-15 02:24:01.736411: E tensorflow/compiler/xla/stream_executor/cuda/cuda_fft.cc:609] Unable to register cuFFT factory: Attempting to register factory for plugin cuFFT when one has already been registered
2025-03-15 02:24:01.736359: E tensorflow/compiler/xla/stream_executor/cuda/cuda_dnn.cc:9342] Unable to register cuDNN factory: Attempting to register factory for plugin cuDNN when one has already been registered
2025-03-15 02:24:01.736384: E tensorflow/compiler/xla/stream_executor/cuda/cuda_fft.cc:609] Unable to register cuFFT factory: Attempting to register factory for plugin cuFFT when one has already been registered
2025-03-15 02:24:01.736416: E tensorflow/compiler/xla/stream_executor/cuda/cuda_dnn.cc:9342] Unable to register cuDNN factory: Attempting to register factory for plugin cuDNN when one has already been registered
2025-03-15 02:24:01.736439: E tensorflow/compiler/xla/stream_executor/cuda/cuda_fft.cc:609] Unable to register cuFFT factory: Attempting to register factory for plugin cuFFT when one has already been registered
2025-03-15 02:24:01.736340: E tensorflow/compiler/xla/stream_executor/cuda/cuda_dnn.cc:9342] Unable to register cuDNN factory: Attempting to register factory for plugin cuDNN when one has already been registered
2025-03-15 02:24:01.736379: E tensorflow/compiler/xla/stream_executor/cuda/cuda_fft.cc:609] Unable to register cuFFT factory: Attempting to register factory for plugin cuFFT when one has already been registered
2025-03-15 02:24:01.736363: E tensorflow/compiler/xla/stream_executor/cuda/cuda_dnn.cc:9342] Unable to register cuDNN factory: Attempting to register factory for plugin cuDNN when one has already been registered
2025-03-15 02:24:01.736384: E tensorflow/compiler/xla/stream_executor/cuda/cuda_fft.cc:609] Unable to register cuFFT factory: Attempting to register factory for plugin cuFFT when one has already been registered
2025-03-15 02:24:01.736343: E tensorflow/compiler/xla/stream_executor/cuda/cuda_dnn.cc:9342] Unable to register cuDNN factory: Attempting to register factory for plugin cuDNN when one has already been registered
2025-03-15 02:24:01.736378: E tensorflow/compiler/xla/stream_executor/cuda/cuda_fft.cc:609] Unable to register cuFFT factory: Attempting to register factory for plugin cuFFT when one has already been registered
2025-03-15 02:24:01.736393: E tensorflow/compiler/xla/stream_executor/cuda/cuda_dnn.cc:9342] Unable to register cuDNN factory: Attempting to register factory for plugin cuDNN when one has already been registered
2025-03-15 02:24:01.736417: E tensorflow/compiler/xla/stream_executor/cuda/cuda_fft.cc:609] Unable to register cuFFT factory: Attempting to register factory for plugin cuFFT when one has already been registered
2025-03-15 02:24:01.736374: E tensorflow/compiler/xla/stream_executor/cuda/cuda_dnn.cc:9342] Unable to register cuDNN factory: Attempting to register factory for plugin cuDNN when one has already been registered
2025-03-15 02:24:01.736397: E tensorflow/compiler/xla/stream_executor/cuda/cuda_fft.cc:609] Unable to register cuFFT factory: Attempting to register factory for plugin cuFFT when one has already been registered
2025-03-15 02:24:01.736364: E tensorflow/compiler/xla/stream_executor/cuda/cuda_dnn.cc:9342] Unable to register cuDNN factory: Attempting to register factory for plugin cuDNN when one has already been registered
2025-03-15 02:24:01.736386: E tensorflow/compiler/xla/stream_executor/cuda/cuda_fft.cc:609] Unable to register cuFFT factory: Attempting to register factory for plugin cuFFT when one has already been registered
2025-03-15 02:24:01.736403: E tensorflow/compiler/xla/stream_executor/cuda/cuda_dnn.cc:9342] Unable to register cuDNN factory: Attempting to register factory for plugin cuDNN when one has already been registered
2025-03-15 02:24:01.736426: E tensorflow/compiler/xla/stream_executor/cuda/cuda_fft.cc:609] Unable to register cuFFT factory: Attempting to register factory for plugin cuFFT when one has already been registered
2025-03-15 02:24:01.736412: E tensorflow/compiler/xla/stream_executor/cuda/cuda_dnn.cc:9342] Unable to register cuDNN factory: Attempting to register factory for plugin cuDNN when one has already been registered
2025-03-15 02:24:01.736441: E tensorflow/compiler/xla/stream_executor/cuda/cuda_fft.cc:609] Unable to register cuFFT factory: Attempting to register factory for plugin cuFFT when one has already been registered
2025-03-15 02:24:01.736364: E tensorflow/compiler/xla/stream_executor/cuda/cuda_dnn.cc:9342] Unable to register cuDNN factory: Attempting to register factory for plugin cuDNN when one has already been registered
2025-03-15 02:24:01.736397: E tensorflow/compiler/xla/stream_executor/cuda/cuda_fft.cc:609] Unable to register cuFFT factory: Attempting to register factory for plugin cuFFT when one has already been registered
2025-03-15 02:24:01.736391: E tensorflow/compiler/xla/stream_executor/cuda/cuda_dnn.cc:9342] Unable to register cuDNN factory: Attempting to register factory for plugin cuDNN when one has already been registered
2025-03-15 02:24:01.736414: E tensorflow/compiler/xla/stream_executor/cuda/cuda_fft.cc:609] Unable to register cuFFT factory: Attempting to register factory for plugin cuFFT when one has already been registered
2025-03-15 02:24:01.736332: E tensorflow/compiler/xla/stream_executor/cuda/cuda_dnn.cc:9342] Unable to register cuDNN factory: Attempting to register factory for plugin cuDNN when one has already been registered
2025-03-15 02:24:01.736366: E tensorflow/compiler/xla/stream_executor/cuda/cuda_fft.cc:609] Unable to register cuFFT factory: Attempting to register factory for plugin cuFFT when one has already been registered
2025-03-15 02:24:01.736389: E tensorflow/compiler/xla/stream_executor/cuda/cuda_dnn.cc:9342] Unable to register cuDNN factory: Attempting to register factory for plugin cuDNN when one has already been registered
2025-03-15 02:24:01.736417: E tensorflow/compiler/xla/stream_executor/cuda/cuda_fft.cc:609] Unable to register cuFFT factory: Attempting to register factory for plugin cuFFT when one has already been registered
2025-03-15 02:24:01.736389: E tensorflow/compiler/xla/stream_executor/cuda/cuda_dnn.cc:9342] Unable to register cuDNN factory: Attempting to register factory for plugin cuDNN when one has already been registered
2025-03-15 02:24:01.736414: E tensorflow/compiler/xla/stream_executor/cuda/cuda_fft.cc:609] Unable to register cuFFT factory: Attempting to register factory for plugin cuFFT when one has already been registered
2025-03-15 02:24:01.736731: E tensorflow/compiler/xla/stream_executor/cuda/cuda_dnn.cc:9342] Unable to register cuDNN factory: Attempting to register factory for plugin cuDNN when one has already been registered
2025-03-15 02:24:01.736745: E tensorflow/compiler/xla/stream_executor/cuda/cuda_fft.cc:609] Unable to register cuFFT factory: Attempting to register factory for plugin cuFFT when one has already been registered
2025-03-15 02:24:01.736735: E tensorflow/compiler/xla/stream_executor/cuda/cuda_dnn.cc:9342] Unable to register cuDNN factory: Attempting to register factory for plugin cuDNN when one has already been registered
2025-03-15 02:24:01.736754: E tensorflow/compiler/xla/stream_executor/cuda/cuda_fft.cc:609] Unable to register cuFFT factory: Attempting to register factory for plugin cuFFT when one has already been registered
2025-03-15 02:24:01.736739: E tensorflow/compiler/xla/stream_executor/cuda/cuda_dnn.cc:9342] Unable to register cuDNN factory: Attempting to register factory for plugin cuDNN when one has already been registered
2025-03-15 02:24:01.736754: E tensorflow/compiler/xla/stream_executor/cuda/cuda_fft.cc:609] Unable to register cuFFT factory: Attempting to register factory for plugin cuFFT when one has already been registered
2025-03-15 02:24:01.736734: E tensorflow/compiler/xla/stream_executor/cuda/cuda_dnn.cc:9342] Unable to register cuDNN factory: Attempting to register factory for plugin cuDNN when one has already been registered
2025-03-15 02:24:01.736755: E tensorflow/compiler/xla/stream_executor/cuda/cuda_fft.cc:609] Unable to register cuFFT factory: Attempting to register factory for plugin cuFFT when one has already been registered
2025-03-15 02:24:01.736737: E tensorflow/compiler/xla/stream_executor/cuda/cuda_dnn.cc:9342] Unable to register cuDNN factory: Attempting to register factory for plugin cuDNN when one has already been registered
2025-03-15 02:24:01.736752: E tensorflow/compiler/xla/stream_executor/cuda/cuda_fft.cc:609] Unable to register cuFFT factory: Attempting to register factory for plugin cuFFT when one has already been registered
2025-03-15 02:24:01.736739: E tensorflow/compiler/xla/stream_executor/cuda/cuda_dnn.cc:9342] Unable to register cuDNN factory: Attempting to register factory for plugin cuDNN when one has already been registered
2025-03-15 02:24:01.736753: E tensorflow/compiler/xla/stream_executor/cuda/cuda_fft.cc:609] Unable to register cuFFT factory: Attempting to register factory for plugin cuFFT when one has already been registered
2025-03-15 02:24:01.736731: E tensorflow/compiler/xla/stream_executor/cuda/cuda_dnn.cc:9342] Unable to register cuDNN factory: Attempting to register factory for plugin cuDNN when one has already been registered
2025-03-15 02:24:01.736747: E tensorflow/compiler/xla/stream_executor/cuda/cuda_fft.cc:609] Unable to register cuFFT factory: Attempting to register factory for plugin cuFFT when one has already been registered
2025-03-15 02:24:01.739647: E tensorflow/compiler/xla/stream_executor/cuda/cuda_blas.cc:1518] Unable to register cuBLAS factory: Attempting to register factory for plugin cuBLAS when one has already been registered
2025-03-15 02:24:01.739661: E tensorflow/compiler/xla/stream_executor/cuda/cuda_blas.cc:1518] Unable to register cuBLAS factory: Attempting to register factory for plugin cuBLAS when one has already been registered
2025-03-15 02:24:01.739663: E tensorflow/compiler/xla/stream_executor/cuda/cuda_blas.cc:1518] Unable to register cuBLAS factory: Attempting to register factory for plugin cuBLAS when one has already been registered
2025-03-15 02:24:01.739684: E tensorflow/compiler/xla/stream_executor/cuda/cuda_blas.cc:1518] Unable to register cuBLAS factory: Attempting to register factory for plugin cuBLAS when one has already been registered
2025-03-15 02:24:01.739670: E tensorflow/compiler/xla/stream_executor/cuda/cuda_blas.cc:1518] Unable to register cuBLAS factory: Attempting to register factory for plugin cuBLAS when one has already been registered
2025-03-15 02:24:01.739667: E tensorflow/compiler/xla/stream_executor/cuda/cuda_blas.cc:1518] Unable to register cuBLAS factory: Attempting to register factory for plugin cuBLAS when one has already been registered
2025-03-15 02:24:01.739692: E tensorflow/compiler/xla/stream_executor/cuda/cuda_blas.cc:1518] Unable to register cuBLAS factory: Attempting to register factory for plugin cuBLAS when one has already been registered
2025-03-15 02:24:01.739711: E tensorflow/compiler/xla/stream_executor/cuda/cuda_blas.cc:1518] Unable to register cuBLAS factory: Attempting to register factory for plugin cuBLAS when one has already been registered
2025-03-15 02:24:01.739711: E tensorflow/compiler/xla/stream_executor/cuda/cuda_blas.cc:1518] Unable to register cuBLAS factory: Attempting to register factory for plugin cuBLAS when one has already been registered
2025-03-15 02:24:01.739705: E tensorflow/compiler/xla/stream_executor/cuda/cuda_blas.cc:1518] Unable to register cuBLAS factory: Attempting to register factory for plugin cuBLAS when one has already been registered
2025-03-15 02:24:01.739705: E tensorflow/compiler/xla/stream_executor/cuda/cuda_blas.cc:1518] Unable to register cuBLAS factory: Attempting to register factory for plugin cuBLAS when one has already been registered
2025-03-15 02:24:01.739708: E tensorflow/compiler/xla/stream_executor/cuda/cuda_blas.cc:1518] Unable to register cuBLAS factory: Attempting to register factory for plugin cuBLAS when one has already been registered
2025-03-15 02:24:01.739708: E tensorflow/compiler/xla/stream_executor/cuda/cuda_blas.cc:1518] Unable to register cuBLAS factory: Attempting to register factory for plugin cuBLAS when one has already been registered
2025-03-15 02:24:01.739694: E tensorflow/compiler/xla/stream_executor/cuda/cuda_blas.cc:1518] Unable to register cuBLAS factory: Attempting to register factory for plugin cuBLAS when one has already been registered
2025-03-15 02:24:01.739706: E tensorflow/compiler/xla/stream_executor/cuda/cuda_blas.cc:1518] Unable to register cuBLAS factory: Attempting to register factory for plugin cuBLAS when one has already been registered
2025-03-15 02:24:01.739715: E tensorflow/compiler/xla/stream_executor/cuda/cuda_blas.cc:1518] Unable to register cuBLAS factory: Attempting to register factory for plugin cuBLAS when one has already been registered
2025-03-15 02:24:01.739711: E tensorflow/compiler/xla/stream_executor/cuda/cuda_blas.cc:1518] Unable to register cuBLAS factory: Attempting to register factory for plugin cuBLAS when one has already been registered
2025-03-15 02:24:01.739714: E tensorflow/compiler/xla/stream_executor/cuda/cuda_blas.cc:1518] Unable to register cuBLAS factory: Attempting to register factory for plugin cuBLAS when one has already been registered
2025-03-15 02:24:01.739732: E tensorflow/compiler/xla/stream_executor/cuda/cuda_blas.cc:1518] Unable to register cuBLAS factory: Attempting to register factory for plugin cuBLAS when one has already been registered
2025-03-15 02:24:01.739732: E tensorflow/compiler/xla/stream_executor/cuda/cuda_blas.cc:1518] Unable to register cuBLAS factory: Attempting to register factory for plugin cuBLAS when one has already been registered
2025-03-15 02:24:01.739739: E tensorflow/compiler/xla/stream_executor/cuda/cuda_blas.cc:1518] Unable to register cuBLAS factory: Attempting to register factory for plugin cuBLAS when one has already been registered
2025-03-15 02:24:01.739725: E tensorflow/compiler/xla/stream_executor/cuda/cuda_blas.cc:1518] Unable to register cuBLAS factory: Attempting to register factory for plugin cuBLAS when one has already been registered
2025-03-15 02:24:01.739738: E tensorflow/compiler/xla/stream_executor/cuda/cuda_blas.cc:1518] Unable to register cuBLAS factory: Attempting to register factory for plugin cuBLAS when one has already been registered
2025-03-15 02:24:01.739742: E tensorflow/compiler/xla/stream_executor/cuda/cuda_blas.cc:1518] Unable to register cuBLAS factory: Attempting to register factory for plugin cuBLAS when one has already been registered
2025-03-15 02:24:01.740225: E tensorflow/compiler/xla/stream_executor/cuda/cuda_blas.cc:1518] Unable to register cuBLAS factory: Attempting to register factory for plugin cuBLAS when one has already been registered
2025-03-15 02:24:01.740229: E tensorflow/compiler/xla/stream_executor/cuda/cuda_blas.cc:1518] Unable to register cuBLAS factory: Attempting to register factory for plugin cuBLAS when one has already been registered
2025-03-15 02:24:01.740226: E tensorflow/compiler/xla/stream_executor/cuda/cuda_blas.cc:1518] Unable to register cuBLAS factory: Attempting to register factory for plugin cuBLAS when one has already been registered
2025-03-15 02:24:01.740213: E tensorflow/compiler/xla/stream_executor/cuda/cuda_blas.cc:1518] Unable to register cuBLAS factory: Attempting to register factory for plugin cuBLAS when one has already been registered
2025-03-15 02:24:01.740224: E tensorflow/compiler/xla/stream_executor/cuda/cuda_blas.cc:1518] Unable to register cuBLAS factory: Attempting to register factory for plugin cuBLAS when one has already been registered
2025-03-15 02:24:01.740228: E tensorflow/compiler/xla/stream_executor/cuda/cuda_blas.cc:1518] Unable to register cuBLAS factory: Attempting to register factory for plugin cuBLAS when one has already been registered
2025-03-15 02:24:01.740214: E tensorflow/compiler/xla/stream_executor/cuda/cuda_blas.cc:1518] Unable to register cuBLAS factory: Attempting to register factory for plugin cuBLAS when one has already been registered
2025-03-15 02:24:01.740224: E tensorflow/compiler/xla/stream_executor/cuda/cuda_blas.cc:1518] Unable to register cuBLAS factory: Attempting to register factory for plugin cuBLAS when one has already been registered
DeePMD-kit: Cannot find libcudart.so.11.0
implib-gen: libcudart.so.11.0: failed to load library 'libcudart.so.11.0' via callback 'DP_cudart_dlopen'
implib-gen: libcudart.so.11.0: failed to resolve symbol '__cudaRegisterFatBinary', library failed to load
implib-gen: libcudart.so.11.0: failed to load library 'libcudart.so.11.0' via callback 'DP_cudart_dlopen'
implib-gen: libcudart.so.11.0: failed to resolve symbol '__cudaRegisterFunction', library failed to load
implib-gen: libcudart.so.11.0: failed to load library 'libcudart.so.11.0' via callback 'DP_cudart_dlopen'
implib-gen: libcudart.so.11.0: failed to resolve symbol '__cudaRegisterFatBinaryEnd', library failed to load
DeePMD-kit: Cannot find libcudart.so.11.0
implib-gen: libcudart.so.11.0: failed to load library 'libcudart.so.11.0' via callback 'DP_cudart_dlopen'
implib-gen: libcudart.so.11.0: failed to resolve symbol '__cudaRegisterFatBinary', library failed to load
implib-gen: libcudart.so.11.0: failed to load library 'libcudart.so.11.0' via callback 'DP_cudart_dlopen'
implib-gen: libcudart.so.11.0: failed to resolve symbol '__cudaRegisterFunction', library failed to load
implib-gen: libcudart.so.11.0: failed to load library 'libcudart.so.11.0' via callback 'DP_cudart_dlopen'
implib-gen: libcudart.so.11.0: failed to resolve symbol '__cudaRegisterFatBinaryEnd', library failed to load
DeePMD-kit: Cannot find libcudart.so.11.0
implib-gen: libcudart.so.11.0: failed to load library 'libcudart.so.11.0' via callback 'DP_cudart_dlopen'
implib-gen: libcudart.so.11.0: failed to resolve symbol '__cudaRegisterFatBinary', library failed to load
implib-gen: libcudart.so.11.0: failed to load library 'libcudart.so.11.0' via callback 'DP_cudart_dlopen'
implib-gen: libcudart.so.11.0: failed to resolve symbol '__cudaRegisterFunction', library failed to load
implib-gen: libcudart.so.11.0: failed to load library 'libcudart.so.11.0' via callback 'DP_cudart_dlopen'
implib-gen: libcudart.so.11.0: failed to resolve symbol '__cudaRegisterFatBinaryEnd', library failed to load
DeePMD-kit: Cannot find libcudart.so.11.0
implib-gen: libcudart.so.11.0: failed to load library 'libcudart.so.11.0' via callback 'DP_cudart_dlopen'
implib-gen: libcudart.so.11.0: failed to resolve symbol '__cudaRegisterFatBinary', library failed to load
DeePMD-kit: Cannot find libcudart.so.11.0
implib-gen: libcudart.so.11.0: failed to load library 'libcudart.so.11.0' via callback 'DP_cudart_dlopen'
implib-gen: libcudart.so.11.0: failed to resolve symbol '__cudaRegisterFatBinary', library failed to load
implib-gen: libcudart.so.11.0: failed to load library 'libcudart.so.11.0' via callback 'DP_cudart_dlopen'
implib-gen: libcudart.so.11.0: failed to resolve symbol '__cudaRegisterFunction', library failed to load
DeePMD-kit: Cannot find libcudart.so.11.0
implib-gen: libcudart.so.11.0: failed to load library 'libcudart.so.11.0' via callback 'DP_cudart_dlopen'
implib-gen: libcudart.so.11.0: failed to resolve symbol '__cudaRegisterFatBinary', library failed to load
implib-gen: libcudart.so.11.0: failed to load library 'libcudart.so.11.0' via callback 'DP_cudart_dlopen'
implib-gen: libcudart.so.11.0: failed to resolve symbol '__cudaRegisterFunction', library failed to load
implib-gen: libcudart.so.11.0: failed to load library 'libcudart.so.11.0' via callback 'DP_cudart_dlopen'
implib-gen: libcudart.so.11.0: failed to resolve symbol '__cudaRegisterFatBinaryEnd', library failed to load
implib-gen: libcudart.so.11.0: failed to load library 'libcudart.so.11.0' via callback 'DP_cudart_dlopen'
implib-gen: libcudart.so.11.0: failed to resolve symbol '__cudaRegisterFunction', library failed to load
implib-gen: libcudart.so.11.0: failed to load library 'libcudart.so.11.0' via callback 'DP_cudart_dlopen'
implib-gen: libcudart.so.11.0: failed to resolve symbol '__cudaRegisterFatBinaryEnd', library failed to load
implib-gen: libcudart.so.11.0: failed to load library 'libcudart.so.11.0' via callback 'DP_cudart_dlopen'
implib-gen: libcudart.so.11.0: failed to resolve symbol '__cudaRegisterFatBinaryEnd', library failed to load
DeePMD-kit: Cannot find libcudart.so.11.0
implib-gen: libcudart.so.11.0: failed to load library 'libcudart.so.11.0' via callback 'DP_cudart_dlopen'
implib-gen: libcudart.so.11.0: failed to resolve symbol '__cudaRegisterFatBinary', library failed to load
implib-gen: libcudart.so.11.0: failed to load library 'libcudart.so.11.0' via callback 'DP_cudart_dlopen'
implib-gen: libcudart.so.11.0: failed to resolve symbol '__cudaRegisterFunction', library failed to load
implib-gen: libcudart.so.11.0: failed to load library 'libcudart.so.11.0' via callback 'DP_cudart_dlopen'
implib-gen: libcudart.so.11.0: failed to resolve symbol '__cudaRegisterFatBinaryEnd', library failed to load
DeePMD-kit: Cannot find libcudart.so.11.0
implib-gen: libcudart.so.11.0: failed to load library 'libcudart.so.11.0' via callback 'DP_cudart_dlopen'
implib-gen: libcudart.so.11.0: failed to resolve symbol '__cudaRegisterFatBinary', library failed to load
implib-gen: libcudart.so.11.0: failed to load library 'libcudart.so.11.0' via callback 'DP_cudart_dlopen'
implib-gen: libcudart.so.11.0: failed to resolve symbol '__cudaRegisterFunction', library failed to load
implib-gen: libcudart.so.11.0: failed to load library 'libcudart.so.11.0' via callback 'DP_cudart_dlopen'
implib-gen: libcudart.so.11.0: failed to resolve symbol '__cudaRegisterFatBinaryEnd', library failed to load
DeePMD-kit: Cannot find libcudart.so.11.0
implib-gen: libcudart.so.11.0: failed to load library 'libcudart.so.11.0' via callback 'DP_cudart_dlopen'
implib-gen: libcudart.so.11.0: failed to resolve symbol '__cudaRegisterFatBinary', library failed to load
implib-gen: libcudart.so.11.0: failed to load library 'libcudart.so.11.0' via callback 'DP_cudart_dlopen'
implib-gen: libcudart.so.11.0: failed to resolve symbol '__cudaRegisterFunction', library failed to load
implib-gen: libcudart.so.11.0: failed to load library 'libcudart.so.11.0' via callback 'DP_cudart_dlopen'
implib-gen: libcudart.so.11.0: failed to resolve symbol '__cudaRegisterFatBinaryEnd', library failed to load
DeePMD-kit: Cannot find libcudart.so.11.0
implib-gen: libcudart.so.11.0: failed to load library 'libcudart.so.11.0' via callback 'DP_cudart_dlopen'
implib-gen: libcudart.so.11.0: failed to resolve symbol '__cudaRegisterFatBinary', library failed to load
implib-gen: libcudart.so.11.0: failed to load library 'libcudart.so.11.0' via callback 'DP_cudart_dlopen'
implib-gen: libcudart.so.11.0: failed to resolve symbol '__cudaRegisterFunction', library failed to load
DeePMD-kit: Cannot find libcudart.so.11.0
implib-gen: libcudart.so.11.0: failed to load library 'libcudart.so.11.0' via callback 'DP_cudart_dlopen'
implib-gen: libcudart.so.11.0: failed to resolve symbol '__cudaRegisterFatBinary', library failed to load
implib-gen: libcudart.so.11.0: failed to load library 'libcudart.so.11.0' via callback 'DP_cudart_dlopen'
implib-gen: libcudart.so.11.0: failed to resolve symbol '__cudaRegisterFunction', library failed to load
implib-gen: libcudart.so.11.0: failed to load library 'libcudart.so.11.0' via callback 'DP_cudart_dlopen'
implib-gen: libcudart.so.11.0: failed to resolve symbol '__cudaRegisterFatBinaryEnd', library failed to load
DeePMD-kit: Cannot find libcudart.so.11.0
implib-gen: libcudart.so.11.0: failed to load library 'libcudart.so.11.0' via callback 'DP_cudart_dlopen'
implib-gen: libcudart.so.11.0: failed to resolve symbol '__cudaRegisterFatBinary', library failed to load
implib-gen: libcudart.so.11.0: failed to load library 'libcudart.so.11.0' via callback 'DP_cudart_dlopen'
implib-gen: libcudart.so.11.0: failed to resolve symbol '__cudaRegisterFunction', library failed to load
implib-gen: libcudart.so.11.0: failed to load library 'libcudart.so.11.0' via callback 'DP_cudart_dlopen'
implib-gen: libcudart.so.11.0: failed to resolve symbol '__cudaRegisterFatBinaryEnd', library failed to load
implib-gen: libcudart.so.11.0: failed to load library 'libcudart.so.11.0' via callback 'DP_cudart_dlopen'
implib-gen: libcudart.so.11.0: failed to resolve symbol '__cudaRegisterFatBinaryEnd', library failed to load
DeePMD-kit: Cannot find libcudart.so.11.0
implib-gen: libcudart.so.11.0: failed to load library 'libcudart.so.11.0' via callback 'DP_cudart_dlopen'
implib-gen: libcudart.so.11.0: failed to resolve symbol '__cudaRegisterFatBinary', library failed to load
implib-gen: libcudart.so.11.0: failed to load library 'libcudart.so.11.0' via callback 'DP_cudart_dlopen'
implib-gen: libcudart.so.11.0: failed to resolve symbol '__cudaRegisterFunction', library failed to load
implib-gen: libcudart.so.11.0: failed to load library 'libcudart.so.11.0' via callback 'DP_cudart_dlopen'
implib-gen: libcudart.so.11.0: failed to resolve symbol '__cudaRegisterFatBinaryEnd', library failed to load
DeePMD-kit: Cannot find libcudart.so.11.0
implib-gen: libcudart.so.11.0: failed to load library 'libcudart.so.11.0' via callback 'DP_cudart_dlopen'
implib-gen: libcudart.so.11.0: failed to resolve symbol '__cudaRegisterFatBinary', library failed to load
implib-gen: libcudart.so.11.0: failed to load library 'libcudart.so.11.0' via callback 'DP_cudart_dlopen'
implib-gen: libcudart.so.11.0: failed to resolve symbol '__cudaRegisterFunction', library failed to load
implib-gen: libcudart.so.11.0: failed to load library 'libcudart.so.11.0' via callback 'DP_cudart_dlopen'
implib-gen: libcudart.so.11.0: failed to resolve symbol '__cudaRegisterFatBinaryEnd', library failed to load
DeePMD-kit: Cannot find libcudart.so.11.0
implib-gen: libcudart.so.11.0: failed to load library 'libcudart.so.11.0' via callback 'DP_cudart_dlopen'
implib-gen: libcudart.so.11.0: failed to resolve symbol '__cudaRegisterFatBinary', library failed to load
implib-gen: libcudart.so.11.0: failed to load library 'libcudart.so.11.0' via callback 'DP_cudart_dlopen'
implib-gen: libcudart.so.11.0: failed to resolve symbol '__cudaRegisterFunction', library failed to load
implib-gen: libcudart.so.11.0: failed to load library 'libcudart.so.11.0' via callback 'DP_cudart_dlopen'
implib-gen: libcudart.so.11.0: failed to resolve symbol '__cudaRegisterFatBinaryEnd', library failed to load
DeePMD-kit: Cannot find libcudart.so.11.0
implib-gen: libcudart.so.11.0: failed to load library 'libcudart.so.11.0' via callback 'DP_cudart_dlopen'
implib-gen: libcudart.so.11.0: failed to resolve symbol '__cudaRegisterFatBinary', library failed to load
implib-gen: libcudart.so.11.0: failed to load library 'libcudart.so.11.0' via callback 'DP_cudart_dlopen'
implib-gen: libcudart.so.11.0: failed to resolve symbol '__cudaRegisterFunction', library failed to load
implib-gen: libcudart.so.11.0: failed to load library 'libcudart.so.11.0' via callback 'DP_cudart_dlopen'
implib-gen: libcudart.so.11.0: failed to resolve symbol '__cudaRegisterFatBinaryEnd', library failed to load
DeePMD-kit: Cannot find libcudart.so.11.0
DeePMD-kit: Cannot find libcudart.so.11.0
implib-gen: libcudart.so.11.0: failed to load library 'libcudart.so.11.0' via callback 'DP_cudart_dlopen'
implib-gen: libcudart.so.11.0: failed to resolve symbol '__cudaRegisterFatBinary', library failed to load
implib-gen: libcudart.so.11.0: failed to load library 'libcudart.so.11.0' via callback 'DP_cudart_dlopen'
implib-gen: libcudart.so.11.0: failed to resolve symbol '__cudaRegisterFunction', library failed to load
implib-gen: libcudart.so.11.0: failed to load library 'libcudart.so.11.0' via callback 'DP_cudart_dlopen'
implib-gen: libcudart.so.11.0: failed to resolve symbol '__cudaRegisterFatBinary', library failed to load
implib-gen: libcudart.so.11.0: failed to load library 'libcudart.so.11.0' via callback 'DP_cudart_dlopen'
implib-gen: libcudart.so.11.0: failed to resolve symbol '__cudaRegisterFunction', library failed to load
implib-gen: libcudart.so.11.0: failed to load library 'libcudart.so.11.0' via callback 'DP_cudart_dlopen'
implib-gen: libcudart.so.11.0: failed to resolve symbol '__cudaRegisterFatBinaryEnd', library failed to load
implib-gen: libcudart.so.11.0: failed to load library 'libcudart.so.11.0' via callback 'DP_cudart_dlopen'
implib-gen: libcudart.so.11.0: failed to resolve symbol '__cudaRegisterFatBinaryEnd', library failed to load
DeePMD-kit: Cannot find libcudart.so.11.0
implib-gen: libcudart.so.11.0: failed to load library 'libcudart.so.11.0' via callback 'DP_cudart_dlopen'
implib-gen: libcudart.so.11.0: failed to resolve symbol '__cudaRegisterFatBinary', library failed to load
implib-gen: libcudart.so.11.0: failed to load library 'libcudart.so.11.0' via callback 'DP_cudart_dlopen'
implib-gen: libcudart.so.11.0: failed to resolve symbol '__cudaRegisterFunction', library failed to load
implib-gen: libcudart.so.11.0: failed to load library 'libcudart.so.11.0' via callback 'DP_cudart_dlopen'
implib-gen: libcudart.so.11.0: failed to resolve symbol '__cudaRegisterFatBinaryEnd', library failed to load
DeePMD-kit: Cannot find libcudart.so.11.0
implib-gen: libcudart.so.11.0: failed to load library 'libcudart.so.11.0' via callback 'DP_cudart_dlopen'
implib-gen: libcudart.so.11.0: failed to resolve symbol '__cudaRegisterFatBinary', library failed to load
implib-gen: libcudart.so.11.0: failed to load library 'libcudart.so.11.0' via callback 'DP_cudart_dlopen'
implib-gen: libcudart.so.11.0: failed to resolve symbol '__cudaRegisterFunction', library failed to load
implib-gen: libcudart.so.11.0: failed to load library 'libcudart.so.11.0' via callback 'DP_cudart_dlopen'
implib-gen: libcudart.so.11.0: failed to resolve symbol '__cudaRegisterFatBinaryEnd', library failed to load
DeePMD-kit: Cannot find libcudart.so.11.0
implib-gen: libcudart.so.11.0: failed to load library 'libcudart.so.11.0' via callback 'DP_cudart_dlopen'
implib-gen: libcudart.so.11.0: failed to resolve symbol '__cudaRegisterFatBinary', library failed to load
implib-gen: libcudart.so.11.0: failed to load library 'libcudart.so.11.0' via callback 'DP_cudart_dlopen'
implib-gen: libcudart.so.11.0: failed to resolve symbol '__cudaRegisterFunction', library failed to load
implib-gen: libcudart.so.11.0: failed to load library 'libcudart.so.11.0' via callback 'DP_cudart_dlopen'
implib-gen: libcudart.so.11.0: failed to resolve symbol '__cudaRegisterFatBinaryEnd', library failed to load
DeePMD-kit: Cannot find libcudart.so.11.0
implib-gen: libcudart.so.11.0: failed to load library 'libcudart.so.11.0' via callback 'DP_cudart_dlopen'
implib-gen: libcudart.so.11.0: failed to resolve symbol '__cudaRegisterFatBinary', library failed to load
implib-gen: libcudart.so.11.0: failed to load library 'libcudart.so.11.0' via callback 'DP_cudart_dlopen'
implib-gen: libcudart.so.11.0: failed to resolve symbol '__cudaRegisterFunction', library failed to load
implib-gen: libcudart.so.11.0: failed to load library 'libcudart.so.11.0' via callback 'DP_cudart_dlopen'
implib-gen: libcudart.so.11.0: failed to resolve symbol '__cudaRegisterFatBinaryEnd', library failed to load
DeePMD-kit: Cannot find libcudart.so.11.0
implib-gen: libcudart.so.11.0: failed to load library 'libcudart.so.11.0' via callback 'DP_cudart_dlopen'
implib-gen: libcudart.so.11.0: failed to resolve symbol '__cudaRegisterFatBinary', library failed to load
implib-gen: libcudart.so.11.0: failed to load library 'libcudart.so.11.0' via callback 'DP_cudart_dlopen'
implib-gen: libcudart.so.11.0: failed to resolve symbol '__cudaRegisterFunction', library failed to load
implib-gen: libcudart.so.11.0: failed to load library 'libcudart.so.11.0' via callback 'DP_cudart_dlopen'
implib-gen: libcudart.so.11.0: failed to resolve symbol '__cudaRegisterFatBinaryEnd', library failed to load
DeePMD-kit: Cannot find libcudart.so.11.0
implib-gen: libcudart.so.11.0: failed to load library 'libcudart.so.11.0' via callback 'DP_cudart_dlopen'
implib-gen: libcudart.so.11.0: failed to resolve symbol '__cudaRegisterFatBinary', library failed to load
implib-gen: libcudart.so.11.0: failed to load library 'libcudart.so.11.0' via callback 'DP_cudart_dlopen'
implib-gen: libcudart.so.11.0: failed to resolve symbol '__cudaRegisterFunction', library failed to load
implib-gen: libcudart.so.11.0: failed to load library 'libcudart.so.11.0' via callback 'DP_cudart_dlopen'
implib-gen: libcudart.so.11.0: failed to resolve symbol '__cudaRegisterFatBinaryEnd', library failed to load
DeePMD-kit: Cannot find libcudart.so.11.0
DeePMD-kit: Cannot find libcudart.so.11.0
implib-gen: libcudart.so.11.0: failed to load library 'libcudart.so.11.0' via callback 'DP_cudart_dlopen'
implib-gen: libcudart.so.11.0: failed to resolve symbol '__cudaRegisterFatBinary', library failed to load
implib-gen: libcudart.so.11.0: failed to load library 'libcudart.so.11.0' via callback 'DP_cudart_dlopen'
implib-gen: libcudart.so.11.0: failed to resolve symbol '__cudaRegisterFunction', library failed to load
implib-gen: libcudart.so.11.0: failed to load library 'libcudart.so.11.0' via callback 'DP_cudart_dlopen'
implib-gen: libcudart.so.11.0: failed to resolve symbol '__cudaRegisterFatBinaryEnd', library failed to load
DeePMD-kit: Cannot find libcudart.so.11.0
implib-gen: libcudart.so.11.0: failed to load library 'libcudart.so.11.0' via callback 'DP_cudart_dlopen'
implib-gen: libcudart.so.11.0: failed to resolve symbol '__cudaRegisterFatBinary', library failed to load
implib-gen: libcudart.so.11.0: failed to load library 'libcudart.so.11.0' via callback 'DP_cudart_dlopen'
implib-gen: libcudart.so.11.0: failed to resolve symbol '__cudaRegisterFunction', library failed to load
implib-gen: libcudart.so.11.0: failed to load library 'libcudart.so.11.0' via callback 'DP_cudart_dlopen'
implib-gen: libcudart.so.11.0: failed to resolve symbol '__cudaRegisterFatBinaryEnd', library failed to load
DeePMD-kit: Cannot find libcudart.so.11.0
implib-gen: libcudart.so.11.0: failed to load library 'libcudart.so.11.0' via callback 'DP_cudart_dlopen'
implib-gen: libcudart.so.11.0: failed to resolve symbol '__cudaRegisterFatBinary', library failed to load
implib-gen: libcudart.so.11.0: failed to load library 'libcudart.so.11.0' via callback 'DP_cudart_dlopen'
implib-gen: libcudart.so.11.0: failed to resolve symbol '__cudaRegisterFunction', library failed to load
implib-gen: libcudart.so.11.0: failed to load library 'libcudart.so.11.0' via callback 'DP_cudart_dlopen'
implib-gen: libcudart.so.11.0: failed to resolve symbol '__cudaRegisterFatBinaryEnd', library failed to load
implib-gen: libcudart.so.11.0: failed to load library 'libcudart.so.11.0' via callback 'DP_cudart_dlopen'
implib-gen: libcudart.so.11.0: failed to resolve symbol '__cudaRegisterFatBinary', library failed to load
implib-gen: libcudart.so.11.0: failed to load library 'libcudart.so.11.0' via callback 'DP_cudart_dlopen'
implib-gen: libcudart.so.11.0: failed to resolve symbol '__cudaRegisterFunction', library failed to load
implib-gen: libcudart.so.11.0: failed to load library 'libcudart.so.11.0' via callback 'DP_cudart_dlopen'
implib-gen: libcudart.so.11.0: failed to resolve symbol '__cudaRegisterFatBinaryEnd', library failed to load
DeePMD-kit: Cannot find libcudart.so.11.0
implib-gen: libcudart.so.11.0: failed to load library 'libcudart.so.11.0' via callback 'DP_cudart_dlopen'
implib-gen: libcudart.so.11.0: failed to resolve symbol '__cudaRegisterFatBinary', library failed to load
implib-gen: libcudart.so.11.0: failed to load library 'libcudart.so.11.0' via callback 'DP_cudart_dlopen'
implib-gen: libcudart.so.11.0: failed to resolve symbol '__cudaRegisterFunction', library failed to load
implib-gen: libcudart.so.11.0: failed to load library 'libcudart.so.11.0' via callback 'DP_cudart_dlopen'
implib-gen: libcudart.so.11.0: failed to resolve symbol '__cudaRegisterFatBinaryEnd', library failed to load
DeePMD-kit: Cannot find libcudart.so.11.0
implib-gen: libcudart.so.11.0: failed to load library 'libcudart.so.11.0' via callback 'DP_cudart_dlopen'
implib-gen: libcudart.so.11.0: failed to resolve symbol '__cudaRegisterFatBinary', library failed to load
implib-gen: libcudart.so.11.0: failed to load library 'libcudart.so.11.0' via callback 'DP_cudart_dlopen'
implib-gen: libcudart.so.11.0: failed to resolve symbol '__cudaRegisterFunction', library failed to load
implib-gen: libcudart.so.11.0: failed to load library 'libcudart.so.11.0' via callback 'DP_cudart_dlopen'
implib-gen: libcudart.so.11.0: failed to resolve symbol '__cudaRegisterFatBinaryEnd', library failed to load
DeePMD-kit: Cannot find libcudart.so.11.0
implib-gen: libcudart.so.11.0: failed to load library 'libcudart.so.11.0' via callback 'DP_cudart_dlopen'
implib-gen: libcudart.so.11.0: failed to resolve symbol '__cudaRegisterFatBinary', library failed to load
implib-gen: libcudart.so.11.0: failed to load library 'libcudart.so.11.0' via callback 'DP_cudart_dlopen'
implib-gen: libcudart.so.11.0: failed to resolve symbol '__cudaRegisterFunction', library failed to load
implib-gen: libcudart.so.11.0: failed to load library 'libcudart.so.11.0' via callback 'DP_cudart_dlopen'
implib-gen: libcudart.so.11.0: failed to resolve symbol '__cudaRegisterFatBinaryEnd', library failed to load
DeePMD-kit: Cannot find libcudart.so.11.0
implib-gen: libcudart.so.11.0: failed to load library 'libcudart.so.11.0' via callback 'DP_cudart_dlopen'
implib-gen: libcudart.so.11.0: failed to resolve symbol '__cudaRegisterFatBinary', library failed to load
implib-gen: libcudart.so.11.0: failed to load library 'libcudart.so.11.0' via callback 'DP_cudart_dlopen'
implib-gen: libcudart.so.11.0: failed to resolve symbol '__cudaRegisterFunction', library failed to load
implib-gen: libcudart.so.11.0: failed to load library 'libcudart.so.11.0' via callback 'DP_cudart_dlopen'
implib-gen: libcudart.so.11.0: failed to resolve symbol '__cudaRegisterFatBinaryEnd', library failed to load
[n2cn1001.ab2021.local:1299032] MCW rank 109 bound to socket 0[core 52[hwt 0]]: [././././././././././././././././././././././././././././././././././././././././././././././././././././B/././././././././././.][./././././././././././././././././././././././././././././././././././././././././././././././././././././././././././././././.]
[n2cn1001.ab2021.local:1299032] MCW rank 109 bound to socket 0[core 52[hwt 0]]: [././././././././././././././././././././././././././././././././././././././././././././././././././././B/././././././././././.][./././././././././././././././././././././././././././././././././././././././././././././././././././././././././././././././.]
[n2cn1001.ab2021.local:1299025] MCW rank 102 bound to socket 0[core 24[hwt 0]]: [././././././././././././././././././././././././B/././././././././././././././././././././././././././././././././././././././.][./././././././././././././././././././././././././././././././././././././././././././././././././././././././././././././././.]
[n2cn1001.ab2021.local:1299025] MCW rank 102 bound to socket 0[core 24[hwt 0]]: [././././././././././././././././././././././././B/././././././././././././././././././././././././././././././././././././././.][./././././././././././././././././././././././././././././././././././././././././././././././././././././././././././././././.]
[n2cn1001.ab2021.local:1299045] MCW rank 122 bound to socket 1[core 104[hwt 0]]: [./././././././././././././././././././././././././././././././././././././././././././././././././././././././././././././././.][././././././././././././././././././././././././././././././././././././././././B/././././././././././././././././././././././.]
[n2cn1001.ab2021.local:1299045] MCW rank 122 bound to socket 1[core 104[hwt 0]]: [./././././././././././././././././././././././././././././././././././././././././././././././././././././././././././././././.][././././././././././././././././././././././././././././././././././././././././B/././././././././././././././././././././././.]
[n2cn1001.ab2021.local:1299029] MCW rank 106 bound to socket 0[core 40[hwt 0]]: [././././././././././././././././././././././././././././././././././././././././B/././././././././././././././././././././././.][./././././././././././././././././././././././././././././././././././././././././././././././././././././././././././././././.]
[n2cn1001.ab2021.local:1299029] MCW rank 106 bound to socket 0[core 40[hwt 0]]: [././././././././././././././././././././././././././././././././././././././././B/././././././././././././././././././././././.][./././././././././././././././././././././././././././././././././././././././././././././././././././././././././././././././.]
[n2cn1001.ab2021.local:1299030] MCW rank 107 bound to socket 0[core 44[hwt 0]]: [././././././././././././././././././././././././././././././././././././././././././././B/././././././././././././././././././.][./././././././././././././././././././././././././././././././././././././././././././././././././././././././././././././././.]
[n2cn1001.ab2021.local:1299039] MCW rank 116 bound to socket 1[core 80[hwt 0]]: [./././././././././././././././././././././././././././././././././././././././././././././././././././././././././././././././.][././././././././././././././././B/././././././././././././././././././././././././././././././././././././././././././././././.]
[n2cn1001.ab2021.local:1299030] MCW rank 107 bound to socket 0[core 44[hwt 0]]: [././././././././././././././././././././././././././././././././././././././././././././B/././././././././././././././././././.][./././././././././././././././././././././././././././././././././././././././././././././././././././././././././././././././.]
[n2cn1001.ab2021.local:1299033] MCW rank 110 bound to socket 0[core 56[hwt 0]]: [././././././././././././././././././././././././././././././././././././././././././././././././././././././././B/././././././.][./././././././././././././././././././././././././././././././././././././././././././././././././././././././././././././././.]
[n2cn1001.ab2021.local:1299034] MCW rank 111 bound to socket 0[core 60[hwt 0]]: [././././././././././././././././././././././././././././././././././././././././././././././././././././././././././././B/././.][./././././././././././././././././././././././././././././././././././././././././././././././././././././././././././././././.]
[n2cn1001.ab2021.local:1299039] MCW rank 116 bound to socket 1[core 80[hwt 0]]: [./././././././././././././././././././././././././././././././././././././././././././././././././././././././././././././././.][././././././././././././././././B/././././././././././././././././././././././././././././././././././././././././././././././.]
[n2cn1001.ab2021.local:1299033] MCW rank 110 bound to socket 0[core 56[hwt 0]]: [././././././././././././././././././././././././././././././././././././././././././././././././././././././././B/././././././.][./././././././././././././././././././././././././././././././././././././././././././././././././././././././././././././././.]
[n2cn1001.ab2021.local:1299034] MCW rank 111 bound to socket 0[core 60[hwt 0]]: [././././././././././././././././././././././././././././././././././././././././././././././././././././././././././././B/././.][./././././././././././././././././././././././././././././././././././././././././././././././././././././././././././././././.]
[n2cn1001.ab2021.local:1299040] MCW rank 117 bound to socket 1[core 84[hwt 0]]: [./././././././././././././././././././././././././././././././././././././././././././././././././././././././././././././././.][././././././././././././././././././././B/././././././././././././././././././././././././././././././././././././././././././.]
[n2cn1001.ab2021.local:1299040] MCW rank 117 bound to socket 1[core 84[hwt 0]]: [./././././././././././././././././././././././././././././././././././././././././././././././././././././././././././././././.][././././././././././././././././././././B/././././././././././././././././././././././././././././././././././././././././././.]
[n2cn1001.ab2021.local:1299023] MCW rank 100 bound to socket 0[core 16[hwt 0]]: [././././././././././././././././B/././././././././././././././././././././././././././././././././././././././././././././././.][./././././././././././././././././././././././././././././././././././././././././././././././././././././././././././././././.]
[n2cn1001.ab2021.local:1299023] MCW rank 100 bound to socket 0[core 16[hwt 0]]: [././././././././././././././././B/././././././././././././././././././././././././././././././././././././././././././././././.][./././././././././././././././././././././././././././././././././././././././././././././././././././././././././././././././.]
[n2cn1001.ab2021.local:1299027] MCW rank 104 bound to socket 0[core 32[hwt 0]]: [././././././././././././././././././././././././././././././././B/././././././././././././././././././././././././././././././.][./././././././././././././././././././././././././././././././././././././././././././././././././././././././././././././././.]
[n2cn1001.ab2021.local:1299027] MCW rank 104 bound to socket 0[core 32[hwt 0]]: [././././././././././././././././././././././././././././././././B/././././././././././././././././././././././././././././././.][./././././././././././././././././././././././././././././././././././././././././././././././././././././././././././././././.]
[n2cn1001.ab2021.local:1299038] MCW rank 115 bound to socket 1[core 76[hwt 0]]: [./././././././././././././././././././././././././././././././././././././././././././././././././././././././././././././././.][././././././././././././B/././././././././././././././././././././././././././././././././././././././././././././././././././.]
[n2cn1001.ab2021.local:1299037] MCW rank 114 bound to socket 1[core 72[hwt 0]]: [./././././././././././././././././././././././././././././././././././././././././././././././././././././././././././././././.][././././././././B/././././././././././././././././././././././././././././././././././././././././././././././././././././././.]
[n2cn1001.ab2021.local:1299038] MCW rank 115 bound to socket 1[core 76[hwt 0]]: [./././././././././././././././././././././././././././././././././././././././././././././././././././././././././././././././.][././././././././././././B/././././././././././././././././././././././././././././././././././././././././././././././././././.]
[n2cn1001.ab2021.local:1299037] MCW rank 114 bound to socket 1[core 72[hwt 0]]: [./././././././././././././././././././././././././././././././././././././././././././././././././././././././././././././././.][././././././././B/././././././././././././././././././././././././././././././././././././././././././././././././././././././.]
[n2cn1001.ab2021.local:1299026] MCW rank 103 bound to socket 0[core 28[hwt 0]]: [././././././././././././././././././././././././././././B/././././././././././././././././././././././././././././././././././.][./././././././././././././././././././././././././././././././././././././././././././././././././././././././././././././././.]
[n2cn1001.ab2021.local:1299026] MCW rank 103 bound to socket 0[core 28[hwt 0]]: [././././././././././././././././././././././././././././B/././././././././././././././././././././././././././././././././././.][./././././././././././././././././././././././././././././././././././././././././././././././././././././././././././././././.]
[n2cn1001.ab2021.local:1299044] MCW rank 121 bound to socket 1[core 100[hwt 0]]: [./././././././././././././././././././././././././././././././././././././././././././././././././././././././././././././././.][././././././././././././././././././././././././././././././././././././B/././././././././././././././././././././././././././.]
[n2cn1001.ab2021.local:1299041] MCW rank 118 bound to socket 1[core 88[hwt 0]]: [./././././././././././././././././././././././././././././././././././././././././././././././././././././././././././././././.][././././././././././././././././././././././././B/././././././././././././././././././././././././././././././././././././././.]
[n2cn1001.ab2021.local:1299042] MCW rank 119 bound to socket 1[core 92[hwt 0]]: [./././././././././././././././././././././././././././././././././././././././././././././././././././././././././././././././.][././././././././././././././././././././././././././././B/././././././././././././././././././././././././././././././././././.]
[n2cn1001.ab2021.local:1299044] MCW rank 121 bound to socket 1[core 100[hwt 0]]: [./././././././././././././././././././././././././././././././././././././././././././././././././././././././././././././././.][././././././././././././././././././././././././././././././././././././B/././././././././././././././././././././././././././.]
[n2cn1001.ab2021.local:1299048] MCW rank 125 bound to socket 1[core 116[hwt 0]]: [./././././././././././././././././././././././././././././././././././././././././././././././././././././././././././././././.][././././././././././././././././././././././././././././././././././././././././././././././././././././B/././././././././././.]
[n2cn1001.ab2021.local:1299046] MCW rank 123 bound to socket 1[core 108[hwt 0]]: [./././././././././././././././././././././././././././././././././././././././././././././././././././././././././././././././.][././././././././././././././././././././././././././././././././././././././././././././B/././././././././././././././././././.]
[n2cn1001.ab2021.local:1299041] MCW rank 118 bound to socket 1[core 88[hwt 0]]: [./././././././././././././././././././././././././././././././././././././././././././././././././././././././././././././././.][././././././././././././././././././././././././B/././././././././././././././././././././././././././././././././././././././.]
[n2cn1001.ab2021.local:1299042] MCW rank 119 bound to socket 1[core 92[hwt 0]]: [./././././././././././././././././././././././././././././././././././././././././././././././././././././././././././././././.][././././././././././././././././././././././././././././B/././././././././././././././././././././././././././././././././././.]
[n2cn1001.ab2021.local:1299035] MCW rank 112 bound to socket 1[core 64[hwt 0]]: [./././././././././././././././././././././././././././././././././././././././././././././././././././././././././././././././.][B/././././././././././././././././././././././././././././././././././././././././././././././././././././././././././././././.]
[n2cn1001.ab2021.local:1299048] MCW rank 125 bound to socket 1[core 116[hwt 0]]: [./././././././././././././././././././././././././././././././././././././././././././././././././././././././././././././././.][././././././././././././././././././././././././././././././././././././././././././././././././././././B/././././././././././.]
[n2cn1001.ab2021.local:1299046] MCW rank 123 bound to socket 1[core 108[hwt 0]]: [./././././././././././././././././././././././././././././././././././././././././././././././././././././././././././././././.][././././././././././././././././././././././././././././././././././././././././././././B/././././././././././././././././././.]
[n2cn1001.ab2021.local:1299035] MCW rank 112 bound to socket 1[core 64[hwt 0]]: [./././././././././././././././././././././././././././././././././././././././././././././././././././././././././././././././.][B/././././././././././././././././././././././././././././././././././././././././././././././././././././././././././././././.]
[n2cn1001.ab2021.local:1299031] MCW rank 108 bound to socket 0[core 48[hwt 0]]: [././././././././././././././././././././././././././././././././././././././././././././././././B/././././././././././././././.][./././././././././././././././././././././././././././././././././././././././././././././././././././././././././././././././.]
[n2cn1001.ab2021.local:1299031] MCW rank 108 bound to socket 0[core 48[hwt 0]]: [././././././././././././././././././././././././././././././././././././././././././././././././B/././././././././././././././.][./././././././././././././././././././././././././././././././././././././././././././././././././././././././././././././././.]
[n2cn1001.ab2021.local:1299021] MCW rank 98 bound to socket 0[core 8[hwt 0]]: [././././././././B/././././././././././././././././././././././././././././././././././././././././././././././././././././././.][./././././././././././././././././././././././././././././././././././././././././././././././././././././././././././././././.]
[n2cn1001.ab2021.local:1299021] MCW rank 98 bound to socket 0[core 8[hwt 0]]: [././././././././B/././././././././././././././././././././././././././././././././././././././././././././././././././././././.][./././././././././././././././././././././././././././././././././././././././././././././././././././././././././././././././.]
[n2cn1001.ab2021.local:1299020] MCW rank 97 bound to socket 0[core 4[hwt 0]]: [././././B/././././././././././././././././././././././././././././././././././././././././././././././././././././././././././.][./././././././././././././././././././././././././././././././././././././././././././././././././././././././././././././././.]
[n2cn1001.ab2021.local:1299020] MCW rank 97 bound to socket 0[core 4[hwt 0]]: [././././B/././././././././././././././././././././././././././././././././././././././././././././././././././././././././././.][./././././././././././././././././././././././././././././././././././././././././././././././././././././././././././././././.]
[n2cn1001.ab2021.local:1299036] MCW rank 113 bound to socket 1[core 68[hwt 0]]: [./././././././././././././././././././././././././././././././././././././././././././././././././././././././././././././././.][././././B/././././././././././././././././././././././././././././././././././././././././././././././././././././././././././.]
[n2cn1001.ab2021.local:1299036] MCW rank 113 bound to socket 1[core 68[hwt 0]]: [./././././././././././././././././././././././././././././././././././././././././././././././././././././././././././././././.][././././B/././././././././././././././././././././././././././././././././././././././././././././././././././././././././././.]
[n2cn1001.ab2021.local:1299028] MCW rank 105 bound to socket 0[core 36[hwt 0]]: [././././././././././././././././././././././././././././././././././././B/././././././././././././././././././././././././././.][./././././././././././././././././././././././././././././././././././././././././././././././././././././././././././././././.]
[n2cn1001.ab2021.local:1299028] MCW rank 105 bound to socket 0[core 36[hwt 0]]: [././././././././././././././././././././././././././././././././././././B/././././././././././././././././././././././././././.][./././././././././././././././././././././././././././././././././././././././././././././././././././././././././././././././.]
[n2cn1001.ab2021.local:1299024] MCW rank 101 bound to socket 0[core 20[hwt 0]]: [././././././././././././././././././././B/././././././././././././././././././././././././././././././././././././././././././.][./././././././././././././././././././././././././././././././././././././././././././././././././././././././././././././././.]
[n2cn1001.ab2021.local:1299024] MCW rank 101 bound to socket 0[core 20[hwt 0]]: [././././././././././././././././././././B/././././././././././././././././././././././././././././././././././././././././././.][./././././././././././././././././././././././././././././././././././././././././././././././././././././././././././././././.]
[n2cn1001.ab2021.local:1299043] MCW rank 120 bound to socket 1[core 96[hwt 0]]: [./././././././././././././././././././././././././././././././././././././././././././././././././././././././././././././././.][././././././././././././././././././././././././././././././././B/././././././././././././././././././././././././././././././.]
[n2cn1001.ab2021.local:1299022] MCW rank 99 bound to socket 0[core 12[hwt 0]]: [././././././././././././B/././././././././././././././././././././././././././././././././././././././././././././././././././.][./././././././././././././././././././././././././././././././././././././././././././././././././././././././././././././././.]
[n2cn1001.ab2021.local:1299050] MCW rank 127 bound to socket 1[core 124[hwt 0]]: [./././././././././././././././././././././././././././././././././././././././././././././././././././././././././././././././.][././././././././././././././././././././././././././././././././././././././././././././././././././././././././././././B/././.]
[n2cn1001.ab2021.local:1299043] MCW rank 120 bound to socket 1[core 96[hwt 0]]: [./././././././././././././././././././././././././././././././././././././././././././././././././././././././././././././././.][././././././././././././././././././././././././././././././././B/././././././././././././././././././././././././././././././.]
[n2cn1001.ab2021.local:1299049] MCW rank 126 bound to socket 1[core 120[hwt 0]]: [./././././././././././././././././././././././././././././././././././././././././././././././././././././././././././././././.][././././././././././././././././././././././././././././././././././././././././././././././././././././././././B/././././././.]
[n2cn1001.ab2021.local:1299022] MCW rank 99 bound to socket 0[core 12[hwt 0]]: [././././././././././././B/././././././././././././././././././././././././././././././././././././././././././././././././././.][./././././././././././././././././././././././././././././././././././././././././././././././././././././././././././././././.]
[n2cn1001.ab2021.local:1299050] MCW rank 127 bound to socket 1[core 124[hwt 0]]: [./././././././././././././././././././././././././././././././././././././././././././././././././././././././././././././././.][././././././././././././././././././././././././././././././././././././././././././././././././././././././././././././B/././.]
[n2cn1001.ab2021.local:1299049] MCW rank 126 bound to socket 1[core 120[hwt 0]]: [./././././././././././././././././././././././././././././././././././././././././././././././././././././././././././././././.][././././././././././././././././././././././././././././././././././././././././././././././././././././././././B/././././././.]
[n2cn1001.ab2021.local:1299047] MCW rank 124 bound to socket 1[core 112[hwt 0]]: [./././././././././././././././././././././././././././././././././././././././././././././././././././././././././././././././.][././././././././././././././././././././././././././././././././././././././././././././././././B/././././././././././././././.]
[n2cn1001.ab2021.local:1299047] MCW rank 124 bound to socket 1[core 112[hwt 0]]: [./././././././././././././././././././././././././././././././././././././././././././././././././././././././././././././././.][././././././././././././././././././././././././././././././././././././././././././././././././B/././././././././././././././.]
[n2cn1001.ab2021.local:1299019] MCW rank 96 bound to socket 0[core 0[hwt 0]]: [B/././././././././././././././././././././././././././././././././././././././././././././././././././././././././././././././.][./././././././././././././././././././././././././././././././././././././././././././././././././././././././././././././././.]
[n2cn1001.ab2021.local:1299019] MCW rank 96 bound to socket 0[core 0[hwt 0]]: [B/././././././././././././././././././././././././././././././././././././././././././././././././././././././././././././././.][./././././././././././././././././././././././././././././././././././././././././././././././././././././././././././././././.]
implib-gen: libcudart.so.11.0: failed to load library 'libcudart.so.11.0' via callback 'DP_cudart_dlopen'
implib-gen: libcudart.so.11.0: failed to resolve symbol '__cudaUnregisterFatBinary', library failed to load
implib-gen: libcudart.so.11.0: failed to load library 'libcudart.so.11.0' via callback 'DP_cudart_dlopen'
implib-gen: libcudart.so.11.0: failed to resolve symbol '__cudaUnregisterFatBinary', library failed to load
implib-gen: libcudart.so.11.0: failed to load library 'libcudart.so.11.0' via callback 'DP_cudart_dlopen'
implib-gen: libcudart.so.11.0: failed to resolve symbol '__cudaUnregisterFatBinary', library failed to load
implib-gen: libcudart.so.11.0: failed to load library 'libcudart.so.11.0' via callback 'DP_cudart_dlopen'
implib-gen: libcudart.so.11.0: failed to resolve symbol '__cudaUnregisterFatBinary', library failed to load
implib-gen: libcudart.so.11.0: failed to load library 'libcudart.so.11.0' via callback 'DP_cudart_dlopen'
implib-gen: libcudart.so.11.0: failed to resolve symbol '__cudaUnregisterFatBinary', library failed to load
implib-gen: libcudart.so.11.0: failed to load library 'libcudart.so.11.0' via callback 'DP_cudart_dlopen'
implib-gen: libcudart.so.11.0: failed to resolve symbol '__cudaUnregisterFatBinary', library failed to load
implib-gen: libcudart.so.11.0: failed to load library 'libcudart.so.11.0' via callback 'DP_cudart_dlopen'
implib-gen: libcudart.so.11.0: failed to resolve symbol '__cudaUnregisterFatBinary', library failed to load
implib-gen: libcudart.so.11.0: failed to load library 'libcudart.so.11.0' via callback 'DP_cudart_dlopen'
implib-gen: libcudart.so.11.0: failed to resolve symbol '__cudaUnregisterFatBinary', library failed to load
implib-gen: libcudart.so.11.0: failed to load library 'libcudart.so.11.0' via callback 'DP_cudart_dlopen'
implib-gen: libcudart.so.11.0: failed to resolve symbol '__cudaUnregisterFatBinary', library failed to load
implib-gen: libcudart.so.11.0: failed to load library 'libcudart.so.11.0' via callback 'DP_cudart_dlopen'
implib-gen: libcudart.so.11.0: failed to resolve symbol '__cudaUnregisterFatBinary', library failed to load
implib-gen: libcudart.so.11.0: failed to load library 'libcudart.so.11.0' via callback 'DP_cudart_dlopen'
implib-gen: libcudart.so.11.0: failed to resolve symbol '__cudaUnregisterFatBinary', library failed to load
implib-gen: libcudart.so.11.0: failed to load library 'libcudart.so.11.0' via callback 'DP_cudart_dlopen'
implib-gen: libcudart.so.11.0: failed to resolve symbol '__cudaUnregisterFatBinary', library failed to load
implib-gen: libcudart.so.11.0: failed to load library 'libcudart.so.11.0' via callback 'DP_cudart_dlopen'
implib-gen: libcudart.so.11.0: failed to resolve symbol '__cudaUnregisterFatBinary', library failed to load
implib-gen: libcudart.so.11.0: failed to load library 'libcudart.so.11.0' via callback 'DP_cudart_dlopen'
implib-gen: libcudart.so.11.0: failed to resolve symbol '__cudaUnregisterFatBinary', library failed to load
implib-gen: libcudart.so.11.0: failed to load library 'libcudart.so.11.0' via callback 'DP_cudart_dlopen'
implib-gen: libcudart.so.11.0: failed to resolve symbol '__cudaUnregisterFatBinary', library failed to load
implib-gen: libcudart.so.11.0: failed to load library 'libcudart.so.11.0' via callback 'DP_cudart_dlopen'
implib-gen: libcudart.so.11.0: failed to resolve symbol '__cudaUnregisterFatBinary', library failed to load
implib-gen: libcudart.so.11.0: failed to load library 'libcudart.so.11.0' via callback 'DP_cudart_dlopen'
implib-gen: libcudart.so.11.0: failed to resolve symbol '__cudaUnregisterFatBinary', library failed to load
implib-gen: libcudart.so.11.0: failed to load library 'libcudart.so.11.0' via callback 'DP_cudart_dlopen'
implib-gen: libcudart.so.11.0: failed to resolve symbol '__cudaUnregisterFatBinary', library failed to load
implib-gen: libcudart.so.11.0: failed to load library 'libcudart.so.11.0' via callback 'DP_cudart_dlopen'
implib-gen: libcudart.so.11.0: failed to resolve symbol '__cudaUnregisterFatBinary', library failed to load
implib-gen: libcudart.so.11.0: failed to load library 'libcudart.so.11.0' via callback 'DP_cudart_dlopen'
implib-gen: libcudart.so.11.0: failed to resolve symbol '__cudaUnregisterFatBinary', library failed to load
implib-gen: libcudart.so.11.0: failed to load library 'libcudart.so.11.0' via callback 'DP_cudart_dlopen'
implib-gen: libcudart.so.11.0: failed to resolve symbol '__cudaUnregisterFatBinary', library failed to load
implib-gen: libcudart.so.11.0: failed to load library 'libcudart.so.11.0' via callback 'DP_cudart_dlopen'
implib-gen: libcudart.so.11.0: failed to resolve symbol '__cudaUnregisterFatBinary', library failed to load
implib-gen: libcudart.so.11.0: failed to load library 'libcudart.so.11.0' via callback 'DP_cudart_dlopen'
implib-gen: libcudart.so.11.0: failed to resolve symbol '__cudaUnregisterFatBinary', library failed to load
implib-gen: libcudart.so.11.0: failed to load library 'libcudart.so.11.0' via callback 'DP_cudart_dlopen'
implib-gen: libcudart.so.11.0: failed to resolve symbol '__cudaUnregisterFatBinary', library failed to load
implib-gen: libcudart.so.11.0: failed to load library 'libcudart.so.11.0' via callback 'DP_cudart_dlopen'
implib-gen: libcudart.so.11.0: failed to resolve symbol '__cudaUnregisterFatBinary', library failed to load
implib-gen: libcudart.so.11.0: failed to load library 'libcudart.so.11.0' via callback 'DP_cudart_dlopen'
implib-gen: libcudart.so.11.0: failed to resolve symbol '__cudaUnregisterFatBinary', library failed to load
implib-gen: libcudart.so.11.0: failed to load library 'libcudart.so.11.0' via callback 'DP_cudart_dlopen'
implib-gen: libcudart.so.11.0: failed to resolve symbol '__cudaUnregisterFatBinary', library failed to load
implib-gen: libcudart.so.11.0: failed to load library 'libcudart.so.11.0' via callback 'DP_cudart_dlopen'
implib-gen: libcudart.so.11.0: failed to resolve symbol '__cudaUnregisterFatBinary', library failed to load
implib-gen: libcudart.so.11.0: failed to load library 'libcudart.so.11.0' via callback 'DP_cudart_dlopen'
implib-gen: libcudart.so.11.0: failed to resolve symbol '__cudaUnregisterFatBinary', library failed to load
implib-gen: libcudart.so.11.0: failed to load library 'libcudart.so.11.0' via callback 'DP_cudart_dlopen'
implib-gen: libcudart.so.11.0: failed to resolve symbol '__cudaUnregisterFatBinary', library failed to load
implib-gen: libcudart.so.11.0: failed to load library 'libcudart.so.11.0' via callback 'DP_cudart_dlopen'
implib-gen: libcudart.so.11.0: failed to resolve symbol '__cudaUnregisterFatBinary', library failed to load
implib-gen: libcudart.so.11.0: failed to load library 'libcudart.so.11.0' via callback 'DP_cudart_dlopen'
implib-gen: libcudart.so.11.0: failed to resolve symbol '__cudaUnregisterFatBinary', library failed to load
implib-gen: libcudart.so.11.0: failed to load library 'libcudart.so.11.0' via callback 'DP_cudart_dlopen'
implib-gen: libcudart.so.11.0: failed to resolve symbol '__cudaUnregisterFatBinary', library failed to load
implib-gen: libcudart.so.11.0: failed to load library 'libcudart.so.11.0' via callback 'DP_cudart_dlopen'
implib-gen: libcudart.so.11.0: failed to resolve symbol '__cudaUnregisterFatBinary', library failed to load
implib-gen: libcudart.so.11.0: failed to load library 'libcudart.so.11.0' via callback 'DP_cudart_dlopen'
implib-gen: libcudart.so.11.0: failed to resolve symbol '__cudaUnregisterFatBinary', library failed to load
implib-gen: libcudart.so.11.0: failed to load library 'libcudart.so.11.0' via callback 'DP_cudart_dlopen'
implib-gen: libcudart.so.11.0: failed to resolve symbol '__cudaUnregisterFatBinary', library failed to load
implib-gen: libcudart.so.11.0: failed to load library 'libcudart.so.11.0' via callback 'DP_cudart_dlopen'
implib-gen: libcudart.so.11.0: failed to resolve symbol '__cudaUnregisterFatBinary', library failed to load
implib-gen: libcudart.so.11.0: failed to load library 'libcudart.so.11.0' via callback 'DP_cudart_dlopen'
implib-gen: libcudart.so.11.0: failed to resolve symbol '__cudaUnregisterFatBinary', library failed to load
implib-gen: libcudart.so.11.0: failed to load library 'libcudart.so.11.0' via callback 'DP_cudart_dlopen'
implib-gen: libcudart.so.11.0: failed to resolve symbol '__cudaUnregisterFatBinary', library failed to load
implib-gen: libcudart.so.11.0: failed to load library 'libcudart.so.11.0' via callback 'DP_cudart_dlopen'
implib-gen: libcudart.so.11.0: failed to resolve symbol '__cudaUnregisterFatBinary', library failed to load
implib-gen: libcudart.so.11.0: failed to load library 'libcudart.so.11.0' via callback 'DP_cudart_dlopen'
implib-gen: libcudart.so.11.0: failed to resolve symbol '__cudaUnregisterFatBinary', library failed to load
implib-gen: libcudart.so.11.0: failed to load library 'libcudart.so.11.0' via callback 'DP_cudart_dlopen'
implib-gen: libcudart.so.11.0: failed to resolve symbol '__cudaUnregisterFatBinary', library failed to load
implib-gen: libcudart.so.11.0: failed to load library 'libcudart.so.11.0' via callback 'DP_cudart_dlopen'
implib-gen: libcudart.so.11.0: failed to resolve symbol '__cudaUnregisterFatBinary', library failed to load
implib-gen: libcudart.so.11.0: failed to load library 'libcudart.so.11.0' via callback 'DP_cudart_dlopen'
implib-gen: libcudart.so.11.0: failed to resolve symbol '__cudaUnregisterFatBinary', library failed to load
implib-gen: libcudart.so.11.0: failed to load library 'libcudart.so.11.0' via callback 'DP_cudart_dlopen'
implib-gen: libcudart.so.11.0: failed to resolve symbol '__cudaUnregisterFatBinary', library failed to load
implib-gen: libcudart.so.11.0: failed to load library 'libcudart.so.11.0' via callback 'DP_cudart_dlopen'
implib-gen: libcudart.so.11.0: failed to resolve symbol '__cudaUnregisterFatBinary', library failed to load
implib-gen: libcudart.so.11.0: failed to load library 'libcudart.so.11.0' via callback 'DP_cudart_dlopen'
implib-gen: libcudart.so.11.0: failed to resolve symbol '__cudaUnregisterFatBinary', library failed to load
implib-gen: libcudart.so.11.0: failed to load library 'libcudart.so.11.0' via callback 'DP_cudart_dlopen'
implib-gen: libcudart.so.11.0: failed to resolve symbol '__cudaUnregisterFatBinary', library failed to load
implib-gen: libcudart.so.11.0: failed to load library 'libcudart.so.11.0' via callback 'DP_cudart_dlopen'
implib-gen: libcudart.so.11.0: failed to resolve symbol '__cudaUnregisterFatBinary', library failed to load
implib-gen: libcudart.so.11.0: failed to load library 'libcudart.so.11.0' via callback 'DP_cudart_dlopen'
implib-gen: libcudart.so.11.0: failed to resolve symbol '__cudaUnregisterFatBinary', library failed to load
implib-gen: libcudart.so.11.0: failed to load library 'libcudart.so.11.0' via callback 'DP_cudart_dlopen'
implib-gen: libcudart.so.11.0: failed to resolve symbol '__cudaUnregisterFatBinary', library failed to load
implib-gen: libcudart.so.11.0: failed to load library 'libcudart.so.11.0' via callback 'DP_cudart_dlopen'
implib-gen: libcudart.so.11.0: failed to resolve symbol '__cudaUnregisterFatBinary', library failed to load
implib-gen: libcudart.so.11.0: failed to load library 'libcudart.so.11.0' via callback 'DP_cudart_dlopen'
implib-gen: libcudart.so.11.0: failed to resolve symbol '__cudaUnregisterFatBinary', library failed to load
implib-gen: libcudart.so.11.0: failed to load library 'libcudart.so.11.0' via callback 'DP_cudart_dlopen'
implib-gen: libcudart.so.11.0: failed to resolve symbol '__cudaUnregisterFatBinary', library failed to load
implib-gen: libcudart.so.11.0: failed to load library 'libcudart.so.11.0' via callback 'DP_cudart_dlopen'
implib-gen: libcudart.so.11.0: failed to resolve symbol '__cudaUnregisterFatBinary', library failed to load
implib-gen: libcudart.so.11.0: failed to load library 'libcudart.so.11.0' via callback 'DP_cudart_dlopen'
implib-gen: libcudart.so.11.0: failed to resolve symbol '__cudaUnregisterFatBinary', library failed to load
implib-gen: libcudart.so.11.0: failed to load library 'libcudart.so.11.0' via callback 'DP_cudart_dlopen'
implib-gen: libcudart.so.11.0: failed to resolve symbol '__cudaUnregisterFatBinary', library failed to load
implib-gen: libcudart.so.11.0: failed to load library 'libcudart.so.11.0' via callback 'DP_cudart_dlopen'
implib-gen: libcudart.so.11.0: failed to resolve symbol '__cudaUnregisterFatBinary', library failed to load
implib-gen: libcudart.so.11.0: failed to load library 'libcudart.so.11.0' via callback 'DP_cudart_dlopen'
implib-gen: libcudart.so.11.0: failed to resolve symbol '__cudaUnregisterFatBinary', library failed to load
implib-gen: libcudart.so.11.0: failed to load library 'libcudart.so.11.0' via callback 'DP_cudart_dlopen'
implib-gen: libcudart.so.11.0: failed to resolve symbol '__cudaUnregisterFatBinary', library failed to load
implib-gen: libcudart.so.11.0: failed to load library 'libcudart.so.11.0' via callback 'DP_cudart_dlopen'
implib-gen: libcudart.so.11.0: failed to resolve symbol '__cudaUnregisterFatBinary', library failed to load
implib-gen: libcudart.so.11.0: failed to load library 'libcudart.so.11.0' via callback 'DP_cudart_dlopen'
implib-gen: libcudart.so.11.0: failed to resolve symbol '__cudaUnregisterFatBinary', library failed to load
implib-gen: libcudart.so.11.0: failed to load library 'libcudart.so.11.0' via callback 'DP_cudart_dlopen'
implib-gen: libcudart.so.11.0: failed to resolve symbol '__cudaUnregisterFatBinary', library failed to load
implib-gen: libcudart.so.11.0: failed to load library 'libcudart.so.11.0' via callback 'DP_cudart_dlopen'
implib-gen: libcudart.so.11.0: failed to resolve symbol '__cudaUnregisterFatBinary', library failed to load
implib-gen: libcudart.so.11.0: failed to load library 'libcudart.so.11.0' via callback 'DP_cudart_dlopen'
implib-gen: libcudart.so.11.0: failed to resolve symbol '__cudaUnregisterFatBinary', library failed to load
implib-gen: libcudart.so.11.0: failed to load library 'libcudart.so.11.0' via callback 'DP_cudart_dlopen'
implib-gen: libcudart.so.11.0: failed to resolve symbol '__cudaUnregisterFatBinary', library failed to load
implib-gen: libcudart.so.11.0: failed to load library 'libcudart.so.11.0' via callback 'DP_cudart_dlopen'
implib-gen: libcudart.so.11.0: failed to resolve symbol '__cudaUnregisterFatBinary', library failed to load
implib-gen: libcudart.so.11.0: failed to load library 'libcudart.so.11.0' via callback 'DP_cudart_dlopen'
implib-gen: libcudart.so.11.0: failed to resolve symbol '__cudaUnregisterFatBinary', library failed to load
implib-gen: libcudart.so.11.0: failed to load library 'libcudart.so.11.0' via callback 'DP_cudart_dlopen'
implib-gen: libcudart.so.11.0: failed to resolve symbol '__cudaUnregisterFatBinary', library failed to load
implib-gen: libcudart.so.11.0: failed to load library 'libcudart.so.11.0' via callback 'DP_cudart_dlopen'
implib-gen: libcudart.so.11.0: failed to resolve symbol '__cudaUnregisterFatBinary', library failed to load
implib-gen: libcudart.so.11.0: failed to load library 'libcudart.so.11.0' via callback 'DP_cudart_dlopen'
implib-gen: libcudart.so.11.0: failed to resolve symbol '__cudaUnregisterFatBinary', library failed to load
implib-gen: libcudart.so.11.0: failed to load library 'libcudart.so.11.0' via callback 'DP_cudart_dlopen'
implib-gen: libcudart.so.11.0: failed to resolve symbol '__cudaUnregisterFatBinary', library failed to load
implib-gen: libcudart.so.11.0: failed to load library 'libcudart.so.11.0' via callback 'DP_cudart_dlopen'
implib-gen: libcudart.so.11.0: failed to resolve symbol '__cudaUnregisterFatBinary', library failed to load
implib-gen: libcudart.so.11.0: failed to load library 'libcudart.so.11.0' via callback 'DP_cudart_dlopen'
implib-gen: libcudart.so.11.0: failed to resolve symbol '__cudaUnregisterFatBinary', library failed to load
implib-gen: libcudart.so.11.0: failed to load library 'libcudart.so.11.0' via callback 'DP_cudart_dlopen'
implib-gen: libcudart.so.11.0: failed to resolve symbol '__cudaUnregisterFatBinary', library failed to load
implib-gen: libcudart.so.11.0: failed to load library 'libcudart.so.11.0' via callback 'DP_cudart_dlopen'
implib-gen: libcudart.so.11.0: failed to resolve symbol '__cudaUnregisterFatBinary', library failed to load
implib-gen: libcudart.so.11.0: failed to load library 'libcudart.so.11.0' via callback 'DP_cudart_dlopen'
implib-gen: libcudart.so.11.0: failed to resolve symbol '__cudaUnregisterFatBinary', library failed to load
implib-gen: libcudart.so.11.0: failed to load library 'libcudart.so.11.0' via callback 'DP_cudart_dlopen'
implib-gen: libcudart.so.11.0: failed to resolve symbol '__cudaUnregisterFatBinary', library failed to load
implib-gen: libcudart.so.11.0: failed to load library 'libcudart.so.11.0' via callback 'DP_cudart_dlopen'
implib-gen: libcudart.so.11.0: failed to resolve symbol '__cudaUnregisterFatBinary', library failed to load
implib-gen: libcudart.so.11.0: failed to load library 'libcudart.so.11.0' via callback 'DP_cudart_dlopen'
implib-gen: libcudart.so.11.0: failed to resolve symbol '__cudaUnregisterFatBinary', library failed to load
implib-gen: libcudart.so.11.0: failed to load library 'libcudart.so.11.0' via callback 'DP_cudart_dlopen'
implib-gen: libcudart.so.11.0: failed to resolve symbol '__cudaUnregisterFatBinary', library failed to load
implib-gen: libcudart.so.11.0: failed to load library 'libcudart.so.11.0' via callback 'DP_cudart_dlopen'
implib-gen: libcudart.so.11.0: failed to resolve symbol '__cudaUnregisterFatBinary', library failed to load
implib-gen: libcudart.so.11.0: failed to load library 'libcudart.so.11.0' via callback 'DP_cudart_dlopen'
implib-gen: libcudart.so.11.0: failed to resolve symbol '__cudaUnregisterFatBinary', library failed to load
implib-gen: libcudart.so.11.0: failed to load library 'libcudart.so.11.0' via callback 'DP_cudart_dlopen'
implib-gen: libcudart.so.11.0: failed to resolve symbol '__cudaUnregisterFatBinary', library failed to load
implib-gen: libcudart.so.11.0: failed to load library 'libcudart.so.11.0' via callback 'DP_cudart_dlopen'
implib-gen: libcudart.so.11.0: failed to resolve symbol '__cudaUnregisterFatBinary', library failed to load
implib-gen: libcudart.so.11.0: failed to load library 'libcudart.so.11.0' via callback 'DP_cudart_dlopen'
implib-gen: libcudart.so.11.0: failed to resolve symbol '__cudaUnregisterFatBinary', library failed to load
implib-gen: libcudart.so.11.0: failed to load library 'libcudart.so.11.0' via callback 'DP_cudart_dlopen'
implib-gen: libcudart.so.11.0: failed to resolve symbol '__cudaUnregisterFatBinary', library failed to load
implib-gen: libcudart.so.11.0: failed to load library 'libcudart.so.11.0' via callback 'DP_cudart_dlopen'
implib-gen: libcudart.so.11.0: failed to resolve symbol '__cudaUnregisterFatBinary', library failed to load
implib-gen: libcudart.so.11.0: failed to load library 'libcudart.so.11.0' via callback 'DP_cudart_dlopen'
implib-gen: libcudart.so.11.0: failed to resolve symbol '__cudaUnregisterFatBinary', library failed to load
implib-gen: libcudart.so.11.0: failed to load library 'libcudart.so.11.0' via callback 'DP_cudart_dlopen'
implib-gen: libcudart.so.11.0: failed to resolve symbol '__cudaUnregisterFatBinary', library failed to load
implib-gen: libcudart.so.11.0: failed to load library 'libcudart.so.11.0' via callback 'DP_cudart_dlopen'
implib-gen: libcudart.so.11.0: failed to resolve symbol '__cudaUnregisterFatBinary', library failed to load
implib-gen: libcudart.so.11.0: failed to load library 'libcudart.so.11.0' via callback 'DP_cudart_dlopen'
implib-gen: libcudart.so.11.0: failed to resolve symbol '__cudaUnregisterFatBinary', library failed to load
implib-gen: libcudart.so.11.0: failed to load library 'libcudart.so.11.0' via callback 'DP_cudart_dlopen'
implib-gen: libcudart.so.11.0: failed to resolve symbol '__cudaUnregisterFatBinary', library failed to load
implib-gen: libcudart.so.11.0: failed to load library 'libcudart.so.11.0' via callback 'DP_cudart_dlopen'
implib-gen: libcudart.so.11.0: failed to resolve symbol '__cudaUnregisterFatBinary', library failed to load
implib-gen: libcudart.so.11.0: failed to load library 'libcudart.so.11.0' via callback 'DP_cudart_dlopen'
implib-gen: libcudart.so.11.0: failed to resolve symbol '__cudaUnregisterFatBinary', library failed to load
implib-gen: libcudart.so.11.0: failed to load library 'libcudart.so.11.0' via callback 'DP_cudart_dlopen'
implib-gen: libcudart.so.11.0: failed to resolve symbol '__cudaUnregisterFatBinary', library failed to load
implib-gen: libcudart.so.11.0: failed to load library 'libcudart.so.11.0' via callback 'DP_cudart_dlopen'
implib-gen: libcudart.so.11.0: failed to resolve symbol '__cudaUnregisterFatBinary', library failed to load
implib-gen: libcudart.so.11.0: failed to load library 'libcudart.so.11.0' via callback 'DP_cudart_dlopen'
implib-gen: libcudart.so.11.0: failed to resolve symbol '__cudaUnregisterFatBinary', library failed to load
implib-gen: libcudart.so.11.0: failed to load library 'libcudart.so.11.0' via callback 'DP_cudart_dlopen'
implib-gen: libcudart.so.11.0: failed to resolve symbol '__cudaUnregisterFatBinary', library failed to load
implib-gen: libcudart.so.11.0: failed to load library 'libcudart.so.11.0' via callback 'DP_cudart_dlopen'
implib-gen: libcudart.so.11.0: failed to resolve symbol '__cudaUnregisterFatBinary', library failed to load
implib-gen: libcudart.so.11.0: failed to load library 'libcudart.so.11.0' via callback 'DP_cudart_dlopen'
implib-gen: libcudart.so.11.0: failed to resolve symbol '__cudaUnregisterFatBinary', library failed to load
implib-gen: libcudart.so.11.0: failed to load library 'libcudart.so.11.0' via callback 'DP_cudart_dlopen'
implib-gen: libcudart.so.11.0: failed to resolve symbol '__cudaUnregisterFatBinary', library failed to load
implib-gen: libcudart.so.11.0: failed to load library 'libcudart.so.11.0' via callback 'DP_cudart_dlopen'
implib-gen: libcudart.so.11.0: failed to resolve symbol '__cudaUnregisterFatBinary', library failed to load
implib-gen: libcudart.so.11.0: failed to load library 'libcudart.so.11.0' via callback 'DP_cudart_dlopen'
implib-gen: libcudart.so.11.0: failed to resolve symbol '__cudaUnregisterFatBinary', library failed to load
implib-gen: libcudart.so.11.0: failed to load library 'libcudart.so.11.0' via callback 'DP_cudart_dlopen'
implib-gen: libcudart.so.11.0: failed to resolve symbol '__cudaUnregisterFatBinary', library failed to load
implib-gen: libcudart.so.11.0: failed to load library 'libcudart.so.11.0' via callback 'DP_cudart_dlopen'
implib-gen: libcudart.so.11.0: failed to resolve symbol '__cudaUnregisterFatBinary', library failed to load
implib-gen: libcudart.so.11.0: failed to load library 'libcudart.so.11.0' via callback 'DP_cudart_dlopen'
implib-gen: libcudart.so.11.0: failed to resolve symbol '__cudaUnregisterFatBinary', library failed to load
implib-gen: libcudart.so.11.0: failed to load library 'libcudart.so.11.0' via callback 'DP_cudart_dlopen'
implib-gen: libcudart.so.11.0: failed to resolve symbol '__cudaUnregisterFatBinary', library failed to load
implib-gen: libcudart.so.11.0: failed to load library 'libcudart.so.11.0' via callback 'DP_cudart_dlopen'
implib-gen: libcudart.so.11.0: failed to resolve symbol '__cudaUnregisterFatBinary', library failed to load
implib-gen: libcudart.so.11.0: failed to load library 'libcudart.so.11.0' via callback 'DP_cudart_dlopen'
implib-gen: libcudart.so.11.0: failed to resolve symbol '__cudaUnregisterFatBinary', library failed to load
implib-gen: libcudart.so.11.0: failed to load library 'libcudart.so.11.0' via callback 'DP_cudart_dlopen'
implib-gen: libcudart.so.11.0: failed to resolve symbol '__cudaUnregisterFatBinary', library failed to load
implib-gen: libcudart.so.11.0: failed to load library 'libcudart.so.11.0' via callback 'DP_cudart_dlopen'
implib-gen: libcudart.so.11.0: failed to resolve symbol '__cudaUnregisterFatBinary', library failed to load
implib-gen: libcudart.so.11.0: failed to load library 'libcudart.so.11.0' via callback 'DP_cudart_dlopen'
implib-gen: libcudart.so.11.0: failed to resolve symbol '__cudaUnregisterFatBinary', library failed to load
implib-gen: libcudart.so.11.0: failed to load library 'libcudart.so.11.0' via callback 'DP_cudart_dlopen'
implib-gen: libcudart.so.11.0: failed to resolve symbol '__cudaUnregisterFatBinary', library failed to load
implib-gen: libcudart.so.11.0: failed to load library 'libcudart.so.11.0' via callback 'DP_cudart_dlopen'
implib-gen: libcudart.so.11.0: failed to resolve symbol '__cudaUnregisterFatBinary', library failed to load
implib-gen: libcudart.so.11.0: failed to load library 'libcudart.so.11.0' via callback 'DP_cudart_dlopen'
implib-gen: libcudart.so.11.0: failed to resolve symbol '__cudaUnregisterFatBinary', library failed to load
implib-gen: libcudart.so.11.0: failed to load library 'libcudart.so.11.0' via callback 'DP_cudart_dlopen'
implib-gen: libcudart.so.11.0: failed to resolve symbol '__cudaUnregisterFatBinary', library failed to load
implib-gen: libcudart.so.11.0: failed to load library 'libcudart.so.11.0' via callback 'DP_cudart_dlopen'
implib-gen: libcudart.so.11.0: failed to resolve symbol '__cudaUnregisterFatBinary', library failed to load
implib-gen: libcudart.so.11.0: failed to load library 'libcudart.so.11.0' via callback 'DP_cudart_dlopen'
implib-gen: libcudart.so.11.0: failed to resolve symbol '__cudaUnregisterFatBinary', library failed to load
implib-gen: libcudart.so.11.0: failed to load library 'libcudart.so.11.0' via callback 'DP_cudart_dlopen'
implib-gen: libcudart.so.11.0: failed to resolve symbol '__cudaUnregisterFatBinary', library failed to load
implib-gen: libcudart.so.11.0: failed to load library 'libcudart.so.11.0' via callback 'DP_cudart_dlopen'
implib-gen: libcudart.so.11.0: failed to resolve symbol '__cudaUnregisterFatBinary', library failed to load
implib-gen: libcudart.so.11.0: failed to load library 'libcudart.so.11.0' via callback 'DP_cudart_dlopen'
implib-gen: libcudart.so.11.0: failed to resolve symbol '__cudaUnregisterFatBinary', library failed to load
implib-gen: libcudart.so.11.0: failed to load library 'libcudart.so.11.0' via callback 'DP_cudart_dlopen'
implib-gen: libcudart.so.11.0: failed to resolve symbol '__cudaUnregisterFatBinary', library failed to load
implib-gen: libcudart.so.11.0: failed to load library 'libcudart.so.11.0' via callback 'DP_cudart_dlopen'
implib-gen: libcudart.so.11.0: failed to resolve symbol '__cudaUnregisterFatBinary', library failed to load
implib-gen: libcudart.so.11.0: failed to load library 'libcudart.so.11.0' via callback 'DP_cudart_dlopen'
implib-gen: libcudart.so.11.0: failed to resolve symbol '__cudaUnregisterFatBinary', library failed to load
implib-gen: libcudart.so.11.0: failed to load library 'libcudart.so.11.0' via callback 'DP_cudart_dlopen'
implib-gen: libcudart.so.11.0: failed to resolve symbol '__cudaUnregisterFatBinary', library failed to load
implib-gen: libcudart.so.11.0: failed to load library 'libcudart.so.11.0' via callback 'DP_cudart_dlopen'
implib-gen: libcudart.so.11.0: failed to resolve symbol '__cudaUnregisterFatBinary', library failed to load
implib-gen: libcudart.so.11.0: failed to load library 'libcudart.so.11.0' via callback 'DP_cudart_dlopen'
implib-gen: libcudart.so.11.0: failed to resolve symbol '__cudaUnregisterFatBinary', library failed to load
implib-gen: libcudart.so.11.0: failed to load library 'libcudart.so.11.0' via callback 'DP_cudart_dlopen'
implib-gen: libcudart.so.11.0: failed to resolve symbol '__cudaUnregisterFatBinary', library failed to load
implib-gen: libcudart.so.11.0: failed to load library 'libcudart.so.11.0' via callback 'DP_cudart_dlopen'
implib-gen: libcudart.so.11.0: failed to resolve symbol '__cudaUnregisterFatBinary', library failed to load
implib-gen: libcudart.so.11.0: failed to load library 'libcudart.so.11.0' via callback 'DP_cudart_dlopen'
implib-gen: libcudart.so.11.0: failed to resolve symbol '__cudaUnregisterFatBinary', library failed to load
implib-gen: libcudart.so.11.0: failed to load library 'libcudart.so.11.0' via callback 'DP_cudart_dlopen'
implib-gen: libcudart.so.11.0: failed to resolve symbol '__cudaUnregisterFatBinary', library failed to load
implib-gen: libcudart.so.11.0: failed to load library 'libcudart.so.11.0' via callback 'DP_cudart_dlopen'
implib-gen: libcudart.so.11.0: failed to resolve symbol '__cudaUnregisterFatBinary', library failed to load
implib-gen: libcudart.so.11.0: failed to load library 'libcudart.so.11.0' via callback 'DP_cudart_dlopen'
implib-gen: libcudart.so.11.0: failed to resolve symbol '__cudaUnregisterFatBinary', library failed to load
implib-gen: libcudart.so.11.0: failed to load library 'libcudart.so.11.0' via callback 'DP_cudart_dlopen'
implib-gen: libcudart.so.11.0: failed to resolve symbol '__cudaUnregisterFatBinary', library failed to load
implib-gen: libcudart.so.11.0: failed to load library 'libcudart.so.11.0' via callback 'DP_cudart_dlopen'
implib-gen: libcudart.so.11.0: failed to resolve symbol '__cudaUnregisterFatBinary', library failed to load
implib-gen: libcudart.so.11.0: failed to load library 'libcudart.so.11.0' via callback 'DP_cudart_dlopen'
implib-gen: libcudart.so.11.0: failed to resolve symbol '__cudaUnregisterFatBinary', library failed to load
implib-gen: libcudart.so.11.0: failed to load library 'libcudart.so.11.0' via callback 'DP_cudart_dlopen'
implib-gen: libcudart.so.11.0: failed to resolve symbol '__cudaUnregisterFatBinary', library failed to load
implib-gen: libcudart.so.11.0: failed to load library 'libcudart.so.11.0' via callback 'DP_cudart_dlopen'
implib-gen: libcudart.so.11.0: failed to resolve symbol '__cudaUnregisterFatBinary', library failed to load
implib-gen: libcudart.so.11.0: failed to load library 'libcudart.so.11.0' via callback 'DP_cudart_dlopen'
implib-gen: libcudart.so.11.0: failed to resolve symbol '__cudaUnregisterFatBinary', library failed to load
implib-gen: libcudart.so.11.0: failed to load library 'libcudart.so.11.0' via callback 'DP_cudart_dlopen'
implib-gen: libcudart.so.11.0: failed to resolve symbol '__cudaUnregisterFatBinary', library failed to load
implib-gen: libcudart.so.11.0: failed to load library 'libcudart.so.11.0' via callback 'DP_cudart_dlopen'
implib-gen: libcudart.so.11.0: failed to resolve symbol '__cudaUnregisterFatBinary', library failed to load
implib-gen: libcudart.so.11.0: failed to load library 'libcudart.so.11.0' via callback 'DP_cudart_dlopen'
implib-gen: libcudart.so.11.0: failed to resolve symbol '__cudaUnregisterFatBinary', library failed to load
implib-gen: libcudart.so.11.0: failed to load library 'libcudart.so.11.0' via callback 'DP_cudart_dlopen'
implib-gen: libcudart.so.11.0: failed to resolve symbol '__cudaUnregisterFatBinary', library failed to load
implib-gen: libcudart.so.11.0: failed to load library 'libcudart.so.11.0' via callback 'DP_cudart_dlopen'
implib-gen: libcudart.so.11.0: failed to resolve symbol '__cudaUnregisterFatBinary', library failed to load
implib-gen: libcudart.so.11.0: failed to load library 'libcudart.so.11.0' via callback 'DP_cudart_dlopen'
implib-gen: libcudart.so.11.0: failed to resolve symbol '__cudaUnregisterFatBinary', library failed to load
implib-gen: libcudart.so.11.0: failed to load library 'libcudart.so.11.0' via callback 'DP_cudart_dlopen'
implib-gen: libcudart.so.11.0: failed to resolve symbol '__cudaUnregisterFatBinary', library failed to load
implib-gen: libcudart.so.11.0: failed to load library 'libcudart.so.11.0' via callback 'DP_cudart_dlopen'
implib-gen: libcudart.so.11.0: failed to resolve symbol '__cudaUnregisterFatBinary', library failed to load
implib-gen: libcudart.so.11.0: failed to load library 'libcudart.so.11.0' via callback 'DP_cudart_dlopen'
implib-gen: libcudart.so.11.0: failed to resolve symbol '__cudaUnregisterFatBinary', library failed to load
implib-gen: libcudart.so.11.0: failed to load library 'libcudart.so.11.0' via callback 'DP_cudart_dlopen'
implib-gen: libcudart.so.11.0: failed to resolve symbol '__cudaUnregisterFatBinary', library failed to load
implib-gen: libcudart.so.11.0: failed to load library 'libcudart.so.11.0' via callback 'DP_cudart_dlopen'
implib-gen: libcudart.so.11.0: failed to resolve symbol '__cudaUnregisterFatBinary', library failed to load
implib-gen: libcudart.so.11.0: failed to load library 'libcudart.so.11.0' via callback 'DP_cudart_dlopen'
implib-gen: libcudart.so.11.0: failed to resolve symbol '__cudaUnregisterFatBinary', library failed to load
implib-gen: libcudart.so.11.0: failed to load library 'libcudart.so.11.0' via callback 'DP_cudart_dlopen'
implib-gen: libcudart.so.11.0: failed to resolve symbol '__cudaUnregisterFatBinary', library failed to load
implib-gen: libcudart.so.11.0: failed to load library 'libcudart.so.11.0' via callback 'DP_cudart_dlopen'
implib-gen: libcudart.so.11.0: failed to resolve symbol '__cudaUnregisterFatBinary', library failed to load
implib-gen: libcudart.so.11.0: failed to load library 'libcudart.so.11.0' via callback 'DP_cudart_dlopen'
implib-gen: libcudart.so.11.0: failed to resolve symbol '__cudaUnregisterFatBinary', library failed to load
implib-gen: libcudart.so.11.0: failed to load library 'libcudart.so.11.0' via callback 'DP_cudart_dlopen'
implib-gen: libcudart.so.11.0: failed to resolve symbol '__cudaUnregisterFatBinary', library failed to load
implib-gen: libcudart.so.11.0: failed to load library 'libcudart.so.11.0' via callback 'DP_cudart_dlopen'
implib-gen: libcudart.so.11.0: failed to resolve symbol '__cudaUnregisterFatBinary', library failed to load
implib-gen: libcudart.so.11.0: failed to load library 'libcudart.so.11.0' via callback 'DP_cudart_dlopen'
implib-gen: libcudart.so.11.0: failed to resolve symbol '__cudaUnregisterFatBinary', library failed to load
implib-gen: libcudart.so.11.0: failed to load library 'libcudart.so.11.0' via callback 'DP_cudart_dlopen'
implib-gen: libcudart.so.11.0: failed to resolve symbol '__cudaUnregisterFatBinary', library failed to load
implib-gen: libcudart.so.11.0: failed to load library 'libcudart.so.11.0' via callback 'DP_cudart_dlopen'
implib-gen: libcudart.so.11.0: failed to resolve symbol '__cudaUnregisterFatBinary', library failed to load
implib-gen: libcudart.so.11.0: failed to load library 'libcudart.so.11.0' via callback 'DP_cudart_dlopen'
implib-gen: libcudart.so.11.0: failed to resolve symbol '__cudaUnregisterFatBinary', library failed to load
implib-gen: libcudart.so.11.0: failed to load library 'libcudart.so.11.0' via callback 'DP_cudart_dlopen'
implib-gen: libcudart.so.11.0: failed to resolve symbol '__cudaUnregisterFatBinary', library failed to load
implib-gen: libcudart.so.11.0: failed to load library 'libcudart.so.11.0' via callback 'DP_cudart_dlopen'
implib-gen: libcudart.so.11.0: failed to resolve symbol '__cudaUnregisterFatBinary', library failed to load
implib-gen: libcudart.so.11.0: failed to load library 'libcudart.so.11.0' via callback 'DP_cudart_dlopen'
implib-gen: libcudart.so.11.0: failed to resolve symbol '__cudaUnregisterFatBinary', library failed to load
implib-gen: libcudart.so.11.0: failed to load library 'libcudart.so.11.0' via callback 'DP_cudart_dlopen'
implib-gen: libcudart.so.11.0: failed to resolve symbol '__cudaUnregisterFatBinary', library failed to load
implib-gen: libcudart.so.11.0: failed to load library 'libcudart.so.11.0' via callback 'DP_cudart_dlopen'
implib-gen: libcudart.so.11.0: failed to resolve symbol '__cudaUnregisterFatBinary', library failed to load
implib-gen: libcudart.so.11.0: failed to load library 'libcudart.so.11.0' via callback 'DP_cudart_dlopen'
implib-gen: libcudart.so.11.0: failed to resolve symbol '__cudaUnregisterFatBinary', library failed to load
implib-gen: libcudart.so.11.0: failed to load library 'libcudart.so.11.0' via callback 'DP_cudart_dlopen'
implib-gen: libcudart.so.11.0: failed to resolve symbol '__cudaUnregisterFatBinary', library failed to load
implib-gen: libcudart.so.11.0: failed to load library 'libcudart.so.11.0' via callback 'DP_cudart_dlopen'
implib-gen: libcudart.so.11.0: failed to resolve symbol '__cudaUnregisterFatBinary', library failed to load
implib-gen: libcudart.so.11.0: failed to load library 'libcudart.so.11.0' via callback 'DP_cudart_dlopen'
implib-gen: libcudart.so.11.0: failed to resolve symbol '__cudaUnregisterFatBinary', library failed to load
implib-gen: libcudart.so.11.0: failed to load library 'libcudart.so.11.0' via callback 'DP_cudart_dlopen'
implib-gen: libcudart.so.11.0: failed to resolve symbol '__cudaUnregisterFatBinary', library failed to load
implib-gen: libcudart.so.11.0: failed to load library 'libcudart.so.11.0' via callback 'DP_cudart_dlopen'
implib-gen: libcudart.so.11.0: failed to resolve symbol '__cudaUnregisterFatBinary', library failed to load
implib-gen: libcudart.so.11.0: failed to load library 'libcudart.so.11.0' via callback 'DP_cudart_dlopen'
implib-gen: libcudart.so.11.0: failed to resolve symbol '__cudaUnregisterFatBinary', library failed to load
implib-gen: libcudart.so.11.0: failed to load library 'libcudart.so.11.0' via callback 'DP_cudart_dlopen'
implib-gen: libcudart.so.11.0: failed to resolve symbol '__cudaUnregisterFatBinary', library failed to load
implib-gen: libcudart.so.11.0: failed to load library 'libcudart.so.11.0' via callback 'DP_cudart_dlopen'
implib-gen: libcudart.so.11.0: failed to resolve symbol '__cudaUnregisterFatBinary', library failed to load
implib-gen: libcudart.so.11.0: failed to load library 'libcudart.so.11.0' via callback 'DP_cudart_dlopen'
implib-gen: libcudart.so.11.0: failed to resolve symbol '__cudaUnregisterFatBinary', library failed to load
implib-gen: libcudart.so.11.0: failed to load library 'libcudart.so.11.0' via callback 'DP_cudart_dlopen'
implib-gen: libcudart.so.11.0: failed to resolve symbol '__cudaUnregisterFatBinary', library failed to load
implib-gen: libcudart.so.11.0: failed to load library 'libcudart.so.11.0' via callback 'DP_cudart_dlopen'
implib-gen: libcudart.so.11.0: failed to resolve symbol '__cudaUnregisterFatBinary', library failed to load
implib-gen: libcudart.so.11.0: failed to load library 'libcudart.so.11.0' via callback 'DP_cudart_dlopen'
implib-gen: libcudart.so.11.0: failed to resolve symbol '__cudaUnregisterFatBinary', library failed to load
implib-gen: libcudart.so.11.0: failed to load library 'libcudart.so.11.0' via callback 'DP_cudart_dlopen'
implib-gen: libcudart.so.11.0: failed to resolve symbol '__cudaUnregisterFatBinary', library failed to load
implib-gen: libcudart.so.11.0: failed to load library 'libcudart.so.11.0' via callback 'DP_cudart_dlopen'
implib-gen: libcudart.so.11.0: failed to resolve symbol '__cudaUnregisterFatBinary', library failed to load
implib-gen: libcudart.so.11.0: failed to load library 'libcudart.so.11.0' via callback 'DP_cudart_dlopen'
implib-gen: libcudart.so.11.0: failed to resolve symbol '__cudaUnregisterFatBinary', library failed to load
implib-gen: libcudart.so.11.0: failed to load library 'libcudart.so.11.0' via callback 'DP_cudart_dlopen'
implib-gen: libcudart.so.11.0: failed to resolve symbol '__cudaUnregisterFatBinary', library failed to load
implib-gen: libcudart.so.11.0: failed to load library 'libcudart.so.11.0' via callback 'DP_cudart_dlopen'
implib-gen: libcudart.so.11.0: failed to resolve symbol '__cudaUnregisterFatBinary', library failed to load
implib-gen: libcudart.so.11.0: failed to load library 'libcudart.so.11.0' via callback 'DP_cudart_dlopen'
implib-gen: libcudart.so.11.0: failed to resolve symbol '__cudaUnregisterFatBinary', library failed to load
implib-gen: libcudart.so.11.0: failed to load library 'libcudart.so.11.0' via callback 'DP_cudart_dlopen'
implib-gen: libcudart.so.11.0: failed to resolve symbol '__cudaUnregisterFatBinary', library failed to load
implib-gen: libcudart.so.11.0: failed to load library 'libcudart.so.11.0' via callback 'DP_cudart_dlopen'
implib-gen: libcudart.so.11.0: failed to resolve symbol '__cudaUnregisterFatBinary', library failed to load
implib-gen: libcudart.so.11.0: failed to load library 'libcudart.so.11.0' via callback 'DP_cudart_dlopen'
implib-gen: libcudart.so.11.0: failed to resolve symbol '__cudaUnregisterFatBinary', library failed to load
implib-gen: libcudart.so.11.0: failed to load library 'libcudart.so.11.0' via callback 'DP_cudart_dlopen'
implib-gen: libcudart.so.11.0: failed to resolve symbol '__cudaUnregisterFatBinary', library failed to load
implib-gen: libcudart.so.11.0: failed to load library 'libcudart.so.11.0' via callback 'DP_cudart_dlopen'
implib-gen: libcudart.so.11.0: failed to resolve symbol '__cudaUnregisterFatBinary', library failed to load
implib-gen: libcudart.so.11.0: failed to load library 'libcudart.so.11.0' via callback 'DP_cudart_dlopen'
implib-gen: libcudart.so.11.0: failed to resolve symbol '__cudaUnregisterFatBinary', library failed to load
implib-gen: libcudart.so.11.0: failed to load library 'libcudart.so.11.0' via callback 'DP_cudart_dlopen'
implib-gen: libcudart.so.11.0: failed to resolve symbol '__cudaUnregisterFatBinary', library failed to load
