cpu-bind=MASK - n2cn0649, task  0  0 [4078967]: mask |BBBBBBBB|BBBBBBBB||BBBBBBBB|BBBBBBBB||BBBBBBBB|BBBBBBBB||BBBBBBBB|BBBBBBBB||||BBBBBBBB|BBBBBBBB||BBBBBBBB|BBBBBBBB||BBBBBBBB|BBBBBBBB||BBBBBBBB|BBBBBBBB|  set
The following modules were not unloaded:
  (Use "module --force purge" to unload all):

  1) pc2fs   2) slurm/23.11.5-1   3) DefaultModules
rm: cannot remove 'cp2k.out': No such file or directory
cpu-bind=MASK - n2cn0732, task 128  0 [74567]: mask |BBBB----|--------||--------|--------||--------|--------||--------|--------||||--------|--------||--------|--------||--------|--------||--------|--------|  set
cpu-bind=MASK - n2cn0732, task 129  1 [74568]: mask |----BBBB|--------||--------|--------||--------|--------||--------|--------||||--------|--------||--------|--------||--------|--------||--------|--------|  set
cpu-bind=MASK - n2cn0732, task 130  2 [74569]: mask |--------|BBBB----||--------|--------||--------|--------||--------|--------||||--------|--------||--------|--------||--------|--------||--------|--------|  set
cpu-bind=MASK - n2cn0732, task 131  3 [74570]: mask |--------|----BBBB||--------|--------||--------|--------||--------|--------||||--------|--------||--------|--------||--------|--------||--------|--------|  set
cpu-bind=MASK - n2cn0732, task 132  4 [74571]: mask |--------|--------||BBBB----|--------||--------|--------||--------|--------||||--------|--------||--------|--------||--------|--------||--------|--------|  set
cpu-bind=MASK - n2cn0732, task 133  5 [74572]: mask |--------|--------||----BBBB|--------||--------|--------||--------|--------||||--------|--------||--------|--------||--------|--------||--------|--------|  set
cpu-bind=MASK - n2cn0732, task 134  6 [74573]: mask |--------|--------||--------|BBBB----||--------|--------||--------|--------||||--------|--------||--------|--------||--------|--------||--------|--------|  set
cpu-bind=MASK - n2cn0732, task 135  7 [74574]: mask |--------|--------||--------|----BBBB||--------|--------||--------|--------||||--------|--------||--------|--------||--------|--------||--------|--------|  set
cpu-bind=MASK - n2cn0732, task 136  8 [74575]: mask |--------|--------||--------|--------||BBBB----|--------||--------|--------||||--------|--------||--------|--------||--------|--------||--------|--------|  set
cpu-bind=MASK - n2cn0732, task 137  9 [74576]: mask |--------|--------||--------|--------||----BBBB|--------||--------|--------||||--------|--------||--------|--------||--------|--------||--------|--------|  set
cpu-bind=MASK - n2cn0745, task 160  0 [73164]: mask |BBBB----|--------||--------|--------||--------|--------||--------|--------||||--------|--------||--------|--------||--------|--------||--------|--------|  set
cpu-bind=MASK - n2cn0732, task 138 10 [74577]: mask |--------|--------||--------|--------||--------|BBBB----||--------|--------||||--------|--------||--------|--------||--------|--------||--------|--------|  set
cpu-bind=MASK - n2cn0732, task 139 11 [74578]: mask |--------|--------||--------|--------||--------|----BBBB||--------|--------||||--------|--------||--------|--------||--------|--------||--------|--------|  set
cpu-bind=MASK - n2cn0732, task 140 12 [74579]: mask |--------|--------||--------|--------||--------|--------||BBBB----|--------||||--------|--------||--------|--------||--------|--------||--------|--------|  set
cpu-bind=MASK - n2cn0732, task 141 13 [74580]: mask |--------|--------||--------|--------||--------|--------||----BBBB|--------||||--------|--------||--------|--------||--------|--------||--------|--------|  set
cpu-bind=MASK - n2cn0732, task 142 14 [74581]: mask |--------|--------||--------|--------||--------|--------||--------|BBBB----||||--------|--------||--------|--------||--------|--------||--------|--------|  set
cpu-bind=MASK - n2cn0731, task 96  0 [81166]: mask |BBBB----|--------||--------|--------||--------|--------||--------|--------||||--------|--------||--------|--------||--------|--------||--------|--------|  set
cpu-bind=MASK - n2cn0732, task 143 15 [74582]: mask |--------|--------||--------|--------||--------|--------||--------|----BBBB||||--------|--------||--------|--------||--------|--------||--------|--------|  set
cpu-bind=MASK - n2cn0732, task 144 16 [74583]: mask |--------|--------||--------|--------||--------|--------||--------|--------||||BBBB----|--------||--------|--------||--------|--------||--------|--------|  set
cpu-bind=MASK - n2cn0745, task 161  1 [73165]: mask |----BBBB|--------||--------|--------||--------|--------||--------|--------||||--------|--------||--------|--------||--------|--------||--------|--------|  set
cpu-bind=MASK - n2cn0745, task 162  2 [73166]: mask |--------|BBBB----||--------|--------||--------|--------||--------|--------||||--------|--------||--------|--------||--------|--------||--------|--------|  set
cpu-bind=MASK - n2cn0745, task 163  3 [73167]: mask |--------|----BBBB||--------|--------||--------|--------||--------|--------||||--------|--------||--------|--------||--------|--------||--------|--------|  set
cpu-bind=MASK - n2cn0745, task 164  4 [73168]: mask |--------|--------||BBBB----|--------||--------|--------||--------|--------||||--------|--------||--------|--------||--------|--------||--------|--------|  set
cpu-bind=MASK - n2cn0745, task 165  5 [73169]: mask |--------|--------||----BBBB|--------||--------|--------||--------|--------||||--------|--------||--------|--------||--------|--------||--------|--------|  set
cpu-bind=MASK - n2cn0745, task 166  6 [73170]: mask |--------|--------||--------|BBBB----||--------|--------||--------|--------||||--------|--------||--------|--------||--------|--------||--------|--------|  set
cpu-bind=MASK - n2cn0732, task 145 17 [74584]: mask |--------|--------||--------|--------||--------|--------||--------|--------||||----BBBB|--------||--------|--------||--------|--------||--------|--------|  set
cpu-bind=MASK - n2cn0745, task 167  7 [73171]: mask |--------|--------||--------|----BBBB||--------|--------||--------|--------||||--------|--------||--------|--------||--------|--------||--------|--------|  set
cpu-bind=MASK - n2cn0732, task 146 18 [74585]: mask |--------|--------||--------|--------||--------|--------||--------|--------||||--------|BBBB----||--------|--------||--------|--------||--------|--------|  set
cpu-bind=MASK - n2cn0732, task 147 19 [74586]: mask |--------|--------||--------|--------||--------|--------||--------|--------||||--------|----BBBB||--------|--------||--------|--------||--------|--------|  set
cpu-bind=MASK - n2cn0732, task 148 20 [74587]: mask |--------|--------||--------|--------||--------|--------||--------|--------||||--------|--------||BBBB----|--------||--------|--------||--------|--------|  set
cpu-bind=MASK - n2cn0732, task 149 21 [74588]: mask |--------|--------||--------|--------||--------|--------||--------|--------||||--------|--------||----BBBB|--------||--------|--------||--------|--------|  set
cpu-bind=MASK - n2cn0731, task 97  1 [81167]: mask |----BBBB|--------||--------|--------||--------|--------||--------|--------||||--------|--------||--------|--------||--------|--------||--------|--------|  set
cpu-bind=MASK - n2cn0731, task 98  2 [81168]: mask |--------|BBBB----||--------|--------||--------|--------||--------|--------||||--------|--------||--------|--------||--------|--------||--------|--------|  set
cpu-bind=MASK - n2cn0731, task 99  3 [81169]: mask |--------|----BBBB||--------|--------||--------|--------||--------|--------||||--------|--------||--------|--------||--------|--------||--------|--------|  set
cpu-bind=MASK - n2cn0731, task 100  4 [81170]: mask |--------|--------||BBBB----|--------||--------|--------||--------|--------||||--------|--------||--------|--------||--------|--------||--------|--------|  set
cpu-bind=MASK - n2cn0731, task 101  5 [81171]: mask |--------|--------||----BBBB|--------||--------|--------||--------|--------||||--------|--------||--------|--------||--------|--------||--------|--------|  set
cpu-bind=MASK - n2cn0731, task 102  6 [81172]: mask |--------|--------||--------|BBBB----||--------|--------||--------|--------||||--------|--------||--------|--------||--------|--------||--------|--------|  set
cpu-bind=MASK - n2cn0731, task 103  7 [81173]: mask |--------|--------||--------|----BBBB||--------|--------||--------|--------||||--------|--------||--------|--------||--------|--------||--------|--------|  set
cpu-bind=MASK - n2cn0732, task 150 22 [74589]: mask |--------|--------||--------|--------||--------|--------||--------|--------||||--------|--------||--------|BBBB----||--------|--------||--------|--------|  set
cpu-bind=MASK - n2cn0732, task 151 23 [74590]: mask |--------|--------||--------|--------||--------|--------||--------|--------||||--------|--------||--------|----BBBB||--------|--------||--------|--------|  set
cpu-bind=MASK - n2cn0745, task 168  8 [73172]: mask |--------|--------||--------|--------||BBBB----|--------||--------|--------||||--------|--------||--------|--------||--------|--------||--------|--------|  set
cpu-bind=MASK - n2cn0745, task 169  9 [73173]: mask |--------|--------||--------|--------||----BBBB|--------||--------|--------||||--------|--------||--------|--------||--------|--------||--------|--------|  set
cpu-bind=MASK - n2cn0745, task 170 10 [73174]: mask |--------|--------||--------|--------||--------|BBBB----||--------|--------||||--------|--------||--------|--------||--------|--------||--------|--------|  set
cpu-bind=MASK - n2cn0745, task 171 11 [73175]: mask |--------|--------||--------|--------||--------|----BBBB||--------|--------||||--------|--------||--------|--------||--------|--------||--------|--------|  set
cpu-bind=MASK - n2cn0745, task 172 12 [73176]: mask |--------|--------||--------|--------||--------|--------||BBBB----|--------||||--------|--------||--------|--------||--------|--------||--------|--------|  set
cpu-bind=MASK - n2cn0745, task 173 13 [73177]: mask |--------|--------||--------|--------||--------|--------||----BBBB|--------||||--------|--------||--------|--------||--------|--------||--------|--------|  set
cpu-bind=MASK - n2cn0745, task 174 14 [73178]: mask |--------|--------||--------|--------||--------|--------||--------|BBBB----||||--------|--------||--------|--------||--------|--------||--------|--------|  set
cpu-bind=MASK - n2cn0732, task 152 24 [74591]: mask |--------|--------||--------|--------||--------|--------||--------|--------||||--------|--------||--------|--------||BBBB----|--------||--------|--------|  set
cpu-bind=MASK - n2cn0649, task  0  0 [4079385]: mask |BBBB----|--------||--------|--------||--------|--------||--------|--------||||--------|--------||--------|--------||--------|--------||--------|--------|  set
cpu-bind=MASK - n2cn0732, task 153 25 [74592]: mask |--------|--------||--------|--------||--------|--------||--------|--------||||--------|--------||--------|--------||----BBBB|--------||--------|--------|  set
cpu-bind=MASK - n2cn0732, task 154 26 [74593]: mask |--------|--------||--------|--------||--------|--------||--------|--------||||--------|--------||--------|--------||--------|BBBB----||--------|--------|  set
cpu-bind=MASK - n2cn0732, task 155 27 [74594]: mask |--------|--------||--------|--------||--------|--------||--------|--------||||--------|--------||--------|--------||--------|----BBBB||--------|--------|  set
cpu-bind=MASK - n2cn0732, task 156 28 [74595]: mask |--------|--------||--------|--------||--------|--------||--------|--------||||--------|--------||--------|--------||--------|--------||BBBB----|--------|  set
cpu-bind=MASK - n2cn0731, task 104  8 [81174]: mask |--------|--------||--------|--------||BBBB----|--------||--------|--------||||--------|--------||--------|--------||--------|--------||--------|--------|  set
cpu-bind=MASK - n2cn0731, task 105  9 [81175]: mask |--------|--------||--------|--------||----BBBB|--------||--------|--------||||--------|--------||--------|--------||--------|--------||--------|--------|  set
cpu-bind=MASK - n2cn0731, task 106 10 [81176]: mask |--------|--------||--------|--------||--------|BBBB----||--------|--------||||--------|--------||--------|--------||--------|--------||--------|--------|  set
cpu-bind=MASK - n2cn0731, task 107 11 [81177]: mask |--------|--------||--------|--------||--------|----BBBB||--------|--------||||--------|--------||--------|--------||--------|--------||--------|--------|  set
cpu-bind=MASK - n2cn0731, task 108 12 [81178]: mask |--------|--------||--------|--------||--------|--------||BBBB----|--------||||--------|--------||--------|--------||--------|--------||--------|--------|  set
cpu-bind=MASK - n2cn0731, task 109 13 [81179]: mask |--------|--------||--------|--------||--------|--------||----BBBB|--------||||--------|--------||--------|--------||--------|--------||--------|--------|  set
cpu-bind=MASK - n2cn0731, task 110 14 [81180]: mask |--------|--------||--------|--------||--------|--------||--------|BBBB----||||--------|--------||--------|--------||--------|--------||--------|--------|  set
cpu-bind=MASK - n2cn0732, task 157 29 [74596]: mask |--------|--------||--------|--------||--------|--------||--------|--------||||--------|--------||--------|--------||--------|--------||----BBBB|--------|  set
cpu-bind=MASK - n2cn0732, task 158 30 [74597]: mask |--------|--------||--------|--------||--------|--------||--------|--------||||--------|--------||--------|--------||--------|--------||--------|BBBB----|  set
cpu-bind=MASK - n2cn0673, task 64  0 [470869]: mask |BBBB----|--------||--------|--------||--------|--------||--------|--------||||--------|--------||--------|--------||--------|--------||--------|--------|  set
cpu-bind=MASK - n2cn0745, task 175 15 [73179]: mask |--------|--------||--------|--------||--------|--------||--------|----BBBB||||--------|--------||--------|--------||--------|--------||--------|--------|  set
cpu-bind=MASK - n2cn0745, task 176 16 [73180]: mask |--------|--------||--------|--------||--------|--------||--------|--------||||BBBB----|--------||--------|--------||--------|--------||--------|--------|  set
cpu-bind=MASK - n2cn0745, task 177 17 [73181]: mask |--------|--------||--------|--------||--------|--------||--------|--------||||----BBBB|--------||--------|--------||--------|--------||--------|--------|  set
cpu-bind=MASK - n2cn0745, task 178 18 [73182]: mask |--------|--------||--------|--------||--------|--------||--------|--------||||--------|BBBB----||--------|--------||--------|--------||--------|--------|  set
cpu-bind=MASK - n2cn0745, task 179 19 [73183]: mask |--------|--------||--------|--------||--------|--------||--------|--------||||--------|----BBBB||--------|--------||--------|--------||--------|--------|  set
cpu-bind=MASK - n2cn0745, task 180 20 [73184]: mask |--------|--------||--------|--------||--------|--------||--------|--------||||--------|--------||BBBB----|--------||--------|--------||--------|--------|  set
cpu-bind=MASK - n2cn0745, task 181 21 [73185]: mask |--------|--------||--------|--------||--------|--------||--------|--------||||--------|--------||----BBBB|--------||--------|--------||--------|--------|  set
cpu-bind=MASK - n2cn0731, task 111 15 [81181]: mask |--------|--------||--------|--------||--------|--------||--------|----BBBB||||--------|--------||--------|--------||--------|--------||--------|--------|  set
cpu-bind=MASK - n2cn0731, task 112 16 [81182]: mask |--------|--------||--------|--------||--------|--------||--------|--------||||BBBB----|--------||--------|--------||--------|--------||--------|--------|  set
cpu-bind=MASK - n2cn0731, task 113 17 [81183]: mask |--------|--------||--------|--------||--------|--------||--------|--------||||----BBBB|--------||--------|--------||--------|--------||--------|--------|  set
cpu-bind=MASK - n2cn0731, task 114 18 [81184]: mask |--------|--------||--------|--------||--------|--------||--------|--------||||--------|BBBB----||--------|--------||--------|--------||--------|--------|  set
cpu-bind=MASK - n2cn0731, task 115 19 [81185]: mask |--------|--------||--------|--------||--------|--------||--------|--------||||--------|----BBBB||--------|--------||--------|--------||--------|--------|  set
cpu-bind=MASK - n2cn0731, task 116 20 [81186]: mask |--------|--------||--------|--------||--------|--------||--------|--------||||--------|--------||BBBB----|--------||--------|--------||--------|--------|  set
cpu-bind=MASK - n2cn0731, task 117 21 [81187]: mask |--------|--------||--------|--------||--------|--------||--------|--------||||--------|--------||----BBBB|--------||--------|--------||--------|--------|  set
cpu-bind=MASK - n2cn0745, task 182 22 [73186]: mask |--------|--------||--------|--------||--------|--------||--------|--------||||--------|--------||--------|BBBB----||--------|--------||--------|--------|  set
cpu-bind=MASK - n2cn0745, task 183 23 [73187]: mask |--------|--------||--------|--------||--------|--------||--------|--------||||--------|--------||--------|----BBBB||--------|--------||--------|--------|  set
cpu-bind=MASK - n2cn0745, task 184 24 [73188]: mask |--------|--------||--------|--------||--------|--------||--------|--------||||--------|--------||--------|--------||BBBB----|--------||--------|--------|  set
cpu-bind=MASK - n2cn0745, task 185 25 [73189]: mask |--------|--------||--------|--------||--------|--------||--------|--------||||--------|--------||--------|--------||----BBBB|--------||--------|--------|  set
cpu-bind=MASK - n2cn0745, task 186 26 [73190]: mask |--------|--------||--------|--------||--------|--------||--------|--------||||--------|--------||--------|--------||--------|BBBB----||--------|--------|  set
cpu-bind=MASK - n2cn0745, task 187 27 [73191]: mask |--------|--------||--------|--------||--------|--------||--------|--------||||--------|--------||--------|--------||--------|----BBBB||--------|--------|  set
cpu-bind=MASK - n2cn0745, task 188 28 [73192]: mask |--------|--------||--------|--------||--------|--------||--------|--------||||--------|--------||--------|--------||--------|--------||BBBB----|--------|  set
cpu-bind=MASK - n2cn0673, task 65  1 [470870]: mask |----BBBB|--------||--------|--------||--------|--------||--------|--------||||--------|--------||--------|--------||--------|--------||--------|--------|  set
cpu-bind=MASK - n2cn0673, task 66  2 [470871]: mask |--------|BBBB----||--------|--------||--------|--------||--------|--------||||--------|--------||--------|--------||--------|--------||--------|--------|  set
cpu-bind=MASK - n2cn0673, task 67  3 [470872]: mask |--------|----BBBB||--------|--------||--------|--------||--------|--------||||--------|--------||--------|--------||--------|--------||--------|--------|  set
cpu-bind=MASK - n2cn0673, task 68  4 [470873]: mask |--------|--------||BBBB----|--------||--------|--------||--------|--------||||--------|--------||--------|--------||--------|--------||--------|--------|  set
cpu-bind=MASK - n2cn0673, task 69  5 [470874]: mask |--------|--------||----BBBB|--------||--------|--------||--------|--------||||--------|--------||--------|--------||--------|--------||--------|--------|  set
cpu-bind=MASK - n2cn0673, task 70  6 [470875]: mask |--------|--------||--------|BBBB----||--------|--------||--------|--------||||--------|--------||--------|--------||--------|--------||--------|--------|  set
cpu-bind=MASK - n2cn0673, task 71  7 [470876]: mask |--------|--------||--------|----BBBB||--------|--------||--------|--------||||--------|--------||--------|--------||--------|--------||--------|--------|  set
cpu-bind=MASK - n2cn0731, task 118 22 [81188]: mask |--------|--------||--------|--------||--------|--------||--------|--------||||--------|--------||--------|BBBB----||--------|--------||--------|--------|  set
cpu-bind=MASK - n2cn0731, task 119 23 [81189]: mask |--------|--------||--------|--------||--------|--------||--------|--------||||--------|--------||--------|----BBBB||--------|--------||--------|--------|  set
cpu-bind=MASK - n2cn0731, task 120 24 [81190]: mask |--------|--------||--------|--------||--------|--------||--------|--------||||--------|--------||--------|--------||BBBB----|--------||--------|--------|  set
cpu-bind=MASK - n2cn0731, task 121 25 [81191]: mask |--------|--------||--------|--------||--------|--------||--------|--------||||--------|--------||--------|--------||----BBBB|--------||--------|--------|  set
cpu-bind=MASK - n2cn0731, task 122 26 [81192]: mask |--------|--------||--------|--------||--------|--------||--------|--------||||--------|--------||--------|--------||--------|BBBB----||--------|--------|  set
cpu-bind=MASK - n2cn0731, task 123 27 [81193]: mask |--------|--------||--------|--------||--------|--------||--------|--------||||--------|--------||--------|--------||--------|----BBBB||--------|--------|  set
cpu-bind=MASK - n2cn0731, task 124 28 [81194]: mask |--------|--------||--------|--------||--------|--------||--------|--------||||--------|--------||--------|--------||--------|--------||BBBB----|--------|  set
cpu-bind=MASK - n2cn0673, task 72  8 [470877]: mask |--------|--------||--------|--------||BBBB----|--------||--------|--------||||--------|--------||--------|--------||--------|--------||--------|--------|  set
cpu-bind=MASK - n2cn0673, task 73  9 [470878]: mask |--------|--------||--------|--------||----BBBB|--------||--------|--------||||--------|--------||--------|--------||--------|--------||--------|--------|  set
cpu-bind=MASK - n2cn0673, task 74 10 [470879]: mask |--------|--------||--------|--------||--------|BBBB----||--------|--------||||--------|--------||--------|--------||--------|--------||--------|--------|  set
cpu-bind=MASK - n2cn0673, task 75 11 [470880]: mask |--------|--------||--------|--------||--------|----BBBB||--------|--------||||--------|--------||--------|--------||--------|--------||--------|--------|  set
cpu-bind=MASK - n2cn0673, task 76 12 [470881]: mask |--------|--------||--------|--------||--------|--------||BBBB----|--------||||--------|--------||--------|--------||--------|--------||--------|--------|  set
cpu-bind=MASK - n2cn0673, task 77 13 [470882]: mask |--------|--------||--------|--------||--------|--------||----BBBB|--------||||--------|--------||--------|--------||--------|--------||--------|--------|  set
cpu-bind=MASK - n2cn0673, task 78 14 [470883]: mask |--------|--------||--------|--------||--------|--------||--------|BBBB----||||--------|--------||--------|--------||--------|--------||--------|--------|  set
cpu-bind=MASK - n2cn0732, task 159 31 [74598]: mask |--------|--------||--------|--------||--------|--------||--------|--------||||--------|--------||--------|--------||--------|--------||--------|----BBBB|  set
cpu-bind=MASK - n2cn0673, task 79 15 [470884]: mask |--------|--------||--------|--------||--------|--------||--------|----BBBB||||--------|--------||--------|--------||--------|--------||--------|--------|  set
cpu-bind=MASK - n2cn0673, task 80 16 [470885]: mask |--------|--------||--------|--------||--------|--------||--------|--------||||BBBB----|--------||--------|--------||--------|--------||--------|--------|  set
cpu-bind=MASK - n2cn0673, task 81 17 [470886]: mask |--------|--------||--------|--------||--------|--------||--------|--------||||----BBBB|--------||--------|--------||--------|--------||--------|--------|  set
cpu-bind=MASK - n2cn0673, task 82 18 [470887]: mask |--------|--------||--------|--------||--------|--------||--------|--------||||--------|BBBB----||--------|--------||--------|--------||--------|--------|  set
cpu-bind=MASK - n2cn0673, task 83 19 [470888]: mask |--------|--------||--------|--------||--------|--------||--------|--------||||--------|----BBBB||--------|--------||--------|--------||--------|--------|  set
cpu-bind=MASK - n2cn0673, task 84 20 [470889]: mask |--------|--------||--------|--------||--------|--------||--------|--------||||--------|--------||BBBB----|--------||--------|--------||--------|--------|  set
cpu-bind=MASK - n2cn0673, task 85 21 [470890]: mask |--------|--------||--------|--------||--------|--------||--------|--------||||--------|--------||----BBBB|--------||--------|--------||--------|--------|  set
cpu-bind=MASK - n2cn0673, task 86 22 [470891]: mask |--------|--------||--------|--------||--------|--------||--------|--------||||--------|--------||--------|BBBB----||--------|--------||--------|--------|  set
cpu-bind=MASK - n2cn0673, task 87 23 [470892]: mask |--------|--------||--------|--------||--------|--------||--------|--------||||--------|--------||--------|----BBBB||--------|--------||--------|--------|  set
cpu-bind=MASK - n2cn0673, task 88 24 [470893]: mask |--------|--------||--------|--------||--------|--------||--------|--------||||--------|--------||--------|--------||BBBB----|--------||--------|--------|  set
cpu-bind=MASK - n2cn0673, task 89 25 [470894]: mask |--------|--------||--------|--------||--------|--------||--------|--------||||--------|--------||--------|--------||----BBBB|--------||--------|--------|  set
cpu-bind=MASK - n2cn0673, task 90 26 [470895]: mask |--------|--------||--------|--------||--------|--------||--------|--------||||--------|--------||--------|--------||--------|BBBB----||--------|--------|  set
cpu-bind=MASK - n2cn0673, task 91 27 [470896]: mask |--------|--------||--------|--------||--------|--------||--------|--------||||--------|--------||--------|--------||--------|----BBBB||--------|--------|  set
cpu-bind=MASK - n2cn0673, task 92 28 [470897]: mask |--------|--------||--------|--------||--------|--------||--------|--------||||--------|--------||--------|--------||--------|--------||BBBB----|--------|  set
cpu-bind=MASK - n2cn0649, task  1  1 [4079386]: mask |----BBBB|--------||--------|--------||--------|--------||--------|--------||||--------|--------||--------|--------||--------|--------||--------|--------|  set
cpu-bind=MASK - n2cn0649, task  2  2 [4079387]: mask |--------|BBBB----||--------|--------||--------|--------||--------|--------||||--------|--------||--------|--------||--------|--------||--------|--------|  set
cpu-bind=MASK - n2cn0649, task  3  3 [4079388]: mask |--------|----BBBB||--------|--------||--------|--------||--------|--------||||--------|--------||--------|--------||--------|--------||--------|--------|  set
cpu-bind=MASK - n2cn0649, task  4  4 [4079389]: mask |--------|--------||BBBB----|--------||--------|--------||--------|--------||||--------|--------||--------|--------||--------|--------||--------|--------|  set
cpu-bind=MASK - n2cn0649, task  5  5 [4079390]: mask |--------|--------||----BBBB|--------||--------|--------||--------|--------||||--------|--------||--------|--------||--------|--------||--------|--------|  set
cpu-bind=MASK - n2cn0649, task  6  6 [4079391]: mask |--------|--------||--------|BBBB----||--------|--------||--------|--------||||--------|--------||--------|--------||--------|--------||--------|--------|  set
cpu-bind=MASK - n2cn0649, task  7  7 [4079392]: mask |--------|--------||--------|----BBBB||--------|--------||--------|--------||||--------|--------||--------|--------||--------|--------||--------|--------|  set
cpu-bind=MASK - n2cn0649, task  8  8 [4079393]: mask |--------|--------||--------|--------||BBBB----|--------||--------|--------||||--------|--------||--------|--------||--------|--------||--------|--------|  set
cpu-bind=MASK - n2cn0649, task  9  9 [4079394]: mask |--------|--------||--------|--------||----BBBB|--------||--------|--------||||--------|--------||--------|--------||--------|--------||--------|--------|  set
cpu-bind=MASK - n2cn0649, task 10 10 [4079395]: mask |--------|--------||--------|--------||--------|BBBB----||--------|--------||||--------|--------||--------|--------||--------|--------||--------|--------|  set
cpu-bind=MASK - n2cn0649, task 11 11 [4079396]: mask |--------|--------||--------|--------||--------|----BBBB||--------|--------||||--------|--------||--------|--------||--------|--------||--------|--------|  set
cpu-bind=MASK - n2cn0649, task 12 12 [4079397]: mask |--------|--------||--------|--------||--------|--------||BBBB----|--------||||--------|--------||--------|--------||--------|--------||--------|--------|  set
cpu-bind=MASK - n2cn0649, task 13 13 [4079398]: mask |--------|--------||--------|--------||--------|--------||----BBBB|--------||||--------|--------||--------|--------||--------|--------||--------|--------|  set
cpu-bind=MASK - n2cn0649, task 14 14 [4079399]: mask |--------|--------||--------|--------||--------|--------||--------|BBBB----||||--------|--------||--------|--------||--------|--------||--------|--------|  set
cpu-bind=MASK - n2cn0649, task 15 15 [4079400]: mask |--------|--------||--------|--------||--------|--------||--------|----BBBB||||--------|--------||--------|--------||--------|--------||--------|--------|  set
cpu-bind=MASK - n2cn0649, task 16 16 [4079401]: mask |--------|--------||--------|--------||--------|--------||--------|--------||||BBBB----|--------||--------|--------||--------|--------||--------|--------|  set
cpu-bind=MASK - n2cn0649, task 17 17 [4079402]: mask |--------|--------||--------|--------||--------|--------||--------|--------||||----BBBB|--------||--------|--------||--------|--------||--------|--------|  set
cpu-bind=MASK - n2cn0649, task 18 18 [4079403]: mask |--------|--------||--------|--------||--------|--------||--------|--------||||--------|BBBB----||--------|--------||--------|--------||--------|--------|  set
cpu-bind=MASK - n2cn0649, task 19 19 [4079404]: mask |--------|--------||--------|--------||--------|--------||--------|--------||||--------|----BBBB||--------|--------||--------|--------||--------|--------|  set
cpu-bind=MASK - n2cn0649, task 20 20 [4079405]: mask |--------|--------||--------|--------||--------|--------||--------|--------||||--------|--------||BBBB----|--------||--------|--------||--------|--------|  set
cpu-bind=MASK - n2cn0649, task 21 21 [4079406]: mask |--------|--------||--------|--------||--------|--------||--------|--------||||--------|--------||----BBBB|--------||--------|--------||--------|--------|  set
cpu-bind=MASK - n2cn0649, task 22 22 [4079407]: mask |--------|--------||--------|--------||--------|--------||--------|--------||||--------|--------||--------|BBBB----||--------|--------||--------|--------|  set
cpu-bind=MASK - n2cn0649, task 23 23 [4079408]: mask |--------|--------||--------|--------||--------|--------||--------|--------||||--------|--------||--------|----BBBB||--------|--------||--------|--------|  set
cpu-bind=MASK - n2cn0649, task 24 24 [4079409]: mask |--------|--------||--------|--------||--------|--------||--------|--------||||--------|--------||--------|--------||BBBB----|--------||--------|--------|  set
cpu-bind=MASK - n2cn0649, task 25 25 [4079410]: mask |--------|--------||--------|--------||--------|--------||--------|--------||||--------|--------||--------|--------||----BBBB|--------||--------|--------|  set
cpu-bind=MASK - n2cn0649, task 26 26 [4079411]: mask |--------|--------||--------|--------||--------|--------||--------|--------||||--------|--------||--------|--------||--------|BBBB----||--------|--------|  set
cpu-bind=MASK - n2cn0649, task 27 27 [4079412]: mask |--------|--------||--------|--------||--------|--------||--------|--------||||--------|--------||--------|--------||--------|----BBBB||--------|--------|  set
cpu-bind=MASK - n2cn0649, task 28 28 [4079413]: mask |--------|--------||--------|--------||--------|--------||--------|--------||||--------|--------||--------|--------||--------|--------||BBBB----|--------|  set
cpu-bind=MASK - n2cn0649, task 29 29 [4079414]: mask |--------|--------||--------|--------||--------|--------||--------|--------||||--------|--------||--------|--------||--------|--------||----BBBB|--------|  set
cpu-bind=MASK - n2cn0649, task 30 30 [4079415]: mask |--------|--------||--------|--------||--------|--------||--------|--------||||--------|--------||--------|--------||--------|--------||--------|BBBB----|  set
cpu-bind=MASK - n2cn0649, task 31 31 [4079416]: mask |--------|--------||--------|--------||--------|--------||--------|--------||||--------|--------||--------|--------||--------|--------||--------|----BBBB|  set
cpu-bind=MASK - n2cn0745, task 189 29 [73193]: mask |--------|--------||--------|--------||--------|--------||--------|--------||||--------|--------||--------|--------||--------|--------||----BBBB|--------|  set
cpu-bind=MASK - n2cn0745, task 190 30 [73194]: mask |--------|--------||--------|--------||--------|--------||--------|--------||||--------|--------||--------|--------||--------|--------||--------|BBBB----|  set
cpu-bind=MASK - n2cn0745, task 191 31 [73195]: mask |--------|--------||--------|--------||--------|--------||--------|--------||||--------|--------||--------|--------||--------|--------||--------|----BBBB|  set
cpu-bind=MASK - n2cn0731, task 125 29 [81195]: mask |--------|--------||--------|--------||--------|--------||--------|--------||||--------|--------||--------|--------||--------|--------||----BBBB|--------|  set
cpu-bind=MASK - n2cn0731, task 126 30 [81196]: mask |--------|--------||--------|--------||--------|--------||--------|--------||||--------|--------||--------|--------||--------|--------||--------|BBBB----|  set
cpu-bind=MASK - n2cn0731, task 127 31 [81197]: mask |--------|--------||--------|--------||--------|--------||--------|--------||||--------|--------||--------|--------||--------|--------||--------|----BBBB|  set
cpu-bind=MASK - n2cn0673, task 93 29 [470898]: mask |--------|--------||--------|--------||--------|--------||--------|--------||||--------|--------||--------|--------||--------|--------||----BBBB|--------|  set
cpu-bind=MASK - n2cn0673, task 94 30 [470899]: mask |--------|--------||--------|--------||--------|--------||--------|--------||||--------|--------||--------|--------||--------|--------||--------|BBBB----|  set
cpu-bind=MASK - n2cn0673, task 95 31 [470900]: mask |--------|--------||--------|--------||--------|--------||--------|--------||||--------|--------||--------|--------||--------|--------||--------|----BBBB|  set
cpu-bind=MASK - n2cn0665, task 32  0 [3460050]: mask |BBBB----|--------||--------|--------||--------|--------||--------|--------||||--------|--------||--------|--------||--------|--------||--------|--------|  set
cpu-bind=MASK - n2cn0665, task 33  1 [3460051]: mask |----BBBB|--------||--------|--------||--------|--------||--------|--------||||--------|--------||--------|--------||--------|--------||--------|--------|  set
cpu-bind=MASK - n2cn0665, task 34  2 [3460052]: mask |--------|BBBB----||--------|--------||--------|--------||--------|--------||||--------|--------||--------|--------||--------|--------||--------|--------|  set
cpu-bind=MASK - n2cn0665, task 35  3 [3460053]: mask |--------|----BBBB||--------|--------||--------|--------||--------|--------||||--------|--------||--------|--------||--------|--------||--------|--------|  set
cpu-bind=MASK - n2cn0665, task 36  4 [3460054]: mask |--------|--------||BBBB----|--------||--------|--------||--------|--------||||--------|--------||--------|--------||--------|--------||--------|--------|  set
cpu-bind=MASK - n2cn0665, task 37  5 [3460055]: mask |--------|--------||----BBBB|--------||--------|--------||--------|--------||||--------|--------||--------|--------||--------|--------||--------|--------|  set
cpu-bind=MASK - n2cn0665, task 38  6 [3460056]: mask |--------|--------||--------|BBBB----||--------|--------||--------|--------||||--------|--------||--------|--------||--------|--------||--------|--------|  set
cpu-bind=MASK - n2cn0665, task 39  7 [3460057]: mask |--------|--------||--------|----BBBB||--------|--------||--------|--------||||--------|--------||--------|--------||--------|--------||--------|--------|  set
cpu-bind=MASK - n2cn0665, task 40  8 [3460058]: mask |--------|--------||--------|--------||BBBB----|--------||--------|--------||||--------|--------||--------|--------||--------|--------||--------|--------|  set
cpu-bind=MASK - n2cn0665, task 41  9 [3460059]: mask |--------|--------||--------|--------||----BBBB|--------||--------|--------||||--------|--------||--------|--------||--------|--------||--------|--------|  set
cpu-bind=MASK - n2cn0665, task 42 10 [3460060]: mask |--------|--------||--------|--------||--------|BBBB----||--------|--------||||--------|--------||--------|--------||--------|--------||--------|--------|  set
cpu-bind=MASK - n2cn0665, task 43 11 [3460061]: mask |--------|--------||--------|--------||--------|----BBBB||--------|--------||||--------|--------||--------|--------||--------|--------||--------|--------|  set
cpu-bind=MASK - n2cn0665, task 44 12 [3460062]: mask |--------|--------||--------|--------||--------|--------||BBBB----|--------||||--------|--------||--------|--------||--------|--------||--------|--------|  set
cpu-bind=MASK - n2cn0665, task 45 13 [3460063]: mask |--------|--------||--------|--------||--------|--------||----BBBB|--------||||--------|--------||--------|--------||--------|--------||--------|--------|  set
cpu-bind=MASK - n2cn0665, task 46 14 [3460064]: mask |--------|--------||--------|--------||--------|--------||--------|BBBB----||||--------|--------||--------|--------||--------|--------||--------|--------|  set
cpu-bind=MASK - n2cn0665, task 47 15 [3460065]: mask |--------|--------||--------|--------||--------|--------||--------|----BBBB||||--------|--------||--------|--------||--------|--------||--------|--------|  set
cpu-bind=MASK - n2cn0665, task 48 16 [3460066]: mask |--------|--------||--------|--------||--------|--------||--------|--------||||BBBB----|--------||--------|--------||--------|--------||--------|--------|  set
cpu-bind=MASK - n2cn0665, task 49 17 [3460067]: mask |--------|--------||--------|--------||--------|--------||--------|--------||||----BBBB|--------||--------|--------||--------|--------||--------|--------|  set
cpu-bind=MASK - n2cn0665, task 50 18 [3460068]: mask |--------|--------||--------|--------||--------|--------||--------|--------||||--------|BBBB----||--------|--------||--------|--------||--------|--------|  set
cpu-bind=MASK - n2cn0665, task 51 19 [3460069]: mask |--------|--------||--------|--------||--------|--------||--------|--------||||--------|----BBBB||--------|--------||--------|--------||--------|--------|  set
cpu-bind=MASK - n2cn0665, task 52 20 [3460070]: mask |--------|--------||--------|--------||--------|--------||--------|--------||||--------|--------||BBBB----|--------||--------|--------||--------|--------|  set
cpu-bind=MASK - n2cn0665, task 53 21 [3460071]: mask |--------|--------||--------|--------||--------|--------||--------|--------||||--------|--------||----BBBB|--------||--------|--------||--------|--------|  set
cpu-bind=MASK - n2cn0665, task 54 22 [3460072]: mask |--------|--------||--------|--------||--------|--------||--------|--------||||--------|--------||--------|BBBB----||--------|--------||--------|--------|  set
cpu-bind=MASK - n2cn0665, task 55 23 [3460073]: mask |--------|--------||--------|--------||--------|--------||--------|--------||||--------|--------||--------|----BBBB||--------|--------||--------|--------|  set
cpu-bind=MASK - n2cn0665, task 56 24 [3460074]: mask |--------|--------||--------|--------||--------|--------||--------|--------||||--------|--------||--------|--------||BBBB----|--------||--------|--------|  set
cpu-bind=MASK - n2cn0665, task 57 25 [3460075]: mask |--------|--------||--------|--------||--------|--------||--------|--------||||--------|--------||--------|--------||----BBBB|--------||--------|--------|  set
cpu-bind=MASK - n2cn0665, task 58 26 [3460076]: mask |--------|--------||--------|--------||--------|--------||--------|--------||||--------|--------||--------|--------||--------|BBBB----||--------|--------|  set
cpu-bind=MASK - n2cn0665, task 59 27 [3460077]: mask |--------|--------||--------|--------||--------|--------||--------|--------||||--------|--------||--------|--------||--------|----BBBB||--------|--------|  set
cpu-bind=MASK - n2cn0665, task 60 28 [3460078]: mask |--------|--------||--------|--------||--------|--------||--------|--------||||--------|--------||--------|--------||--------|--------||BBBB----|--------|  set
cpu-bind=MASK - n2cn0665, task 61 29 [3460079]: mask |--------|--------||--------|--------||--------|--------||--------|--------||||--------|--------||--------|--------||--------|--------||----BBBB|--------|  set
cpu-bind=MASK - n2cn0665, task 62 30 [3460080]: mask |--------|--------||--------|--------||--------|--------||--------|--------||||--------|--------||--------|--------||--------|--------||--------|BBBB----|  set
cpu-bind=MASK - n2cn0665, task 63 31 [3460081]: mask |--------|--------||--------|--------||--------|--------||--------|--------||||--------|--------||--------|--------||--------|--------||--------|----BBBB|  set
2025-03-13 03:44:48.719687: I tensorflow/tsl/cuda/cudart_stub.cc:28] Could not find cuda drivers on your machine, GPU will not be used.
2025-03-13 03:44:48.719688: I tensorflow/tsl/cuda/cudart_stub.cc:28] Could not find cuda drivers on your machine, GPU will not be used.
2025-03-13 03:44:48.719658: I tensorflow/tsl/cuda/cudart_stub.cc:28] Could not find cuda drivers on your machine, GPU will not be used.
2025-03-13 03:44:48.733214: I tensorflow/tsl/cuda/cudart_stub.cc:28] Could not find cuda drivers on your machine, GPU will not be used.
2025-03-13 03:44:48.733201: I tensorflow/tsl/cuda/cudart_stub.cc:28] Could not find cuda drivers on your machine, GPU will not be used.
2025-03-13 03:44:48.733204: I tensorflow/tsl/cuda/cudart_stub.cc:28] Could not find cuda drivers on your machine, GPU will not be used.
2025-03-13 03:44:48.733240: I tensorflow/tsl/cuda/cudart_stub.cc:28] Could not find cuda drivers on your machine, GPU will not be used.
2025-03-13 03:44:48.739883: I tensorflow/tsl/cuda/cudart_stub.cc:28] Could not find cuda drivers on your machine, GPU will not be used.
2025-03-13 03:44:48.740344: I tensorflow/tsl/cuda/cudart_stub.cc:28] Could not find cuda drivers on your machine, GPU will not be used.
2025-03-13 03:44:48.741267: I tensorflow/tsl/cuda/cudart_stub.cc:28] Could not find cuda drivers on your machine, GPU will not be used.
2025-03-13 03:44:48.741267: I tensorflow/tsl/cuda/cudart_stub.cc:28] Could not find cuda drivers on your machine, GPU will not be used.
2025-03-13 03:44:48.747113: E tensorflow/compiler/xla/stream_executor/cuda/cuda_dnn.cc:9342] Unable to register cuDNN factory: Attempting to register factory for plugin cuDNN when one has already been registered
2025-03-13 03:44:48.747140: E tensorflow/compiler/xla/stream_executor/cuda/cuda_fft.cc:609] Unable to register cuFFT factory: Attempting to register factory for plugin cuFFT when one has already been registered
2025-03-13 03:44:48.747168: E tensorflow/compiler/xla/stream_executor/cuda/cuda_blas.cc:1518] Unable to register cuBLAS factory: Attempting to register factory for plugin cuBLAS when one has already been registered
2025-03-13 03:44:48.747291: E tensorflow/compiler/xla/stream_executor/cuda/cuda_dnn.cc:9342] Unable to register cuDNN factory: Attempting to register factory for plugin cuDNN when one has already been registered
2025-03-13 03:44:48.747320: E tensorflow/compiler/xla/stream_executor/cuda/cuda_fft.cc:609] Unable to register cuFFT factory: Attempting to register factory for plugin cuFFT when one has already been registered
2025-03-13 03:44:48.747348: E tensorflow/compiler/xla/stream_executor/cuda/cuda_blas.cc:1518] Unable to register cuBLAS factory: Attempting to register factory for plugin cuBLAS when one has already been registered
2025-03-13 03:44:48.747351: E tensorflow/compiler/xla/stream_executor/cuda/cuda_dnn.cc:9342] Unable to register cuDNN factory: Attempting to register factory for plugin cuDNN when one has already been registered
2025-03-13 03:44:48.747376: E tensorflow/compiler/xla/stream_executor/cuda/cuda_fft.cc:609] Unable to register cuFFT factory: Attempting to register factory for plugin cuFFT when one has already been registered
2025-03-13 03:44:48.747410: E tensorflow/compiler/xla/stream_executor/cuda/cuda_blas.cc:1518] Unable to register cuBLAS factory: Attempting to register factory for plugin cuBLAS when one has already been registered
2025-03-13 03:44:48.749421: I tensorflow/tsl/cuda/cudart_stub.cc:28] Could not find cuda drivers on your machine, GPU will not be used.
2025-03-13 03:44:48.749426: I tensorflow/tsl/cuda/cudart_stub.cc:28] Could not find cuda drivers on your machine, GPU will not be used.
2025-03-13 03:44:48.756531: I tensorflow/tsl/cuda/cudart_stub.cc:28] Could not find cuda drivers on your machine, GPU will not be used.
2025-03-13 03:44:48.756539: I tensorflow/tsl/cuda/cudart_stub.cc:28] Could not find cuda drivers on your machine, GPU will not be used.
2025-03-13 03:44:48.758627: I tensorflow/tsl/cuda/cudart_stub.cc:28] Could not find cuda drivers on your machine, GPU will not be used.
2025-03-13 03:44:48.760680: E tensorflow/compiler/xla/stream_executor/cuda/cuda_dnn.cc:9342] Unable to register cuDNN factory: Attempting to register factory for plugin cuDNN when one has already been registered
2025-03-13 03:44:48.760704: E tensorflow/compiler/xla/stream_executor/cuda/cuda_fft.cc:609] Unable to register cuFFT factory: Attempting to register factory for plugin cuFFT when one has already been registered
2025-03-13 03:44:48.760727: E tensorflow/compiler/xla/stream_executor/cuda/cuda_blas.cc:1518] Unable to register cuBLAS factory: Attempting to register factory for plugin cuBLAS when one has already been registered
2025-03-13 03:44:48.760678: E tensorflow/compiler/xla/stream_executor/cuda/cuda_dnn.cc:9342] Unable to register cuDNN factory: Attempting to register factory for plugin cuDNN when one has already been registered
2025-03-13 03:44:48.760704: E tensorflow/compiler/xla/stream_executor/cuda/cuda_fft.cc:609] Unable to register cuFFT factory: Attempting to register factory for plugin cuFFT when one has already been registered
2025-03-13 03:44:48.760731: E tensorflow/compiler/xla/stream_executor/cuda/cuda_blas.cc:1518] Unable to register cuBLAS factory: Attempting to register factory for plugin cuBLAS when one has already been registered
DeePMD-kit: Cannot find libcudart.so.11.0
implib-gen: libcudart.so.11.0: failed to load library 'libcudart.so.11.0' via callback 'DP_cudart_dlopen'
implib-gen: libcudart.so.11.0: failed to resolve symbol '__cudaRegisterFatBinary', library failed to load
implib-gen: libcudart.so.11.0: failed to load library 'libcudart.so.11.0' via callback 'DP_cudart_dlopen'
implib-gen: libcudart.so.11.0: failed to resolve symbol '__cudaRegisterFunction', library failed to load
implib-gen: libcudart.so.11.0: failed to load library 'libcudart.so.11.0' via callback 'DP_cudart_dlopen'
implib-gen: libcudart.so.11.0: failed to resolve symbol '__cudaRegisterFatBinaryEnd', library failed to load
DeePMD-kit: Cannot find libcudart.so.11.0
implib-gen: libcudart.so.11.0: failed to load library 'libcudart.so.11.0' via callback 'DP_cudart_dlopen'
implib-gen: libcudart.so.11.0: failed to resolve symbol '__cudaRegisterFatBinary', library failed to load
implib-gen: libcudart.so.11.0: failed to load library 'libcudart.so.11.0' via callback 'DP_cudart_dlopen'
implib-gen: libcudart.so.11.0: failed to resolve symbol '__cudaRegisterFunction', library failed to load
implib-gen: libcudart.so.11.0: failed to load library 'libcudart.so.11.0' via callback 'DP_cudart_dlopen'
implib-gen: libcudart.so.11.0: failed to resolve symbol '__cudaRegisterFatBinaryEnd', library failed to load
DeePMD-kit: Cannot find libcudart.so.11.0
implib-gen: libcudart.so.11.0: failed to load library 'libcudart.so.11.0' via callback 'DP_cudart_dlopen'
implib-gen: libcudart.so.11.0: failed to resolve symbol '__cudaRegisterFatBinary', library failed to load
implib-gen: libcudart.so.11.0: failed to load library 'libcudart.so.11.0' via callback 'DP_cudart_dlopen'
implib-gen: libcudart.so.11.0: failed to resolve symbol '__cudaRegisterFunction', library failed to load
implib-gen: libcudart.so.11.0: failed to load library 'libcudart.so.11.0' via callback 'DP_cudart_dlopen'
implib-gen: libcudart.so.11.0: failed to resolve symbol '__cudaRegisterFatBinaryEnd', library failed to load
2025-03-13 03:44:48.760942: E tensorflow/compiler/xla/stream_executor/cuda/cuda_dnn.cc:9342] Unable to register cuDNN factory: Attempting to register factory for plugin cuDNN when one has already been registered
2025-03-13 03:44:48.760960: E tensorflow/compiler/xla/stream_executor/cuda/cuda_fft.cc:609] Unable to register cuFFT factory: Attempting to register factory for plugin cuFFT when one has already been registered
2025-03-13 03:44:48.760983: E tensorflow/compiler/xla/stream_executor/cuda/cuda_blas.cc:1518] Unable to register cuBLAS factory: Attempting to register factory for plugin cuBLAS when one has already been registered
2025-03-13 03:44:48.761959: E tensorflow/compiler/xla/stream_executor/cuda/cuda_dnn.cc:9342] Unable to register cuDNN factory: Attempting to register factory for plugin cuDNN when one has already been registered
2025-03-13 03:44:48.761986: E tensorflow/compiler/xla/stream_executor/cuda/cuda_fft.cc:609] Unable to register cuFFT factory: Attempting to register factory for plugin cuFFT when one has already been registered
2025-03-13 03:44:48.762008: E tensorflow/compiler/xla/stream_executor/cuda/cuda_blas.cc:1518] Unable to register cuBLAS factory: Attempting to register factory for plugin cuBLAS when one has already been registered
2025-03-13 03:44:48.765663: E tensorflow/compiler/xla/stream_executor/cuda/cuda_dnn.cc:9342] Unable to register cuDNN factory: Attempting to register factory for plugin cuDNN when one has already been registered
2025-03-13 03:44:48.765681: E tensorflow/compiler/xla/stream_executor/cuda/cuda_fft.cc:609] Unable to register cuFFT factory: Attempting to register factory for plugin cuFFT when one has already been registered
2025-03-13 03:44:48.765702: E tensorflow/compiler/xla/stream_executor/cuda/cuda_blas.cc:1518] Unable to register cuBLAS factory: Attempting to register factory for plugin cuBLAS when one has already been registered
2025-03-13 03:44:48.767921: E tensorflow/compiler/xla/stream_executor/cuda/cuda_dnn.cc:9342] Unable to register cuDNN factory: Attempting to register factory for plugin cuDNN when one has already been registered
2025-03-13 03:44:48.767950: E tensorflow/compiler/xla/stream_executor/cuda/cuda_fft.cc:609] Unable to register cuFFT factory: Attempting to register factory for plugin cuFFT when one has already been registered
2025-03-13 03:44:48.767972: E tensorflow/compiler/xla/stream_executor/cuda/cuda_blas.cc:1518] Unable to register cuBLAS factory: Attempting to register factory for plugin cuBLAS when one has already been registered
2025-03-13 03:44:48.767927: I tensorflow/tsl/cuda/cudart_stub.cc:28] Could not find cuda drivers on your machine, GPU will not be used.
2025-03-13 03:44:48.767943: I tensorflow/tsl/cuda/cudart_stub.cc:28] Could not find cuda drivers on your machine, GPU will not be used.
2025-03-13 03:44:48.769430: E tensorflow/compiler/xla/stream_executor/cuda/cuda_dnn.cc:9342] Unable to register cuDNN factory: Attempting to register factory for plugin cuDNN when one has already been registered
2025-03-13 03:44:48.769451: E tensorflow/compiler/xla/stream_executor/cuda/cuda_fft.cc:609] Unable to register cuFFT factory: Attempting to register factory for plugin cuFFT when one has already been registered
2025-03-13 03:44:48.769478: E tensorflow/compiler/xla/stream_executor/cuda/cuda_blas.cc:1518] Unable to register cuBLAS factory: Attempting to register factory for plugin cuBLAS when one has already been registered
2025-03-13 03:44:48.769430: E tensorflow/compiler/xla/stream_executor/cuda/cuda_dnn.cc:9342] Unable to register cuDNN factory: Attempting to register factory for plugin cuDNN when one has already been registered
2025-03-13 03:44:48.769455: E tensorflow/compiler/xla/stream_executor/cuda/cuda_fft.cc:609] Unable to register cuFFT factory: Attempting to register factory for plugin cuFFT when one has already been registered
2025-03-13 03:44:48.769476: E tensorflow/compiler/xla/stream_executor/cuda/cuda_blas.cc:1518] Unable to register cuBLAS factory: Attempting to register factory for plugin cuBLAS when one has already been registered
DeePMD-kit: Cannot find libcudart.so.11.0
implib-gen: libcudart.so.11.0: failed to load library 'libcudart.so.11.0' via callback 'DP_cudart_dlopen'
implib-gen: libcudart.so.11.0: failed to resolve symbol '__cudaRegisterFatBinary', library failed to load
implib-gen: libcudart.so.11.0: failed to load library 'libcudart.so.11.0' via callback 'DP_cudart_dlopen'
implib-gen: libcudart.so.11.0: failed to resolve symbol '__cudaRegisterFunction', library failed to load
implib-gen: libcudart.so.11.0: failed to load library 'libcudart.so.11.0' via callback 'DP_cudart_dlopen'
implib-gen: libcudart.so.11.0: failed to resolve symbol '__cudaRegisterFatBinaryEnd', library failed to load
DeePMD-kit: Cannot find libcudart.so.11.0
implib-gen: libcudart.so.11.0: failed to load library 'libcudart.so.11.0' via callback 'DP_cudart_dlopen'
implib-gen: libcudart.so.11.0: failed to resolve symbol '__cudaRegisterFatBinary', library failed to load
implib-gen: libcudart.so.11.0: failed to load library 'libcudart.so.11.0' via callback 'DP_cudart_dlopen'
implib-gen: libcudart.so.11.0: failed to resolve symbol '__cudaRegisterFunction', library failed to load
implib-gen: libcudart.so.11.0: failed to load library 'libcudart.so.11.0' via callback 'DP_cudart_dlopen'
implib-gen: libcudart.so.11.0: failed to resolve symbol '__cudaRegisterFatBinaryEnd', library failed to load
DeePMD-kit: Cannot find libcudart.so.11.0
implib-gen: libcudart.so.11.0: failed to load library 'libcudart.so.11.0' via callback 'DP_cudart_dlopen'
implib-gen: libcudart.so.11.0: failed to resolve symbol '__cudaRegisterFatBinary', library failed to load
implib-gen: libcudart.so.11.0: failed to load library 'libcudart.so.11.0' via callback 'DP_cudart_dlopen'
implib-gen: libcudart.so.11.0: failed to resolve symbol '__cudaRegisterFunction', library failed to load
implib-gen: libcudart.so.11.0: failed to load library 'libcudart.so.11.0' via callback 'DP_cudart_dlopen'
implib-gen: libcudart.so.11.0: failed to resolve symbol '__cudaRegisterFatBinaryEnd', library failed to load
DeePMD-kit: Cannot find libcudart.so.11.0
implib-gen: libcudart.so.11.0: failed to load library 'libcudart.so.11.0' via callback 'DP_cudart_dlopen'
implib-gen: libcudart.so.11.0: failed to resolve symbol '__cudaRegisterFatBinary', library failed to load
implib-gen: libcudart.so.11.0: failed to load library 'libcudart.so.11.0' via callback 'DP_cudart_dlopen'
implib-gen: libcudart.so.11.0: failed to resolve symbol '__cudaRegisterFunction', library failed to load
implib-gen: libcudart.so.11.0: failed to load library 'libcudart.so.11.0' via callback 'DP_cudart_dlopen'
implib-gen: libcudart.so.11.0: failed to resolve symbol '__cudaRegisterFatBinaryEnd', library failed to load
DeePMD-kit: Cannot find libcudart.so.11.0
implib-gen: libcudart.so.11.0: failed to load library 'libcudart.so.11.0' via callback 'DP_cudart_dlopen'
implib-gen: libcudart.so.11.0: failed to resolve symbol '__cudaRegisterFatBinary', library failed to load
implib-gen: libcudart.so.11.0: failed to load library 'libcudart.so.11.0' via callback 'DP_cudart_dlopen'
implib-gen: libcudart.so.11.0: failed to resolve symbol '__cudaRegisterFunction', library failed to load
implib-gen: libcudart.so.11.0: failed to load library 'libcudart.so.11.0' via callback 'DP_cudart_dlopen'
implib-gen: libcudart.so.11.0: failed to resolve symbol '__cudaRegisterFatBinaryEnd', library failed to load
2025-03-13 03:44:48.773162: I tensorflow/tsl/cuda/cudart_stub.cc:28] Could not find cuda drivers on your machine, GPU will not be used.
2025-03-13 03:44:48.773157: I tensorflow/tsl/cuda/cudart_stub.cc:28] Could not find cuda drivers on your machine, GPU will not be used.
2025-03-13 03:44:48.774804: I tensorflow/tsl/cuda/cudart_stub.cc:28] Could not find cuda drivers on your machine, GPU will not be used.
2025-03-13 03:44:48.774797: I tensorflow/tsl/cuda/cudart_stub.cc:28] Could not find cuda drivers on your machine, GPU will not be used.
DeePMD-kit: Cannot find libcudart.so.11.0
implib-gen: libcudart.so.11.0: failed to load library 'libcudart.so.11.0' via callback 'DP_cudart_dlopen'
implib-gen: libcudart.so.11.0: failed to resolve symbol '__cudaRegisterFatBinary', library failed to load
implib-gen: libcudart.so.11.0: failed to load library 'libcudart.so.11.0' via callback 'DP_cudart_dlopen'
implib-gen: libcudart.so.11.0: failed to resolve symbol '__cudaRegisterFunction', library failed to load
implib-gen: libcudart.so.11.0: failed to load library 'libcudart.so.11.0' via callback 'DP_cudart_dlopen'
implib-gen: libcudart.so.11.0: failed to resolve symbol '__cudaRegisterFatBinaryEnd', library failed to load
2025-03-13 03:44:48.777203: E tensorflow/compiler/xla/stream_executor/cuda/cuda_dnn.cc:9342] Unable to register cuDNN factory: Attempting to register factory for plugin cuDNN when one has already been registered
2025-03-13 03:44:48.777229: E tensorflow/compiler/xla/stream_executor/cuda/cuda_fft.cc:609] Unable to register cuFFT factory: Attempting to register factory for plugin cuFFT when one has already been registered
2025-03-13 03:44:48.777251: E tensorflow/compiler/xla/stream_executor/cuda/cuda_blas.cc:1518] Unable to register cuBLAS factory: Attempting to register factory for plugin cuBLAS when one has already been registered
2025-03-13 03:44:48.777203: E tensorflow/compiler/xla/stream_executor/cuda/cuda_dnn.cc:9342] Unable to register cuDNN factory: Attempting to register factory for plugin cuDNN when one has already been registered
2025-03-13 03:44:48.777227: E tensorflow/compiler/xla/stream_executor/cuda/cuda_fft.cc:609] Unable to register cuFFT factory: Attempting to register factory for plugin cuFFT when one has already been registered
2025-03-13 03:44:48.777254: E tensorflow/compiler/xla/stream_executor/cuda/cuda_blas.cc:1518] Unable to register cuBLAS factory: Attempting to register factory for plugin cuBLAS when one has already been registered
DeePMD-kit: Cannot find libcudart.so.11.0
implib-gen: libcudart.so.11.0: failed to load library 'libcudart.so.11.0' via callback 'DP_cudart_dlopen'
implib-gen: libcudart.so.11.0: failed to resolve symbol '__cudaRegisterFatBinary', library failed to load
implib-gen: libcudart.so.11.0: failed to load library 'libcudart.so.11.0' via callback 'DP_cudart_dlopen'
implib-gen: libcudart.so.11.0: failed to resolve symbol '__cudaRegisterFunction', library failed to load
DeePMD-kit: Cannot find libcudart.so.11.0
implib-gen: libcudart.so.11.0: failed to load library 'libcudart.so.11.0' via callback 'DP_cudart_dlopen'
implib-gen: libcudart.so.11.0: failed to resolve symbol '__cudaRegisterFatBinary', library failed to load
implib-gen: libcudart.so.11.0: failed to load library 'libcudart.so.11.0' via callback 'DP_cudart_dlopen'
implib-gen: libcudart.so.11.0: failed to resolve symbol '__cudaRegisterFunction', library failed to load
implib-gen: libcudart.so.11.0: failed to load library 'libcudart.so.11.0' via callback 'DP_cudart_dlopen'
implib-gen: libcudart.so.11.0: failed to resolve symbol '__cudaRegisterFatBinaryEnd', library failed to load
implib-gen: libcudart.so.11.0: failed to load library 'libcudart.so.11.0' via callback 'DP_cudart_dlopen'
implib-gen: libcudart.so.11.0: failed to resolve symbol '__cudaRegisterFatBinaryEnd', library failed to load
2025-03-13 03:44:48.783775: I tensorflow/tsl/cuda/cudart_stub.cc:28] Could not find cuda drivers on your machine, GPU will not be used.
2025-03-13 03:44:48.784213: E tensorflow/compiler/xla/stream_executor/cuda/cuda_dnn.cc:9342] Unable to register cuDNN factory: Attempting to register factory for plugin cuDNN when one has already been registered
2025-03-13 03:44:48.784232: E tensorflow/compiler/xla/stream_executor/cuda/cuda_fft.cc:609] Unable to register cuFFT factory: Attempting to register factory for plugin cuFFT when one has already been registered
2025-03-13 03:44:48.784258: E tensorflow/compiler/xla/stream_executor/cuda/cuda_blas.cc:1518] Unable to register cuBLAS factory: Attempting to register factory for plugin cuBLAS when one has already been registered
2025-03-13 03:44:48.784212: E tensorflow/compiler/xla/stream_executor/cuda/cuda_dnn.cc:9342] Unable to register cuDNN factory: Attempting to register factory for plugin cuDNN when one has already been registered
2025-03-13 03:44:48.784232: E tensorflow/compiler/xla/stream_executor/cuda/cuda_fft.cc:609] Unable to register cuFFT factory: Attempting to register factory for plugin cuFFT when one has already been registered
2025-03-13 03:44:48.784255: E tensorflow/compiler/xla/stream_executor/cuda/cuda_blas.cc:1518] Unable to register cuBLAS factory: Attempting to register factory for plugin cuBLAS when one has already been registered
DeePMD-kit: Cannot find libcudart.so.11.0
implib-gen: libcudart.so.11.0: failed to load library 'libcudart.so.11.0' via callback 'DP_cudart_dlopen'
implib-gen: libcudart.so.11.0: failed to resolve symbol '__cudaRegisterFatBinary', library failed to load
implib-gen: libcudart.so.11.0: failed to load library 'libcudart.so.11.0' via callback 'DP_cudart_dlopen'
implib-gen: libcudart.so.11.0: failed to resolve symbol '__cudaRegisterFunction', library failed to load
implib-gen: libcudart.so.11.0: failed to load library 'libcudart.so.11.0' via callback 'DP_cudart_dlopen'
implib-gen: libcudart.so.11.0: failed to resolve symbol '__cudaRegisterFatBinaryEnd', library failed to load
DeePMD-kit: Cannot find libcudart.so.11.0
implib-gen: libcudart.so.11.0: failed to load library 'libcudart.so.11.0' via callback 'DP_cudart_dlopen'
implib-gen: libcudart.so.11.0: failed to resolve symbol '__cudaRegisterFatBinary', library failed to load
implib-gen: libcudart.so.11.0: failed to load library 'libcudart.so.11.0' via callback 'DP_cudart_dlopen'
implib-gen: libcudart.so.11.0: failed to resolve symbol '__cudaRegisterFunction', library failed to load
implib-gen: libcudart.so.11.0: failed to load library 'libcudart.so.11.0' via callback 'DP_cudart_dlopen'
implib-gen: libcudart.so.11.0: failed to resolve symbol '__cudaRegisterFatBinaryEnd', library failed to load
2025-03-13 03:44:48.786775: E tensorflow/compiler/xla/stream_executor/cuda/cuda_dnn.cc:9342] Unable to register cuDNN factory: Attempting to register factory for plugin cuDNN when one has already been registered
2025-03-13 03:44:48.786794: E tensorflow/compiler/xla/stream_executor/cuda/cuda_fft.cc:609] Unable to register cuFFT factory: Attempting to register factory for plugin cuFFT when one has already been registered
2025-03-13 03:44:48.786822: E tensorflow/compiler/xla/stream_executor/cuda/cuda_blas.cc:1518] Unable to register cuBLAS factory: Attempting to register factory for plugin cuBLAS when one has already been registered
2025-03-13 03:44:48.787537: I tensorflow/tsl/cuda/cudart_stub.cc:28] Could not find cuda drivers on your machine, GPU will not be used.
2025-03-13 03:44:48.787544: I tensorflow/tsl/cuda/cudart_stub.cc:28] Could not find cuda drivers on your machine, GPU will not be used.
DeePMD-kit: Cannot find libcudart.so.11.0
implib-gen: libcudart.so.11.0: failed to load library 'libcudart.so.11.0' via callback 'DP_cudart_dlopen'
implib-gen: libcudart.so.11.0: failed to resolve symbol '__cudaRegisterFatBinary', library failed to load
implib-gen: libcudart.so.11.0: failed to load library 'libcudart.so.11.0' via callback 'DP_cudart_dlopen'
implib-gen: libcudart.so.11.0: failed to resolve symbol '__cudaRegisterFunction', library failed to load
implib-gen: libcudart.so.11.0: failed to load library 'libcudart.so.11.0' via callback 'DP_cudart_dlopen'
implib-gen: libcudart.so.11.0: failed to resolve symbol '__cudaRegisterFatBinaryEnd', library failed to load
DeePMD-kit: Cannot find libcudart.so.11.0
implib-gen: libcudart.so.11.0: failed to load library 'libcudart.so.11.0' via callback 'DP_cudart_dlopen'
implib-gen: libcudart.so.11.0: failed to resolve symbol '__cudaRegisterFatBinary', library failed to load
implib-gen: libcudart.so.11.0: failed to load library 'libcudart.so.11.0' via callback 'DP_cudart_dlopen'
implib-gen: libcudart.so.11.0: failed to resolve symbol '__cudaRegisterFunction', library failed to load
implib-gen: libcudart.so.11.0: failed to load library 'libcudart.so.11.0' via callback 'DP_cudart_dlopen'
implib-gen: libcudart.so.11.0: failed to resolve symbol '__cudaRegisterFatBinaryEnd', library failed to load
DeePMD-kit: Cannot find libcudart.so.11.0
implib-gen: libcudart.so.11.0: failed to load library 'libcudart.so.11.0' via callback 'DP_cudart_dlopen'
implib-gen: libcudart.so.11.0: failed to resolve symbol '__cudaRegisterFatBinary', library failed to load
implib-gen: libcudart.so.11.0: failed to load library 'libcudart.so.11.0' via callback 'DP_cudart_dlopen'
implib-gen: libcudart.so.11.0: failed to resolve symbol '__cudaRegisterFunction', library failed to load
implib-gen: libcudart.so.11.0: failed to load library 'libcudart.so.11.0' via callback 'DP_cudart_dlopen'
implib-gen: libcudart.so.11.0: failed to resolve symbol '__cudaRegisterFatBinaryEnd', library failed to load
2025-03-13 03:44:48.796427: E tensorflow/compiler/xla/stream_executor/cuda/cuda_dnn.cc:9342] Unable to register cuDNN factory: Attempting to register factory for plugin cuDNN when one has already been registered
2025-03-13 03:44:48.796449: E tensorflow/compiler/xla/stream_executor/cuda/cuda_fft.cc:609] Unable to register cuFFT factory: Attempting to register factory for plugin cuFFT when one has already been registered
2025-03-13 03:44:48.796475: E tensorflow/compiler/xla/stream_executor/cuda/cuda_blas.cc:1518] Unable to register cuBLAS factory: Attempting to register factory for plugin cuBLAS when one has already been registered
2025-03-13 03:44:48.796427: E tensorflow/compiler/xla/stream_executor/cuda/cuda_dnn.cc:9342] Unable to register cuDNN factory: Attempting to register factory for plugin cuDNN when one has already been registered
2025-03-13 03:44:48.796449: E tensorflow/compiler/xla/stream_executor/cuda/cuda_fft.cc:609] Unable to register cuFFT factory: Attempting to register factory for plugin cuFFT when one has already been registered
2025-03-13 03:44:48.796478: E tensorflow/compiler/xla/stream_executor/cuda/cuda_blas.cc:1518] Unable to register cuBLAS factory: Attempting to register factory for plugin cuBLAS when one has already been registered
2025-03-13 03:44:48.796453: I tensorflow/tsl/cuda/cudart_stub.cc:28] Could not find cuda drivers on your machine, GPU will not be used.
2025-03-13 03:44:48.796455: I tensorflow/tsl/cuda/cudart_stub.cc:28] Could not find cuda drivers on your machine, GPU will not be used.
2025-03-13 03:44:48.797388: I tensorflow/tsl/cuda/cudart_stub.cc:28] Could not find cuda drivers on your machine, GPU will not be used.
2025-03-13 03:44:48.797396: I tensorflow/tsl/cuda/cudart_stub.cc:28] Could not find cuda drivers on your machine, GPU will not be used.
2025-03-13 03:44:48.797570: I tensorflow/tsl/cuda/cudart_stub.cc:28] Could not find cuda drivers on your machine, GPU will not be used.
2025-03-13 03:44:48.800569: E tensorflow/compiler/xla/stream_executor/cuda/cuda_dnn.cc:9342] Unable to register cuDNN factory: Attempting to register factory for plugin cuDNN when one has already been registered
2025-03-13 03:44:48.800597: E tensorflow/compiler/xla/stream_executor/cuda/cuda_fft.cc:609] Unable to register cuFFT factory: Attempting to register factory for plugin cuFFT when one has already been registered
2025-03-13 03:44:48.800623: E tensorflow/compiler/xla/stream_executor/cuda/cuda_blas.cc:1518] Unable to register cuBLAS factory: Attempting to register factory for plugin cuBLAS when one has already been registered
2025-03-13 03:44:48.800567: E tensorflow/compiler/xla/stream_executor/cuda/cuda_dnn.cc:9342] Unable to register cuDNN factory: Attempting to register factory for plugin cuDNN when one has already been registered
2025-03-13 03:44:48.800601: E tensorflow/compiler/xla/stream_executor/cuda/cuda_fft.cc:609] Unable to register cuFFT factory: Attempting to register factory for plugin cuFFT when one has already been registered
2025-03-13 03:44:48.800617: E tensorflow/compiler/xla/stream_executor/cuda/cuda_blas.cc:1518] Unable to register cuBLAS factory: Attempting to register factory for plugin cuBLAS when one has already been registered
2025-03-13 03:44:48.802794: E tensorflow/compiler/xla/stream_executor/cuda/cuda_dnn.cc:9342] Unable to register cuDNN factory: Attempting to register factory for plugin cuDNN when one has already been registered
2025-03-13 03:44:48.802816: E tensorflow/compiler/xla/stream_executor/cuda/cuda_fft.cc:609] Unable to register cuFFT factory: Attempting to register factory for plugin cuFFT when one has already been registered
2025-03-13 03:44:48.802842: E tensorflow/compiler/xla/stream_executor/cuda/cuda_blas.cc:1518] Unable to register cuBLAS factory: Attempting to register factory for plugin cuBLAS when one has already been registered
2025-03-13 03:44:48.804193: I tensorflow/tsl/cuda/cudart_stub.cc:28] Could not find cuda drivers on your machine, GPU will not be used.
2025-03-13 03:44:48.802794: E tensorflow/compiler/xla/stream_executor/cuda/cuda_dnn.cc:9342] Unable to register cuDNN factory: Attempting to register factory for plugin cuDNN when one has already been registered
2025-03-13 03:44:48.802818: E tensorflow/compiler/xla/stream_executor/cuda/cuda_fft.cc:609] Unable to register cuFFT factory: Attempting to register factory for plugin cuFFT when one has already been registered
2025-03-13 03:44:48.802840: E tensorflow/compiler/xla/stream_executor/cuda/cuda_blas.cc:1518] Unable to register cuBLAS factory: Attempting to register factory for plugin cuBLAS when one has already been registered
DeePMD-kit: Cannot find libcudart.so.11.0
implib-gen: libcudart.so.11.0: failed to load library 'libcudart.so.11.0' via callback 'DP_cudart_dlopen'
implib-gen: libcudart.so.11.0: failed to resolve symbol '__cudaRegisterFatBinary', library failed to load
implib-gen: libcudart.so.11.0: failed to load library 'libcudart.so.11.0' via callback 'DP_cudart_dlopen'
implib-gen: libcudart.so.11.0: failed to resolve symbol '__cudaRegisterFunction', library failed to load
implib-gen: libcudart.so.11.0: failed to load library 'libcudart.so.11.0' via callback 'DP_cudart_dlopen'
implib-gen: libcudart.so.11.0: failed to resolve symbol '__cudaRegisterFatBinaryEnd', library failed to load
DeePMD-kit: Cannot find libcudart.so.11.0
implib-gen: libcudart.so.11.0: failed to load library 'libcudart.so.11.0' via callback 'DP_cudart_dlopen'
implib-gen: libcudart.so.11.0: failed to resolve symbol '__cudaRegisterFatBinary', library failed to load
implib-gen: libcudart.so.11.0: failed to load library 'libcudart.so.11.0' via callback 'DP_cudart_dlopen'
implib-gen: libcudart.so.11.0: failed to resolve symbol '__cudaRegisterFunction', library failed to load
implib-gen: libcudart.so.11.0: failed to load library 'libcudart.so.11.0' via callback 'DP_cudart_dlopen'
implib-gen: libcudart.so.11.0: failed to resolve symbol '__cudaRegisterFatBinaryEnd', library failed to load
2025-03-13 03:44:48.806427: I tensorflow/tsl/cuda/cudart_stub.cc:28] Could not find cuda drivers on your machine, GPU will not be used.
2025-03-13 03:44:48.806429: I tensorflow/tsl/cuda/cudart_stub.cc:28] Could not find cuda drivers on your machine, GPU will not be used.
DeePMD-kit: Cannot find libcudart.so.11.0
implib-gen: libcudart.so.11.0: failed to load library 'libcudart.so.11.0' via callback 'DP_cudart_dlopen'
implib-gen: libcudart.so.11.0: failed to resolve symbol '__cudaRegisterFatBinary', library failed to load
implib-gen: libcudart.so.11.0: failed to load library 'libcudart.so.11.0' via callback 'DP_cudart_dlopen'
implib-gen: libcudart.so.11.0: failed to resolve symbol '__cudaRegisterFunction', library failed to load
implib-gen: libcudart.so.11.0: failed to load library 'libcudart.so.11.0' via callback 'DP_cudart_dlopen'
implib-gen: libcudart.so.11.0: failed to resolve symbol '__cudaRegisterFatBinaryEnd', library failed to load
DeePMD-kit: Cannot find libcudart.so.11.0
implib-gen: libcudart.so.11.0: failed to load library 'libcudart.so.11.0' via callback 'DP_cudart_dlopen'
implib-gen: libcudart.so.11.0: failed to resolve symbol '__cudaRegisterFatBinary', library failed to load
implib-gen: libcudart.so.11.0: failed to load library 'libcudart.so.11.0' via callback 'DP_cudart_dlopen'
implib-gen: libcudart.so.11.0: failed to resolve symbol '__cudaRegisterFunction', library failed to load
implib-gen: libcudart.so.11.0: failed to load library 'libcudart.so.11.0' via callback 'DP_cudart_dlopen'
implib-gen: libcudart.so.11.0: failed to resolve symbol '__cudaRegisterFatBinaryEnd', library failed to load
2025-03-13 03:44:48.810109: I tensorflow/tsl/cuda/cudart_stub.cc:28] Could not find cuda drivers on your machine, GPU will not be used.
2025-03-13 03:44:48.810109: I tensorflow/tsl/cuda/cudart_stub.cc:28] Could not find cuda drivers on your machine, GPU will not be used.
2025-03-13 03:44:48.811456: I tensorflow/tsl/cuda/cudart_stub.cc:28] Could not find cuda drivers on your machine, GPU will not be used.
2025-03-13 03:44:48.810956: I tensorflow/tsl/cuda/cudart_stub.cc:28] Could not find cuda drivers on your machine, GPU will not be used.
2025-03-13 03:44:48.811143: E tensorflow/compiler/xla/stream_executor/cuda/cuda_dnn.cc:9342] Unable to register cuDNN factory: Attempting to register factory for plugin cuDNN when one has already been registered
2025-03-13 03:44:48.811163: E tensorflow/compiler/xla/stream_executor/cuda/cuda_fft.cc:609] Unable to register cuFFT factory: Attempting to register factory for plugin cuFFT when one has already been registered
2025-03-13 03:44:48.811188: E tensorflow/compiler/xla/stream_executor/cuda/cuda_blas.cc:1518] Unable to register cuBLAS factory: Attempting to register factory for plugin cuBLAS when one has already been registered
2025-03-13 03:44:48.811933: I tensorflow/tsl/cuda/cudart_stub.cc:28] Could not find cuda drivers on your machine, GPU will not be used.
DeePMD-kit: Cannot find libcudart.so.11.0
implib-gen: libcudart.so.11.0: failed to load library 'libcudart.so.11.0' via callback 'DP_cudart_dlopen'
implib-gen: libcudart.so.11.0: failed to resolve symbol '__cudaRegisterFatBinary', library failed to load
implib-gen: libcudart.so.11.0: failed to load library 'libcudart.so.11.0' via callback 'DP_cudart_dlopen'
implib-gen: libcudart.so.11.0: failed to resolve symbol '__cudaRegisterFunction', library failed to load
implib-gen: libcudart.so.11.0: failed to load library 'libcudart.so.11.0' via callback 'DP_cudart_dlopen'
implib-gen: libcudart.so.11.0: failed to resolve symbol '__cudaRegisterFatBinaryEnd', library failed to load
DeePMD-kit: Cannot find libcudart.so.11.0
implib-gen: libcudart.so.11.0: failed to load library 'libcudart.so.11.0' via callback 'DP_cudart_dlopen'
implib-gen: libcudart.so.11.0: failed to resolve symbol '__cudaRegisterFatBinary', library failed to load
implib-gen: libcudart.so.11.0: failed to load library 'libcudart.so.11.0' via callback 'DP_cudart_dlopen'
implib-gen: libcudart.so.11.0: failed to resolve symbol '__cudaRegisterFunction', library failed to load
implib-gen: libcudart.so.11.0: failed to load library 'libcudart.so.11.0' via callback 'DP_cudart_dlopen'
implib-gen: libcudart.so.11.0: failed to resolve symbol '__cudaRegisterFatBinaryEnd', library failed to load
2025-03-13 03:44:48.814560: I tensorflow/tsl/cuda/cudart_stub.cc:28] Could not find cuda drivers on your machine, GPU will not be used.
2025-03-13 03:44:48.814536: I tensorflow/tsl/cuda/cudart_stub.cc:28] Could not find cuda drivers on your machine, GPU will not be used.
2025-03-13 03:44:48.815058: E tensorflow/compiler/xla/stream_executor/cuda/cuda_dnn.cc:9342] Unable to register cuDNN factory: Attempting to register factory for plugin cuDNN when one has already been registered
2025-03-13 03:44:48.815086: E tensorflow/compiler/xla/stream_executor/cuda/cuda_fft.cc:609] Unable to register cuFFT factory: Attempting to register factory for plugin cuFFT when one has already been registered
2025-03-13 03:44:48.815058: E tensorflow/compiler/xla/stream_executor/cuda/cuda_dnn.cc:9342] Unable to register cuDNN factory: Attempting to register factory for plugin cuDNN when one has already been registered
2025-03-13 03:44:48.815086: E tensorflow/compiler/xla/stream_executor/cuda/cuda_fft.cc:609] Unable to register cuFFT factory: Attempting to register factory for plugin cuFFT when one has already been registered
2025-03-13 03:44:48.815113: E tensorflow/compiler/xla/stream_executor/cuda/cuda_blas.cc:1518] Unable to register cuBLAS factory: Attempting to register factory for plugin cuBLAS when one has already been registered
2025-03-13 03:44:48.815110: E tensorflow/compiler/xla/stream_executor/cuda/cuda_blas.cc:1518] Unable to register cuBLAS factory: Attempting to register factory for plugin cuBLAS when one has already been registered
2025-03-13 03:44:48.817065: I tensorflow/tsl/cuda/cudart_stub.cc:28] Could not find cuda drivers on your machine, GPU will not be used.
2025-03-13 03:44:48.817461: I tensorflow/tsl/cuda/cudart_stub.cc:28] Could not find cuda drivers on your machine, GPU will not be used.
2025-03-13 03:44:48.817662: I tensorflow/tsl/cuda/cudart_stub.cc:28] Could not find cuda drivers on your machine, GPU will not be used.
2025-03-13 03:44:48.817661: I tensorflow/tsl/cuda/cudart_stub.cc:28] Could not find cuda drivers on your machine, GPU will not be used.
2025-03-13 03:44:48.820185: I tensorflow/tsl/cuda/cudart_stub.cc:28] Could not find cuda drivers on your machine, GPU will not be used.
DeePMD-kit: Cannot find libcudart.so.11.0
implib-gen: libcudart.so.11.0: failed to load library 'libcudart.so.11.0' via callback 'DP_cudart_dlopen'
implib-gen: libcudart.so.11.0: failed to resolve symbol '__cudaRegisterFatBinary', library failed to load
implib-gen: libcudart.so.11.0: failed to load library 'libcudart.so.11.0' via callback 'DP_cudart_dlopen'
implib-gen: libcudart.so.11.0: failed to resolve symbol '__cudaRegisterFunction', library failed to load
implib-gen: libcudart.so.11.0: failed to load library 'libcudart.so.11.0' via callback 'DP_cudart_dlopen'
implib-gen: libcudart.so.11.0: failed to resolve symbol '__cudaRegisterFatBinaryEnd', library failed to load
2025-03-13 03:44:48.820190: I tensorflow/tsl/cuda/cudart_stub.cc:28] Could not find cuda drivers on your machine, GPU will not be used.
2025-03-13 03:44:48.820739: I tensorflow/tsl/cuda/cudart_stub.cc:28] Could not find cuda drivers on your machine, GPU will not be used.
2025-03-13 03:44:48.821721: I tensorflow/tsl/cuda/cudart_stub.cc:28] Could not find cuda drivers on your machine, GPU will not be used.
2025-03-13 03:44:48.821858: I tensorflow/tsl/cuda/cudart_stub.cc:28] Could not find cuda drivers on your machine, GPU will not be used.
2025-03-13 03:44:48.824080: I tensorflow/tsl/cuda/cudart_stub.cc:28] Could not find cuda drivers on your machine, GPU will not be used.
2025-03-13 03:44:48.824081: I tensorflow/tsl/cuda/cudart_stub.cc:28] Could not find cuda drivers on your machine, GPU will not be used.
2025-03-13 03:44:48.824118: I tensorflow/tsl/cuda/cudart_stub.cc:28] Could not find cuda drivers on your machine, GPU will not be used.
2025-03-13 03:44:48.824378: E tensorflow/compiler/xla/stream_executor/cuda/cuda_dnn.cc:9342] Unable to register cuDNN factory: Attempting to register factory for plugin cuDNN when one has already been registered
2025-03-13 03:44:48.824407: E tensorflow/compiler/xla/stream_executor/cuda/cuda_fft.cc:609] Unable to register cuFFT factory: Attempting to register factory for plugin cuFFT when one has already been registered
2025-03-13 03:44:48.824442: E tensorflow/compiler/xla/stream_executor/cuda/cuda_blas.cc:1518] Unable to register cuBLAS factory: Attempting to register factory for plugin cuBLAS when one has already been registered
2025-03-13 03:44:48.824377: E tensorflow/compiler/xla/stream_executor/cuda/cuda_dnn.cc:9342] Unable to register cuDNN factory: Attempting to register factory for plugin cuDNN when one has already been registered
2025-03-13 03:44:48.824405: E tensorflow/compiler/xla/stream_executor/cuda/cuda_fft.cc:609] Unable to register cuFFT factory: Attempting to register factory for plugin cuFFT when one has already been registered
2025-03-13 03:44:48.824442: E tensorflow/compiler/xla/stream_executor/cuda/cuda_blas.cc:1518] Unable to register cuBLAS factory: Attempting to register factory for plugin cuBLAS when one has already been registered
2025-03-13 03:44:48.824722: E tensorflow/compiler/xla/stream_executor/cuda/cuda_dnn.cc:9342] Unable to register cuDNN factory: Attempting to register factory for plugin cuDNN when one has already been registered
2025-03-13 03:44:48.824744: E tensorflow/compiler/xla/stream_executor/cuda/cuda_fft.cc:609] Unable to register cuFFT factory: Attempting to register factory for plugin cuFFT when one has already been registered
2025-03-13 03:44:48.824773: E tensorflow/compiler/xla/stream_executor/cuda/cuda_blas.cc:1518] Unable to register cuBLAS factory: Attempting to register factory for plugin cuBLAS when one has already been registered
2025-03-13 03:44:48.824722: E tensorflow/compiler/xla/stream_executor/cuda/cuda_dnn.cc:9342] Unable to register cuDNN factory: Attempting to register factory for plugin cuDNN when one has already been registered
2025-03-13 03:44:48.824744: E tensorflow/compiler/xla/stream_executor/cuda/cuda_fft.cc:609] Unable to register cuFFT factory: Attempting to register factory for plugin cuFFT when one has already been registered
2025-03-13 03:44:48.824769: E tensorflow/compiler/xla/stream_executor/cuda/cuda_blas.cc:1518] Unable to register cuBLAS factory: Attempting to register factory for plugin cuBLAS when one has already been registered
2025-03-13 03:44:48.824962: I tensorflow/tsl/cuda/cudart_stub.cc:28] Could not find cuda drivers on your machine, GPU will not be used.
2025-03-13 03:44:48.825051: E tensorflow/compiler/xla/stream_executor/cuda/cuda_dnn.cc:9342] Unable to register cuDNN factory: Attempting to register factory for plugin cuDNN when one has already been registered
2025-03-13 03:44:48.825076: E tensorflow/compiler/xla/stream_executor/cuda/cuda_fft.cc:609] Unable to register cuFFT factory: Attempting to register factory for plugin cuFFT when one has already been registered
2025-03-13 03:44:48.825101: E tensorflow/compiler/xla/stream_executor/cuda/cuda_blas.cc:1518] Unable to register cuBLAS factory: Attempting to register factory for plugin cuBLAS when one has already been registered
2025-03-13 03:44:48.826631: I tensorflow/tsl/cuda/cudart_stub.cc:28] Could not find cuda drivers on your machine, GPU will not be used.
2025-03-13 03:44:48.826631: I tensorflow/tsl/cuda/cudart_stub.cc:28] Could not find cuda drivers on your machine, GPU will not be used.
2025-03-13 03:44:48.827773: I tensorflow/tsl/cuda/cudart_stub.cc:28] Could not find cuda drivers on your machine, GPU will not be used.
2025-03-13 03:44:48.827920: I tensorflow/tsl/cuda/cudart_stub.cc:28] Could not find cuda drivers on your machine, GPU will not be used.
2025-03-13 03:44:48.829413: E tensorflow/compiler/xla/stream_executor/cuda/cuda_dnn.cc:9342] Unable to register cuDNN factory: Attempting to register factory for plugin cuDNN when one has already been registered
2025-03-13 03:44:48.829429: E tensorflow/compiler/xla/stream_executor/cuda/cuda_fft.cc:609] Unable to register cuFFT factory: Attempting to register factory for plugin cuFFT when one has already been registered
2025-03-13 03:44:48.829444: E tensorflow/compiler/xla/stream_executor/cuda/cuda_blas.cc:1518] Unable to register cuBLAS factory: Attempting to register factory for plugin cuBLAS when one has already been registered
2025-03-13 03:44:48.830720: I tensorflow/tsl/cuda/cudart_stub.cc:28] Could not find cuda drivers on your machine, GPU will not be used.
2025-03-13 03:44:48.831150: I tensorflow/tsl/cuda/cudart_stub.cc:28] Could not find cuda drivers on your machine, GPU will not be used.
2025-03-13 03:44:48.831147: I tensorflow/tsl/cuda/cudart_stub.cc:28] Could not find cuda drivers on your machine, GPU will not be used.
2025-03-13 03:44:48.831149: I tensorflow/tsl/cuda/cudart_stub.cc:28] Could not find cuda drivers on your machine, GPU will not be used.
2025-03-13 03:44:48.831710: I tensorflow/tsl/cuda/cudart_stub.cc:28] Could not find cuda drivers on your machine, GPU will not be used.
2025-03-13 03:44:48.831703: I tensorflow/tsl/cuda/cudart_stub.cc:28] Could not find cuda drivers on your machine, GPU will not be used.
2025-03-13 03:44:48.832655: I tensorflow/tsl/cuda/cudart_stub.cc:28] Could not find cuda drivers on your machine, GPU will not be used.
2025-03-13 03:44:48.832661: I tensorflow/tsl/cuda/cudart_stub.cc:28] Could not find cuda drivers on your machine, GPU will not be used.
2025-03-13 03:44:48.834405: I tensorflow/tsl/cuda/cudart_stub.cc:28] Could not find cuda drivers on your machine, GPU will not be used.
2025-03-13 03:44:48.834607: E tensorflow/compiler/xla/stream_executor/cuda/cuda_dnn.cc:9342] Unable to register cuDNN factory: Attempting to register factory for plugin cuDNN when one has already been registered
2025-03-13 03:44:48.834626: E tensorflow/compiler/xla/stream_executor/cuda/cuda_fft.cc:609] Unable to register cuFFT factory: Attempting to register factory for plugin cuFFT when one has already been registered
2025-03-13 03:44:48.834609: E tensorflow/compiler/xla/stream_executor/cuda/cuda_dnn.cc:9342] Unable to register cuDNN factory: Attempting to register factory for plugin cuDNN when one has already been registered
2025-03-13 03:44:48.834626: E tensorflow/compiler/xla/stream_executor/cuda/cuda_fft.cc:609] Unable to register cuFFT factory: Attempting to register factory for plugin cuFFT when one has already been registered
2025-03-13 03:44:48.834659: E tensorflow/compiler/xla/stream_executor/cuda/cuda_blas.cc:1518] Unable to register cuBLAS factory: Attempting to register factory for plugin cuBLAS when one has already been registered
2025-03-13 03:44:48.834657: E tensorflow/compiler/xla/stream_executor/cuda/cuda_blas.cc:1518] Unable to register cuBLAS factory: Attempting to register factory for plugin cuBLAS when one has already been registered
DeePMD-kit: Cannot find libcudart.so.11.0
implib-gen: libcudart.so.11.0: failed to load library 'libcudart.so.11.0' via callback 'DP_cudart_dlopen'
implib-gen: libcudart.so.11.0: failed to resolve symbol '__cudaRegisterFatBinary', library failed to load
implib-gen: libcudart.so.11.0: failed to load library 'libcudart.so.11.0' via callback 'DP_cudart_dlopen'
implib-gen: libcudart.so.11.0: failed to resolve symbol '__cudaRegisterFunction', library failed to load
implib-gen: libcudart.so.11.0: failed to load library 'libcudart.so.11.0' via callback 'DP_cudart_dlopen'
implib-gen: libcudart.so.11.0: failed to resolve symbol '__cudaRegisterFatBinaryEnd', library failed to load
DeePMD-kit: Cannot find libcudart.so.11.0
implib-gen: libcudart.so.11.0: failed to load library 'libcudart.so.11.0' via callback 'DP_cudart_dlopen'
implib-gen: libcudart.so.11.0: failed to resolve symbol '__cudaRegisterFatBinary', library failed to load
implib-gen: libcudart.so.11.0: failed to load library 'libcudart.so.11.0' via callback 'DP_cudart_dlopen'
implib-gen: libcudart.so.11.0: failed to resolve symbol '__cudaRegisterFunction', library failed to load
implib-gen: libcudart.so.11.0: failed to load library 'libcudart.so.11.0' via callback 'DP_cudart_dlopen'
implib-gen: libcudart.so.11.0: failed to resolve symbol '__cudaRegisterFatBinaryEnd', library failed to load
DeePMD-kit: Cannot find libcudart.so.11.0
implib-gen: libcudart.so.11.0: failed to load library 'libcudart.so.11.0' via callback 'DP_cudart_dlopen'
implib-gen: libcudart.so.11.0: failed to resolve symbol '__cudaRegisterFatBinary', library failed to load
implib-gen: libcudart.so.11.0: failed to load library 'libcudart.so.11.0' via callback 'DP_cudart_dlopen'
implib-gen: libcudart.so.11.0: failed to resolve symbol '__cudaRegisterFunction', library failed to load
implib-gen: libcudart.so.11.0: failed to load library 'libcudart.so.11.0' via callback 'DP_cudart_dlopen'
implib-gen: libcudart.so.11.0: failed to resolve symbol '__cudaRegisterFatBinaryEnd', library failed to load
DeePMD-kit: Cannot find libcudart.so.11.0
implib-gen: libcudart.so.11.0: failed to load library 'libcudart.so.11.0' via callback 'DP_cudart_dlopen'
implib-gen: libcudart.so.11.0: failed to resolve symbol '__cudaRegisterFatBinary', library failed to load
implib-gen: libcudart.so.11.0: failed to load library 'libcudart.so.11.0' via callback 'DP_cudart_dlopen'
implib-gen: libcudart.so.11.0: failed to resolve symbol '__cudaRegisterFunction', library failed to load
implib-gen: libcudart.so.11.0: failed to load library 'libcudart.so.11.0' via callback 'DP_cudart_dlopen'
implib-gen: libcudart.so.11.0: failed to resolve symbol '__cudaRegisterFatBinaryEnd', library failed to load
2025-03-13 03:44:48.835803: I tensorflow/tsl/cuda/cudart_stub.cc:28] Could not find cuda drivers on your machine, GPU will not be used.
2025-03-13 03:44:48.835800: I tensorflow/tsl/cuda/cudart_stub.cc:28] Could not find cuda drivers on your machine, GPU will not be used.
2025-03-13 03:44:48.836150: I tensorflow/tsl/cuda/cudart_stub.cc:28] Could not find cuda drivers on your machine, GPU will not be used.
2025-03-13 03:44:48.836110: I tensorflow/tsl/cuda/cudart_stub.cc:28] Could not find cuda drivers on your machine, GPU will not be used.
2025-03-13 03:44:48.836694: I tensorflow/tsl/cuda/cudart_stub.cc:28] Could not find cuda drivers on your machine, GPU will not be used.
2025-03-13 03:44:48.837065: E tensorflow/compiler/xla/stream_executor/cuda/cuda_dnn.cc:9342] Unable to register cuDNN factory: Attempting to register factory for plugin cuDNN when one has already been registered
2025-03-13 03:44:48.837086: E tensorflow/compiler/xla/stream_executor/cuda/cuda_fft.cc:609] Unable to register cuFFT factory: Attempting to register factory for plugin cuFFT when one has already been registered
2025-03-13 03:44:48.837116: E tensorflow/compiler/xla/stream_executor/cuda/cuda_blas.cc:1518] Unable to register cuBLAS factory: Attempting to register factory for plugin cuBLAS when one has already been registered
2025-03-13 03:44:48.836984: I tensorflow/tsl/cuda/cudart_stub.cc:28] Could not find cuda drivers on your machine, GPU will not be used.
2025-03-13 03:44:48.836985: I tensorflow/tsl/cuda/cudart_stub.cc:28] Could not find cuda drivers on your machine, GPU will not be used.
2025-03-13 03:44:48.837063: E tensorflow/compiler/xla/stream_executor/cuda/cuda_dnn.cc:9342] Unable to register cuDNN factory: Attempting to register factory for plugin cuDNN when one has already been registered
2025-03-13 03:44:48.837086: E tensorflow/compiler/xla/stream_executor/cuda/cuda_fft.cc:609] Unable to register cuFFT factory: Attempting to register factory for plugin cuFFT when one has already been registered
2025-03-13 03:44:48.837117: E tensorflow/compiler/xla/stream_executor/cuda/cuda_blas.cc:1518] Unable to register cuBLAS factory: Attempting to register factory for plugin cuBLAS when one has already been registered
2025-03-13 03:44:48.837323: I tensorflow/tsl/cuda/cudart_stub.cc:28] Could not find cuda drivers on your machine, GPU will not be used.
2025-03-13 03:44:48.839371: E tensorflow/compiler/xla/stream_executor/cuda/cuda_dnn.cc:9342] Unable to register cuDNN factory: Attempting to register factory for plugin cuDNN when one has already been registered
2025-03-13 03:44:48.839391: E tensorflow/compiler/xla/stream_executor/cuda/cuda_fft.cc:609] Unable to register cuFFT factory: Attempting to register factory for plugin cuFFT when one has already been registered
2025-03-13 03:44:48.839417: E tensorflow/compiler/xla/stream_executor/cuda/cuda_blas.cc:1518] Unable to register cuBLAS factory: Attempting to register factory for plugin cuBLAS when one has already been registered
2025-03-13 03:44:48.839862: I tensorflow/tsl/cuda/cudart_stub.cc:28] Could not find cuda drivers on your machine, GPU will not be used.
2025-03-13 03:44:48.839862: I tensorflow/tsl/cuda/cudart_stub.cc:28] Could not find cuda drivers on your machine, GPU will not be used.
2025-03-13 03:44:48.840139: E tensorflow/compiler/xla/stream_executor/cuda/cuda_dnn.cc:9342] Unable to register cuDNN factory: Attempting to register factory for plugin cuDNN when one has already been registered
2025-03-13 03:44:48.840156: E tensorflow/compiler/xla/stream_executor/cuda/cuda_fft.cc:609] Unable to register cuFFT factory: Attempting to register factory for plugin cuFFT when one has already been registered
2025-03-13 03:44:48.840187: E tensorflow/compiler/xla/stream_executor/cuda/cuda_blas.cc:1518] Unable to register cuBLAS factory: Attempting to register factory for plugin cuBLAS when one has already been registered
2025-03-13 03:44:48.840512: E tensorflow/compiler/xla/stream_executor/cuda/cuda_dnn.cc:9342] Unable to register cuDNN factory: Attempting to register factory for plugin cuDNN when one has already been registered
2025-03-13 03:44:48.840536: E tensorflow/compiler/xla/stream_executor/cuda/cuda_fft.cc:609] Unable to register cuFFT factory: Attempting to register factory for plugin cuFFT when one has already been registered
2025-03-13 03:44:48.840557: E tensorflow/compiler/xla/stream_executor/cuda/cuda_blas.cc:1518] Unable to register cuBLAS factory: Attempting to register factory for plugin cuBLAS when one has already been registered
2025-03-13 03:44:48.840762: I tensorflow/tsl/cuda/cudart_stub.cc:28] Could not find cuda drivers on your machine, GPU will not be used.
2025-03-13 03:44:48.840818: I tensorflow/tsl/cuda/cudart_stub.cc:28] Could not find cuda drivers on your machine, GPU will not be used.
2025-03-13 03:44:48.840767: I tensorflow/tsl/cuda/cudart_stub.cc:28] Could not find cuda drivers on your machine, GPU will not be used.
DeePMD-kit: Cannot find libcudart.so.11.0
implib-gen: libcudart.so.11.0: failed to load library 'libcudart.so.11.0' via callback 'DP_cudart_dlopen'
implib-gen: libcudart.so.11.0: failed to resolve symbol '__cudaRegisterFatBinary', library failed to load
implib-gen: libcudart.so.11.0: failed to load library 'libcudart.so.11.0' via callback 'DP_cudart_dlopen'
implib-gen: libcudart.so.11.0: failed to resolve symbol '__cudaRegisterFunction', library failed to load
implib-gen: libcudart.so.11.0: failed to load library 'libcudart.so.11.0' via callback 'DP_cudart_dlopen'
implib-gen: libcudart.so.11.0: failed to resolve symbol '__cudaRegisterFatBinaryEnd', library failed to load
2025-03-13 03:44:48.840820: I tensorflow/tsl/cuda/cudart_stub.cc:28] Could not find cuda drivers on your machine, GPU will not be used.
DeePMD-kit: Cannot find libcudart.so.11.0
implib-gen: libcudart.so.11.0: failed to load library 'libcudart.so.11.0' via callback 'DP_cudart_dlopen'
implib-gen: libcudart.so.11.0: failed to resolve symbol '__cudaRegisterFatBinary', library failed to load
implib-gen: libcudart.so.11.0: failed to load library 'libcudart.so.11.0' via callback 'DP_cudart_dlopen'
implib-gen: libcudart.so.11.0: failed to resolve symbol '__cudaRegisterFunction', library failed to load
implib-gen: libcudart.so.11.0: failed to load library 'libcudart.so.11.0' via callback 'DP_cudart_dlopen'
implib-gen: libcudart.so.11.0: failed to resolve symbol '__cudaRegisterFatBinaryEnd', library failed to load
DeePMD-kit: Cannot find libcudart.so.11.0
implib-gen: libcudart.so.11.0: failed to load library 'libcudart.so.11.0' via callback 'DP_cudart_dlopen'
implib-gen: libcudart.so.11.0: failed to resolve symbol '__cudaRegisterFatBinary', library failed to load
implib-gen: libcudart.so.11.0: failed to load library 'libcudart.so.11.0' via callback 'DP_cudart_dlopen'
implib-gen: libcudart.so.11.0: failed to resolve symbol '__cudaRegisterFunction', library failed to load
implib-gen: libcudart.so.11.0: failed to load library 'libcudart.so.11.0' via callback 'DP_cudart_dlopen'
implib-gen: libcudart.so.11.0: failed to resolve symbol '__cudaRegisterFatBinaryEnd', library failed to load
DeePMD-kit: Cannot find libcudart.so.11.0
implib-gen: libcudart.so.11.0: failed to load library 'libcudart.so.11.0' via callback 'DP_cudart_dlopen'
implib-gen: libcudart.so.11.0: failed to resolve symbol '__cudaRegisterFatBinary', library failed to load
implib-gen: libcudart.so.11.0: failed to load library 'libcudart.so.11.0' via callback 'DP_cudart_dlopen'
implib-gen: libcudart.so.11.0: failed to resolve symbol '__cudaRegisterFunction', library failed to load
implib-gen: libcudart.so.11.0: failed to load library 'libcudart.so.11.0' via callback 'DP_cudart_dlopen'
implib-gen: libcudart.so.11.0: failed to resolve symbol '__cudaRegisterFatBinaryEnd', library failed to load
2025-03-13 03:44:48.841596: I tensorflow/tsl/cuda/cudart_stub.cc:28] Could not find cuda drivers on your machine, GPU will not be used.
2025-03-13 03:44:48.842415: E tensorflow/compiler/xla/stream_executor/cuda/cuda_dnn.cc:9342] Unable to register cuDNN factory: Attempting to register factory for plugin cuDNN when one has already been registered
2025-03-13 03:44:48.842438: E tensorflow/compiler/xla/stream_executor/cuda/cuda_fft.cc:609] Unable to register cuFFT factory: Attempting to register factory for plugin cuFFT when one has already been registered
2025-03-13 03:44:48.842471: E tensorflow/compiler/xla/stream_executor/cuda/cuda_blas.cc:1518] Unable to register cuBLAS factory: Attempting to register factory for plugin cuBLAS when one has already been registered
2025-03-13 03:44:48.842557: I tensorflow/tsl/cuda/cudart_stub.cc:28] Could not find cuda drivers on your machine, GPU will not be used.
2025-03-13 03:44:48.842736: I tensorflow/tsl/cuda/cudart_stub.cc:28] Could not find cuda drivers on your machine, GPU will not be used.
2025-03-13 03:44:48.842735: I tensorflow/tsl/cuda/cudart_stub.cc:28] Could not find cuda drivers on your machine, GPU will not be used.
2025-03-13 03:44:48.842884: E tensorflow/compiler/xla/stream_executor/cuda/cuda_dnn.cc:9342] Unable to register cuDNN factory: Attempting to register factory for plugin cuDNN when one has already been registered
2025-03-13 03:44:48.842910: E tensorflow/compiler/xla/stream_executor/cuda/cuda_fft.cc:609] Unable to register cuFFT factory: Attempting to register factory for plugin cuFFT when one has already been registered
2025-03-13 03:44:48.842930: E tensorflow/compiler/xla/stream_executor/cuda/cuda_blas.cc:1518] Unable to register cuBLAS factory: Attempting to register factory for plugin cuBLAS when one has already been registered
DeePMD-kit: Cannot find libcudart.so.11.0
implib-gen: libcudart.so.11.0: failed to load library 'libcudart.so.11.0' via callback 'DP_cudart_dlopen'
implib-gen: libcudart.so.11.0: failed to resolve symbol '__cudaRegisterFatBinary', library failed to load
implib-gen: libcudart.so.11.0: failed to load library 'libcudart.so.11.0' via callback 'DP_cudart_dlopen'
implib-gen: libcudart.so.11.0: failed to resolve symbol '__cudaRegisterFunction', library failed to load
implib-gen: libcudart.so.11.0: failed to load library 'libcudart.so.11.0' via callback 'DP_cudart_dlopen'
implib-gen: libcudart.so.11.0: failed to resolve symbol '__cudaRegisterFatBinaryEnd', library failed to load
DeePMD-kit: Cannot find libcudart.so.11.0
implib-gen: libcudart.so.11.0: failed to load library 'libcudart.so.11.0' via callback 'DP_cudart_dlopen'
implib-gen: libcudart.so.11.0: failed to resolve symbol '__cudaRegisterFatBinary', library failed to load
implib-gen: libcudart.so.11.0: failed to load library 'libcudart.so.11.0' via callback 'DP_cudart_dlopen'
implib-gen: libcudart.so.11.0: failed to resolve symbol '__cudaRegisterFunction', library failed to load
implib-gen: libcudart.so.11.0: failed to load library 'libcudart.so.11.0' via callback 'DP_cudart_dlopen'
implib-gen: libcudart.so.11.0: failed to resolve symbol '__cudaRegisterFatBinaryEnd', library failed to load
2025-03-13 03:44:48.843171: E tensorflow/compiler/xla/stream_executor/cuda/cuda_dnn.cc:9342] Unable to register cuDNN factory: Attempting to register factory for plugin cuDNN when one has already been registered
2025-03-13 03:44:48.843187: E tensorflow/compiler/xla/stream_executor/cuda/cuda_fft.cc:609] Unable to register cuFFT factory: Attempting to register factory for plugin cuFFT when one has already been registered
2025-03-13 03:44:48.843200: E tensorflow/compiler/xla/stream_executor/cuda/cuda_blas.cc:1518] Unable to register cuBLAS factory: Attempting to register factory for plugin cuBLAS when one has already been registered
2025-03-13 03:44:48.843293: I tensorflow/tsl/cuda/cudart_stub.cc:28] Could not find cuda drivers on your machine, GPU will not be used.
2025-03-13 03:44:48.843736: I tensorflow/tsl/cuda/cudart_stub.cc:28] Could not find cuda drivers on your machine, GPU will not be used.
2025-03-13 03:44:48.843736: I tensorflow/tsl/cuda/cudart_stub.cc:28] Could not find cuda drivers on your machine, GPU will not be used.
2025-03-13 03:44:48.843849: I tensorflow/tsl/cuda/cudart_stub.cc:28] Could not find cuda drivers on your machine, GPU will not be used.
2025-03-13 03:44:48.844060: I tensorflow/tsl/cuda/cudart_stub.cc:28] Could not find cuda drivers on your machine, GPU will not be used.
2025-03-13 03:44:48.844860: I tensorflow/tsl/cuda/cudart_stub.cc:28] Could not find cuda drivers on your machine, GPU will not be used.
2025-03-13 03:44:48.844861: I tensorflow/tsl/cuda/cudart_stub.cc:28] Could not find cuda drivers on your machine, GPU will not be used.
2025-03-13 03:44:48.845222: E tensorflow/compiler/xla/stream_executor/cuda/cuda_dnn.cc:9342] Unable to register cuDNN factory: Attempting to register factory for plugin cuDNN when one has already been registered
2025-03-13 03:44:48.845240: E tensorflow/compiler/xla/stream_executor/cuda/cuda_fft.cc:609] Unable to register cuFFT factory: Attempting to register factory for plugin cuFFT when one has already been registered
2025-03-13 03:44:48.845266: E tensorflow/compiler/xla/stream_executor/cuda/cuda_blas.cc:1518] Unable to register cuBLAS factory: Attempting to register factory for plugin cuBLAS when one has already been registered
2025-03-13 03:44:48.845466: I tensorflow/tsl/cuda/cudart_stub.cc:28] Could not find cuda drivers on your machine, GPU will not be used.
2025-03-13 03:44:48.845818: E tensorflow/compiler/xla/stream_executor/cuda/cuda_dnn.cc:9342] Unable to register cuDNN factory: Attempting to register factory for plugin cuDNN when one has already been registered
2025-03-13 03:44:48.845846: E tensorflow/compiler/xla/stream_executor/cuda/cuda_fft.cc:609] Unable to register cuFFT factory: Attempting to register factory for plugin cuFFT when one has already been registered
2025-03-13 03:44:48.845888: E tensorflow/compiler/xla/stream_executor/cuda/cuda_blas.cc:1518] Unable to register cuBLAS factory: Attempting to register factory for plugin cuBLAS when one has already been registered
2025-03-13 03:44:48.846062: I tensorflow/tsl/cuda/cudart_stub.cc:28] Could not find cuda drivers on your machine, GPU will not be used.
2025-03-13 03:44:48.846283: I tensorflow/tsl/cuda/cudart_stub.cc:28] Could not find cuda drivers on your machine, GPU will not be used.
2025-03-13 03:44:48.846277: I tensorflow/tsl/cuda/cudart_stub.cc:28] Could not find cuda drivers on your machine, GPU will not be used.
2025-03-13 03:44:48.846347: I tensorflow/tsl/cuda/cudart_stub.cc:28] Could not find cuda drivers on your machine, GPU will not be used.
2025-03-13 03:44:48.846353: I tensorflow/tsl/cuda/cudart_stub.cc:28] Could not find cuda drivers on your machine, GPU will not be used.
2025-03-13 03:44:48.847343: I tensorflow/tsl/cuda/cudart_stub.cc:28] Could not find cuda drivers on your machine, GPU will not be used.
2025-03-13 03:44:48.847408: I tensorflow/tsl/cuda/cudart_stub.cc:28] Could not find cuda drivers on your machine, GPU will not be used.
2025-03-13 03:44:48.847405: I tensorflow/tsl/cuda/cudart_stub.cc:28] Could not find cuda drivers on your machine, GPU will not be used.
2025-03-13 03:44:48.847822: E tensorflow/compiler/xla/stream_executor/cuda/cuda_dnn.cc:9342] Unable to register cuDNN factory: Attempting to register factory for plugin cuDNN when one has already been registered
2025-03-13 03:44:48.847845: E tensorflow/compiler/xla/stream_executor/cuda/cuda_fft.cc:609] Unable to register cuFFT factory: Attempting to register factory for plugin cuFFT when one has already been registered
2025-03-13 03:44:48.847872: E tensorflow/compiler/xla/stream_executor/cuda/cuda_blas.cc:1518] Unable to register cuBLAS factory: Attempting to register factory for plugin cuBLAS when one has already been registered
2025-03-13 03:44:48.847823: E tensorflow/compiler/xla/stream_executor/cuda/cuda_dnn.cc:9342] Unable to register cuDNN factory: Attempting to register factory for plugin cuDNN when one has already been registered
2025-03-13 03:44:48.847845: E tensorflow/compiler/xla/stream_executor/cuda/cuda_fft.cc:609] Unable to register cuFFT factory: Attempting to register factory for plugin cuFFT when one has already been registered
2025-03-13 03:44:48.847871: E tensorflow/compiler/xla/stream_executor/cuda/cuda_blas.cc:1518] Unable to register cuBLAS factory: Attempting to register factory for plugin cuBLAS when one has already been registered
DeePMD-kit: Cannot find libcudart.so.11.0
implib-gen: libcudart.so.11.0: failed to load library 'libcudart.so.11.0' via callback 'DP_cudart_dlopen'
implib-gen: libcudart.so.11.0: failed to resolve symbol '__cudaRegisterFatBinary', library failed to load
implib-gen: libcudart.so.11.0: failed to load library 'libcudart.so.11.0' via callback 'DP_cudart_dlopen'
implib-gen: libcudart.so.11.0: failed to resolve symbol '__cudaRegisterFunction', library failed to load
implib-gen: libcudart.so.11.0: failed to load library 'libcudart.so.11.0' via callback 'DP_cudart_dlopen'
implib-gen: libcudart.so.11.0: failed to resolve symbol '__cudaRegisterFatBinaryEnd', library failed to load
DeePMD-kit: Cannot find libcudart.so.11.0
implib-gen: libcudart.so.11.0: failed to load library 'libcudart.so.11.0' via callback 'DP_cudart_dlopen'
implib-gen: libcudart.so.11.0: failed to resolve symbol '__cudaRegisterFatBinary', library failed to load
implib-gen: libcudart.so.11.0: failed to load library 'libcudart.so.11.0' via callback 'DP_cudart_dlopen'
implib-gen: libcudart.so.11.0: failed to resolve symbol '__cudaRegisterFunction', library failed to load
implib-gen: libcudart.so.11.0: failed to load library 'libcudart.so.11.0' via callback 'DP_cudart_dlopen'
implib-gen: libcudart.so.11.0: failed to resolve symbol '__cudaRegisterFatBinaryEnd', library failed to load
2025-03-13 03:44:48.848421: E tensorflow/compiler/xla/stream_executor/cuda/cuda_dnn.cc:9342] Unable to register cuDNN factory: Attempting to register factory for plugin cuDNN when one has already been registered
2025-03-13 03:44:48.848442: E tensorflow/compiler/xla/stream_executor/cuda/cuda_fft.cc:609] Unable to register cuFFT factory: Attempting to register factory for plugin cuFFT when one has already been registered
2025-03-13 03:44:48.848469: E tensorflow/compiler/xla/stream_executor/cuda/cuda_blas.cc:1518] Unable to register cuBLAS factory: Attempting to register factory for plugin cuBLAS when one has already been registered
2025-03-13 03:44:48.848591: I tensorflow/tsl/cuda/cudart_stub.cc:28] Could not find cuda drivers on your machine, GPU will not be used.
2025-03-13 03:44:48.848588: I tensorflow/tsl/cuda/cudart_stub.cc:28] Could not find cuda drivers on your machine, GPU will not be used.
2025-03-13 03:44:48.849237: E tensorflow/compiler/xla/stream_executor/cuda/cuda_dnn.cc:9342] Unable to register cuDNN factory: Attempting to register factory for plugin cuDNN when one has already been registered
2025-03-13 03:44:48.849264: E tensorflow/compiler/xla/stream_executor/cuda/cuda_fft.cc:609] Unable to register cuFFT factory: Attempting to register factory for plugin cuFFT when one has already been registered
2025-03-13 03:44:48.849288: E tensorflow/compiler/xla/stream_executor/cuda/cuda_blas.cc:1518] Unable to register cuBLAS factory: Attempting to register factory for plugin cuBLAS when one has already been registered
DeePMD-kit: Cannot find libcudart.so.11.0
implib-gen: libcudart.so.11.0: failed to load library 'libcudart.so.11.0' via callback 'DP_cudart_dlopen'
implib-gen: libcudart.so.11.0: failed to resolve symbol '__cudaRegisterFatBinary', library failed to load
implib-gen: libcudart.so.11.0: failed to load library 'libcudart.so.11.0' via callback 'DP_cudart_dlopen'
implib-gen: libcudart.so.11.0: failed to resolve symbol '__cudaRegisterFunction', library failed to load
implib-gen: libcudart.so.11.0: failed to load library 'libcudart.so.11.0' via callback 'DP_cudart_dlopen'
implib-gen: libcudart.so.11.0: failed to resolve symbol '__cudaRegisterFatBinaryEnd', library failed to load
2025-03-13 03:44:48.845818: E tensorflow/compiler/xla/stream_executor/cuda/cuda_dnn.cc:9342] Unable to register cuDNN factory: Attempting to register factory for plugin cuDNN when one has already been registered
2025-03-13 03:44:48.845846: E tensorflow/compiler/xla/stream_executor/cuda/cuda_fft.cc:609] Unable to register cuFFT factory: Attempting to register factory for plugin cuFFT when one has already been registered
2025-03-13 03:44:48.845888: E tensorflow/compiler/xla/stream_executor/cuda/cuda_blas.cc:1518] Unable to register cuBLAS factory: Attempting to register factory for plugin cuBLAS when one has already been registered
DeePMD-kit: Cannot find libcudart.so.11.0
implib-gen: libcudart.so.11.0: failed to load library 'libcudart.so.11.0' via callback 'DP_cudart_dlopen'
implib-gen: libcudart.so.11.0: failed to resolve symbol '__cudaRegisterFatBinary', library failed to load
implib-gen: libcudart.so.11.0: failed to load library 'libcudart.so.11.0' via callback 'DP_cudart_dlopen'
implib-gen: libcudart.so.11.0: failed to resolve symbol '__cudaRegisterFunction', library failed to load
implib-gen: libcudart.so.11.0: failed to load library 'libcudart.so.11.0' via callback 'DP_cudart_dlopen'
implib-gen: libcudart.so.11.0: failed to resolve symbol '__cudaRegisterFatBinaryEnd', library failed to load
DeePMD-kit: Cannot find libcudart.so.11.0
implib-gen: libcudart.so.11.0: failed to load library 'libcudart.so.11.0' via callback 'DP_cudart_dlopen'
implib-gen: libcudart.so.11.0: failed to resolve symbol '__cudaRegisterFatBinary', library failed to load
implib-gen: libcudart.so.11.0: failed to load library 'libcudart.so.11.0' via callback 'DP_cudart_dlopen'
implib-gen: libcudart.so.11.0: failed to resolve symbol '__cudaRegisterFunction', library failed to load
implib-gen: libcudart.so.11.0: failed to load library 'libcudart.so.11.0' via callback 'DP_cudart_dlopen'
implib-gen: libcudart.so.11.0: failed to resolve symbol '__cudaRegisterFatBinaryEnd', library failed to load
2025-03-13 03:44:48.849860: E tensorflow/compiler/xla/stream_executor/cuda/cuda_dnn.cc:9342] Unable to register cuDNN factory: Attempting to register factory for plugin cuDNN when one has already been registered
2025-03-13 03:44:48.849885: E tensorflow/compiler/xla/stream_executor/cuda/cuda_fft.cc:609] Unable to register cuFFT factory: Attempting to register factory for plugin cuFFT when one has already been registered
2025-03-13 03:44:48.849908: E tensorflow/compiler/xla/stream_executor/cuda/cuda_blas.cc:1518] Unable to register cuBLAS factory: Attempting to register factory for plugin cuBLAS when one has already been registered
2025-03-13 03:44:48.849735: I tensorflow/tsl/cuda/cudart_stub.cc:28] Could not find cuda drivers on your machine, GPU will not be used.
2025-03-13 03:44:48.849732: I tensorflow/tsl/cuda/cudart_stub.cc:28] Could not find cuda drivers on your machine, GPU will not be used.
2025-03-13 03:44:48.850727: I tensorflow/tsl/cuda/cudart_stub.cc:28] Could not find cuda drivers on your machine, GPU will not be used.
2025-03-13 03:44:48.850922: I tensorflow/tsl/cuda/cudart_stub.cc:28] Could not find cuda drivers on your machine, GPU will not be used.
2025-03-13 03:44:48.850915: I tensorflow/tsl/cuda/cudart_stub.cc:28] Could not find cuda drivers on your machine, GPU will not be used.
2025-03-13 03:44:48.851109: I tensorflow/tsl/cuda/cudart_stub.cc:28] Could not find cuda drivers on your machine, GPU will not be used.
2025-03-13 03:44:48.851112: I tensorflow/tsl/cuda/cudart_stub.cc:28] Could not find cuda drivers on your machine, GPU will not be used.
DeePMD-kit: Cannot find libcudart.so.11.0
implib-gen: libcudart.so.11.0: failed to load library 'libcudart.so.11.0' via callback 'DP_cudart_dlopen'
implib-gen: libcudart.so.11.0: failed to resolve symbol '__cudaRegisterFatBinary', library failed to load
implib-gen: libcudart.so.11.0: failed to load library 'libcudart.so.11.0' via callback 'DP_cudart_dlopen'
implib-gen: libcudart.so.11.0: failed to resolve symbol '__cudaRegisterFunction', library failed to load
implib-gen: libcudart.so.11.0: failed to load library 'libcudart.so.11.0' via callback 'DP_cudart_dlopen'
implib-gen: libcudart.so.11.0: failed to resolve symbol '__cudaRegisterFatBinaryEnd', library failed to load
2025-03-13 03:44:48.851419: I tensorflow/tsl/cuda/cudart_stub.cc:28] Could not find cuda drivers on your machine, GPU will not be used.
2025-03-13 03:44:48.851426: I tensorflow/tsl/cuda/cudart_stub.cc:28] Could not find cuda drivers on your machine, GPU will not be used.
2025-03-13 03:44:48.851503: E tensorflow/compiler/xla/stream_executor/cuda/cuda_dnn.cc:9342] Unable to register cuDNN factory: Attempting to register factory for plugin cuDNN when one has already been registered
2025-03-13 03:44:48.851523: E tensorflow/compiler/xla/stream_executor/cuda/cuda_fft.cc:609] Unable to register cuFFT factory: Attempting to register factory for plugin cuFFT when one has already been registered
2025-03-13 03:44:48.851550: E tensorflow/compiler/xla/stream_executor/cuda/cuda_blas.cc:1518] Unable to register cuBLAS factory: Attempting to register factory for plugin cuBLAS when one has already been registered
2025-03-13 03:44:48.851503: E tensorflow/compiler/xla/stream_executor/cuda/cuda_dnn.cc:9342] Unable to register cuDNN factory: Attempting to register factory for plugin cuDNN when one has already been registered
2025-03-13 03:44:48.851526: E tensorflow/compiler/xla/stream_executor/cuda/cuda_fft.cc:609] Unable to register cuFFT factory: Attempting to register factory for plugin cuFFT when one has already been registered
2025-03-13 03:44:48.851544: E tensorflow/compiler/xla/stream_executor/cuda/cuda_blas.cc:1518] Unable to register cuBLAS factory: Attempting to register factory for plugin cuBLAS when one has already been registered
DeePMD-kit: Cannot find libcudart.so.11.0
implib-gen: libcudart.so.11.0: failed to load library 'libcudart.so.11.0' via callback 'DP_cudart_dlopen'
implib-gen: libcudart.so.11.0: failed to resolve symbol '__cudaRegisterFatBinary', library failed to load
implib-gen: libcudart.so.11.0: failed to load library 'libcudart.so.11.0' via callback 'DP_cudart_dlopen'
implib-gen: libcudart.so.11.0: failed to resolve symbol '__cudaRegisterFunction', library failed to load
implib-gen: libcudart.so.11.0: failed to load library 'libcudart.so.11.0' via callback 'DP_cudart_dlopen'
implib-gen: libcudart.so.11.0: failed to resolve symbol '__cudaRegisterFatBinaryEnd', library failed to load
DeePMD-kit: Cannot find libcudart.so.11.0
implib-gen: libcudart.so.11.0: failed to load library 'libcudart.so.11.0' via callback 'DP_cudart_dlopen'
implib-gen: libcudart.so.11.0: failed to resolve symbol '__cudaRegisterFatBinary', library failed to load
implib-gen: libcudart.so.11.0: failed to load library 'libcudart.so.11.0' via callback 'DP_cudart_dlopen'
implib-gen: libcudart.so.11.0: failed to resolve symbol '__cudaRegisterFunction', library failed to load
implib-gen: libcudart.so.11.0: failed to load library 'libcudart.so.11.0' via callback 'DP_cudart_dlopen'
implib-gen: libcudart.so.11.0: failed to resolve symbol '__cudaRegisterFatBinaryEnd', library failed to load
2025-03-13 03:44:48.851654: I tensorflow/tsl/cuda/cudart_stub.cc:28] Could not find cuda drivers on your machine, GPU will not be used.
2025-03-13 03:44:48.852272: E tensorflow/compiler/xla/stream_executor/cuda/cuda_dnn.cc:9342] Unable to register cuDNN factory: Attempting to register factory for plugin cuDNN when one has already been registered
2025-03-13 03:44:48.852295: E tensorflow/compiler/xla/stream_executor/cuda/cuda_fft.cc:609] Unable to register cuFFT factory: Attempting to register factory for plugin cuFFT when one has already been registered
2025-03-13 03:44:48.852314: E tensorflow/compiler/xla/stream_executor/cuda/cuda_blas.cc:1518] Unable to register cuBLAS factory: Attempting to register factory for plugin cuBLAS when one has already been registered
2025-03-13 03:44:48.852489: E tensorflow/compiler/xla/stream_executor/cuda/cuda_dnn.cc:9342] Unable to register cuDNN factory: Attempting to register factory for plugin cuDNN when one has already been registered
2025-03-13 03:44:48.852508: E tensorflow/compiler/xla/stream_executor/cuda/cuda_fft.cc:609] Unable to register cuFFT factory: Attempting to register factory for plugin cuFFT when one has already been registered
2025-03-13 03:44:48.852530: E tensorflow/compiler/xla/stream_executor/cuda/cuda_blas.cc:1518] Unable to register cuBLAS factory: Attempting to register factory for plugin cuBLAS when one has already been registered
2025-03-13 03:44:48.853990: E tensorflow/compiler/xla/stream_executor/cuda/cuda_dnn.cc:9342] Unable to register cuDNN factory: Attempting to register factory for plugin cuDNN when one has already been registered
2025-03-13 03:44:48.854014: E tensorflow/compiler/xla/stream_executor/cuda/cuda_fft.cc:609] Unable to register cuFFT factory: Attempting to register factory for plugin cuFFT when one has already been registered
2025-03-13 03:44:48.854041: E tensorflow/compiler/xla/stream_executor/cuda/cuda_blas.cc:1518] Unable to register cuBLAS factory: Attempting to register factory for plugin cuBLAS when one has already been registered
2025-03-13 03:44:48.853991: E tensorflow/compiler/xla/stream_executor/cuda/cuda_dnn.cc:9342] Unable to register cuDNN factory: Attempting to register factory for plugin cuDNN when one has already been registered
2025-03-13 03:44:48.854014: E tensorflow/compiler/xla/stream_executor/cuda/cuda_fft.cc:609] Unable to register cuFFT factory: Attempting to register factory for plugin cuFFT when one has already been registered
2025-03-13 03:44:48.854040: E tensorflow/compiler/xla/stream_executor/cuda/cuda_blas.cc:1518] Unable to register cuBLAS factory: Attempting to register factory for plugin cuBLAS when one has already been registered
2025-03-13 03:44:48.854370: I tensorflow/tsl/cuda/cudart_stub.cc:28] Could not find cuda drivers on your machine, GPU will not be used.
DeePMD-kit: Cannot find libcudart.so.11.0
implib-gen: libcudart.so.11.0: failed to load library 'libcudart.so.11.0' via callback 'DP_cudart_dlopen'
implib-gen: libcudart.so.11.0: failed to resolve symbol '__cudaRegisterFatBinary', library failed to load
implib-gen: libcudart.so.11.0: failed to load library 'libcudart.so.11.0' via callback 'DP_cudart_dlopen'
2025-03-13 03:44:48.855222: I tensorflow/tsl/cuda/cudart_stub.cc:28] Could not find cuda drivers on your machine, GPU will not be used.
implib-gen: libcudart.so.11.0: failed to resolve symbol '__cudaRegisterFunction', library failed to load
implib-gen: libcudart.so.11.0: failed to load library 'libcudart.so.11.0' via callback 'DP_cudart_dlopen'
implib-gen: libcudart.so.11.0: failed to resolve symbol '__cudaRegisterFatBinaryEnd', library failed to load
2025-03-13 03:44:48.856119: E tensorflow/compiler/xla/stream_executor/cuda/cuda_dnn.cc:9342] Unable to register cuDNN factory: Attempting to register factory for plugin cuDNN when one has already been registered
2025-03-13 03:44:48.856150: E tensorflow/compiler/xla/stream_executor/cuda/cuda_fft.cc:609] Unable to register cuFFT factory: Attempting to register factory for plugin cuFFT when one has already been registered
2025-03-13 03:44:48.856178: E tensorflow/compiler/xla/stream_executor/cuda/cuda_blas.cc:1518] Unable to register cuBLAS factory: Attempting to register factory for plugin cuBLAS when one has already been registered
2025-03-13 03:44:48.856140: I tensorflow/tsl/cuda/cudart_stub.cc:28] Could not find cuda drivers on your machine, GPU will not be used.
2025-03-13 03:44:48.856301: E tensorflow/compiler/xla/stream_executor/cuda/cuda_dnn.cc:9342] Unable to register cuDNN factory: Attempting to register factory for plugin cuDNN when one has already been registered
2025-03-13 03:44:48.856317: E tensorflow/compiler/xla/stream_executor/cuda/cuda_fft.cc:609] Unable to register cuFFT factory: Attempting to register factory for plugin cuFFT when one has already been registered
2025-03-13 03:44:48.856341: E tensorflow/compiler/xla/stream_executor/cuda/cuda_blas.cc:1518] Unable to register cuBLAS factory: Attempting to register factory for plugin cuBLAS when one has already been registered
DeePMD-kit: Cannot find libcudart.so.11.0
implib-gen: libcudart.so.11.0: failed to load library 'libcudart.so.11.0' via callback 'DP_cudart_dlopen'
implib-gen: libcudart.so.11.0: failed to resolve symbol '__cudaRegisterFatBinary', library failed to load
implib-gen: libcudart.so.11.0: failed to load library 'libcudart.so.11.0' via callback 'DP_cudart_dlopen'
implib-gen: libcudart.so.11.0: failed to resolve symbol '__cudaRegisterFunction', library failed to load
DeePMD-kit: Cannot find libcudart.so.11.0
implib-gen: libcudart.so.11.0: failed to load library 'libcudart.so.11.0' via callback 'DP_cudart_dlopen'
implib-gen: libcudart.so.11.0: failed to resolve symbol '__cudaRegisterFatBinary', library failed to load
implib-gen: libcudart.so.11.0: failed to load library 'libcudart.so.11.0' via callback 'DP_cudart_dlopen'
implib-gen: libcudart.so.11.0: failed to resolve symbol '__cudaRegisterFunction', library failed to load
implib-gen: libcudart.so.11.0: failed to load library 'libcudart.so.11.0' via callback 'DP_cudart_dlopen'
implib-gen: libcudart.so.11.0: failed to resolve symbol '__cudaRegisterFatBinaryEnd', library failed to load
implib-gen: libcudart.so.11.0: failed to load library 'libcudart.so.11.0' via callback 'DP_cudart_dlopen'
implib-gen: libcudart.so.11.0: failed to resolve symbol '__cudaRegisterFatBinaryEnd', library failed to load
DeePMD-kit: Cannot find libcudart.so.11.0
implib-gen: libcudart.so.11.0: failed to load library 'libcudart.so.11.0' via callback 'DP_cudart_dlopen'
implib-gen: libcudart.so.11.0: failed to resolve symbol '__cudaRegisterFatBinary', library failed to load
implib-gen: libcudart.so.11.0: failed to load library 'libcudart.so.11.0' via callback 'DP_cudart_dlopen'
implib-gen: libcudart.so.11.0: failed to resolve symbol '__cudaRegisterFunction', library failed to load
implib-gen: libcudart.so.11.0: failed to load library 'libcudart.so.11.0' via callback 'DP_cudart_dlopen'
implib-gen: libcudart.so.11.0: failed to resolve symbol '__cudaRegisterFatBinaryEnd', library failed to load
2025-03-13 03:44:48.857152: I tensorflow/tsl/cuda/cudart_stub.cc:28] Could not find cuda drivers on your machine, GPU will not be used.
2025-03-13 03:44:48.857681: E tensorflow/compiler/xla/stream_executor/cuda/cuda_dnn.cc:9342] Unable to register cuDNN factory: Attempting to register factory for plugin cuDNN when one has already been registered
2025-03-13 03:44:48.857699: E tensorflow/compiler/xla/stream_executor/cuda/cuda_fft.cc:609] Unable to register cuFFT factory: Attempting to register factory for plugin cuFFT when one has already been registered
2025-03-13 03:44:48.857723: E tensorflow/compiler/xla/stream_executor/cuda/cuda_blas.cc:1518] Unable to register cuBLAS factory: Attempting to register factory for plugin cuBLAS when one has already been registered
2025-03-13 03:44:48.857758: I tensorflow/tsl/cuda/cudart_stub.cc:28] Could not find cuda drivers on your machine, GPU will not be used.
2025-03-13 03:44:48.857759: I tensorflow/tsl/cuda/cudart_stub.cc:28] Could not find cuda drivers on your machine, GPU will not be used.
DeePMD-kit: Cannot find libcudart.so.11.0
implib-gen: libcudart.so.11.0: failed to load library 'libcudart.so.11.0' via callback 'DP_cudart_dlopen'
implib-gen: libcudart.so.11.0: failed to resolve symbol '__cudaRegisterFatBinary', library failed to load
implib-gen: libcudart.so.11.0: failed to load library 'libcudart.so.11.0' via callback 'DP_cudart_dlopen'
implib-gen: libcudart.so.11.0: failed to resolve symbol '__cudaRegisterFunction', library failed to load
implib-gen: libcudart.so.11.0: failed to load library 'libcudart.so.11.0' via callback 'DP_cudart_dlopen'
implib-gen: libcudart.so.11.0: failed to resolve symbol '__cudaRegisterFatBinaryEnd', library failed to load
DeePMD-kit: Cannot find libcudart.so.11.0
implib-gen: libcudart.so.11.0: failed to load library 'libcudart.so.11.0' via callback 'DP_cudart_dlopen'
implib-gen: libcudart.so.11.0: failed to resolve symbol '__cudaRegisterFatBinary', library failed to load
implib-gen: libcudart.so.11.0: failed to load library 'libcudart.so.11.0' via callback 'DP_cudart_dlopen'
implib-gen: libcudart.so.11.0: failed to resolve symbol '__cudaRegisterFunction', library failed to load
implib-gen: libcudart.so.11.0: failed to load library 'libcudart.so.11.0' via callback 'DP_cudart_dlopen'
implib-gen: libcudart.so.11.0: failed to resolve symbol '__cudaRegisterFatBinaryEnd', library failed to load
2025-03-13 03:44:48.859584: E tensorflow/compiler/xla/stream_executor/cuda/cuda_dnn.cc:9342] Unable to register cuDNN factory: Attempting to register factory for plugin cuDNN when one has already been registered
2025-03-13 03:44:48.859605: E tensorflow/compiler/xla/stream_executor/cuda/cuda_fft.cc:609] Unable to register cuFFT factory: Attempting to register factory for plugin cuFFT when one has already been registered
2025-03-13 03:44:48.859635: E tensorflow/compiler/xla/stream_executor/cuda/cuda_blas.cc:1518] Unable to register cuBLAS factory: Attempting to register factory for plugin cuBLAS when one has already been registered
2025-03-13 03:44:48.859589: E tensorflow/compiler/xla/stream_executor/cuda/cuda_dnn.cc:9342] Unable to register cuDNN factory: Attempting to register factory for plugin cuDNN when one has already been registered
2025-03-13 03:44:48.859605: E tensorflow/compiler/xla/stream_executor/cuda/cuda_fft.cc:609] Unable to register cuFFT factory: Attempting to register factory for plugin cuFFT when one has already been registered
2025-03-13 03:44:48.859635: E tensorflow/compiler/xla/stream_executor/cuda/cuda_blas.cc:1518] Unable to register cuBLAS factory: Attempting to register factory for plugin cuBLAS when one has already been registered
2025-03-13 03:44:48.859590: E tensorflow/compiler/xla/stream_executor/cuda/cuda_dnn.cc:9342] Unable to register cuDNN factory: Attempting to register factory for plugin cuDNN when one has already been registered
2025-03-13 03:44:48.859607: E tensorflow/compiler/xla/stream_executor/cuda/cuda_fft.cc:609] Unable to register cuFFT factory: Attempting to register factory for plugin cuFFT when one has already been registered
2025-03-13 03:44:48.859637: E tensorflow/compiler/xla/stream_executor/cuda/cuda_blas.cc:1518] Unable to register cuBLAS factory: Attempting to register factory for plugin cuBLAS when one has already been registered
2025-03-13 03:44:48.859587: E tensorflow/compiler/xla/stream_executor/cuda/cuda_dnn.cc:9342] Unable to register cuDNN factory: Attempting to register factory for plugin cuDNN when one has already been registered
2025-03-13 03:44:48.859610: E tensorflow/compiler/xla/stream_executor/cuda/cuda_fft.cc:609] Unable to register cuFFT factory: Attempting to register factory for plugin cuFFT when one has already been registered
2025-03-13 03:44:48.859637: E tensorflow/compiler/xla/stream_executor/cuda/cuda_blas.cc:1518] Unable to register cuBLAS factory: Attempting to register factory for plugin cuBLAS when one has already been registered
2025-03-13 03:44:48.859627: E tensorflow/compiler/xla/stream_executor/cuda/cuda_dnn.cc:9342] Unable to register cuDNN factory: Attempting to register factory for plugin cuDNN when one has already been registered
2025-03-13 03:44:48.859656: E tensorflow/compiler/xla/stream_executor/cuda/cuda_fft.cc:609] Unable to register cuFFT factory: Attempting to register factory for plugin cuFFT when one has already been registered
2025-03-13 03:44:48.859685: E tensorflow/compiler/xla/stream_executor/cuda/cuda_blas.cc:1518] Unable to register cuBLAS factory: Attempting to register factory for plugin cuBLAS when one has already been registered
2025-03-13 03:44:48.860215: E tensorflow/compiler/xla/stream_executor/cuda/cuda_dnn.cc:9342] Unable to register cuDNN factory: Attempting to register factory for plugin cuDNN when one has already been registered
2025-03-13 03:44:48.860241: E tensorflow/compiler/xla/stream_executor/cuda/cuda_fft.cc:609] Unable to register cuFFT factory: Attempting to register factory for plugin cuFFT when one has already been registered
2025-03-13 03:44:48.860274: E tensorflow/compiler/xla/stream_executor/cuda/cuda_blas.cc:1518] Unable to register cuBLAS factory: Attempting to register factory for plugin cuBLAS when one has already been registered
2025-03-13 03:44:48.860215: E tensorflow/compiler/xla/stream_executor/cuda/cuda_dnn.cc:9342] Unable to register cuDNN factory: Attempting to register factory for plugin cuDNN when one has already been registered
2025-03-13 03:44:48.860241: E tensorflow/compiler/xla/stream_executor/cuda/cuda_fft.cc:609] Unable to register cuFFT factory: Attempting to register factory for plugin cuFFT when one has already been registered
2025-03-13 03:44:48.860271: E tensorflow/compiler/xla/stream_executor/cuda/cuda_blas.cc:1518] Unable to register cuBLAS factory: Attempting to register factory for plugin cuBLAS when one has already been registered
2025-03-13 03:44:48.860351: I tensorflow/tsl/cuda/cudart_stub.cc:28] Could not find cuda drivers on your machine, GPU will not be used.
2025-03-13 03:44:48.860350: I tensorflow/tsl/cuda/cudart_stub.cc:28] Could not find cuda drivers on your machine, GPU will not be used.
2025-03-13 03:44:48.860389: I tensorflow/tsl/cuda/cudart_stub.cc:28] Could not find cuda drivers on your machine, GPU will not be used.
2025-03-13 03:44:48.860381: I tensorflow/tsl/cuda/cudart_stub.cc:28] Could not find cuda drivers on your machine, GPU will not be used.
DeePMD-kit: Cannot find libcudart.so.11.0
implib-gen: libcudart.so.11.0: failed to load library 'libcudart.so.11.0' via callback 'DP_cudart_dlopen'
DeePMD-kit: Cannot find libcudart.so.11.0
implib-gen: libcudart.so.11.0: failed to load library 'libcudart.so.11.0' via callback 'DP_cudart_dlopen'
implib-gen: libcudart.so.11.0: failed to resolve symbol '__cudaRegisterFatBinary', library failed to load
implib-gen: libcudart.so.11.0: failed to load library 'libcudart.so.11.0' via callback 'DP_cudart_dlopen'
implib-gen: libcudart.so.11.0: failed to resolve symbol '__cudaRegisterFunction', library failed to load
implib-gen: libcudart.so.11.0: failed to resolve symbol '__cudaRegisterFatBinary', library failed to load
implib-gen: libcudart.so.11.0: failed to load library 'libcudart.so.11.0' via callback 'DP_cudart_dlopen'
implib-gen: libcudart.so.11.0: failed to resolve symbol '__cudaRegisterFunction', library failed to load
implib-gen: libcudart.so.11.0: failed to load library 'libcudart.so.11.0' via callback 'DP_cudart_dlopen'
implib-gen: libcudart.so.11.0: failed to resolve symbol '__cudaRegisterFatBinaryEnd', library failed to load
implib-gen: libcudart.so.11.0: failed to load library 'libcudart.so.11.0' via callback 'DP_cudart_dlopen'
implib-gen: libcudart.so.11.0: failed to resolve symbol '__cudaRegisterFatBinaryEnd', library failed to load
DeePMD-kit: Cannot find libcudart.so.11.0
implib-gen: libcudart.so.11.0: failed to load library 'libcudart.so.11.0' via callback 'DP_cudart_dlopen'
implib-gen: libcudart.so.11.0: failed to resolve symbol '__cudaRegisterFatBinary', library failed to load
implib-gen: libcudart.so.11.0: failed to load library 'libcudart.so.11.0' via callback 'DP_cudart_dlopen'
implib-gen: libcudart.so.11.0: failed to resolve symbol '__cudaRegisterFunction', library failed to load
implib-gen: libcudart.so.11.0: failed to load library 'libcudart.so.11.0' via callback 'DP_cudart_dlopen'
implib-gen: libcudart.so.11.0: failed to resolve symbol '__cudaRegisterFatBinaryEnd', library failed to load
2025-03-13 03:44:48.861612: I tensorflow/tsl/cuda/cudart_stub.cc:28] Could not find cuda drivers on your machine, GPU will not be used.
DeePMD-kit: Cannot find libcudart.so.11.0
implib-gen: libcudart.so.11.0: failed to load library 'libcudart.so.11.0' via callback 'DP_cudart_dlopen'
implib-gen: libcudart.so.11.0: failed to resolve symbol '__cudaRegisterFatBinary', library failed to load
DeePMD-kit: Cannot find libcudart.so.11.0
implib-gen: libcudart.so.11.0: failed to load library 'libcudart.so.11.0' via callback 'DP_cudart_dlopen'
implib-gen: libcudart.so.11.0: failed to resolve symbol '__cudaRegisterFatBinary', library failed to load
implib-gen: libcudart.so.11.0: failed to load library 'libcudart.so.11.0' via callback 'DP_cudart_dlopen'
implib-gen: libcudart.so.11.0: failed to resolve symbol '__cudaRegisterFunction', library failed to load
implib-gen: libcudart.so.11.0: failed to load library 'libcudart.so.11.0' via callback 'DP_cudart_dlopen'
implib-gen: libcudart.so.11.0: failed to resolve symbol '__cudaRegisterFatBinaryEnd', library failed to load
DeePMD-kit: Cannot find libcudart.so.11.0
implib-gen: libcudart.so.11.0: failed to load library 'libcudart.so.11.0' via callback 'DP_cudart_dlopen'
implib-gen: libcudart.so.11.0: failed to resolve symbol '__cudaRegisterFatBinary', library failed to load
implib-gen: libcudart.so.11.0: failed to load library 'libcudart.so.11.0' via callback 'DP_cudart_dlopen'
implib-gen: libcudart.so.11.0: failed to resolve symbol '__cudaRegisterFunction', library failed to load
implib-gen: libcudart.so.11.0: failed to load library 'libcudart.so.11.0' via callback 'DP_cudart_dlopen'
implib-gen: libcudart.so.11.0: failed to resolve symbol '__cudaRegisterFatBinaryEnd', library failed to load
implib-gen: libcudart.so.11.0: failed to load library 'libcudart.so.11.0' via callback 'DP_cudart_dlopen'
implib-gen: libcudart.so.11.0: failed to resolve symbol '__cudaRegisterFunction', library failed to load
implib-gen: libcudart.so.11.0: failed to load library 'libcudart.so.11.0' via callback 'DP_cudart_dlopen'
implib-gen: libcudart.so.11.0: failed to resolve symbol '__cudaRegisterFatBinaryEnd', library failed to load
2025-03-13 03:44:48.861910: I tensorflow/tsl/cuda/cudart_stub.cc:28] Could not find cuda drivers on your machine, GPU will not be used.
2025-03-13 03:44:48.862089: I tensorflow/tsl/cuda/cudart_stub.cc:28] Could not find cuda drivers on your machine, GPU will not be used.
2025-03-13 03:44:48.862087: I tensorflow/tsl/cuda/cudart_stub.cc:28] Could not find cuda drivers on your machine, GPU will not be used.
2025-03-13 03:44:48.863045: E tensorflow/compiler/xla/stream_executor/cuda/cuda_dnn.cc:9342] Unable to register cuDNN factory: Attempting to register factory for plugin cuDNN when one has already been registered
2025-03-13 03:44:48.863066: E tensorflow/compiler/xla/stream_executor/cuda/cuda_fft.cc:609] Unable to register cuFFT factory: Attempting to register factory for plugin cuFFT when one has already been registered
2025-03-13 03:44:48.863090: E tensorflow/compiler/xla/stream_executor/cuda/cuda_blas.cc:1518] Unable to register cuBLAS factory: Attempting to register factory for plugin cuBLAS when one has already been registered
2025-03-13 03:44:48.863089: I tensorflow/tsl/cuda/cudart_stub.cc:28] Could not find cuda drivers on your machine, GPU will not be used.
2025-03-13 03:44:48.863083: I tensorflow/tsl/cuda/cudart_stub.cc:28] Could not find cuda drivers on your machine, GPU will not be used.
2025-03-13 03:44:48.863194: E tensorflow/compiler/xla/stream_executor/cuda/cuda_dnn.cc:9342] Unable to register cuDNN factory: Attempting to register factory for plugin cuDNN when one has already been registered
2025-03-13 03:44:48.863230: E tensorflow/compiler/xla/stream_executor/cuda/cuda_fft.cc:609] Unable to register cuFFT factory: Attempting to register factory for plugin cuFFT when one has already been registered
2025-03-13 03:44:48.863193: E tensorflow/compiler/xla/stream_executor/cuda/cuda_dnn.cc:9342] Unable to register cuDNN factory: Attempting to register factory for plugin cuDNN when one has already been registered
2025-03-13 03:44:48.863227: E tensorflow/compiler/xla/stream_executor/cuda/cuda_fft.cc:609] Unable to register cuFFT factory: Attempting to register factory for plugin cuFFT when one has already been registered
2025-03-13 03:44:48.863258: E tensorflow/compiler/xla/stream_executor/cuda/cuda_blas.cc:1518] Unable to register cuBLAS factory: Attempting to register factory for plugin cuBLAS when one has already been registered
2025-03-13 03:44:48.863261: E tensorflow/compiler/xla/stream_executor/cuda/cuda_blas.cc:1518] Unable to register cuBLAS factory: Attempting to register factory for plugin cuBLAS when one has already been registered
2025-03-13 03:44:48.864000: E tensorflow/compiler/xla/stream_executor/cuda/cuda_dnn.cc:9342] Unable to register cuDNN factory: Attempting to register factory for plugin cuDNN when one has already been registered
2025-03-13 03:44:48.864019: E tensorflow/compiler/xla/stream_executor/cuda/cuda_fft.cc:609] Unable to register cuFFT factory: Attempting to register factory for plugin cuFFT when one has already been registered
2025-03-13 03:44:48.864044: E tensorflow/compiler/xla/stream_executor/cuda/cuda_blas.cc:1518] Unable to register cuBLAS factory: Attempting to register factory for plugin cuBLAS when one has already been registered
2025-03-13 03:44:48.864192: E tensorflow/compiler/xla/stream_executor/cuda/cuda_dnn.cc:9342] Unable to register cuDNN factory: Attempting to register factory for plugin cuDNN when one has already been registered
2025-03-13 03:44:48.864219: E tensorflow/compiler/xla/stream_executor/cuda/cuda_fft.cc:609] Unable to register cuFFT factory: Attempting to register factory for plugin cuFFT when one has already been registered
2025-03-13 03:44:48.864248: E tensorflow/compiler/xla/stream_executor/cuda/cuda_blas.cc:1518] Unable to register cuBLAS factory: Attempting to register factory for plugin cuBLAS when one has already been registered
2025-03-13 03:44:48.864599: E tensorflow/compiler/xla/stream_executor/cuda/cuda_dnn.cc:9342] Unable to register cuDNN factory: Attempting to register factory for plugin cuDNN when one has already been registered
2025-03-13 03:44:48.864622: E tensorflow/compiler/xla/stream_executor/cuda/cuda_fft.cc:609] Unable to register cuFFT factory: Attempting to register factory for plugin cuFFT when one has already been registered
2025-03-13 03:44:48.864644: E tensorflow/compiler/xla/stream_executor/cuda/cuda_blas.cc:1518] Unable to register cuBLAS factory: Attempting to register factory for plugin cuBLAS when one has already been registered
2025-03-13 03:44:48.864747: E tensorflow/compiler/xla/stream_executor/cuda/cuda_dnn.cc:9342] Unable to register cuDNN factory: Attempting to register factory for plugin cuDNN when one has already been registered
2025-03-13 03:44:48.864765: E tensorflow/compiler/xla/stream_executor/cuda/cuda_fft.cc:609] Unable to register cuFFT factory: Attempting to register factory for plugin cuFFT when one has already been registered
2025-03-13 03:44:48.864792: E tensorflow/compiler/xla/stream_executor/cuda/cuda_blas.cc:1518] Unable to register cuBLAS factory: Attempting to register factory for plugin cuBLAS when one has already been registered
2025-03-13 03:44:48.864744: E tensorflow/compiler/xla/stream_executor/cuda/cuda_dnn.cc:9342] Unable to register cuDNN factory: Attempting to register factory for plugin cuDNN when one has already been registered
2025-03-13 03:44:48.864774: E tensorflow/compiler/xla/stream_executor/cuda/cuda_fft.cc:609] Unable to register cuFFT factory: Attempting to register factory for plugin cuFFT when one has already been registered
2025-03-13 03:44:48.864800: E tensorflow/compiler/xla/stream_executor/cuda/cuda_blas.cc:1518] Unable to register cuBLAS factory: Attempting to register factory for plugin cuBLAS when one has already been registered
2025-03-13 03:44:48.864744: E tensorflow/compiler/xla/stream_executor/cuda/cuda_dnn.cc:9342] Unable to register cuDNN factory: Attempting to register factory for plugin cuDNN when one has already been registered
2025-03-13 03:44:48.864776: E tensorflow/compiler/xla/stream_executor/cuda/cuda_fft.cc:609] Unable to register cuFFT factory: Attempting to register factory for plugin cuFFT when one has already been registered
2025-03-13 03:44:48.864795: E tensorflow/compiler/xla/stream_executor/cuda/cuda_blas.cc:1518] Unable to register cuBLAS factory: Attempting to register factory for plugin cuBLAS when one has already been registered
DeePMD-kit: Cannot find libcudart.so.11.0
implib-gen: libcudart.so.11.0: failed to load library 'libcudart.so.11.0' via callback 'DP_cudart_dlopen'
implib-gen: libcudart.so.11.0: failed to resolve symbol '__cudaRegisterFatBinary', library failed to load
implib-gen: libcudart.so.11.0: failed to load library 'libcudart.so.11.0' via callback 'DP_cudart_dlopen'
implib-gen: libcudart.so.11.0: failed to resolve symbol '__cudaRegisterFunction', library failed to load
implib-gen: libcudart.so.11.0: failed to load library 'libcudart.so.11.0' via callback 'DP_cudart_dlopen'
implib-gen: libcudart.so.11.0: failed to resolve symbol '__cudaRegisterFatBinaryEnd', library failed to load
DeePMD-kit: Cannot find libcudart.so.11.0
implib-gen: libcudart.so.11.0: failed to load library 'libcudart.so.11.0' via callback 'DP_cudart_dlopen'
implib-gen: libcudart.so.11.0: failed to resolve symbol '__cudaRegisterFatBinary', library failed to load
implib-gen: libcudart.so.11.0: failed to load library 'libcudart.so.11.0' via callback 'DP_cudart_dlopen'
implib-gen: libcudart.so.11.0: failed to resolve symbol '__cudaRegisterFunction', library failed to load
implib-gen: libcudart.so.11.0: failed to load library 'libcudart.so.11.0' via callback 'DP_cudart_dlopen'
implib-gen: libcudart.so.11.0: failed to resolve symbol '__cudaRegisterFatBinaryEnd', library failed to load
2025-03-13 03:44:48.865572: I tensorflow/tsl/cuda/cudart_stub.cc:28] Could not find cuda drivers on your machine, GPU will not be used.
DeePMD-kit: Cannot find libcudart.so.11.0
implib-gen: libcudart.so.11.0: failed to load library 'libcudart.so.11.0' via callback 'DP_cudart_dlopen'
implib-gen: libcudart.so.11.0: failed to resolve symbol '__cudaRegisterFatBinary', library failed to load
implib-gen: libcudart.so.11.0: failed to load library 'libcudart.so.11.0' via callback 'DP_cudart_dlopen'
implib-gen: libcudart.so.11.0: failed to resolve symbol '__cudaRegisterFunction', library failed to load
implib-gen: libcudart.so.11.0: failed to load library 'libcudart.so.11.0' via callback 'DP_cudart_dlopen'
implib-gen: libcudart.so.11.0: failed to resolve symbol '__cudaRegisterFatBinaryEnd', library failed to load
DeePMD-kit: Cannot find libcudart.so.11.0
implib-gen: libcudart.so.11.0: failed to load library 'libcudart.so.11.0' via callback 'DP_cudart_dlopen'
implib-gen: libcudart.so.11.0: failed to resolve symbol '__cudaRegisterFatBinary', library failed to load
implib-gen: libcudart.so.11.0: failed to load library 'libcudart.so.11.0' via callback 'DP_cudart_dlopen'
implib-gen: libcudart.so.11.0: failed to resolve symbol '__cudaRegisterFunction', library failed to load
implib-gen: libcudart.so.11.0: failed to load library 'libcudart.so.11.0' via callback 'DP_cudart_dlopen'
implib-gen: libcudart.so.11.0: failed to resolve symbol '__cudaRegisterFatBinaryEnd', library failed to load
2025-03-13 03:44:48.865572: I tensorflow/tsl/cuda/cudart_stub.cc:28] Could not find cuda drivers on your machine, GPU will not be used.
DeePMD-kit: Cannot find libcudart.so.11.0
2025-03-13 03:44:48.865567: I tensorflow/tsl/cuda/cudart_stub.cc:28] Could not find cuda drivers on your machine, GPU will not be used.
implib-gen: libcudart.so.11.0: failed to load library 'libcudart.so.11.0' via callback 'DP_cudart_dlopen'
implib-gen: libcudart.so.11.0: failed to resolve symbol '__cudaRegisterFatBinary', library failed to load
implib-gen: libcudart.so.11.0: failed to load library 'libcudart.so.11.0' via callback 'DP_cudart_dlopen'
implib-gen: libcudart.so.11.0: failed to resolve symbol '__cudaRegisterFunction', library failed to load
implib-gen: libcudart.so.11.0: failed to load library 'libcudart.so.11.0' via callback 'DP_cudart_dlopen'
implib-gen: libcudart.so.11.0: failed to resolve symbol '__cudaRegisterFatBinaryEnd', library failed to load
2025-03-13 03:44:48.865567: I tensorflow/tsl/cuda/cudart_stub.cc:28] Could not find cuda drivers on your machine, GPU will not be used.
2025-03-13 03:44:48.865861: I tensorflow/tsl/cuda/cudart_stub.cc:28] Could not find cuda drivers on your machine, GPU will not be used.
2025-03-13 03:44:48.865861: I tensorflow/tsl/cuda/cudart_stub.cc:28] Could not find cuda drivers on your machine, GPU will not be used.
2025-03-13 03:44:48.866270: I tensorflow/tsl/cuda/cudart_stub.cc:28] Could not find cuda drivers on your machine, GPU will not be used.
2025-03-13 03:44:48.866374: I tensorflow/tsl/cuda/cudart_stub.cc:28] Could not find cuda drivers on your machine, GPU will not be used.
2025-03-13 03:44:48.867772: E tensorflow/compiler/xla/stream_executor/cuda/cuda_dnn.cc:9342] Unable to register cuDNN factory: Attempting to register factory for plugin cuDNN when one has already been registered
2025-03-13 03:44:48.867800: E tensorflow/compiler/xla/stream_executor/cuda/cuda_fft.cc:609] Unable to register cuFFT factory: Attempting to register factory for plugin cuFFT when one has already been registered
2025-03-13 03:44:48.867828: E tensorflow/compiler/xla/stream_executor/cuda/cuda_blas.cc:1518] Unable to register cuBLAS factory: Attempting to register factory for plugin cuBLAS when one has already been registered
2025-03-13 03:44:48.867755: E tensorflow/compiler/xla/stream_executor/cuda/cuda_dnn.cc:9342] Unable to register cuDNN factory: Attempting to register factory for plugin cuDNN when one has already been registered
2025-03-13 03:44:48.867779: E tensorflow/compiler/xla/stream_executor/cuda/cuda_fft.cc:609] Unable to register cuFFT factory: Attempting to register factory for plugin cuFFT when one has already been registered
2025-03-13 03:44:48.867807: E tensorflow/compiler/xla/stream_executor/cuda/cuda_blas.cc:1518] Unable to register cuBLAS factory: Attempting to register factory for plugin cuBLAS when one has already been registered
2025-03-13 03:44:48.867772: E tensorflow/compiler/xla/stream_executor/cuda/cuda_dnn.cc:9342] Unable to register cuDNN factory: Attempting to register factory for plugin cuDNN when one has already been registered
2025-03-13 03:44:48.867799: E tensorflow/compiler/xla/stream_executor/cuda/cuda_fft.cc:609] Unable to register cuFFT factory: Attempting to register factory for plugin cuFFT when one has already been registered
2025-03-13 03:44:48.867827: E tensorflow/compiler/xla/stream_executor/cuda/cuda_blas.cc:1518] Unable to register cuBLAS factory: Attempting to register factory for plugin cuBLAS when one has already been registered
2025-03-13 03:44:48.867755: E tensorflow/compiler/xla/stream_executor/cuda/cuda_dnn.cc:9342] Unable to register cuDNN factory: Attempting to register factory for plugin cuDNN when one has already been registered
2025-03-13 03:44:48.867779: E tensorflow/compiler/xla/stream_executor/cuda/cuda_fft.cc:609] Unable to register cuFFT factory: Attempting to register factory for plugin cuFFT when one has already been registered
2025-03-13 03:44:48.867803: E tensorflow/compiler/xla/stream_executor/cuda/cuda_blas.cc:1518] Unable to register cuBLAS factory: Attempting to register factory for plugin cuBLAS when one has already been registered
2025-03-13 03:44:48.867825: E tensorflow/compiler/xla/stream_executor/cuda/cuda_dnn.cc:9342] Unable to register cuDNN factory: Attempting to register factory for plugin cuDNN when one has already been registered
2025-03-13 03:44:48.867843: E tensorflow/compiler/xla/stream_executor/cuda/cuda_fft.cc:609] Unable to register cuFFT factory: Attempting to register factory for plugin cuFFT when one has already been registered
2025-03-13 03:44:48.867863: E tensorflow/compiler/xla/stream_executor/cuda/cuda_blas.cc:1518] Unable to register cuBLAS factory: Attempting to register factory for plugin cuBLAS when one has already been registered
2025-03-13 03:44:48.867823: E tensorflow/compiler/xla/stream_executor/cuda/cuda_dnn.cc:9342] Unable to register cuDNN factory: Attempting to register factory for plugin cuDNN when one has already been registered
2025-03-13 03:44:48.867843: E tensorflow/compiler/xla/stream_executor/cuda/cuda_fft.cc:609] Unable to register cuFFT factory: Attempting to register factory for plugin cuFFT when one has already been registered
2025-03-13 03:44:48.867862: E tensorflow/compiler/xla/stream_executor/cuda/cuda_blas.cc:1518] Unable to register cuBLAS factory: Attempting to register factory for plugin cuBLAS when one has already been registered
2025-03-13 03:44:48.867977: I tensorflow/tsl/cuda/cudart_stub.cc:28] Could not find cuda drivers on your machine, GPU will not be used.
2025-03-13 03:44:48.868678: E tensorflow/compiler/xla/stream_executor/cuda/cuda_dnn.cc:9342] Unable to register cuDNN factory: Attempting to register factory for plugin cuDNN when one has already been registered
2025-03-13 03:44:48.868696: E tensorflow/compiler/xla/stream_executor/cuda/cuda_fft.cc:609] Unable to register cuFFT factory: Attempting to register factory for plugin cuFFT when one has already been registered
2025-03-13 03:44:48.868718: E tensorflow/compiler/xla/stream_executor/cuda/cuda_blas.cc:1518] Unable to register cuBLAS factory: Attempting to register factory for plugin cuBLAS when one has already been registered
DeePMD-kit: Cannot find libcudart.so.11.0
implib-gen: libcudart.so.11.0: failed to load library 'libcudart.so.11.0' via callback 'DP_cudart_dlopen'
implib-gen: libcudart.so.11.0: failed to resolve symbol '__cudaRegisterFatBinary', library failed to load
implib-gen: libcudart.so.11.0: failed to load library 'libcudart.so.11.0' via callback 'DP_cudart_dlopen'
implib-gen: libcudart.so.11.0: failed to resolve symbol '__cudaRegisterFunction', library failed to load
implib-gen: libcudart.so.11.0: failed to load library 'libcudart.so.11.0' via callback 'DP_cudart_dlopen'
DeePMD-kit: Cannot find libcudart.so.11.0
implib-gen: libcudart.so.11.0: failed to load library 'libcudart.so.11.0' via callback 'DP_cudart_dlopen'
implib-gen: libcudart.so.11.0: failed to resolve symbol '__cudaRegisterFatBinary', library failed to load
implib-gen: libcudart.so.11.0: failed to load library 'libcudart.so.11.0' via callback 'DP_cudart_dlopen'
implib-gen: libcudart.so.11.0: failed to resolve symbol '__cudaRegisterFunction', library failed to load
implib-gen: libcudart.so.11.0: failed to load library 'libcudart.so.11.0' via callback 'DP_cudart_dlopen'
implib-gen: libcudart.so.11.0: failed to resolve symbol '__cudaRegisterFatBinaryEnd', library failed to load
implib-gen: libcudart.so.11.0: failed to resolve symbol '__cudaRegisterFatBinaryEnd', library failed to load
DeePMD-kit: Cannot find libcudart.so.11.0
implib-gen: libcudart.so.11.0: failed to load library 'libcudart.so.11.0' via callback 'DP_cudart_dlopen'
implib-gen: libcudart.so.11.0: failed to resolve symbol '__cudaRegisterFatBinary', library failed to load
implib-gen: libcudart.so.11.0: failed to load library 'libcudart.so.11.0' via callback 'DP_cudart_dlopen'
implib-gen: libcudart.so.11.0: failed to resolve symbol '__cudaRegisterFunction', library failed to load
implib-gen: libcudart.so.11.0: failed to load library 'libcudart.so.11.0' via callback 'DP_cudart_dlopen'
implib-gen: libcudart.so.11.0: failed to resolve symbol '__cudaRegisterFatBinaryEnd', library failed to load
DeePMD-kit: Cannot find libcudart.so.11.0
implib-gen: libcudart.so.11.0: failed to load library 'libcudart.so.11.0' via callback 'DP_cudart_dlopen'
implib-gen: libcudart.so.11.0: failed to resolve symbol '__cudaRegisterFatBinary', library failed to load
implib-gen: libcudart.so.11.0: failed to load library 'libcudart.so.11.0' via callback 'DP_cudart_dlopen'
implib-gen: libcudart.so.11.0: failed to resolve symbol '__cudaRegisterFunction', library failed to load
implib-gen: libcudart.so.11.0: failed to load library 'libcudart.so.11.0' via callback 'DP_cudart_dlopen'
implib-gen: libcudart.so.11.0: failed to resolve symbol '__cudaRegisterFatBinaryEnd', library failed to load
DeePMD-kit: Cannot find libcudart.so.11.0
implib-gen: libcudart.so.11.0: failed to load library 'libcudart.so.11.0' via callback 'DP_cudart_dlopen'
DeePMD-kit: Cannot find libcudart.so.11.0
implib-gen: libcudart.so.11.0: failed to load library 'libcudart.so.11.0' via callback 'DP_cudart_dlopen'
implib-gen: libcudart.so.11.0: failed to resolve symbol '__cudaRegisterFatBinary', library failed to load
implib-gen: libcudart.so.11.0: failed to resolve symbol '__cudaRegisterFatBinary', library failed to load
implib-gen: libcudart.so.11.0: failed to load library 'libcudart.so.11.0' via callback 'DP_cudart_dlopen'
implib-gen: libcudart.so.11.0: failed to resolve symbol '__cudaRegisterFunction', library failed to load
implib-gen: libcudart.so.11.0: failed to load library 'libcudart.so.11.0' via callback 'DP_cudart_dlopen'
implib-gen: libcudart.so.11.0: failed to resolve symbol '__cudaRegisterFatBinaryEnd', library failed to load
implib-gen: libcudart.so.11.0: failed to load library 'libcudart.so.11.0' via callback 'DP_cudart_dlopen'
implib-gen: libcudart.so.11.0: failed to resolve symbol '__cudaRegisterFunction', library failed to load
implib-gen: libcudart.so.11.0: failed to load library 'libcudart.so.11.0' via callback 'DP_cudart_dlopen'
implib-gen: libcudart.so.11.0: failed to resolve symbol '__cudaRegisterFatBinaryEnd', library failed to load
DeePMD-kit: Cannot find libcudart.so.11.0
implib-gen: libcudart.so.11.0: failed to load library 'libcudart.so.11.0' via callback 'DP_cudart_dlopen'
implib-gen: libcudart.so.11.0: failed to resolve symbol '__cudaRegisterFatBinary', library failed to load
implib-gen: libcudart.so.11.0: failed to load library 'libcudart.so.11.0' via callback 'DP_cudart_dlopen'
implib-gen: libcudart.so.11.0: failed to resolve symbol '__cudaRegisterFunction', library failed to load
implib-gen: libcudart.so.11.0: failed to load library 'libcudart.so.11.0' via callback 'DP_cudart_dlopen'
implib-gen: libcudart.so.11.0: failed to resolve symbol '__cudaRegisterFatBinaryEnd', library failed to load
2025-03-13 03:44:48.869800: I tensorflow/tsl/cuda/cudart_stub.cc:28] Could not find cuda drivers on your machine, GPU will not be used.
2025-03-13 03:44:48.870166: E tensorflow/compiler/xla/stream_executor/cuda/cuda_dnn.cc:9342] Unable to register cuDNN factory: Attempting to register factory for plugin cuDNN when one has already been registered
2025-03-13 03:44:48.870186: E tensorflow/compiler/xla/stream_executor/cuda/cuda_fft.cc:609] Unable to register cuFFT factory: Attempting to register factory for plugin cuFFT when one has already been registered
2025-03-13 03:44:48.870211: E tensorflow/compiler/xla/stream_executor/cuda/cuda_blas.cc:1518] Unable to register cuBLAS factory: Attempting to register factory for plugin cuBLAS when one has already been registered
2025-03-13 03:44:48.870286: E tensorflow/compiler/xla/stream_executor/cuda/cuda_dnn.cc:9342] Unable to register cuDNN factory: Attempting to register factory for plugin cuDNN when one has already been registered
2025-03-13 03:44:48.870305: E tensorflow/compiler/xla/stream_executor/cuda/cuda_fft.cc:609] Unable to register cuFFT factory: Attempting to register factory for plugin cuFFT when one has already been registered
2025-03-13 03:44:48.870328: E tensorflow/compiler/xla/stream_executor/cuda/cuda_blas.cc:1518] Unable to register cuBLAS factory: Attempting to register factory for plugin cuBLAS when one has already been registered
2025-03-13 03:44:48.870162: E tensorflow/compiler/xla/stream_executor/cuda/cuda_dnn.cc:9342] Unable to register cuDNN factory: Attempting to register factory for plugin cuDNN when one has already been registered
2025-03-13 03:44:48.870186: E tensorflow/compiler/xla/stream_executor/cuda/cuda_fft.cc:609] Unable to register cuFFT factory: Attempting to register factory for plugin cuFFT when one has already been registered
2025-03-13 03:44:48.870213: E tensorflow/compiler/xla/stream_executor/cuda/cuda_blas.cc:1518] Unable to register cuBLAS factory: Attempting to register factory for plugin cuBLAS when one has already been registered
2025-03-13 03:44:48.870557: I tensorflow/tsl/cuda/cudart_stub.cc:28] Could not find cuda drivers on your machine, GPU will not be used.
2025-03-13 03:44:48.870552: I tensorflow/tsl/cuda/cudart_stub.cc:28] Could not find cuda drivers on your machine, GPU will not be used.
2025-03-13 03:44:48.870775: E tensorflow/compiler/xla/stream_executor/cuda/cuda_dnn.cc:9342] Unable to register cuDNN factory: Attempting to register factory for plugin cuDNN when one has already been registered
2025-03-13 03:44:48.870791: E tensorflow/compiler/xla/stream_executor/cuda/cuda_fft.cc:609] Unable to register cuFFT factory: Attempting to register factory for plugin cuFFT when one has already been registered
2025-03-13 03:44:48.870817: E tensorflow/compiler/xla/stream_executor/cuda/cuda_blas.cc:1518] Unable to register cuBLAS factory: Attempting to register factory for plugin cuBLAS when one has already been registered
2025-03-13 03:44:48.870827: I tensorflow/tsl/cuda/cudart_stub.cc:28] Could not find cuda drivers on your machine, GPU will not be used.
2025-03-13 03:44:48.870829: I tensorflow/tsl/cuda/cudart_stub.cc:28] Could not find cuda drivers on your machine, GPU will not be used.
2025-03-13 03:44:48.870878: I tensorflow/tsl/cuda/cudart_stub.cc:28] Could not find cuda drivers on your machine, GPU will not be used.
2025-03-13 03:44:48.870871: I tensorflow/tsl/cuda/cudart_stub.cc:28] Could not find cuda drivers on your machine, GPU will not be used.
2025-03-13 03:44:48.871144: E tensorflow/compiler/xla/stream_executor/cuda/cuda_dnn.cc:9342] Unable to register cuDNN factory: Attempting to register factory for plugin cuDNN when one has already been registered
2025-03-13 03:44:48.871164: E tensorflow/compiler/xla/stream_executor/cuda/cuda_fft.cc:609] Unable to register cuFFT factory: Attempting to register factory for plugin cuFFT when one has already been registered
2025-03-13 03:44:48.871187: E tensorflow/compiler/xla/stream_executor/cuda/cuda_blas.cc:1518] Unable to register cuBLAS factory: Attempting to register factory for plugin cuBLAS when one has already been registered
2025-03-13 03:44:48.871338: I tensorflow/tsl/cuda/cudart_stub.cc:28] Could not find cuda drivers on your machine, GPU will not be used.
2025-03-13 03:44:48.871730: E tensorflow/compiler/xla/stream_executor/cuda/cuda_dnn.cc:9342] Unable to register cuDNN factory: Attempting to register factory for plugin cuDNN when one has already been registered
2025-03-13 03:44:48.871750: E tensorflow/compiler/xla/stream_executor/cuda/cuda_fft.cc:609] Unable to register cuFFT factory: Attempting to register factory for plugin cuFFT when one has already been registered
2025-03-13 03:44:48.871776: E tensorflow/compiler/xla/stream_executor/cuda/cuda_blas.cc:1518] Unable to register cuBLAS factory: Attempting to register factory for plugin cuBLAS when one has already been registered
2025-03-13 03:44:48.871735: E tensorflow/compiler/xla/stream_executor/cuda/cuda_dnn.cc:9342] Unable to register cuDNN factory: Attempting to register factory for plugin cuDNN when one has already been registered
2025-03-13 03:44:48.871750: E tensorflow/compiler/xla/stream_executor/cuda/cuda_fft.cc:609] Unable to register cuFFT factory: Attempting to register factory for plugin cuFFT when one has already been registered
2025-03-13 03:44:48.871774: E tensorflow/compiler/xla/stream_executor/cuda/cuda_blas.cc:1518] Unable to register cuBLAS factory: Attempting to register factory for plugin cuBLAS when one has already been registered
DeePMD-kit: Cannot find libcudart.so.11.0
implib-gen: libcudart.so.11.0: failed to load library 'libcudart.so.11.0' via callback 'DP_cudart_dlopen'
implib-gen: libcudart.so.11.0: failed to resolve symbol '__cudaRegisterFatBinary', library failed to load
implib-gen: libcudart.so.11.0: failed to load library 'libcudart.so.11.0' via callback 'DP_cudart_dlopen'
implib-gen: libcudart.so.11.0: failed to resolve symbol '__cudaRegisterFunction', library failed to load
implib-gen: libcudart.so.11.0: failed to load library 'libcudart.so.11.0' via callback 'DP_cudart_dlopen'
implib-gen: libcudart.so.11.0: failed to resolve symbol '__cudaRegisterFatBinaryEnd', library failed to load
DeePMD-kit: Cannot find libcudart.so.11.0
implib-gen: libcudart.so.11.0: failed to load library 'libcudart.so.11.0' via callback 'DP_cudart_dlopen'
implib-gen: libcudart.so.11.0: failed to resolve symbol '__cudaRegisterFatBinary', library failed to load
implib-gen: libcudart.so.11.0: failed to load library 'libcudart.so.11.0' via callback 'DP_cudart_dlopen'
implib-gen: libcudart.so.11.0: failed to resolve symbol '__cudaRegisterFunction', library failed to load
implib-gen: libcudart.so.11.0: failed to load library 'libcudart.so.11.0' via callback 'DP_cudart_dlopen'
implib-gen: libcudart.so.11.0: failed to resolve symbol '__cudaRegisterFatBinaryEnd', library failed to load
DeePMD-kit: Cannot find libcudart.so.11.0
implib-gen: libcudart.so.11.0: failed to load library 'libcudart.so.11.0' via callback 'DP_cudart_dlopen'
implib-gen: libcudart.so.11.0: failed to resolve symbol '__cudaRegisterFatBinary', library failed to load
implib-gen: libcudart.so.11.0: failed to load library 'libcudart.so.11.0' via callback 'DP_cudart_dlopen'
implib-gen: libcudart.so.11.0: failed to resolve symbol '__cudaRegisterFunction', library failed to load
implib-gen: libcudart.so.11.0: failed to load library 'libcudart.so.11.0' via callback 'DP_cudart_dlopen'
implib-gen: libcudart.so.11.0: failed to resolve symbol '__cudaRegisterFatBinaryEnd', library failed to load
2025-03-13 03:44:48.872165: I tensorflow/tsl/cuda/cudart_stub.cc:28] Could not find cuda drivers on your machine, GPU will not be used.
2025-03-13 03:44:48.872170: I tensorflow/tsl/cuda/cudart_stub.cc:28] Could not find cuda drivers on your machine, GPU will not be used.
2025-03-13 03:44:48.872210: E tensorflow/compiler/xla/stream_executor/cuda/cuda_dnn.cc:9342] Unable to register cuDNN factory: Attempting to register factory for plugin cuDNN when one has already been registered
2025-03-13 03:44:48.872240: E tensorflow/compiler/xla/stream_executor/cuda/cuda_fft.cc:609] Unable to register cuFFT factory: Attempting to register factory for plugin cuFFT when one has already been registered
2025-03-13 03:44:48.872262: E tensorflow/compiler/xla/stream_executor/cuda/cuda_blas.cc:1518] Unable to register cuBLAS factory: Attempting to register factory for plugin cuBLAS when one has already been registered
2025-03-13 03:44:48.872209: E tensorflow/compiler/xla/stream_executor/cuda/cuda_dnn.cc:9342] Unable to register cuDNN factory: Attempting to register factory for plugin cuDNN when one has already been registered
2025-03-13 03:44:48.872240: E tensorflow/compiler/xla/stream_executor/cuda/cuda_fft.cc:609] Unable to register cuFFT factory: Attempting to register factory for plugin cuFFT when one has already been registered
2025-03-13 03:44:48.872262: E tensorflow/compiler/xla/stream_executor/cuda/cuda_blas.cc:1518] Unable to register cuBLAS factory: Attempting to register factory for plugin cuBLAS when one has already been registered
2025-03-13 03:44:48.872559: E tensorflow/compiler/xla/stream_executor/cuda/cuda_dnn.cc:9342] Unable to register cuDNN factory: Attempting to register factory for plugin cuDNN when one has already been registered
2025-03-13 03:44:48.872580: E tensorflow/compiler/xla/stream_executor/cuda/cuda_fft.cc:609] Unable to register cuFFT factory: Attempting to register factory for plugin cuFFT when one has already been registered
2025-03-13 03:44:48.872603: E tensorflow/compiler/xla/stream_executor/cuda/cuda_blas.cc:1518] Unable to register cuBLAS factory: Attempting to register factory for plugin cuBLAS when one has already been registered
2025-03-13 03:44:48.872564: E tensorflow/compiler/xla/stream_executor/cuda/cuda_dnn.cc:9342] Unable to register cuDNN factory: Attempting to register factory for plugin cuDNN when one has already been registered
2025-03-13 03:44:48.872580: E tensorflow/compiler/xla/stream_executor/cuda/cuda_fft.cc:609] Unable to register cuFFT factory: Attempting to register factory for plugin cuFFT when one has already been registered
2025-03-13 03:44:48.872604: E tensorflow/compiler/xla/stream_executor/cuda/cuda_blas.cc:1518] Unable to register cuBLAS factory: Attempting to register factory for plugin cuBLAS when one has already been registered
DeePMD-kit: Cannot find libcudart.so.11.0
implib-gen: libcudart.so.11.0: failed to load library 'libcudart.so.11.0' via callback 'DP_cudart_dlopen'
implib-gen: libcudart.so.11.0: failed to resolve symbol '__cudaRegisterFatBinary', library failed to load
implib-gen: libcudart.so.11.0: failed to load library 'libcudart.so.11.0' via callback 'DP_cudart_dlopen'
implib-gen: libcudart.so.11.0: failed to resolve symbol '__cudaRegisterFunction', library failed to load
implib-gen: libcudart.so.11.0: failed to load library 'libcudart.so.11.0' via callback 'DP_cudart_dlopen'
implib-gen: libcudart.so.11.0: failed to resolve symbol '__cudaRegisterFatBinaryEnd', library failed to load
2025-03-13 03:44:48.873121: I tensorflow/tsl/cuda/cudart_stub.cc:28] Could not find cuda drivers on your machine, GPU will not be used.
2025-03-13 03:44:48.873119: I tensorflow/tsl/cuda/cudart_stub.cc:28] Could not find cuda drivers on your machine, GPU will not be used.
DeePMD-kit: Cannot find libcudart.so.11.0
implib-gen: libcudart.so.11.0: failed to load library 'libcudart.so.11.0' via callback 'DP_cudart_dlopen'
implib-gen: libcudart.so.11.0: failed to resolve symbol '__cudaRegisterFatBinary', library failed to load
implib-gen: libcudart.so.11.0: failed to load library 'libcudart.so.11.0' via callback 'DP_cudart_dlopen'
implib-gen: libcudart.so.11.0: failed to resolve symbol '__cudaRegisterFunction', library failed to load
implib-gen: libcudart.so.11.0: failed to load library 'libcudart.so.11.0' via callback 'DP_cudart_dlopen'
implib-gen: libcudart.so.11.0: failed to resolve symbol '__cudaRegisterFatBinaryEnd', library failed to load
DeePMD-kit: Cannot find libcudart.so.11.0
implib-gen: libcudart.so.11.0: failed to load library 'libcudart.so.11.0' via callback 'DP_cudart_dlopen'
implib-gen: libcudart.so.11.0: failed to resolve symbol '__cudaRegisterFatBinary', library failed to load
implib-gen: libcudart.so.11.0: failed to load library 'libcudart.so.11.0' via callback 'DP_cudart_dlopen'
implib-gen: libcudart.so.11.0: failed to resolve symbol '__cudaRegisterFunction', library failed to load
implib-gen: libcudart.so.11.0: failed to load library 'libcudart.so.11.0' via callback 'DP_cudart_dlopen'
implib-gen: libcudart.so.11.0: failed to resolve symbol '__cudaRegisterFatBinaryEnd', library failed to load
2025-03-13 03:44:48.873440: I tensorflow/tsl/cuda/cudart_stub.cc:28] Could not find cuda drivers on your machine, GPU will not be used.
2025-03-13 03:44:48.873569: I tensorflow/tsl/cuda/cudart_stub.cc:28] Could not find cuda drivers on your machine, GPU will not be used.
2025-03-13 03:44:48.873572: I tensorflow/tsl/cuda/cudart_stub.cc:28] Could not find cuda drivers on your machine, GPU will not be used.
2025-03-13 03:44:48.873578: I tensorflow/tsl/cuda/cudart_stub.cc:28] Could not find cuda drivers on your machine, GPU will not be used.
2025-03-13 03:44:48.873578: I tensorflow/tsl/cuda/cudart_stub.cc:28] Could not find cuda drivers on your machine, GPU will not be used.
2025-03-13 03:44:48.873943: I tensorflow/tsl/cuda/cudart_stub.cc:28] Could not find cuda drivers on your machine, GPU will not be used.
2025-03-13 03:44:48.873939: I tensorflow/tsl/cuda/cudart_stub.cc:28] Could not find cuda drivers on your machine, GPU will not be used.
2025-03-13 03:44:48.874115: E tensorflow/compiler/xla/stream_executor/cuda/cuda_dnn.cc:9342] Unable to register cuDNN factory: Attempting to register factory for plugin cuDNN when one has already been registered
2025-03-13 03:44:48.874140: E tensorflow/compiler/xla/stream_executor/cuda/cuda_fft.cc:609] Unable to register cuFFT factory: Attempting to register factory for plugin cuFFT when one has already been registered
2025-03-13 03:44:48.874165: E tensorflow/compiler/xla/stream_executor/cuda/cuda_blas.cc:1518] Unable to register cuBLAS factory: Attempting to register factory for plugin cuBLAS when one has already been registered
2025-03-13 03:44:48.874085: I tensorflow/tsl/cuda/cudart_stub.cc:28] Could not find cuda drivers on your machine, GPU will not be used.
2025-03-13 03:44:48.874080: I tensorflow/tsl/cuda/cudart_stub.cc:28] Could not find cuda drivers on your machine, GPU will not be used.
2025-03-13 03:44:48.874244: E tensorflow/compiler/xla/stream_executor/cuda/cuda_dnn.cc:9342] Unable to register cuDNN factory: Attempting to register factory for plugin cuDNN when one has already been registered
2025-03-13 03:44:48.874268: E tensorflow/compiler/xla/stream_executor/cuda/cuda_fft.cc:609] Unable to register cuFFT factory: Attempting to register factory for plugin cuFFT when one has already been registered
2025-03-13 03:44:48.874229: E tensorflow/compiler/xla/stream_executor/cuda/cuda_dnn.cc:9342] Unable to register cuDNN factory: Attempting to register factory for plugin cuDNN when one has already been registered
2025-03-13 03:44:48.874250: E tensorflow/compiler/xla/stream_executor/cuda/cuda_fft.cc:609] Unable to register cuFFT factory: Attempting to register factory for plugin cuFFT when one has already been registered
2025-03-13 03:44:48.874276: E tensorflow/compiler/xla/stream_executor/cuda/cuda_blas.cc:1518] Unable to register cuBLAS factory: Attempting to register factory for plugin cuBLAS when one has already been registered
2025-03-13 03:44:48.874229: E tensorflow/compiler/xla/stream_executor/cuda/cuda_dnn.cc:9342] Unable to register cuDNN factory: Attempting to register factory for plugin cuDNN when one has already been registered
2025-03-13 03:44:48.874250: E tensorflow/compiler/xla/stream_executor/cuda/cuda_fft.cc:609] Unable to register cuFFT factory: Attempting to register factory for plugin cuFFT when one has already been registered
2025-03-13 03:44:48.874273: E tensorflow/compiler/xla/stream_executor/cuda/cuda_blas.cc:1518] Unable to register cuBLAS factory: Attempting to register factory for plugin cuBLAS when one has already been registered
2025-03-13 03:44:48.874236: E tensorflow/compiler/xla/stream_executor/cuda/cuda_dnn.cc:9342] Unable to register cuDNN factory: Attempting to register factory for plugin cuDNN when one has already been registered
2025-03-13 03:44:48.874264: E tensorflow/compiler/xla/stream_executor/cuda/cuda_fft.cc:609] Unable to register cuFFT factory: Attempting to register factory for plugin cuFFT when one has already been registered
2025-03-13 03:44:48.874284: E tensorflow/compiler/xla/stream_executor/cuda/cuda_blas.cc:1518] Unable to register cuBLAS factory: Attempting to register factory for plugin cuBLAS when one has already been registered
DeePMD-kit: Cannot find libcudart.so.11.0
implib-gen: libcudart.so.11.0: failed to load library 'libcudart.so.11.0' via callback 'DP_cudart_dlopen'
implib-gen: libcudart.so.11.0: failed to resolve symbol '__cudaRegisterFatBinary', library failed to load
implib-gen: libcudart.so.11.0: failed to load library 'libcudart.so.11.0' via callback 'DP_cudart_dlopen'
implib-gen: libcudart.so.11.0: failed to resolve symbol '__cudaRegisterFunction', library failed to load
implib-gen: libcudart.so.11.0: failed to load library 'libcudart.so.11.0' via callback 'DP_cudart_dlopen'
implib-gen: libcudart.so.11.0: failed to resolve symbol '__cudaRegisterFatBinaryEnd', library failed to load
2025-03-13 03:44:48.874295: E tensorflow/compiler/xla/stream_executor/cuda/cuda_blas.cc:1518] Unable to register cuBLAS factory: Attempting to register factory for plugin cuBLAS when one has already been registered
2025-03-13 03:44:48.874510: E tensorflow/compiler/xla/stream_executor/cuda/cuda_dnn.cc:9342] Unable to register cuDNN factory: Attempting to register factory for plugin cuDNN when one has already been registered
2025-03-13 03:44:48.874530: E tensorflow/compiler/xla/stream_executor/cuda/cuda_fft.cc:609] Unable to register cuFFT factory: Attempting to register factory for plugin cuFFT when one has already been registered
2025-03-13 03:44:48.874554: E tensorflow/compiler/xla/stream_executor/cuda/cuda_blas.cc:1518] Unable to register cuBLAS factory: Attempting to register factory for plugin cuBLAS when one has already been registered
DeePMD-kit: Cannot find libcudart.so.11.0
implib-gen: libcudart.so.11.0: failed to load library 'libcudart.so.11.0' via callback 'DP_cudart_dlopen'
implib-gen: libcudart.so.11.0: failed to resolve symbol '__cudaRegisterFatBinary', library failed to load
implib-gen: libcudart.so.11.0: failed to load library 'libcudart.so.11.0' via callback 'DP_cudart_dlopen'
implib-gen: libcudart.so.11.0: failed to resolve symbol '__cudaRegisterFunction', library failed to load
implib-gen: libcudart.so.11.0: failed to load library 'libcudart.so.11.0' via callback 'DP_cudart_dlopen'
implib-gen: libcudart.so.11.0: failed to resolve symbol '__cudaRegisterFatBinaryEnd', library failed to load
DeePMD-kit: Cannot find libcudart.so.11.0
implib-gen: libcudart.so.11.0: failed to load library 'libcudart.so.11.0' via callback 'DP_cudart_dlopen'
implib-gen: libcudart.so.11.0: failed to resolve symbol '__cudaRegisterFatBinary', library failed to load
implib-gen: libcudart.so.11.0: failed to load library 'libcudart.so.11.0' via callback 'DP_cudart_dlopen'
implib-gen: libcudart.so.11.0: failed to resolve symbol '__cudaRegisterFunction', library failed to load
implib-gen: libcudart.so.11.0: failed to load library 'libcudart.so.11.0' via callback 'DP_cudart_dlopen'
implib-gen: libcudart.so.11.0: failed to resolve symbol '__cudaRegisterFatBinaryEnd', library failed to load
2025-03-13 03:44:48.874360: I tensorflow/tsl/cuda/cudart_stub.cc:28] Could not find cuda drivers on your machine, GPU will not be used.
2025-03-13 03:44:48.874695: I tensorflow/tsl/cuda/cudart_stub.cc:28] Could not find cuda drivers on your machine, GPU will not be used.
2025-03-13 03:44:48.875394: E tensorflow/compiler/xla/stream_executor/cuda/cuda_dnn.cc:9342] Unable to register cuDNN factory: Attempting to register factory for plugin cuDNN when one has already been registered
2025-03-13 03:44:48.875419: E tensorflow/compiler/xla/stream_executor/cuda/cuda_fft.cc:609] Unable to register cuFFT factory: Attempting to register factory for plugin cuFFT when one has already been registered
2025-03-13 03:44:48.875453: E tensorflow/compiler/xla/stream_executor/cuda/cuda_blas.cc:1518] Unable to register cuBLAS factory: Attempting to register factory for plugin cuBLAS when one has already been registered
2025-03-13 03:44:48.875393: E tensorflow/compiler/xla/stream_executor/cuda/cuda_dnn.cc:9342] Unable to register cuDNN factory: Attempting to register factory for plugin cuDNN when one has already been registered
2025-03-13 03:44:48.875421: E tensorflow/compiler/xla/stream_executor/cuda/cuda_fft.cc:609] Unable to register cuFFT factory: Attempting to register factory for plugin cuFFT when one has already been registered
2025-03-13 03:44:48.875453: E tensorflow/compiler/xla/stream_executor/cuda/cuda_blas.cc:1518] Unable to register cuBLAS factory: Attempting to register factory for plugin cuBLAS when one has already been registered
DeePMD-kit: Cannot find libcudart.so.11.0
implib-gen: libcudart.so.11.0: failed to load library 'libcudart.so.11.0' via callback 'DP_cudart_dlopen'
implib-gen: libcudart.so.11.0: failed to resolve symbol '__cudaRegisterFatBinary', library failed to load
implib-gen: libcudart.so.11.0: failed to load library 'libcudart.so.11.0' via callback 'DP_cudart_dlopen'
implib-gen: libcudart.so.11.0: failed to resolve symbol '__cudaRegisterFunction', library failed to load
implib-gen: libcudart.so.11.0: failed to load library 'libcudart.so.11.0' via callback 'DP_cudart_dlopen'
implib-gen: libcudart.so.11.0: failed to resolve symbol '__cudaRegisterFatBinaryEnd', library failed to load
2025-03-13 03:44:48.875918: I tensorflow/tsl/cuda/cudart_stub.cc:28] Could not find cuda drivers on your machine, GPU will not be used.
DeePMD-kit: Cannot find libcudart.so.11.0
implib-gen: libcudart.so.11.0: failed to load library 'libcudart.so.11.0' via callback 'DP_cudart_dlopen'
implib-gen: libcudart.so.11.0: failed to resolve symbol '__cudaRegisterFatBinary', library failed to load
implib-gen: libcudart.so.11.0: failed to load library 'libcudart.so.11.0' via callback 'DP_cudart_dlopen'
implib-gen: libcudart.so.11.0: failed to resolve symbol '__cudaRegisterFunction', library failed to load
implib-gen: libcudart.so.11.0: failed to load library 'libcudart.so.11.0' via callback 'DP_cudart_dlopen'
implib-gen: libcudart.so.11.0: failed to resolve symbol '__cudaRegisterFatBinaryEnd', library failed to load
DeePMD-kit: Cannot find libcudart.so.11.0
implib-gen: libcudart.so.11.0: failed to load library 'libcudart.so.11.0' via callback 'DP_cudart_dlopen'
implib-gen: libcudart.so.11.0: failed to resolve symbol '__cudaRegisterFatBinary', library failed to load
implib-gen: libcudart.so.11.0: failed to load library 'libcudart.so.11.0' via callback 'DP_cudart_dlopen'
implib-gen: libcudart.so.11.0: failed to resolve symbol '__cudaRegisterFunction', library failed to load
implib-gen: libcudart.so.11.0: failed to load library 'libcudart.so.11.0' via callback 'DP_cudart_dlopen'
implib-gen: libcudart.so.11.0: failed to resolve symbol '__cudaRegisterFatBinaryEnd', library failed to load
DeePMD-kit: Cannot find libcudart.so.11.0
implib-gen: libcudart.so.11.0: failed to load library 'libcudart.so.11.0' via callback 'DP_cudart_dlopen'
implib-gen: libcudart.so.11.0: failed to resolve symbol '__cudaRegisterFatBinary', library failed to load
implib-gen: libcudart.so.11.0: failed to load library 'libcudart.so.11.0' via callback 'DP_cudart_dlopen'
implib-gen: libcudart.so.11.0: failed to resolve symbol '__cudaRegisterFunction', library failed to load
implib-gen: libcudart.so.11.0: failed to load library 'libcudart.so.11.0' via callback 'DP_cudart_dlopen'
implib-gen: libcudart.so.11.0: failed to resolve symbol '__cudaRegisterFatBinaryEnd', library failed to load
2025-03-13 03:44:48.876036: I tensorflow/tsl/cuda/cudart_stub.cc:28] Could not find cuda drivers on your machine, GPU will not be used.
2025-03-13 03:44:48.876032: I tensorflow/tsl/cuda/cudart_stub.cc:28] Could not find cuda drivers on your machine, GPU will not be used.
DeePMD-kit: Cannot find libcudart.so.11.0
implib-gen: libcudart.so.11.0: failed to load library 'libcudart.so.11.0' via callback 'DP_cudart_dlopen'
implib-gen: libcudart.so.11.0: failed to resolve symbol '__cudaRegisterFatBinary', library failed to load
implib-gen: libcudart.so.11.0: failed to load library 'libcudart.so.11.0' via callback 'DP_cudart_dlopen'
implib-gen: libcudart.so.11.0: failed to resolve symbol '__cudaRegisterFunction', library failed to load
implib-gen: libcudart.so.11.0: failed to load library 'libcudart.so.11.0' via callback 'DP_cudart_dlopen'
implib-gen: libcudart.so.11.0: failed to resolve symbol '__cudaRegisterFatBinaryEnd', library failed to load
2025-03-13 03:44:48.876339: E tensorflow/compiler/xla/stream_executor/cuda/cuda_dnn.cc:9342] Unable to register cuDNN factory: Attempting to register factory for plugin cuDNN when one has already been registered
2025-03-13 03:44:48.876373: E tensorflow/compiler/xla/stream_executor/cuda/cuda_fft.cc:609] Unable to register cuFFT factory: Attempting to register factory for plugin cuFFT when one has already been registered
2025-03-13 03:44:48.876399: E tensorflow/compiler/xla/stream_executor/cuda/cuda_blas.cc:1518] Unable to register cuBLAS factory: Attempting to register factory for plugin cuBLAS when one has already been registered
2025-03-13 03:44:48.876339: E tensorflow/compiler/xla/stream_executor/cuda/cuda_dnn.cc:9342] Unable to register cuDNN factory: Attempting to register factory for plugin cuDNN when one has already been registered
2025-03-13 03:44:48.876374: E tensorflow/compiler/xla/stream_executor/cuda/cuda_fft.cc:609] Unable to register cuFFT factory: Attempting to register factory for plugin cuFFT when one has already been registered
2025-03-13 03:44:48.876396: E tensorflow/compiler/xla/stream_executor/cuda/cuda_blas.cc:1518] Unable to register cuBLAS factory: Attempting to register factory for plugin cuBLAS when one has already been registered
2025-03-13 03:44:48.876638: I tensorflow/tsl/cuda/cudart_stub.cc:28] Could not find cuda drivers on your machine, GPU will not be used.
2025-03-13 03:44:48.876639: I tensorflow/tsl/cuda/cudart_stub.cc:28] Could not find cuda drivers on your machine, GPU will not be used.
DeePMD-kit: Cannot find libcudart.so.11.0
implib-gen: libcudart.so.11.0: failed to load library 'libcudart.so.11.0' via callback 'DP_cudart_dlopen'
implib-gen: libcudart.so.11.0: failed to resolve symbol '__cudaRegisterFatBinary', library failed to load
implib-gen: libcudart.so.11.0: failed to load library 'libcudart.so.11.0' via callback 'DP_cudart_dlopen'
implib-gen: libcudart.so.11.0: failed to resolve symbol '__cudaRegisterFunction', library failed to load
implib-gen: libcudart.so.11.0: failed to load library 'libcudart.so.11.0' via callback 'DP_cudart_dlopen'
implib-gen: libcudart.so.11.0: failed to resolve symbol '__cudaRegisterFatBinaryEnd', library failed to load
DeePMD-kit: Cannot find libcudart.so.11.0
implib-gen: libcudart.so.11.0: failed to load library 'libcudart.so.11.0' via callback 'DP_cudart_dlopen'
implib-gen: libcudart.so.11.0: failed to resolve symbol '__cudaRegisterFatBinary', library failed to load
implib-gen: libcudart.so.11.0: failed to load library 'libcudart.so.11.0' via callback 'DP_cudart_dlopen'
implib-gen: libcudart.so.11.0: failed to resolve symbol '__cudaRegisterFunction', library failed to load
implib-gen: libcudart.so.11.0: failed to load library 'libcudart.so.11.0' via callback 'DP_cudart_dlopen'
implib-gen: libcudart.so.11.0: failed to resolve symbol '__cudaRegisterFatBinaryEnd', library failed to load
2025-03-13 03:44:48.877524: I tensorflow/tsl/cuda/cudart_stub.cc:28] Could not find cuda drivers on your machine, GPU will not be used.
2025-03-13 03:44:48.877738: I tensorflow/tsl/cuda/cudart_stub.cc:28] Could not find cuda drivers on your machine, GPU will not be used.
2025-03-13 03:44:48.877735: I tensorflow/tsl/cuda/cudart_stub.cc:28] Could not find cuda drivers on your machine, GPU will not be used.
DeePMD-kit: Cannot find libcudart.so.11.0
implib-gen: libcudart.so.11.0: failed to load library 'libcudart.so.11.0' via callback 'DP_cudart_dlopen'
implib-gen: libcudart.so.11.0: failed to resolve symbol '__cudaRegisterFatBinary', library failed to load
implib-gen: libcudart.so.11.0: failed to load library 'libcudart.so.11.0' via callback 'DP_cudart_dlopen'
implib-gen: libcudart.so.11.0: failed to resolve symbol '__cudaRegisterFunction', library failed to load
implib-gen: libcudart.so.11.0: failed to load library 'libcudart.so.11.0' via callback 'DP_cudart_dlopen'
implib-gen: libcudart.so.11.0: failed to resolve symbol '__cudaRegisterFatBinaryEnd', library failed to load
2025-03-13 03:44:48.878441: E tensorflow/compiler/xla/stream_executor/cuda/cuda_dnn.cc:9342] Unable to register cuDNN factory: Attempting to register factory for plugin cuDNN when one has already been registered
2025-03-13 03:44:48.878463: E tensorflow/compiler/xla/stream_executor/cuda/cuda_fft.cc:609] Unable to register cuFFT factory: Attempting to register factory for plugin cuFFT when one has already been registered
2025-03-13 03:44:48.878443: E tensorflow/compiler/xla/stream_executor/cuda/cuda_dnn.cc:9342] Unable to register cuDNN factory: Attempting to register factory for plugin cuDNN when one has already been registered
2025-03-13 03:44:48.878466: E tensorflow/compiler/xla/stream_executor/cuda/cuda_fft.cc:609] Unable to register cuFFT factory: Attempting to register factory for plugin cuFFT when one has already been registered
2025-03-13 03:44:48.878500: E tensorflow/compiler/xla/stream_executor/cuda/cuda_blas.cc:1518] Unable to register cuBLAS factory: Attempting to register factory for plugin cuBLAS when one has already been registered
2025-03-13 03:44:48.878500: E tensorflow/compiler/xla/stream_executor/cuda/cuda_blas.cc:1518] Unable to register cuBLAS factory: Attempting to register factory for plugin cuBLAS when one has already been registered
2025-03-13 03:44:48.878619: E tensorflow/compiler/xla/stream_executor/cuda/cuda_dnn.cc:9342] Unable to register cuDNN factory: Attempting to register factory for plugin cuDNN when one has already been registered
2025-03-13 03:44:48.878640: E tensorflow/compiler/xla/stream_executor/cuda/cuda_fft.cc:609] Unable to register cuFFT factory: Attempting to register factory for plugin cuFFT when one has already been registered
2025-03-13 03:44:48.878670: E tensorflow/compiler/xla/stream_executor/cuda/cuda_blas.cc:1518] Unable to register cuBLAS factory: Attempting to register factory for plugin cuBLAS when one has already been registered
2025-03-13 03:44:48.878795: E tensorflow/compiler/xla/stream_executor/cuda/cuda_dnn.cc:9342] Unable to register cuDNN factory: Attempting to register factory for plugin cuDNN when one has already been registered
2025-03-13 03:44:48.878824: E tensorflow/compiler/xla/stream_executor/cuda/cuda_fft.cc:609] Unable to register cuFFT factory: Attempting to register factory for plugin cuFFT when one has already been registered
2025-03-13 03:44:48.878849: E tensorflow/compiler/xla/stream_executor/cuda/cuda_blas.cc:1518] Unable to register cuBLAS factory: Attempting to register factory for plugin cuBLAS when one has already been registered
2025-03-13 03:44:48.878795: E tensorflow/compiler/xla/stream_executor/cuda/cuda_dnn.cc:9342] Unable to register cuDNN factory: Attempting to register factory for plugin cuDNN when one has already been registered
2025-03-13 03:44:48.878824: E tensorflow/compiler/xla/stream_executor/cuda/cuda_fft.cc:609] Unable to register cuFFT factory: Attempting to register factory for plugin cuFFT when one has already been registered
2025-03-13 03:44:48.878847: E tensorflow/compiler/xla/stream_executor/cuda/cuda_blas.cc:1518] Unable to register cuBLAS factory: Attempting to register factory for plugin cuBLAS when one has already been registered
2025-03-13 03:44:48.878842: E tensorflow/compiler/xla/stream_executor/cuda/cuda_dnn.cc:9342] Unable to register cuDNN factory: Attempting to register factory for plugin cuDNN when one has already been registered
2025-03-13 03:44:48.878861: E tensorflow/compiler/xla/stream_executor/cuda/cuda_fft.cc:609] Unable to register cuFFT factory: Attempting to register factory for plugin cuFFT when one has already been registered
2025-03-13 03:44:48.878887: E tensorflow/compiler/xla/stream_executor/cuda/cuda_blas.cc:1518] Unable to register cuBLAS factory: Attempting to register factory for plugin cuBLAS when one has already been registered
2025-03-13 03:44:48.878842: E tensorflow/compiler/xla/stream_executor/cuda/cuda_dnn.cc:9342] Unable to register cuDNN factory: Attempting to register factory for plugin cuDNN when one has already been registered
2025-03-13 03:44:48.878861: E tensorflow/compiler/xla/stream_executor/cuda/cuda_fft.cc:609] Unable to register cuFFT factory: Attempting to register factory for plugin cuFFT when one has already been registered
2025-03-13 03:44:48.878890: E tensorflow/compiler/xla/stream_executor/cuda/cuda_blas.cc:1518] Unable to register cuBLAS factory: Attempting to register factory for plugin cuBLAS when one has already been registered
DeePMD-kit: Cannot find libcudart.so.11.0
implib-gen: libcudart.so.11.0: failed to load library 'libcudart.so.11.0' via callback 'DP_cudart_dlopen'
implib-gen: libcudart.so.11.0: failed to resolve symbol '__cudaRegisterFatBinary', library failed to load
implib-gen: libcudart.so.11.0: failed to load library 'libcudart.so.11.0' via callback 'DP_cudart_dlopen'
implib-gen: libcudart.so.11.0: failed to resolve symbol '__cudaRegisterFunction', library failed to load
implib-gen: libcudart.so.11.0: failed to load library 'libcudart.so.11.0' via callback 'DP_cudart_dlopen'
implib-gen: libcudart.so.11.0: failed to resolve symbol '__cudaRegisterFatBinaryEnd', library failed to load
DeePMD-kit: Cannot find libcudart.so.11.0
implib-gen: libcudart.so.11.0: failed to load library 'libcudart.so.11.0' via callback 'DP_cudart_dlopen'
implib-gen: libcudart.so.11.0: failed to resolve symbol '__cudaRegisterFatBinary', library failed to load
implib-gen: libcudart.so.11.0: failed to load library 'libcudart.so.11.0' via callback 'DP_cudart_dlopen'
implib-gen: libcudart.so.11.0: failed to resolve symbol '__cudaRegisterFunction', library failed to load
implib-gen: libcudart.so.11.0: failed to load library 'libcudart.so.11.0' via callback 'DP_cudart_dlopen'
implib-gen: libcudart.so.11.0: failed to resolve symbol '__cudaRegisterFatBinaryEnd', library failed to load
DeePMD-kit: Cannot find libcudart.so.11.0
implib-gen: libcudart.so.11.0: failed to load library 'libcudart.so.11.0' via callback 'DP_cudart_dlopen'
implib-gen: libcudart.so.11.0: failed to resolve symbol '__cudaRegisterFatBinary', library failed to load
implib-gen: libcudart.so.11.0: failed to load library 'libcudart.so.11.0' via callback 'DP_cudart_dlopen'
implib-gen: libcudart.so.11.0: failed to resolve symbol '__cudaRegisterFunction', library failed to load
implib-gen: libcudart.so.11.0: failed to load library 'libcudart.so.11.0' via callback 'DP_cudart_dlopen'
implib-gen: libcudart.so.11.0: failed to resolve symbol '__cudaRegisterFatBinaryEnd', library failed to load
2025-03-13 03:44:48.879061: E tensorflow/compiler/xla/stream_executor/cuda/cuda_dnn.cc:9342] Unable to register cuDNN factory: Attempting to register factory for plugin cuDNN when one has already been registered
2025-03-13 03:44:48.879079: E tensorflow/compiler/xla/stream_executor/cuda/cuda_fft.cc:609] Unable to register cuFFT factory: Attempting to register factory for plugin cuFFT when one has already been registered
2025-03-13 03:44:48.879109: E tensorflow/compiler/xla/stream_executor/cuda/cuda_blas.cc:1518] Unable to register cuBLAS factory: Attempting to register factory for plugin cuBLAS when one has already been registered
2025-03-13 03:44:48.879056: E tensorflow/compiler/xla/stream_executor/cuda/cuda_dnn.cc:9342] Unable to register cuDNN factory: Attempting to register factory for plugin cuDNN when one has already been registered
2025-03-13 03:44:48.879079: E tensorflow/compiler/xla/stream_executor/cuda/cuda_fft.cc:609] Unable to register cuFFT factory: Attempting to register factory for plugin cuFFT when one has already been registered
2025-03-13 03:44:48.879109: E tensorflow/compiler/xla/stream_executor/cuda/cuda_blas.cc:1518] Unable to register cuBLAS factory: Attempting to register factory for plugin cuBLAS when one has already been registered
2025-03-13 03:44:48.879138: I tensorflow/tsl/cuda/cudart_stub.cc:28] Could not find cuda drivers on your machine, GPU will not be used.
2025-03-13 03:44:48.879141: I tensorflow/tsl/cuda/cudart_stub.cc:28] Could not find cuda drivers on your machine, GPU will not be used.
2025-03-13 03:44:48.879313: I tensorflow/tsl/cuda/cudart_stub.cc:28] Could not find cuda drivers on your machine, GPU will not be used.
2025-03-13 03:44:48.879320: I tensorflow/tsl/cuda/cudart_stub.cc:28] Could not find cuda drivers on your machine, GPU will not be used.
DeePMD-kit: Cannot find libcudart.so.11.0
implib-gen: libcudart.so.11.0: failed to load library 'libcudart.so.11.0' via callback 'DP_cudart_dlopen'
implib-gen: libcudart.so.11.0: failed to resolve symbol '__cudaRegisterFatBinary', library failed to load
implib-gen: libcudart.so.11.0: failed to load library 'libcudart.so.11.0' via callback 'DP_cudart_dlopen'
implib-gen: libcudart.so.11.0: failed to resolve symbol '__cudaRegisterFunction', library failed to load
implib-gen: libcudart.so.11.0: failed to load library 'libcudart.so.11.0' via callback 'DP_cudart_dlopen'
implib-gen: libcudart.so.11.0: failed to resolve symbol '__cudaRegisterFatBinaryEnd', library failed to load
2025-03-13 03:44:48.879751: E tensorflow/compiler/xla/stream_executor/cuda/cuda_dnn.cc:9342] Unable to register cuDNN factory: Attempting to register factory for plugin cuDNN when one has already been registered
2025-03-13 03:44:48.879780: E tensorflow/compiler/xla/stream_executor/cuda/cuda_fft.cc:609] Unable to register cuFFT factory: Attempting to register factory for plugin cuFFT when one has already been registered
2025-03-13 03:44:48.879806: E tensorflow/compiler/xla/stream_executor/cuda/cuda_blas.cc:1518] Unable to register cuBLAS factory: Attempting to register factory for plugin cuBLAS when one has already been registered
2025-03-13 03:44:48.880301: I tensorflow/tsl/cuda/cudart_stub.cc:28] Could not find cuda drivers on your machine, GPU will not be used.
2025-03-13 03:44:48.880294: I tensorflow/tsl/cuda/cudart_stub.cc:28] Could not find cuda drivers on your machine, GPU will not be used.
2025-03-13 03:44:48.880324: I tensorflow/tsl/cuda/cudart_stub.cc:28] Could not find cuda drivers on your machine, GPU will not be used.
2025-03-13 03:44:48.880327: I tensorflow/tsl/cuda/cudart_stub.cc:28] Could not find cuda drivers on your machine, GPU will not be used.
DeePMD-kit: Cannot find libcudart.so.11.0
implib-gen: libcudart.so.11.0: failed to load library 'libcudart.so.11.0' via callback 'DP_cudart_dlopen'
implib-gen: libcudart.so.11.0: failed to resolve symbol '__cudaRegisterFatBinary', library failed to load
implib-gen: libcudart.so.11.0: failed to load library 'libcudart.so.11.0' via callback 'DP_cudart_dlopen'
implib-gen: libcudart.so.11.0: failed to resolve symbol '__cudaRegisterFunction', library failed to load
implib-gen: libcudart.so.11.0: failed to load library 'libcudart.so.11.0' via callback 'DP_cudart_dlopen'
implib-gen: libcudart.so.11.0: failed to resolve symbol '__cudaRegisterFatBinaryEnd', library failed to load
DeePMD-kit: Cannot find libcudart.so.11.0
implib-gen: libcudart.so.11.0: failed to load library 'libcudart.so.11.0' via callback 'DP_cudart_dlopen'
implib-gen: libcudart.so.11.0: failed to resolve symbol '__cudaRegisterFatBinary', library failed to load
implib-gen: libcudart.so.11.0: failed to load library 'libcudart.so.11.0' via callback 'DP_cudart_dlopen'
implib-gen: libcudart.so.11.0: failed to resolve symbol '__cudaRegisterFunction', library failed to load
implib-gen: libcudart.so.11.0: failed to load library 'libcudart.so.11.0' via callback 'DP_cudart_dlopen'
implib-gen: libcudart.so.11.0: failed to resolve symbol '__cudaRegisterFatBinaryEnd', library failed to load
DeePMD-kit: Cannot find libcudart.so.11.0
implib-gen: libcudart.so.11.0: failed to load library 'libcudart.so.11.0' via callback 'DP_cudart_dlopen'
implib-gen: libcudart.so.11.0: failed to resolve symbol '__cudaRegisterFatBinary', library failed to load
implib-gen: libcudart.so.11.0: failed to load library 'libcudart.so.11.0' via callback 'DP_cudart_dlopen'
implib-gen: libcudart.so.11.0: failed to resolve symbol '__cudaRegisterFunction', library failed to load
implib-gen: libcudart.so.11.0: failed to load library 'libcudart.so.11.0' via callback 'DP_cudart_dlopen'
implib-gen: libcudart.so.11.0: failed to resolve symbol '__cudaRegisterFatBinaryEnd', library failed to load
DeePMD-kit: Cannot find libcudart.so.11.0
implib-gen: libcudart.so.11.0: failed to load library 'libcudart.so.11.0' via callback 'DP_cudart_dlopen'
implib-gen: libcudart.so.11.0: failed to resolve symbol '__cudaRegisterFatBinary', library failed to load
implib-gen: libcudart.so.11.0: failed to load library 'libcudart.so.11.0' via callback 'DP_cudart_dlopen'
implib-gen: libcudart.so.11.0: failed to resolve symbol '__cudaRegisterFunction', library failed to load
implib-gen: libcudart.so.11.0: failed to load library 'libcudart.so.11.0' via callback 'DP_cudart_dlopen'
implib-gen: libcudart.so.11.0: failed to resolve symbol '__cudaRegisterFatBinaryEnd', library failed to load
2025-03-13 03:44:48.882726: E tensorflow/compiler/xla/stream_executor/cuda/cuda_dnn.cc:9342] Unable to register cuDNN factory: Attempting to register factory for plugin cuDNN when one has already been registered
2025-03-13 03:44:48.882746: E tensorflow/compiler/xla/stream_executor/cuda/cuda_fft.cc:609] Unable to register cuFFT factory: Attempting to register factory for plugin cuFFT when one has already been registered
2025-03-13 03:44:48.882775: E tensorflow/compiler/xla/stream_executor/cuda/cuda_blas.cc:1518] Unable to register cuBLAS factory: Attempting to register factory for plugin cuBLAS when one has already been registered
DeePMD-kit: Cannot find libcudart.so.11.0
implib-gen: libcudart.so.11.0: failed to load library 'libcudart.so.11.0' via callback 'DP_cudart_dlopen'
implib-gen: libcudart.so.11.0: failed to resolve symbol '__cudaRegisterFatBinary', library failed to load
implib-gen: libcudart.so.11.0: failed to load library 'libcudart.so.11.0' via callback 'DP_cudart_dlopen'
implib-gen: libcudart.so.11.0: failed to resolve symbol '__cudaRegisterFunction', library failed to load
implib-gen: libcudart.so.11.0: failed to load library 'libcudart.so.11.0' via callback 'DP_cudart_dlopen'
implib-gen: libcudart.so.11.0: failed to resolve symbol '__cudaRegisterFatBinaryEnd', library failed to load
DeePMD-kit: Cannot find libcudart.so.11.0
implib-gen: libcudart.so.11.0: failed to load library 'libcudart.so.11.0' via callback 'DP_cudart_dlopen'
implib-gen: libcudart.so.11.0: failed to resolve symbol '__cudaRegisterFatBinary', library failed to load
implib-gen: libcudart.so.11.0: failed to load library 'libcudart.so.11.0' via callback 'DP_cudart_dlopen'
implib-gen: libcudart.so.11.0: failed to resolve symbol '__cudaRegisterFunction', library failed to load
implib-gen: libcudart.so.11.0: failed to load library 'libcudart.so.11.0' via callback 'DP_cudart_dlopen'
implib-gen: libcudart.so.11.0: failed to resolve symbol '__cudaRegisterFatBinaryEnd', library failed to load
DeePMD-kit: Cannot find libcudart.so.11.0
implib-gen: libcudart.so.11.0: failed to load library 'libcudart.so.11.0' via callback 'DP_cudart_dlopen'
implib-gen: libcudart.so.11.0: failed to resolve symbol '__cudaRegisterFatBinary', library failed to load
implib-gen: libcudart.so.11.0: failed to load library 'libcudart.so.11.0' via callback 'DP_cudart_dlopen'
implib-gen: libcudart.so.11.0: failed to resolve symbol '__cudaRegisterFunction', library failed to load
implib-gen: libcudart.so.11.0: failed to load library 'libcudart.so.11.0' via callback 'DP_cudart_dlopen'
implib-gen: libcudart.so.11.0: failed to resolve symbol '__cudaRegisterFatBinaryEnd', library failed to load
DeePMD-kit: Cannot find libcudart.so.11.0
implib-gen: libcudart.so.11.0: failed to load library 'libcudart.so.11.0' via callback 'DP_cudart_dlopen'
implib-gen: libcudart.so.11.0: failed to resolve symbol '__cudaRegisterFatBinary', library failed to load
implib-gen: libcudart.so.11.0: failed to load library 'libcudart.so.11.0' via callback 'DP_cudart_dlopen'
implib-gen: libcudart.so.11.0: failed to resolve symbol '__cudaRegisterFunction', library failed to load
implib-gen: libcudart.so.11.0: failed to load library 'libcudart.so.11.0' via callback 'DP_cudart_dlopen'
implib-gen: libcudart.so.11.0: failed to resolve symbol '__cudaRegisterFatBinaryEnd', library failed to load
2025-03-13 03:44:48.883379: I tensorflow/tsl/cuda/cudart_stub.cc:28] Could not find cuda drivers on your machine, GPU will not be used.
2025-03-13 03:44:48.883672: E tensorflow/compiler/xla/stream_executor/cuda/cuda_dnn.cc:9342] Unable to register cuDNN factory: Attempting to register factory for plugin cuDNN when one has already been registered
2025-03-13 03:44:48.883690: E tensorflow/compiler/xla/stream_executor/cuda/cuda_fft.cc:609] Unable to register cuFFT factory: Attempting to register factory for plugin cuFFT when one has already been registered
2025-03-13 03:44:48.883721: E tensorflow/compiler/xla/stream_executor/cuda/cuda_blas.cc:1518] Unable to register cuBLAS factory: Attempting to register factory for plugin cuBLAS when one has already been registered
2025-03-13 03:44:48.884313: I tensorflow/tsl/cuda/cudart_stub.cc:28] Could not find cuda drivers on your machine, GPU will not be used.
2025-03-13 03:44:48.884312: I tensorflow/tsl/cuda/cudart_stub.cc:28] Could not find cuda drivers on your machine, GPU will not be used.
DeePMD-kit: Cannot find libcudart.so.11.0
implib-gen: libcudart.so.11.0: failed to load library 'libcudart.so.11.0' via callback 'DP_cudart_dlopen'
implib-gen: libcudart.so.11.0: failed to resolve symbol '__cudaRegisterFatBinary', library failed to load
implib-gen: libcudart.so.11.0: failed to load library 'libcudart.so.11.0' via callback 'DP_cudart_dlopen'
implib-gen: libcudart.so.11.0: failed to resolve symbol '__cudaRegisterFunction', library failed to load
implib-gen: libcudart.so.11.0: failed to load library 'libcudart.so.11.0' via callback 'DP_cudart_dlopen'
implib-gen: libcudart.so.11.0: failed to resolve symbol '__cudaRegisterFatBinaryEnd', library failed to load
DeePMD-kit: Cannot find libcudart.so.11.0
implib-gen: libcudart.so.11.0: failed to load library 'libcudart.so.11.0' via callback 'DP_cudart_dlopen'
implib-gen: libcudart.so.11.0: failed to resolve symbol '__cudaRegisterFatBinary', library failed to load
implib-gen: libcudart.so.11.0: failed to load library 'libcudart.so.11.0' via callback 'DP_cudart_dlopen'
implib-gen: libcudart.so.11.0: failed to resolve symbol '__cudaRegisterFunction', library failed to load
implib-gen: libcudart.so.11.0: failed to load library 'libcudart.so.11.0' via callback 'DP_cudart_dlopen'
implib-gen: libcudart.so.11.0: failed to resolve symbol '__cudaRegisterFatBinaryEnd', library failed to load
2025-03-13 03:44:48.884752: E tensorflow/compiler/xla/stream_executor/cuda/cuda_dnn.cc:9342] Unable to register cuDNN factory: Attempting to register factory for plugin cuDNN when one has already been registered
2025-03-13 03:44:48.884782: E tensorflow/compiler/xla/stream_executor/cuda/cuda_fft.cc:609] Unable to register cuFFT factory: Attempting to register factory for plugin cuFFT when one has already been registered
2025-03-13 03:44:48.884809: E tensorflow/compiler/xla/stream_executor/cuda/cuda_blas.cc:1518] Unable to register cuBLAS factory: Attempting to register factory for plugin cuBLAS when one has already been registered
2025-03-13 03:44:48.884752: E tensorflow/compiler/xla/stream_executor/cuda/cuda_dnn.cc:9342] Unable to register cuDNN factory: Attempting to register factory for plugin cuDNN when one has already been registered
2025-03-13 03:44:48.884781: E tensorflow/compiler/xla/stream_executor/cuda/cuda_fft.cc:609] Unable to register cuFFT factory: Attempting to register factory for plugin cuFFT when one has already been registered
2025-03-13 03:44:48.884809: E tensorflow/compiler/xla/stream_executor/cuda/cuda_blas.cc:1518] Unable to register cuBLAS factory: Attempting to register factory for plugin cuBLAS when one has already been registered
2025-03-13 03:44:48.884947: E tensorflow/compiler/xla/stream_executor/cuda/cuda_dnn.cc:9342] Unable to register cuDNN factory: Attempting to register factory for plugin cuDNN when one has already been registered
2025-03-13 03:44:48.884970: E tensorflow/compiler/xla/stream_executor/cuda/cuda_fft.cc:609] Unable to register cuFFT factory: Attempting to register factory for plugin cuFFT when one has already been registered
2025-03-13 03:44:48.884997: E tensorflow/compiler/xla/stream_executor/cuda/cuda_blas.cc:1518] Unable to register cuBLAS factory: Attempting to register factory for plugin cuBLAS when one has already been registered
2025-03-13 03:44:48.885266: I tensorflow/tsl/cuda/cudart_stub.cc:28] Could not find cuda drivers on your machine, GPU will not be used.
2025-03-13 03:44:48.885266: I tensorflow/tsl/cuda/cudart_stub.cc:28] Could not find cuda drivers on your machine, GPU will not be used.
2025-03-13 03:44:48.885618: I tensorflow/tsl/cuda/cudart_stub.cc:28] Could not find cuda drivers on your machine, GPU will not be used.
2025-03-13 03:44:48.885614: I tensorflow/tsl/cuda/cudart_stub.cc:28] Could not find cuda drivers on your machine, GPU will not be used.
2025-03-13 03:44:48.885844: E tensorflow/compiler/xla/stream_executor/cuda/cuda_dnn.cc:9342] Unable to register cuDNN factory: Attempting to register factory for plugin cuDNN when one has already been registered
2025-03-13 03:44:48.885864: E tensorflow/compiler/xla/stream_executor/cuda/cuda_fft.cc:609] Unable to register cuFFT factory: Attempting to register factory for plugin cuFFT when one has already been registered
2025-03-13 03:44:48.885890: E tensorflow/compiler/xla/stream_executor/cuda/cuda_blas.cc:1518] Unable to register cuBLAS factory: Attempting to register factory for plugin cuBLAS when one has already been registered
DeePMD-kit: Cannot find libcudart.so.11.0
implib-gen: libcudart.so.11.0: failed to load library 'libcudart.so.11.0' via callback 'DP_cudart_dlopen'
implib-gen: libcudart.so.11.0: failed to resolve symbol '__cudaRegisterFatBinary', library failed to load
implib-gen: libcudart.so.11.0: failed to load library 'libcudart.so.11.0' via callback 'DP_cudart_dlopen'
implib-gen: libcudart.so.11.0: failed to resolve symbol '__cudaRegisterFunction', library failed to load
implib-gen: libcudart.so.11.0: failed to load library 'libcudart.so.11.0' via callback 'DP_cudart_dlopen'
implib-gen: libcudart.so.11.0: failed to resolve symbol '__cudaRegisterFatBinaryEnd', library failed to load
DeePMD-kit: Cannot find libcudart.so.11.0
implib-gen: libcudart.so.11.0: failed to load library 'libcudart.so.11.0' via callback 'DP_cudart_dlopen'
implib-gen: libcudart.so.11.0: failed to resolve symbol '__cudaRegisterFatBinary', library failed to load
implib-gen: libcudart.so.11.0: failed to load library 'libcudart.so.11.0' via callback 'DP_cudart_dlopen'
implib-gen: libcudart.so.11.0: failed to resolve symbol '__cudaRegisterFunction', library failed to load
implib-gen: libcudart.so.11.0: failed to load library 'libcudart.so.11.0' via callback 'DP_cudart_dlopen'
implib-gen: libcudart.so.11.0: failed to resolve symbol '__cudaRegisterFatBinaryEnd', library failed to load
2025-03-13 03:44:48.887062: I tensorflow/tsl/cuda/cudart_stub.cc:28] Could not find cuda drivers on your machine, GPU will not be used.
DeePMD-kit: Cannot find libcudart.so.11.0
implib-gen: libcudart.so.11.0: failed to load library 'libcudart.so.11.0' via callback 'DP_cudart_dlopen'
implib-gen: libcudart.so.11.0: failed to resolve symbol '__cudaRegisterFatBinary', library failed to load
implib-gen: libcudart.so.11.0: failed to load library 'libcudart.so.11.0' via callback 'DP_cudart_dlopen'
implib-gen: libcudart.so.11.0: failed to resolve symbol '__cudaRegisterFunction', library failed to load
DeePMD-kit: Cannot find libcudart.so.11.0
implib-gen: libcudart.so.11.0: failed to load library 'libcudart.so.11.0' via callback 'DP_cudart_dlopen'
implib-gen: libcudart.so.11.0: failed to resolve symbol '__cudaRegisterFatBinary', library failed to load
implib-gen: libcudart.so.11.0: failed to load library 'libcudart.so.11.0' via callback 'DP_cudart_dlopen'
implib-gen: libcudart.so.11.0: failed to resolve symbol '__cudaRegisterFunction', library failed to load
implib-gen: libcudart.so.11.0: failed to load library 'libcudart.so.11.0' via callback 'DP_cudart_dlopen'
implib-gen: libcudart.so.11.0: failed to resolve symbol '__cudaRegisterFatBinaryEnd', library failed to load
implib-gen: libcudart.so.11.0: failed to load library 'libcudart.so.11.0' via callback 'DP_cudart_dlopen'
implib-gen: libcudart.so.11.0: failed to resolve symbol '__cudaRegisterFatBinaryEnd', library failed to load
DeePMD-kit: Cannot find libcudart.so.11.0
implib-gen: libcudart.so.11.0: failed to load library 'libcudart.so.11.0' via callback 'DP_cudart_dlopen'
implib-gen: libcudart.so.11.0: failed to resolve symbol '__cudaRegisterFatBinary', library failed to load
implib-gen: libcudart.so.11.0: failed to load library 'libcudart.so.11.0' via callback 'DP_cudart_dlopen'
implib-gen: libcudart.so.11.0: failed to resolve symbol '__cudaRegisterFunction', library failed to load
implib-gen: libcudart.so.11.0: failed to load library 'libcudart.so.11.0' via callback 'DP_cudart_dlopen'
implib-gen: libcudart.so.11.0: failed to resolve symbol '__cudaRegisterFatBinaryEnd', library failed to load
DeePMD-kit: Cannot find libcudart.so.11.0
implib-gen: libcudart.so.11.0: failed to load library 'libcudart.so.11.0' via callback 'DP_cudart_dlopen'
implib-gen: libcudart.so.11.0: failed to resolve symbol '__cudaRegisterFatBinary', library failed to load
implib-gen: libcudart.so.11.0: failed to load library 'libcudart.so.11.0' via callback 'DP_cudart_dlopen'
implib-gen: libcudart.so.11.0: failed to resolve symbol '__cudaRegisterFunction', library failed to load
implib-gen: libcudart.so.11.0: failed to load library 'libcudart.so.11.0' via callback 'DP_cudart_dlopen'
implib-gen: libcudart.so.11.0: failed to resolve symbol '__cudaRegisterFatBinaryEnd', library failed to load
DeePMD-kit: Cannot find libcudart.so.11.0
implib-gen: libcudart.so.11.0: failed to load library 'libcudart.so.11.0' via callback 'DP_cudart_dlopen'
implib-gen: libcudart.so.11.0: failed to resolve symbol '__cudaRegisterFatBinary', library failed to load
implib-gen: libcudart.so.11.0: failed to load library 'libcudart.so.11.0' via callback 'DP_cudart_dlopen'
implib-gen: libcudart.so.11.0: failed to resolve symbol '__cudaRegisterFunction', library failed to load
implib-gen: libcudart.so.11.0: failed to load library 'libcudart.so.11.0' via callback 'DP_cudart_dlopen'
implib-gen: libcudart.so.11.0: failed to resolve symbol '__cudaRegisterFatBinaryEnd', library failed to load
2025-03-13 03:44:48.887963: E tensorflow/compiler/xla/stream_executor/cuda/cuda_dnn.cc:9342] Unable to register cuDNN factory: Attempting to register factory for plugin cuDNN when one has already been registered
2025-03-13 03:44:48.887978: E tensorflow/compiler/xla/stream_executor/cuda/cuda_fft.cc:609] Unable to register cuFFT factory: Attempting to register factory for plugin cuFFT when one has already been registered
2025-03-13 03:44:48.888000: E tensorflow/compiler/xla/stream_executor/cuda/cuda_blas.cc:1518] Unable to register cuBLAS factory: Attempting to register factory for plugin cuBLAS when one has already been registered
2025-03-13 03:44:48.887959: E tensorflow/compiler/xla/stream_executor/cuda/cuda_dnn.cc:9342] Unable to register cuDNN factory: Attempting to register factory for plugin cuDNN when one has already been registered
2025-03-13 03:44:48.887978: E tensorflow/compiler/xla/stream_executor/cuda/cuda_fft.cc:609] Unable to register cuFFT factory: Attempting to register factory for plugin cuFFT when one has already been registered
2025-03-13 03:44:48.888002: E tensorflow/compiler/xla/stream_executor/cuda/cuda_blas.cc:1518] Unable to register cuBLAS factory: Attempting to register factory for plugin cuBLAS when one has already been registered
2025-03-13 03:44:48.888357: E tensorflow/compiler/xla/stream_executor/cuda/cuda_dnn.cc:9342] Unable to register cuDNN factory: Attempting to register factory for plugin cuDNN when one has already been registered
2025-03-13 03:44:48.888385: E tensorflow/compiler/xla/stream_executor/cuda/cuda_fft.cc:609] Unable to register cuFFT factory: Attempting to register factory for plugin cuFFT when one has already been registered
2025-03-13 03:44:48.888412: E tensorflow/compiler/xla/stream_executor/cuda/cuda_blas.cc:1518] Unable to register cuBLAS factory: Attempting to register factory for plugin cuBLAS when one has already been registered
2025-03-13 03:44:48.888358: E tensorflow/compiler/xla/stream_executor/cuda/cuda_dnn.cc:9342] Unable to register cuDNN factory: Attempting to register factory for plugin cuDNN when one has already been registered
2025-03-13 03:44:48.888385: E tensorflow/compiler/xla/stream_executor/cuda/cuda_fft.cc:609] Unable to register cuFFT factory: Attempting to register factory for plugin cuFFT when one has already been registered
2025-03-13 03:44:48.888412: E tensorflow/compiler/xla/stream_executor/cuda/cuda_blas.cc:1518] Unable to register cuBLAS factory: Attempting to register factory for plugin cuBLAS when one has already been registered
DeePMD-kit: Cannot find libcudart.so.11.0
implib-gen: libcudart.so.11.0: failed to load library 'libcudart.so.11.0' via callback 'DP_cudart_dlopen'
implib-gen: libcudart.so.11.0: failed to resolve symbol '__cudaRegisterFatBinary', library failed to load
implib-gen: libcudart.so.11.0: failed to load library 'libcudart.so.11.0' via callback 'DP_cudart_dlopen'
implib-gen: libcudart.so.11.0: failed to resolve symbol '__cudaRegisterFunction', library failed to load
implib-gen: libcudart.so.11.0: failed to load library 'libcudart.so.11.0' via callback 'DP_cudart_dlopen'
implib-gen: libcudart.so.11.0: failed to resolve symbol '__cudaRegisterFatBinaryEnd', library failed to load
DeePMD-kit: Cannot find libcudart.so.11.0
implib-gen: libcudart.so.11.0: failed to load library 'libcudart.so.11.0' via callback 'DP_cudart_dlopen'
implib-gen: libcudart.so.11.0: failed to resolve symbol '__cudaRegisterFatBinary', library failed to load
implib-gen: libcudart.so.11.0: failed to load library 'libcudart.so.11.0' via callback 'DP_cudart_dlopen'
implib-gen: libcudart.so.11.0: failed to resolve symbol '__cudaRegisterFunction', library failed to load
implib-gen: libcudart.so.11.0: failed to load library 'libcudart.so.11.0' via callback 'DP_cudart_dlopen'
implib-gen: libcudart.so.11.0: failed to resolve symbol '__cudaRegisterFatBinaryEnd', library failed to load
DeePMD-kit: Cannot find libcudart.so.11.0
implib-gen: libcudart.so.11.0: failed to load library 'libcudart.so.11.0' via callback 'DP_cudart_dlopen'
implib-gen: libcudart.so.11.0: failed to resolve symbol '__cudaRegisterFatBinary', library failed to load
implib-gen: libcudart.so.11.0: failed to load library 'libcudart.so.11.0' via callback 'DP_cudart_dlopen'
implib-gen: libcudart.so.11.0: failed to resolve symbol '__cudaRegisterFunction', library failed to load
implib-gen: libcudart.so.11.0: failed to load library 'libcudart.so.11.0' via callback 'DP_cudart_dlopen'
implib-gen: libcudart.so.11.0: failed to resolve symbol '__cudaRegisterFatBinaryEnd', library failed to load
DeePMD-kit: Cannot find libcudart.so.11.0
implib-gen: libcudart.so.11.0: failed to load library 'libcudart.so.11.0' via callback 'DP_cudart_dlopen'
implib-gen: libcudart.so.11.0: failed to resolve symbol '__cudaRegisterFatBinary', library failed to load
implib-gen: libcudart.so.11.0: failed to load library 'libcudart.so.11.0' via callback 'DP_cudart_dlopen'
implib-gen: libcudart.so.11.0: failed to resolve symbol '__cudaRegisterFunction', library failed to load
implib-gen: libcudart.so.11.0: failed to load library 'libcudart.so.11.0' via callback 'DP_cudart_dlopen'
implib-gen: libcudart.so.11.0: failed to resolve symbol '__cudaRegisterFatBinaryEnd', library failed to load
DeePMD-kit: Cannot find libcudart.so.11.0
implib-gen: libcudart.so.11.0: failed to load library 'libcudart.so.11.0' via callback 'DP_cudart_dlopen'
implib-gen: libcudart.so.11.0: failed to resolve symbol '__cudaRegisterFatBinary', library failed to load
implib-gen: libcudart.so.11.0: failed to load library 'libcudart.so.11.0' via callback 'DP_cudart_dlopen'
implib-gen: libcudart.so.11.0: failed to resolve symbol '__cudaRegisterFunction', library failed to load
implib-gen: libcudart.so.11.0: failed to load library 'libcudart.so.11.0' via callback 'DP_cudart_dlopen'
implib-gen: libcudart.so.11.0: failed to resolve symbol '__cudaRegisterFatBinaryEnd', library failed to load
DeePMD-kit: Cannot find libcudart.so.11.0
DeePMD-kit: Cannot find libcudart.so.11.0
implib-gen: libcudart.so.11.0: failed to load library 'libcudart.so.11.0' via callback 'DP_cudart_dlopen'
implib-gen: libcudart.so.11.0: failed to resolve symbol '__cudaRegisterFatBinary', library failed to load
implib-gen: libcudart.so.11.0: failed to load library 'libcudart.so.11.0' via callback 'DP_cudart_dlopen'
implib-gen: libcudart.so.11.0: failed to resolve symbol '__cudaRegisterFunction', library failed to load
implib-gen: libcudart.so.11.0: failed to load library 'libcudart.so.11.0' via callback 'DP_cudart_dlopen'
implib-gen: libcudart.so.11.0: failed to resolve symbol '__cudaRegisterFatBinaryEnd', library failed to load
implib-gen: libcudart.so.11.0: failed to load library 'libcudart.so.11.0' via callback 'DP_cudart_dlopen'
implib-gen: libcudart.so.11.0: failed to resolve symbol '__cudaRegisterFatBinary', library failed to load
implib-gen: libcudart.so.11.0: failed to load library 'libcudart.so.11.0' via callback 'DP_cudart_dlopen'
implib-gen: libcudart.so.11.0: failed to resolve symbol '__cudaRegisterFunction', library failed to load
implib-gen: libcudart.so.11.0: failed to load library 'libcudart.so.11.0' via callback 'DP_cudart_dlopen'
implib-gen: libcudart.so.11.0: failed to resolve symbol '__cudaRegisterFatBinaryEnd', library failed to load
DeePMD-kit: Cannot find libcudart.so.11.0
DeePMD-kit: Cannot find libcudart.so.11.0
implib-gen: libcudart.so.11.0: failed to load library 'libcudart.so.11.0' via callback 'DP_cudart_dlopen'
implib-gen: libcudart.so.11.0: failed to resolve symbol '__cudaRegisterFatBinary', library failed to load
implib-gen: libcudart.so.11.0: failed to load library 'libcudart.so.11.0' via callback 'DP_cudart_dlopen'
implib-gen: libcudart.so.11.0: failed to load library 'libcudart.so.11.0' via callback 'DP_cudart_dlopen'
implib-gen: libcudart.so.11.0: failed to resolve symbol '__cudaRegisterFatBinary', library failed to load
implib-gen: libcudart.so.11.0: failed to load library 'libcudart.so.11.0' via callback 'DP_cudart_dlopen'
implib-gen: libcudart.so.11.0: failed to resolve symbol '__cudaRegisterFunction', library failed to load
implib-gen: libcudart.so.11.0: failed to load library 'libcudart.so.11.0' via callback 'DP_cudart_dlopen'
implib-gen: libcudart.so.11.0: failed to resolve symbol '__cudaRegisterFatBinaryEnd', library failed to load
implib-gen: libcudart.so.11.0: failed to resolve symbol '__cudaRegisterFunction', library failed to load
implib-gen: libcudart.so.11.0: failed to load library 'libcudart.so.11.0' via callback 'DP_cudart_dlopen'
implib-gen: libcudart.so.11.0: failed to resolve symbol '__cudaRegisterFatBinaryEnd', library failed to load
2025-03-13 03:44:48.890133: E tensorflow/compiler/xla/stream_executor/cuda/cuda_dnn.cc:9342] Unable to register cuDNN factory: Attempting to register factory for plugin cuDNN when one has already been registered
2025-03-13 03:44:48.890154: E tensorflow/compiler/xla/stream_executor/cuda/cuda_fft.cc:609] Unable to register cuFFT factory: Attempting to register factory for plugin cuFFT when one has already been registered
2025-03-13 03:44:48.890182: E tensorflow/compiler/xla/stream_executor/cuda/cuda_blas.cc:1518] Unable to register cuBLAS factory: Attempting to register factory for plugin cuBLAS when one has already been registered
2025-03-13 03:44:48.890205: E tensorflow/compiler/xla/stream_executor/cuda/cuda_dnn.cc:9342] Unable to register cuDNN factory: Attempting to register factory for plugin cuDNN when one has already been registered
2025-03-13 03:44:48.890224: E tensorflow/compiler/xla/stream_executor/cuda/cuda_fft.cc:609] Unable to register cuFFT factory: Attempting to register factory for plugin cuFFT when one has already been registered
2025-03-13 03:44:48.890251: E tensorflow/compiler/xla/stream_executor/cuda/cuda_blas.cc:1518] Unable to register cuBLAS factory: Attempting to register factory for plugin cuBLAS when one has already been registered
2025-03-13 03:44:48.890203: E tensorflow/compiler/xla/stream_executor/cuda/cuda_dnn.cc:9342] Unable to register cuDNN factory: Attempting to register factory for plugin cuDNN when one has already been registered
2025-03-13 03:44:48.890224: E tensorflow/compiler/xla/stream_executor/cuda/cuda_fft.cc:609] Unable to register cuFFT factory: Attempting to register factory for plugin cuFFT when one has already been registered
2025-03-13 03:44:48.890251: E tensorflow/compiler/xla/stream_executor/cuda/cuda_blas.cc:1518] Unable to register cuBLAS factory: Attempting to register factory for plugin cuBLAS when one has already been registered
2025-03-13 03:44:48.890784: I tensorflow/tsl/cuda/cudart_stub.cc:28] Could not find cuda drivers on your machine, GPU will not be used.
2025-03-13 03:44:48.890782: I tensorflow/tsl/cuda/cudart_stub.cc:28] Could not find cuda drivers on your machine, GPU will not be used.
2025-03-13 03:44:48.891019: E tensorflow/compiler/xla/stream_executor/cuda/cuda_dnn.cc:9342] Unable to register cuDNN factory: Attempting to register factory for plugin cuDNN when one has already been registered
2025-03-13 03:44:48.891042: E tensorflow/compiler/xla/stream_executor/cuda/cuda_fft.cc:609] Unable to register cuFFT factory: Attempting to register factory for plugin cuFFT when one has already been registered
2025-03-13 03:44:48.891067: E tensorflow/compiler/xla/stream_executor/cuda/cuda_blas.cc:1518] Unable to register cuBLAS factory: Attempting to register factory for plugin cuBLAS when one has already been registered
2025-03-13 03:44:48.891184: E tensorflow/compiler/xla/stream_executor/cuda/cuda_dnn.cc:9342] Unable to register cuDNN factory: Attempting to register factory for plugin cuDNN when one has already been registered
2025-03-13 03:44:48.891204: E tensorflow/compiler/xla/stream_executor/cuda/cuda_fft.cc:609] Unable to register cuFFT factory: Attempting to register factory for plugin cuFFT when one has already been registered
2025-03-13 03:44:48.891187: E tensorflow/compiler/xla/stream_executor/cuda/cuda_dnn.cc:9342] Unable to register cuDNN factory: Attempting to register factory for plugin cuDNN when one has already been registered
2025-03-13 03:44:48.891203: E tensorflow/compiler/xla/stream_executor/cuda/cuda_fft.cc:609] Unable to register cuFFT factory: Attempting to register factory for plugin cuFFT when one has already been registered
2025-03-13 03:44:48.891239: E tensorflow/compiler/xla/stream_executor/cuda/cuda_blas.cc:1518] Unable to register cuBLAS factory: Attempting to register factory for plugin cuBLAS when one has already been registered
2025-03-13 03:44:48.891242: E tensorflow/compiler/xla/stream_executor/cuda/cuda_blas.cc:1518] Unable to register cuBLAS factory: Attempting to register factory for plugin cuBLAS when one has already been registered
DeePMD-kit: Cannot find libcudart.so.11.0
implib-gen: libcudart.so.11.0: failed to load library 'libcudart.so.11.0' via callback 'DP_cudart_dlopen'
implib-gen: libcudart.so.11.0: failed to resolve symbol '__cudaRegisterFatBinary', library failed to load
implib-gen: libcudart.so.11.0: failed to load library 'libcudart.so.11.0' via callback 'DP_cudart_dlopen'
implib-gen: libcudart.so.11.0: failed to resolve symbol '__cudaRegisterFunction', library failed to load
implib-gen: libcudart.so.11.0: failed to load library 'libcudart.so.11.0' via callback 'DP_cudart_dlopen'
implib-gen: libcudart.so.11.0: failed to resolve symbol '__cudaRegisterFatBinaryEnd', library failed to load
DeePMD-kit: Cannot find libcudart.so.11.0
implib-gen: libcudart.so.11.0: failed to load library 'libcudart.so.11.0' via callback 'DP_cudart_dlopen'
implib-gen: libcudart.so.11.0: failed to resolve symbol '__cudaRegisterFatBinary', library failed to load
implib-gen: libcudart.so.11.0: failed to load library 'libcudart.so.11.0' via callback 'DP_cudart_dlopen'
implib-gen: libcudart.so.11.0: failed to resolve symbol '__cudaRegisterFunction', library failed to load
implib-gen: libcudart.so.11.0: failed to load library 'libcudart.so.11.0' via callback 'DP_cudart_dlopen'
implib-gen: libcudart.so.11.0: failed to resolve symbol '__cudaRegisterFatBinaryEnd', library failed to load
2025-03-13 03:44:48.893145: I tensorflow/tsl/cuda/cudart_stub.cc:28] Could not find cuda drivers on your machine, GPU will not be used.
2025-03-13 03:44:48.893151: I tensorflow/tsl/cuda/cudart_stub.cc:28] Could not find cuda drivers on your machine, GPU will not be used.
2025-03-13 03:44:48.893381: I tensorflow/tsl/cuda/cudart_stub.cc:28] Could not find cuda drivers on your machine, GPU will not be used.
2025-03-13 03:44:48.893378: I tensorflow/tsl/cuda/cudart_stub.cc:28] Could not find cuda drivers on your machine, GPU will not be used.
DeePMD-kit: Cannot find libcudart.so.11.0
implib-gen: libcudart.so.11.0: failed to load library 'libcudart.so.11.0' via callback 'DP_cudart_dlopen'
implib-gen: libcudart.so.11.0: failed to resolve symbol '__cudaRegisterFatBinary', library failed to load
implib-gen: libcudart.so.11.0: failed to load library 'libcudart.so.11.0' via callback 'DP_cudart_dlopen'
implib-gen: libcudart.so.11.0: failed to resolve symbol '__cudaRegisterFunction', library failed to load
implib-gen: libcudart.so.11.0: failed to load library 'libcudart.so.11.0' via callback 'DP_cudart_dlopen'
implib-gen: libcudart.so.11.0: failed to resolve symbol '__cudaRegisterFatBinaryEnd', library failed to load
DeePMD-kit: Cannot find libcudart.so.11.0
implib-gen: libcudart.so.11.0: failed to load library 'libcudart.so.11.0' via callback 'DP_cudart_dlopen'
implib-gen: libcudart.so.11.0: failed to resolve symbol '__cudaRegisterFatBinary', library failed to load
implib-gen: libcudart.so.11.0: failed to load library 'libcudart.so.11.0' via callback 'DP_cudart_dlopen'
implib-gen: libcudart.so.11.0: failed to resolve symbol '__cudaRegisterFunction', library failed to load
implib-gen: libcudart.so.11.0: failed to load library 'libcudart.so.11.0' via callback 'DP_cudart_dlopen'
implib-gen: libcudart.so.11.0: failed to resolve symbol '__cudaRegisterFatBinaryEnd', library failed to load
DeePMD-kit: Cannot find libcudart.so.11.0
implib-gen: libcudart.so.11.0: failed to load library 'libcudart.so.11.0' via callback 'DP_cudart_dlopen'
implib-gen: libcudart.so.11.0: failed to resolve symbol '__cudaRegisterFatBinary', library failed to load
implib-gen: libcudart.so.11.0: failed to load library 'libcudart.so.11.0' via callback 'DP_cudart_dlopen'
implib-gen: libcudart.so.11.0: failed to resolve symbol '__cudaRegisterFunction', library failed to load
implib-gen: libcudart.so.11.0: failed to load library 'libcudart.so.11.0' via callback 'DP_cudart_dlopen'
implib-gen: libcudart.so.11.0: failed to resolve symbol '__cudaRegisterFatBinaryEnd', library failed to load
2025-03-13 03:44:48.893752: E tensorflow/compiler/xla/stream_executor/cuda/cuda_dnn.cc:9342] Unable to register cuDNN factory: Attempting to register factory for plugin cuDNN when one has already been registered
2025-03-13 03:44:48.893775: E tensorflow/compiler/xla/stream_executor/cuda/cuda_fft.cc:609] Unable to register cuFFT factory: Attempting to register factory for plugin cuFFT when one has already been registered
2025-03-13 03:44:48.893802: E tensorflow/compiler/xla/stream_executor/cuda/cuda_blas.cc:1518] Unable to register cuBLAS factory: Attempting to register factory for plugin cuBLAS when one has already been registered
2025-03-13 03:44:48.893752: E tensorflow/compiler/xla/stream_executor/cuda/cuda_dnn.cc:9342] Unable to register cuDNN factory: Attempting to register factory for plugin cuDNN when one has already been registered
2025-03-13 03:44:48.893778: E tensorflow/compiler/xla/stream_executor/cuda/cuda_fft.cc:609] Unable to register cuFFT factory: Attempting to register factory for plugin cuFFT when one has already been registered
2025-03-13 03:44:48.893804: E tensorflow/compiler/xla/stream_executor/cuda/cuda_blas.cc:1518] Unable to register cuBLAS factory: Attempting to register factory for plugin cuBLAS when one has already been registered
2025-03-13 03:44:48.893895: E tensorflow/compiler/xla/stream_executor/cuda/cuda_dnn.cc:9342] Unable to register cuDNN factory: Attempting to register factory for plugin cuDNN when one has already been registered
2025-03-13 03:44:48.893911: E tensorflow/compiler/xla/stream_executor/cuda/cuda_fft.cc:609] Unable to register cuFFT factory: Attempting to register factory for plugin cuFFT when one has already been registered
2025-03-13 03:44:48.893891: E tensorflow/compiler/xla/stream_executor/cuda/cuda_dnn.cc:9342] Unable to register cuDNN factory: Attempting to register factory for plugin cuDNN when one has already been registered
2025-03-13 03:44:48.893911: E tensorflow/compiler/xla/stream_executor/cuda/cuda_fft.cc:609] Unable to register cuFFT factory: Attempting to register factory for plugin cuFFT when one has already been registered
2025-03-13 03:44:48.893940: E tensorflow/compiler/xla/stream_executor/cuda/cuda_blas.cc:1518] Unable to register cuBLAS factory: Attempting to register factory for plugin cuBLAS when one has already been registered
2025-03-13 03:44:48.893893: E tensorflow/compiler/xla/stream_executor/cuda/cuda_dnn.cc:9342] Unable to register cuDNN factory: Attempting to register factory for plugin cuDNN when one has already been registered
2025-03-13 03:44:48.893911: E tensorflow/compiler/xla/stream_executor/cuda/cuda_fft.cc:609] Unable to register cuFFT factory: Attempting to register factory for plugin cuFFT when one has already been registered
2025-03-13 03:44:48.893940: E tensorflow/compiler/xla/stream_executor/cuda/cuda_blas.cc:1518] Unable to register cuBLAS factory: Attempting to register factory for plugin cuBLAS when one has already been registered
2025-03-13 03:44:48.893898: E tensorflow/compiler/xla/stream_executor/cuda/cuda_dnn.cc:9342] Unable to register cuDNN factory: Attempting to register factory for plugin cuDNN when one has already been registered
2025-03-13 03:44:48.893913: E tensorflow/compiler/xla/stream_executor/cuda/cuda_fft.cc:609] Unable to register cuFFT factory: Attempting to register factory for plugin cuFFT when one has already been registered
2025-03-13 03:44:48.893937: E tensorflow/compiler/xla/stream_executor/cuda/cuda_blas.cc:1518] Unable to register cuBLAS factory: Attempting to register factory for plugin cuBLAS when one has already been registered
2025-03-13 03:44:48.893940: E tensorflow/compiler/xla/stream_executor/cuda/cuda_blas.cc:1518] Unable to register cuBLAS factory: Attempting to register factory for plugin cuBLAS when one has already been registered
2025-03-13 03:44:48.894202: E tensorflow/compiler/xla/stream_executor/cuda/cuda_dnn.cc:9342] Unable to register cuDNN factory: Attempting to register factory for plugin cuDNN when one has already been registered
2025-03-13 03:44:48.894222: E tensorflow/compiler/xla/stream_executor/cuda/cuda_fft.cc:609] Unable to register cuFFT factory: Attempting to register factory for plugin cuFFT when one has already been registered
2025-03-13 03:44:48.894249: E tensorflow/compiler/xla/stream_executor/cuda/cuda_blas.cc:1518] Unable to register cuBLAS factory: Attempting to register factory for plugin cuBLAS when one has already been registered
DeePMD-kit: Cannot find libcudart.so.11.0
implib-gen: libcudart.so.11.0: failed to load library 'libcudart.so.11.0' via callback 'DP_cudart_dlopen'
implib-gen: libcudart.so.11.0: failed to resolve symbol '__cudaRegisterFatBinary', library failed to load
implib-gen: libcudart.so.11.0: failed to load library 'libcudart.so.11.0' via callback 'DP_cudart_dlopen'
implib-gen: libcudart.so.11.0: failed to resolve symbol '__cudaRegisterFunction', library failed to load
implib-gen: libcudart.so.11.0: failed to load library 'libcudart.so.11.0' via callback 'DP_cudart_dlopen'
implib-gen: libcudart.so.11.0: failed to resolve symbol '__cudaRegisterFatBinaryEnd', library failed to load
2025-03-13 03:44:48.894971: E tensorflow/compiler/xla/stream_executor/cuda/cuda_dnn.cc:9342] Unable to register cuDNN factory: Attempting to register factory for plugin cuDNN when one has already been registered
2025-03-13 03:44:48.894989: E tensorflow/compiler/xla/stream_executor/cuda/cuda_fft.cc:609] Unable to register cuFFT factory: Attempting to register factory for plugin cuFFT when one has already been registered
2025-03-13 03:44:48.895019: E tensorflow/compiler/xla/stream_executor/cuda/cuda_blas.cc:1518] Unable to register cuBLAS factory: Attempting to register factory for plugin cuBLAS when one has already been registered
2025-03-13 03:44:48.894958: I tensorflow/tsl/cuda/cudart_stub.cc:28] Could not find cuda drivers on your machine, GPU will not be used.
2025-03-13 03:44:48.894962: I tensorflow/tsl/cuda/cudart_stub.cc:28] Could not find cuda drivers on your machine, GPU will not be used.
DeePMD-kit: Cannot find libcudart.so.11.0
implib-gen: libcudart.so.11.0: failed to load library 'libcudart.so.11.0' via callback 'DP_cudart_dlopen'
implib-gen: libcudart.so.11.0: failed to resolve symbol '__cudaRegisterFatBinary', library failed to load
implib-gen: libcudart.so.11.0: failed to load library 'libcudart.so.11.0' via callback 'DP_cudart_dlopen'
implib-gen: libcudart.so.11.0: failed to resolve symbol '__cudaRegisterFunction', library failed to load
implib-gen: libcudart.so.11.0: failed to load library 'libcudart.so.11.0' via callback 'DP_cudart_dlopen'
implib-gen: libcudart.so.11.0: failed to resolve symbol '__cudaRegisterFatBinaryEnd', library failed to load
DeePMD-kit: Cannot find libcudart.so.11.0
implib-gen: libcudart.so.11.0: failed to load library 'libcudart.so.11.0' via callback 'DP_cudart_dlopen'
implib-gen: libcudart.so.11.0: failed to resolve symbol '__cudaRegisterFatBinary', library failed to load
implib-gen: libcudart.so.11.0: failed to load library 'libcudart.so.11.0' via callback 'DP_cudart_dlopen'
implib-gen: libcudart.so.11.0: failed to resolve symbol '__cudaRegisterFunction', library failed to load
implib-gen: libcudart.so.11.0: failed to load library 'libcudart.so.11.0' via callback 'DP_cudart_dlopen'
implib-gen: libcudart.so.11.0: failed to resolve symbol '__cudaRegisterFatBinaryEnd', library failed to load
2025-03-13 03:44:48.896757: E tensorflow/compiler/xla/stream_executor/cuda/cuda_dnn.cc:9342] Unable to register cuDNN factory: Attempting to register factory for plugin cuDNN when one has already been registered
2025-03-13 03:44:48.896775: E tensorflow/compiler/xla/stream_executor/cuda/cuda_fft.cc:609] Unable to register cuFFT factory: Attempting to register factory for plugin cuFFT when one has already been registered
2025-03-13 03:44:48.896771: E tensorflow/compiler/xla/stream_executor/cuda/cuda_dnn.cc:9342] Unable to register cuDNN factory: Attempting to register factory for plugin cuDNN when one has already been registered
2025-03-13 03:44:48.896795: E tensorflow/compiler/xla/stream_executor/cuda/cuda_fft.cc:609] Unable to register cuFFT factory: Attempting to register factory for plugin cuFFT when one has already been registered
2025-03-13 03:44:48.896815: E tensorflow/compiler/xla/stream_executor/cuda/cuda_blas.cc:1518] Unable to register cuBLAS factory: Attempting to register factory for plugin cuBLAS when one has already been registered
2025-03-13 03:44:48.896801: E tensorflow/compiler/xla/stream_executor/cuda/cuda_blas.cc:1518] Unable to register cuBLAS factory: Attempting to register factory for plugin cuBLAS when one has already been registered
DeePMD-kit: Cannot find libcudart.so.11.0
implib-gen: libcudart.so.11.0: failed to load library 'libcudart.so.11.0' via callback 'DP_cudart_dlopen'
implib-gen: libcudart.so.11.0: failed to resolve symbol '__cudaRegisterFatBinary', library failed to load
implib-gen: libcudart.so.11.0: failed to load library 'libcudart.so.11.0' via callback 'DP_cudart_dlopen'
implib-gen: libcudart.so.11.0: failed to resolve symbol '__cudaRegisterFunction', library failed to load
implib-gen: libcudart.so.11.0: failed to load library 'libcudart.so.11.0' via callback 'DP_cudart_dlopen'
implib-gen: libcudart.so.11.0: failed to resolve symbol '__cudaRegisterFatBinaryEnd', library failed to load
DeePMD-kit: Cannot find libcudart.so.11.0
implib-gen: libcudart.so.11.0: failed to load library 'libcudart.so.11.0' via callback 'DP_cudart_dlopen'
implib-gen: libcudart.so.11.0: failed to resolve symbol '__cudaRegisterFatBinary', library failed to load
implib-gen: libcudart.so.11.0: failed to load library 'libcudart.so.11.0' via callback 'DP_cudart_dlopen'
implib-gen: libcudart.so.11.0: failed to resolve symbol '__cudaRegisterFunction', library failed to load
implib-gen: libcudart.so.11.0: failed to load library 'libcudart.so.11.0' via callback 'DP_cudart_dlopen'
implib-gen: libcudart.so.11.0: failed to resolve symbol '__cudaRegisterFatBinaryEnd', library failed to load
2025-03-13 03:44:48.898513: E tensorflow/compiler/xla/stream_executor/cuda/cuda_dnn.cc:9342] Unable to register cuDNN factory: Attempting to register factory for plugin cuDNN when one has already been registered
2025-03-13 03:44:48.898533: E tensorflow/compiler/xla/stream_executor/cuda/cuda_fft.cc:609] Unable to register cuFFT factory: Attempting to register factory for plugin cuFFT when one has already been registered
2025-03-13 03:44:48.898560: E tensorflow/compiler/xla/stream_executor/cuda/cuda_blas.cc:1518] Unable to register cuBLAS factory: Attempting to register factory for plugin cuBLAS when one has already been registered
2025-03-13 03:44:48.898516: E tensorflow/compiler/xla/stream_executor/cuda/cuda_dnn.cc:9342] Unable to register cuDNN factory: Attempting to register factory for plugin cuDNN when one has already been registered
2025-03-13 03:44:48.898533: E tensorflow/compiler/xla/stream_executor/cuda/cuda_fft.cc:609] Unable to register cuFFT factory: Attempting to register factory for plugin cuFFT when one has already been registered
2025-03-13 03:44:48.898557: E tensorflow/compiler/xla/stream_executor/cuda/cuda_blas.cc:1518] Unable to register cuBLAS factory: Attempting to register factory for plugin cuBLAS when one has already been registered
DeePMD-kit: Cannot find libcudart.so.11.0
implib-gen: libcudart.so.11.0: failed to load library 'libcudart.so.11.0' via callback 'DP_cudart_dlopen'
implib-gen: libcudart.so.11.0: failed to resolve symbol '__cudaRegisterFatBinary', library failed to load
implib-gen: libcudart.so.11.0: failed to load library 'libcudart.so.11.0' via callback 'DP_cudart_dlopen'
implib-gen: libcudart.so.11.0: failed to resolve symbol '__cudaRegisterFunction', library failed to load
implib-gen: libcudart.so.11.0: failed to load library 'libcudart.so.11.0' via callback 'DP_cudart_dlopen'
implib-gen: libcudart.so.11.0: failed to resolve symbol '__cudaRegisterFatBinaryEnd', library failed to load
2025-03-13 03:44:48.898852: E tensorflow/compiler/xla/stream_executor/cuda/cuda_dnn.cc:9342] Unable to register cuDNN factory: Attempting to register factory for plugin cuDNN when one has already been registered
2025-03-13 03:44:48.898869: E tensorflow/compiler/xla/stream_executor/cuda/cuda_fft.cc:609] Unable to register cuFFT factory: Attempting to register factory for plugin cuFFT when one has already been registered
2025-03-13 03:44:48.898852: E tensorflow/compiler/xla/stream_executor/cuda/cuda_dnn.cc:9342] Unable to register cuDNN factory: Attempting to register factory for plugin cuDNN when one has already been registered
2025-03-13 03:44:48.898869: E tensorflow/compiler/xla/stream_executor/cuda/cuda_fft.cc:609] Unable to register cuFFT factory: Attempting to register factory for plugin cuFFT when one has already been registered
2025-03-13 03:44:48.898894: E tensorflow/compiler/xla/stream_executor/cuda/cuda_blas.cc:1518] Unable to register cuBLAS factory: Attempting to register factory for plugin cuBLAS when one has already been registered
2025-03-13 03:44:48.898892: E tensorflow/compiler/xla/stream_executor/cuda/cuda_blas.cc:1518] Unable to register cuBLAS factory: Attempting to register factory for plugin cuBLAS when one has already been registered
2025-03-13 03:44:48.899060: E tensorflow/compiler/xla/stream_executor/cuda/cuda_dnn.cc:9342] Unable to register cuDNN factory: Attempting to register factory for plugin cuDNN when one has already been registered
2025-03-13 03:44:48.899078: E tensorflow/compiler/xla/stream_executor/cuda/cuda_fft.cc:609] Unable to register cuFFT factory: Attempting to register factory for plugin cuFFT when one has already been registered
2025-03-13 03:44:48.899104: E tensorflow/compiler/xla/stream_executor/cuda/cuda_blas.cc:1518] Unable to register cuBLAS factory: Attempting to register factory for plugin cuBLAS when one has already been registered
DeePMD-kit: Cannot find libcudart.so.11.0
implib-gen: libcudart.so.11.0: failed to load library 'libcudart.so.11.0' via callback 'DP_cudart_dlopen'
implib-gen: libcudart.so.11.0: failed to resolve symbol '__cudaRegisterFatBinary', library failed to load
implib-gen: libcudart.so.11.0: failed to load library 'libcudart.so.11.0' via callback 'DP_cudart_dlopen'
implib-gen: libcudart.so.11.0: failed to resolve symbol '__cudaRegisterFunction', library failed to load
implib-gen: libcudart.so.11.0: failed to load library 'libcudart.so.11.0' via callback 'DP_cudart_dlopen'
implib-gen: libcudart.so.11.0: failed to resolve symbol '__cudaRegisterFatBinaryEnd', library failed to load
DeePMD-kit: Cannot find libcudart.so.11.0
implib-gen: libcudart.so.11.0: failed to load library 'libcudart.so.11.0' via callback 'DP_cudart_dlopen'
implib-gen: libcudart.so.11.0: failed to resolve symbol '__cudaRegisterFatBinary', library failed to load
implib-gen: libcudart.so.11.0: failed to load library 'libcudart.so.11.0' via callback 'DP_cudart_dlopen'
implib-gen: libcudart.so.11.0: failed to resolve symbol '__cudaRegisterFunction', library failed to load
implib-gen: libcudart.so.11.0: failed to load library 'libcudart.so.11.0' via callback 'DP_cudart_dlopen'
implib-gen: libcudart.so.11.0: failed to resolve symbol '__cudaRegisterFatBinaryEnd', library failed to load
2025-03-13 03:44:48.899800: E tensorflow/compiler/xla/stream_executor/cuda/cuda_dnn.cc:9342] Unable to register cuDNN factory: Attempting to register factory for plugin cuDNN when one has already been registered
2025-03-13 03:44:48.899824: E tensorflow/compiler/xla/stream_executor/cuda/cuda_fft.cc:609] Unable to register cuFFT factory: Attempting to register factory for plugin cuFFT when one has already been registered
2025-03-13 03:44:48.899797: E tensorflow/compiler/xla/stream_executor/cuda/cuda_dnn.cc:9342] Unable to register cuDNN factory: Attempting to register factory for plugin cuDNN when one has already been registered
2025-03-13 03:44:48.899827: E tensorflow/compiler/xla/stream_executor/cuda/cuda_fft.cc:609] Unable to register cuFFT factory: Attempting to register factory for plugin cuFFT when one has already been registered
2025-03-13 03:44:48.899847: E tensorflow/compiler/xla/stream_executor/cuda/cuda_blas.cc:1518] Unable to register cuBLAS factory: Attempting to register factory for plugin cuBLAS when one has already been registered
2025-03-13 03:44:48.899849: E tensorflow/compiler/xla/stream_executor/cuda/cuda_blas.cc:1518] Unable to register cuBLAS factory: Attempting to register factory for plugin cuBLAS when one has already been registered
DeePMD-kit: Cannot find libcudart.so.11.0
2025-03-13 03:44:48.900484: E tensorflow/compiler/xla/stream_executor/cuda/cuda_dnn.cc:9342] Unable to register cuDNN factory: Attempting to register factory for plugin cuDNN when one has already been registered
2025-03-13 03:44:48.900505: E tensorflow/compiler/xla/stream_executor/cuda/cuda_fft.cc:609] Unable to register cuFFT factory: Attempting to register factory for plugin cuFFT when one has already been registered
2025-03-13 03:44:48.900536: E tensorflow/compiler/xla/stream_executor/cuda/cuda_blas.cc:1518] Unable to register cuBLAS factory: Attempting to register factory for plugin cuBLAS when one has already been registered
2025-03-13 03:44:48.900487: E tensorflow/compiler/xla/stream_executor/cuda/cuda_dnn.cc:9342] Unable to register cuDNN factory: Attempting to register factory for plugin cuDNN when one has already been registered
2025-03-13 03:44:48.900508: E tensorflow/compiler/xla/stream_executor/cuda/cuda_fft.cc:609] Unable to register cuFFT factory: Attempting to register factory for plugin cuFFT when one has already been registered
2025-03-13 03:44:48.900536: E tensorflow/compiler/xla/stream_executor/cuda/cuda_blas.cc:1518] Unable to register cuBLAS factory: Attempting to register factory for plugin cuBLAS when one has already been registered
DeePMD-kit: Cannot find libcudart.so.11.0
implib-gen: libcudart.so.11.0: failed to load library 'libcudart.so.11.0' via callback 'DP_cudart_dlopen'
implib-gen: libcudart.so.11.0: failed to resolve symbol '__cudaRegisterFatBinary', library failed to load
implib-gen: libcudart.so.11.0: failed to load library 'libcudart.so.11.0' via callback 'DP_cudart_dlopen'
implib-gen: libcudart.so.11.0: failed to resolve symbol '__cudaRegisterFunction', library failed to load
implib-gen: libcudart.so.11.0: failed to load library 'libcudart.so.11.0' via callback 'DP_cudart_dlopen'
implib-gen: libcudart.so.11.0: failed to resolve symbol '__cudaRegisterFatBinaryEnd', library failed to load
2025-03-13 03:44:48.901169: E tensorflow/compiler/xla/stream_executor/cuda/cuda_dnn.cc:9342] Unable to register cuDNN factory: Attempting to register factory for plugin cuDNN when one has already been registered
2025-03-13 03:44:48.901192: E tensorflow/compiler/xla/stream_executor/cuda/cuda_fft.cc:609] Unable to register cuFFT factory: Attempting to register factory for plugin cuFFT when one has already been registered
2025-03-13 03:44:48.901214: E tensorflow/compiler/xla/stream_executor/cuda/cuda_blas.cc:1518] Unable to register cuBLAS factory: Attempting to register factory for plugin cuBLAS when one has already been registered
2025-03-13 03:44:48.901166: E tensorflow/compiler/xla/stream_executor/cuda/cuda_dnn.cc:9342] Unable to register cuDNN factory: Attempting to register factory for plugin cuDNN when one has already been registered
2025-03-13 03:44:48.901189: E tensorflow/compiler/xla/stream_executor/cuda/cuda_fft.cc:609] Unable to register cuFFT factory: Attempting to register factory for plugin cuFFT when one has already been registered
2025-03-13 03:44:48.901214: E tensorflow/compiler/xla/stream_executor/cuda/cuda_blas.cc:1518] Unable to register cuBLAS factory: Attempting to register factory for plugin cuBLAS when one has already been registered
2025-03-13 03:44:48.901338: E tensorflow/compiler/xla/stream_executor/cuda/cuda_dnn.cc:9342] Unable to register cuDNN factory: Attempting to register factory for plugin cuDNN when one has already been registered
2025-03-13 03:44:48.901369: E tensorflow/compiler/xla/stream_executor/cuda/cuda_fft.cc:609] Unable to register cuFFT factory: Attempting to register factory for plugin cuFFT when one has already been registered
2025-03-13 03:44:48.901396: E tensorflow/compiler/xla/stream_executor/cuda/cuda_blas.cc:1518] Unable to register cuBLAS factory: Attempting to register factory for plugin cuBLAS when one has already been registered
2025-03-13 03:44:48.901338: E tensorflow/compiler/xla/stream_executor/cuda/cuda_dnn.cc:9342] Unable to register cuDNN factory: Attempting to register factory for plugin cuDNN when one has already been registered
2025-03-13 03:44:48.901366: E tensorflow/compiler/xla/stream_executor/cuda/cuda_fft.cc:609] Unable to register cuFFT factory: Attempting to register factory for plugin cuFFT when one has already been registered
2025-03-13 03:44:48.901398: E tensorflow/compiler/xla/stream_executor/cuda/cuda_blas.cc:1518] Unable to register cuBLAS factory: Attempting to register factory for plugin cuBLAS when one has already been registered
2025-03-13 03:44:48.901464: E tensorflow/compiler/xla/stream_executor/cuda/cuda_dnn.cc:9342] Unable to register cuDNN factory: Attempting to register factory for plugin cuDNN when one has already been registered
2025-03-13 03:44:48.901480: E tensorflow/compiler/xla/stream_executor/cuda/cuda_fft.cc:609] Unable to register cuFFT factory: Attempting to register factory for plugin cuFFT when one has already been registered
2025-03-13 03:44:48.901464: E tensorflow/compiler/xla/stream_executor/cuda/cuda_dnn.cc:9342] Unable to register cuDNN factory: Attempting to register factory for plugin cuDNN when one has already been registered
2025-03-13 03:44:48.901480: E tensorflow/compiler/xla/stream_executor/cuda/cuda_fft.cc:609] Unable to register cuFFT factory: Attempting to register factory for plugin cuFFT when one has already been registered
2025-03-13 03:44:48.901502: E tensorflow/compiler/xla/stream_executor/cuda/cuda_blas.cc:1518] Unable to register cuBLAS factory: Attempting to register factory for plugin cuBLAS when one has already been registered
2025-03-13 03:44:48.901502: E tensorflow/compiler/xla/stream_executor/cuda/cuda_blas.cc:1518] Unable to register cuBLAS factory: Attempting to register factory for plugin cuBLAS when one has already been registered
2025-03-13 03:44:48.901591: E tensorflow/compiler/xla/stream_executor/cuda/cuda_dnn.cc:9342] Unable to register cuDNN factory: Attempting to register factory for plugin cuDNN when one has already been registered
2025-03-13 03:44:48.901611: E tensorflow/compiler/xla/stream_executor/cuda/cuda_fft.cc:609] Unable to register cuFFT factory: Attempting to register factory for plugin cuFFT when one has already been registered
2025-03-13 03:44:48.901638: E tensorflow/compiler/xla/stream_executor/cuda/cuda_blas.cc:1518] Unable to register cuBLAS factory: Attempting to register factory for plugin cuBLAS when one has already been registered
2025-03-13 03:44:48.901591: E tensorflow/compiler/xla/stream_executor/cuda/cuda_dnn.cc:9342] Unable to register cuDNN factory: Attempting to register factory for plugin cuDNN when one has already been registered
2025-03-13 03:44:48.901611: E tensorflow/compiler/xla/stream_executor/cuda/cuda_fft.cc:609] Unable to register cuFFT factory: Attempting to register factory for plugin cuFFT when one has already been registered
2025-03-13 03:44:48.901638: E tensorflow/compiler/xla/stream_executor/cuda/cuda_blas.cc:1518] Unable to register cuBLAS factory: Attempting to register factory for plugin cuBLAS when one has already been registered
2025-03-13 03:44:48.901877: E tensorflow/compiler/xla/stream_executor/cuda/cuda_dnn.cc:9342] Unable to register cuDNN factory: Attempting to register factory for plugin cuDNN when one has already been registered
2025-03-13 03:44:48.901896: E tensorflow/compiler/xla/stream_executor/cuda/cuda_fft.cc:609] Unable to register cuFFT factory: Attempting to register factory for plugin cuFFT when one has already been registered
2025-03-13 03:44:48.901920: E tensorflow/compiler/xla/stream_executor/cuda/cuda_blas.cc:1518] Unable to register cuBLAS factory: Attempting to register factory for plugin cuBLAS when one has already been registered
2025-03-13 03:44:48.902066: E tensorflow/compiler/xla/stream_executor/cuda/cuda_dnn.cc:9342] Unable to register cuDNN factory: Attempting to register factory for plugin cuDNN when one has already been registered
2025-03-13 03:44:48.902086: E tensorflow/compiler/xla/stream_executor/cuda/cuda_fft.cc:609] Unable to register cuFFT factory: Attempting to register factory for plugin cuFFT when one has already been registered
2025-03-13 03:44:48.902112: E tensorflow/compiler/xla/stream_executor/cuda/cuda_blas.cc:1518] Unable to register cuBLAS factory: Attempting to register factory for plugin cuBLAS when one has already been registered
DeePMD-kit: Cannot find libcudart.so.11.0
implib-gen: libcudart.so.11.0: failed to load library 'libcudart.so.11.0' via callback 'DP_cudart_dlopen'
implib-gen: libcudart.so.11.0: failed to resolve symbol '__cudaRegisterFatBinary', library failed to load
implib-gen: libcudart.so.11.0: failed to load library 'libcudart.so.11.0' via callback 'DP_cudart_dlopen'
implib-gen: libcudart.so.11.0: failed to resolve symbol '__cudaRegisterFunction', library failed to load
implib-gen: libcudart.so.11.0: failed to load library 'libcudart.so.11.0' via callback 'DP_cudart_dlopen'
implib-gen: libcudart.so.11.0: failed to resolve symbol '__cudaRegisterFatBinaryEnd', library failed to load
DeePMD-kit: Cannot find libcudart.so.11.0
implib-gen: libcudart.so.11.0: failed to load library 'libcudart.so.11.0' via callback 'DP_cudart_dlopen'
implib-gen: libcudart.so.11.0: failed to resolve symbol '__cudaRegisterFatBinary', library failed to load
implib-gen: libcudart.so.11.0: failed to load library 'libcudart.so.11.0' via callback 'DP_cudart_dlopen'
implib-gen: libcudart.so.11.0: failed to resolve symbol '__cudaRegisterFunction', library failed to load
implib-gen: libcudart.so.11.0: failed to load library 'libcudart.so.11.0' via callback 'DP_cudart_dlopen'
implib-gen: libcudart.so.11.0: failed to resolve symbol '__cudaRegisterFatBinaryEnd', library failed to load
DeePMD-kit: Cannot find libcudart.so.11.0
implib-gen: libcudart.so.11.0: failed to load library 'libcudart.so.11.0' via callback 'DP_cudart_dlopen'
implib-gen: libcudart.so.11.0: failed to resolve symbol '__cudaRegisterFatBinary', library failed to load
implib-gen: libcudart.so.11.0: failed to load library 'libcudart.so.11.0' via callback 'DP_cudart_dlopen'
implib-gen: libcudart.so.11.0: failed to resolve symbol '__cudaRegisterFunction', library failed to load
implib-gen: libcudart.so.11.0: failed to load library 'libcudart.so.11.0' via callback 'DP_cudart_dlopen'
implib-gen: libcudart.so.11.0: failed to resolve symbol '__cudaRegisterFatBinaryEnd', library failed to load
2025-03-13 03:44:48.903403: E tensorflow/compiler/xla/stream_executor/cuda/cuda_dnn.cc:9342] Unable to register cuDNN factory: Attempting to register factory for plugin cuDNN when one has already been registered
2025-03-13 03:44:48.903421: E tensorflow/compiler/xla/stream_executor/cuda/cuda_fft.cc:609] Unable to register cuFFT factory: Attempting to register factory for plugin cuFFT when one has already been registered
2025-03-13 03:44:48.903447: E tensorflow/compiler/xla/stream_executor/cuda/cuda_blas.cc:1518] Unable to register cuBLAS factory: Attempting to register factory for plugin cuBLAS when one has already been registered
DeePMD-kit: Cannot find libcudart.so.11.0
implib-gen: libcudart.so.11.0: failed to load library 'libcudart.so.11.0' via callback 'DP_cudart_dlopen'
implib-gen: libcudart.so.11.0: failed to resolve symbol '__cudaRegisterFatBinary', library failed to load
implib-gen: libcudart.so.11.0: failed to load library 'libcudart.so.11.0' via callback 'DP_cudart_dlopen'
implib-gen: libcudart.so.11.0: failed to resolve symbol '__cudaRegisterFunction', library failed to load
implib-gen: libcudart.so.11.0: failed to load library 'libcudart.so.11.0' via callback 'DP_cudart_dlopen'
implib-gen: libcudart.so.11.0: failed to resolve symbol '__cudaRegisterFatBinaryEnd', library failed to load
2025-03-13 03:44:48.898903: E tensorflow/compiler/xla/stream_executor/cuda/cuda_dnn.cc:9342] Unable to register cuDNN factory: Attempting to register factory for plugin cuDNN when one has already been registered
2025-03-13 03:44:48.898927: E tensorflow/compiler/xla/stream_executor/cuda/cuda_fft.cc:609] Unable to register cuFFT factory: Attempting to register factory for plugin cuFFT when one has already been registered
2025-03-13 03:44:48.898947: E tensorflow/compiler/xla/stream_executor/cuda/cuda_blas.cc:1518] Unable to register cuBLAS factory: Attempting to register factory for plugin cuBLAS when one has already been registered
2025-03-13 03:44:48.898907: E tensorflow/compiler/xla/stream_executor/cuda/cuda_dnn.cc:9342] Unable to register cuDNN factory: Attempting to register factory for plugin cuDNN when one has already been registered
2025-03-13 03:44:48.898927: E tensorflow/compiler/xla/stream_executor/cuda/cuda_fft.cc:609] Unable to register cuFFT factory: Attempting to register factory for plugin cuFFT when one has already been registered
2025-03-13 03:44:48.898950: E tensorflow/compiler/xla/stream_executor/cuda/cuda_blas.cc:1518] Unable to register cuBLAS factory: Attempting to register factory for plugin cuBLAS when one has already been registered
DeePMD-kit: Cannot find libcudart.so.11.0
implib-gen: libcudart.so.11.0: failed to load library 'libcudart.so.11.0' via callback 'DP_cudart_dlopen'
implib-gen: libcudart.so.11.0: failed to resolve symbol '__cudaRegisterFatBinary', library failed to load
implib-gen: libcudart.so.11.0: failed to load library 'libcudart.so.11.0' via callback 'DP_cudart_dlopen'
implib-gen: libcudart.so.11.0: failed to resolve symbol '__cudaRegisterFunction', library failed to load
implib-gen: libcudart.so.11.0: failed to load library 'libcudart.so.11.0' via callback 'DP_cudart_dlopen'
implib-gen: libcudart.so.11.0: failed to resolve symbol '__cudaRegisterFatBinaryEnd', library failed to load
DeePMD-kit: Cannot find libcudart.so.11.0
implib-gen: libcudart.so.11.0: failed to load library 'libcudart.so.11.0' via callback 'DP_cudart_dlopen'
implib-gen: libcudart.so.11.0: failed to resolve symbol '__cudaRegisterFatBinary', library failed to load
implib-gen: libcudart.so.11.0: failed to load library 'libcudart.so.11.0' via callback 'DP_cudart_dlopen'
implib-gen: libcudart.so.11.0: failed to resolve symbol '__cudaRegisterFunction', library failed to load
implib-gen: libcudart.so.11.0: failed to load library 'libcudart.so.11.0' via callback 'DP_cudart_dlopen'
implib-gen: libcudart.so.11.0: failed to resolve symbol '__cudaRegisterFatBinaryEnd', library failed to load
DeePMD-kit: Cannot find libcudart.so.11.0
implib-gen: libcudart.so.11.0: failed to load library 'libcudart.so.11.0' via callback 'DP_cudart_dlopen'
implib-gen: libcudart.so.11.0: failed to resolve symbol '__cudaRegisterFatBinary', library failed to load
implib-gen: libcudart.so.11.0: failed to load library 'libcudart.so.11.0' via callback 'DP_cudart_dlopen'
implib-gen: libcudart.so.11.0: failed to resolve symbol '__cudaRegisterFunction', library failed to load
implib-gen: libcudart.so.11.0: failed to load library 'libcudart.so.11.0' via callback 'DP_cudart_dlopen'
implib-gen: libcudart.so.11.0: failed to resolve symbol '__cudaRegisterFatBinaryEnd', library failed to load
DeePMD-kit: Cannot find libcudart.so.11.0
implib-gen: libcudart.so.11.0: failed to load library 'libcudart.so.11.0' via callback 'DP_cudart_dlopen'
implib-gen: libcudart.so.11.0: failed to resolve symbol '__cudaRegisterFatBinary', library failed to load
implib-gen: libcudart.so.11.0: failed to load library 'libcudart.so.11.0' via callback 'DP_cudart_dlopen'
implib-gen: libcudart.so.11.0: failed to resolve symbol '__cudaRegisterFunction', library failed to load
implib-gen: libcudart.so.11.0: failed to load library 'libcudart.so.11.0' via callback 'DP_cudart_dlopen'
implib-gen: libcudart.so.11.0: failed to resolve symbol '__cudaRegisterFatBinaryEnd', library failed to load
2025-03-13 03:44:48.904544: E tensorflow/compiler/xla/stream_executor/cuda/cuda_dnn.cc:9342] Unable to register cuDNN factory: Attempting to register factory for plugin cuDNN when one has already been registered
2025-03-13 03:44:48.904571: E tensorflow/compiler/xla/stream_executor/cuda/cuda_fft.cc:609] Unable to register cuFFT factory: Attempting to register factory for plugin cuFFT when one has already been registered
2025-03-13 03:44:48.904544: E tensorflow/compiler/xla/stream_executor/cuda/cuda_dnn.cc:9342] Unable to register cuDNN factory: Attempting to register factory for plugin cuDNN when one has already been registered
2025-03-13 03:44:48.904571: E tensorflow/compiler/xla/stream_executor/cuda/cuda_fft.cc:609] Unable to register cuFFT factory: Attempting to register factory for plugin cuFFT when one has already been registered
2025-03-13 03:44:48.904598: E tensorflow/compiler/xla/stream_executor/cuda/cuda_blas.cc:1518] Unable to register cuBLAS factory: Attempting to register factory for plugin cuBLAS when one has already been registered
2025-03-13 03:44:48.904604: E tensorflow/compiler/xla/stream_executor/cuda/cuda_blas.cc:1518] Unable to register cuBLAS factory: Attempting to register factory for plugin cuBLAS when one has already been registered
DeePMD-kit: Cannot find libcudart.so.11.0
implib-gen: libcudart.so.11.0: failed to load library 'libcudart.so.11.0' via callback 'DP_cudart_dlopen'
implib-gen: libcudart.so.11.0: failed to resolve symbol '__cudaRegisterFatBinary', library failed to load
implib-gen: libcudart.so.11.0: failed to load library 'libcudart.so.11.0' via callback 'DP_cudart_dlopen'
implib-gen: libcudart.so.11.0: failed to resolve symbol '__cudaRegisterFunction', library failed to load
implib-gen: libcudart.so.11.0: failed to load library 'libcudart.so.11.0' via callback 'DP_cudart_dlopen'
implib-gen: libcudart.so.11.0: failed to resolve symbol '__cudaRegisterFatBinaryEnd', library failed to load
DeePMD-kit: Cannot find libcudart.so.11.0
implib-gen: libcudart.so.11.0: failed to load library 'libcudart.so.11.0' via callback 'DP_cudart_dlopen'
implib-gen: libcudart.so.11.0: failed to resolve symbol '__cudaRegisterFatBinary', library failed to load
implib-gen: libcudart.so.11.0: failed to load library 'libcudart.so.11.0' via callback 'DP_cudart_dlopen'
implib-gen: libcudart.so.11.0: failed to resolve symbol '__cudaRegisterFunction', library failed to load
implib-gen: libcudart.so.11.0: failed to load library 'libcudart.so.11.0' via callback 'DP_cudart_dlopen'
implib-gen: libcudart.so.11.0: failed to resolve symbol '__cudaRegisterFatBinaryEnd', library failed to load
2025-03-13 03:44:48.906772: E tensorflow/compiler/xla/stream_executor/cuda/cuda_dnn.cc:9342] Unable to register cuDNN factory: Attempting to register factory for plugin cuDNN when one has already been registered
2025-03-13 03:44:48.906792: E tensorflow/compiler/xla/stream_executor/cuda/cuda_fft.cc:609] Unable to register cuFFT factory: Attempting to register factory for plugin cuFFT when one has already been registered
2025-03-13 03:44:48.906816: E tensorflow/compiler/xla/stream_executor/cuda/cuda_blas.cc:1518] Unable to register cuBLAS factory: Attempting to register factory for plugin cuBLAS when one has already been registered
2025-03-13 03:44:48.906776: E tensorflow/compiler/xla/stream_executor/cuda/cuda_dnn.cc:9342] Unable to register cuDNN factory: Attempting to register factory for plugin cuDNN when one has already been registered
2025-03-13 03:44:48.906792: E tensorflow/compiler/xla/stream_executor/cuda/cuda_fft.cc:609] Unable to register cuFFT factory: Attempting to register factory for plugin cuFFT when one has already been registered
2025-03-13 03:44:48.906816: E tensorflow/compiler/xla/stream_executor/cuda/cuda_blas.cc:1518] Unable to register cuBLAS factory: Attempting to register factory for plugin cuBLAS when one has already been registered
2025-03-13 03:44:48.907631: E tensorflow/compiler/xla/stream_executor/cuda/cuda_dnn.cc:9342] Unable to register cuDNN factory: Attempting to register factory for plugin cuDNN when one has already been registered
2025-03-13 03:44:48.907652: E tensorflow/compiler/xla/stream_executor/cuda/cuda_fft.cc:609] Unable to register cuFFT factory: Attempting to register factory for plugin cuFFT when one has already been registered
2025-03-13 03:44:48.907675: E tensorflow/compiler/xla/stream_executor/cuda/cuda_blas.cc:1518] Unable to register cuBLAS factory: Attempting to register factory for plugin cuBLAS when one has already been registered
2025-03-13 03:44:48.907629: E tensorflow/compiler/xla/stream_executor/cuda/cuda_dnn.cc:9342] Unable to register cuDNN factory: Attempting to register factory for plugin cuDNN when one has already been registered
2025-03-13 03:44:48.907652: E tensorflow/compiler/xla/stream_executor/cuda/cuda_fft.cc:609] Unable to register cuFFT factory: Attempting to register factory for plugin cuFFT when one has already been registered
2025-03-13 03:44:48.907678: E tensorflow/compiler/xla/stream_executor/cuda/cuda_blas.cc:1518] Unable to register cuBLAS factory: Attempting to register factory for plugin cuBLAS when one has already been registered
2025-03-13 03:44:48.907805: E tensorflow/compiler/xla/stream_executor/cuda/cuda_dnn.cc:9342] Unable to register cuDNN factory: Attempting to register factory for plugin cuDNN when one has already been registered
2025-03-13 03:44:48.907828: E tensorflow/compiler/xla/stream_executor/cuda/cuda_fft.cc:609] Unable to register cuFFT factory: Attempting to register factory for plugin cuFFT when one has already been registered
2025-03-13 03:44:48.907854: E tensorflow/compiler/xla/stream_executor/cuda/cuda_blas.cc:1518] Unable to register cuBLAS factory: Attempting to register factory for plugin cuBLAS when one has already been registered
2025-03-13 03:44:48.907803: E tensorflow/compiler/xla/stream_executor/cuda/cuda_dnn.cc:9342] Unable to register cuDNN factory: Attempting to register factory for plugin cuDNN when one has already been registered
2025-03-13 03:44:48.907828: E tensorflow/compiler/xla/stream_executor/cuda/cuda_fft.cc:609] Unable to register cuFFT factory: Attempting to register factory for plugin cuFFT when one has already been registered
2025-03-13 03:44:48.907854: E tensorflow/compiler/xla/stream_executor/cuda/cuda_blas.cc:1518] Unable to register cuBLAS factory: Attempting to register factory for plugin cuBLAS when one has already been registered
DeePMD-kit: Cannot find libcudart.so.11.0
implib-gen: libcudart.so.11.0: failed to load library 'libcudart.so.11.0' via callback 'DP_cudart_dlopen'
implib-gen: libcudart.so.11.0: failed to resolve symbol '__cudaRegisterFatBinary', library failed to load
implib-gen: libcudart.so.11.0: failed to load library 'libcudart.so.11.0' via callback 'DP_cudart_dlopen'
implib-gen: libcudart.so.11.0: failed to resolve symbol '__cudaRegisterFunction', library failed to load
implib-gen: libcudart.so.11.0: failed to load library 'libcudart.so.11.0' via callback 'DP_cudart_dlopen'
implib-gen: libcudart.so.11.0: failed to resolve symbol '__cudaRegisterFatBinaryEnd', library failed to load
DeePMD-kit: Cannot find libcudart.so.11.0
implib-gen: libcudart.so.11.0: failed to load library 'libcudart.so.11.0' via callback 'DP_cudart_dlopen'
implib-gen: libcudart.so.11.0: failed to resolve symbol '__cudaRegisterFatBinary', library failed to load
implib-gen: libcudart.so.11.0: failed to load library 'libcudart.so.11.0' via callback 'DP_cudart_dlopen'
implib-gen: libcudart.so.11.0: failed to resolve symbol '__cudaRegisterFunction', library failed to load
implib-gen: libcudart.so.11.0: failed to load library 'libcudart.so.11.0' via callback 'DP_cudart_dlopen'
implib-gen: libcudart.so.11.0: failed to resolve symbol '__cudaRegisterFatBinaryEnd', library failed to load
DeePMD-kit: Cannot find libcudart.so.11.0
implib-gen: libcudart.so.11.0: failed to load library 'libcudart.so.11.0' via callback 'DP_cudart_dlopen'
implib-gen: libcudart.so.11.0: failed to resolve symbol '__cudaRegisterFatBinary', library failed to load
implib-gen: libcudart.so.11.0: failed to load library 'libcudart.so.11.0' via callback 'DP_cudart_dlopen'
implib-gen: libcudart.so.11.0: failed to resolve symbol '__cudaRegisterFunction', library failed to load
implib-gen: libcudart.so.11.0: failed to load library 'libcudart.so.11.0' via callback 'DP_cudart_dlopen'
implib-gen: libcudart.so.11.0: failed to resolve symbol '__cudaRegisterFatBinaryEnd', library failed to load
DeePMD-kit: Cannot find libcudart.so.11.0
implib-gen: libcudart.so.11.0: failed to load library 'libcudart.so.11.0' via callback 'DP_cudart_dlopen'
implib-gen: libcudart.so.11.0: failed to resolve symbol '__cudaRegisterFatBinary', library failed to load
implib-gen: libcudart.so.11.0: failed to load library 'libcudart.so.11.0' via callback 'DP_cudart_dlopen'
implib-gen: libcudart.so.11.0: failed to resolve symbol '__cudaRegisterFunction', library failed to load
implib-gen: libcudart.so.11.0: failed to load library 'libcudart.so.11.0' via callback 'DP_cudart_dlopen'
implib-gen: libcudart.so.11.0: failed to resolve symbol '__cudaRegisterFatBinaryEnd', library failed to load
DeePMD-kit: Cannot find libcudart.so.11.0
implib-gen: libcudart.so.11.0: failed to load library 'libcudart.so.11.0' via callback 'DP_cudart_dlopen'
implib-gen: libcudart.so.11.0: failed to resolve symbol '__cudaRegisterFatBinary', library failed to load
implib-gen: libcudart.so.11.0: failed to load library 'libcudart.so.11.0' via callback 'DP_cudart_dlopen'
implib-gen: libcudart.so.11.0: failed to resolve symbol '__cudaRegisterFunction', library failed to load
implib-gen: libcudart.so.11.0: failed to load library 'libcudart.so.11.0' via callback 'DP_cudart_dlopen'
implib-gen: libcudart.so.11.0: failed to resolve symbol '__cudaRegisterFatBinaryEnd', library failed to load
DeePMD-kit: Cannot find libcudart.so.11.0
implib-gen: libcudart.so.11.0: failed to load library 'libcudart.so.11.0' via callback 'DP_cudart_dlopen'
implib-gen: libcudart.so.11.0: failed to resolve symbol '__cudaRegisterFatBinary', library failed to load
implib-gen: libcudart.so.11.0: failed to load library 'libcudart.so.11.0' via callback 'DP_cudart_dlopen'
implib-gen: libcudart.so.11.0: failed to resolve symbol '__cudaRegisterFunction', library failed to load
implib-gen: libcudart.so.11.0: failed to load library 'libcudart.so.11.0' via callback 'DP_cudart_dlopen'
implib-gen: libcudart.so.11.0: failed to resolve symbol '__cudaRegisterFatBinaryEnd', library failed to load
DeePMD-kit: Cannot find libcudart.so.11.0
implib-gen: libcudart.so.11.0: failed to load library 'libcudart.so.11.0' via callback 'DP_cudart_dlopen'
implib-gen: libcudart.so.11.0: failed to resolve symbol '__cudaRegisterFatBinary', library failed to load
implib-gen: libcudart.so.11.0: failed to load library 'libcudart.so.11.0' via callback 'DP_cudart_dlopen'
implib-gen: libcudart.so.11.0: failed to resolve symbol '__cudaRegisterFunction', library failed to load
implib-gen: libcudart.so.11.0: failed to load library 'libcudart.so.11.0' via callback 'DP_cudart_dlopen'
implib-gen: libcudart.so.11.0: failed to resolve symbol '__cudaRegisterFatBinaryEnd', library failed to load
DeePMD-kit: Cannot find libcudart.so.11.0
implib-gen: libcudart.so.11.0: failed to load library 'libcudart.so.11.0' via callback 'DP_cudart_dlopen'
implib-gen: libcudart.so.11.0: failed to resolve symbol '__cudaRegisterFatBinary', library failed to load
implib-gen: libcudart.so.11.0: failed to load library 'libcudart.so.11.0' via callback 'DP_cudart_dlopen'
implib-gen: libcudart.so.11.0: failed to resolve symbol '__cudaRegisterFunction', library failed to load
implib-gen: libcudart.so.11.0: failed to load library 'libcudart.so.11.0' via callback 'DP_cudart_dlopen'
implib-gen: libcudart.so.11.0: failed to resolve symbol '__cudaRegisterFatBinaryEnd', library failed to load
DeePMD-kit: Cannot find libcudart.so.11.0
implib-gen: libcudart.so.11.0: failed to load library 'libcudart.so.11.0' via callback 'DP_cudart_dlopen'
implib-gen: libcudart.so.11.0: failed to resolve symbol '__cudaRegisterFatBinary', library failed to load
implib-gen: libcudart.so.11.0: failed to load library 'libcudart.so.11.0' via callback 'DP_cudart_dlopen'
implib-gen: libcudart.so.11.0: failed to resolve symbol '__cudaRegisterFunction', library failed to load
implib-gen: libcudart.so.11.0: failed to load library 'libcudart.so.11.0' via callback 'DP_cudart_dlopen'
implib-gen: libcudart.so.11.0: failed to resolve symbol '__cudaRegisterFatBinaryEnd', library failed to load
DeePMD-kit: Cannot find libcudart.so.11.0
implib-gen: libcudart.so.11.0: failed to load library 'libcudart.so.11.0' via callback 'DP_cudart_dlopen'
implib-gen: libcudart.so.11.0: failed to resolve symbol '__cudaRegisterFatBinary', library failed to load
implib-gen: libcudart.so.11.0: failed to load library 'libcudart.so.11.0' via callback 'DP_cudart_dlopen'
implib-gen: libcudart.so.11.0: failed to resolve symbol '__cudaRegisterFunction', library failed to load
implib-gen: libcudart.so.11.0: failed to load library 'libcudart.so.11.0' via callback 'DP_cudart_dlopen'
implib-gen: libcudart.so.11.0: failed to resolve symbol '__cudaRegisterFatBinaryEnd', library failed to load
DeePMD-kit: Cannot find libcudart.so.11.0
implib-gen: libcudart.so.11.0: failed to load library 'libcudart.so.11.0' via callback 'DP_cudart_dlopen'
implib-gen: libcudart.so.11.0: failed to resolve symbol '__cudaRegisterFatBinary', library failed to load
implib-gen: libcudart.so.11.0: failed to load library 'libcudart.so.11.0' via callback 'DP_cudart_dlopen'
implib-gen: libcudart.so.11.0: failed to resolve symbol '__cudaRegisterFunction', library failed to load
implib-gen: libcudart.so.11.0: failed to load library 'libcudart.so.11.0' via callback 'DP_cudart_dlopen'
implib-gen: libcudart.so.11.0: failed to resolve symbol '__cudaRegisterFatBinaryEnd', library failed to load
DeePMD-kit: Cannot find libcudart.so.11.0
implib-gen: libcudart.so.11.0: failed to load library 'libcudart.so.11.0' via callback 'DP_cudart_dlopen'
implib-gen: libcudart.so.11.0: failed to resolve symbol '__cudaRegisterFatBinary', library failed to load
implib-gen: libcudart.so.11.0: failed to load library 'libcudart.so.11.0' via callback 'DP_cudart_dlopen'
implib-gen: libcudart.so.11.0: failed to resolve symbol '__cudaRegisterFunction', library failed to load
implib-gen: libcudart.so.11.0: failed to load library 'libcudart.so.11.0' via callback 'DP_cudart_dlopen'
implib-gen: libcudart.so.11.0: failed to resolve symbol '__cudaRegisterFatBinaryEnd', library failed to load
DeePMD-kit: Cannot find libcudart.so.11.0
DeePMD-kit: Cannot find libcudart.so.11.0
implib-gen: libcudart.so.11.0: failed to load library 'libcudart.so.11.0' via callback 'DP_cudart_dlopen'
implib-gen: libcudart.so.11.0: failed to resolve symbol '__cudaRegisterFatBinary', library failed to load
implib-gen: libcudart.so.11.0: failed to load library 'libcudart.so.11.0' via callback 'DP_cudart_dlopen'
implib-gen: libcudart.so.11.0: failed to resolve symbol '__cudaRegisterFunction', library failed to load
implib-gen: libcudart.so.11.0: failed to load library 'libcudart.so.11.0' via callback 'DP_cudart_dlopen'
implib-gen: libcudart.so.11.0: failed to resolve symbol '__cudaRegisterFatBinaryEnd', library failed to load
implib-gen: libcudart.so.11.0: failed to load library 'libcudart.so.11.0' via callback 'DP_cudart_dlopen'
implib-gen: libcudart.so.11.0: failed to resolve symbol '__cudaRegisterFatBinary', library failed to load
implib-gen: libcudart.so.11.0: failed to load library 'libcudart.so.11.0' via callback 'DP_cudart_dlopen'
implib-gen: libcudart.so.11.0: failed to resolve symbol '__cudaRegisterFunction', library failed to load
implib-gen: libcudart.so.11.0: failed to load library 'libcudart.so.11.0' via callback 'DP_cudart_dlopen'
implib-gen: libcudart.so.11.0: failed to resolve symbol '__cudaRegisterFatBinaryEnd', library failed to load
DeePMD-kit: Cannot find libcudart.so.11.0
implib-gen: libcudart.so.11.0: failed to load library 'libcudart.so.11.0' via callback 'DP_cudart_dlopen'
implib-gen: libcudart.so.11.0: failed to resolve symbol '__cudaRegisterFatBinary', library failed to load
implib-gen: libcudart.so.11.0: failed to load library 'libcudart.so.11.0' via callback 'DP_cudart_dlopen'
implib-gen: libcudart.so.11.0: failed to resolve symbol '__cudaRegisterFunction', library failed to load
implib-gen: libcudart.so.11.0: failed to load library 'libcudart.so.11.0' via callback 'DP_cudart_dlopen'
implib-gen: libcudart.so.11.0: failed to resolve symbol '__cudaRegisterFatBinaryEnd', library failed to load
DeePMD-kit: Cannot find libcudart.so.11.0
implib-gen: libcudart.so.11.0: failed to load library 'libcudart.so.11.0' via callback 'DP_cudart_dlopen'
implib-gen: libcudart.so.11.0: failed to resolve symbol '__cudaRegisterFatBinary', library failed to load
implib-gen: libcudart.so.11.0: failed to load library 'libcudart.so.11.0' via callback 'DP_cudart_dlopen'
implib-gen: libcudart.so.11.0: failed to resolve symbol '__cudaRegisterFunction', library failed to load
implib-gen: libcudart.so.11.0: failed to load library 'libcudart.so.11.0' via callback 'DP_cudart_dlopen'
implib-gen: libcudart.so.11.0: failed to resolve symbol '__cudaRegisterFatBinaryEnd', library failed to load
2025-03-13 03:44:48.912547: E tensorflow/compiler/xla/stream_executor/cuda/cuda_dnn.cc:9342] Unable to register cuDNN factory: Attempting to register factory for plugin cuDNN when one has already been registered
2025-03-13 03:44:48.912569: E tensorflow/compiler/xla/stream_executor/cuda/cuda_fft.cc:609] Unable to register cuFFT factory: Attempting to register factory for plugin cuFFT when one has already been registered
2025-03-13 03:44:48.912598: E tensorflow/compiler/xla/stream_executor/cuda/cuda_blas.cc:1518] Unable to register cuBLAS factory: Attempting to register factory for plugin cuBLAS when one has already been registered
2025-03-13 03:44:48.912558: E tensorflow/compiler/xla/stream_executor/cuda/cuda_dnn.cc:9342] Unable to register cuDNN factory: Attempting to register factory for plugin cuDNN when one has already been registered
2025-03-13 03:44:48.912576: E tensorflow/compiler/xla/stream_executor/cuda/cuda_fft.cc:609] Unable to register cuFFT factory: Attempting to register factory for plugin cuFFT when one has already been registered
2025-03-13 03:44:48.912597: E tensorflow/compiler/xla/stream_executor/cuda/cuda_blas.cc:1518] Unable to register cuBLAS factory: Attempting to register factory for plugin cuBLAS when one has already been registered
2025-03-13 03:44:48.912760: E tensorflow/compiler/xla/stream_executor/cuda/cuda_dnn.cc:9342] Unable to register cuDNN factory: Attempting to register factory for plugin cuDNN when one has already been registered
2025-03-13 03:44:48.912783: E tensorflow/compiler/xla/stream_executor/cuda/cuda_fft.cc:609] Unable to register cuFFT factory: Attempting to register factory for plugin cuFFT when one has already been registered
2025-03-13 03:44:48.912806: E tensorflow/compiler/xla/stream_executor/cuda/cuda_blas.cc:1518] Unable to register cuBLAS factory: Attempting to register factory for plugin cuBLAS when one has already been registered
2025-03-13 03:44:48.912811: E tensorflow/compiler/xla/stream_executor/cuda/cuda_dnn.cc:9342] Unable to register cuDNN factory: Attempting to register factory for plugin cuDNN when one has already been registered
2025-03-13 03:44:48.912831: E tensorflow/compiler/xla/stream_executor/cuda/cuda_fft.cc:609] Unable to register cuFFT factory: Attempting to register factory for plugin cuFFT when one has already been registered
2025-03-13 03:44:48.912857: E tensorflow/compiler/xla/stream_executor/cuda/cuda_blas.cc:1518] Unable to register cuBLAS factory: Attempting to register factory for plugin cuBLAS when one has already been registered
2025-03-13 03:44:48.912808: E tensorflow/compiler/xla/stream_executor/cuda/cuda_dnn.cc:9342] Unable to register cuDNN factory: Attempting to register factory for plugin cuDNN when one has already been registered
2025-03-13 03:44:48.912828: E tensorflow/compiler/xla/stream_executor/cuda/cuda_fft.cc:609] Unable to register cuFFT factory: Attempting to register factory for plugin cuFFT when one has already been registered
2025-03-13 03:44:48.912855: E tensorflow/compiler/xla/stream_executor/cuda/cuda_blas.cc:1518] Unable to register cuBLAS factory: Attempting to register factory for plugin cuBLAS when one has already been registered
2025-03-13 03:44:48.912760: E tensorflow/compiler/xla/stream_executor/cuda/cuda_dnn.cc:9342] Unable to register cuDNN factory: Attempting to register factory for plugin cuDNN when one has already been registered
2025-03-13 03:44:48.912783: E tensorflow/compiler/xla/stream_executor/cuda/cuda_fft.cc:609] Unable to register cuFFT factory: Attempting to register factory for plugin cuFFT when one has already been registered
2025-03-13 03:44:48.912806: E tensorflow/compiler/xla/stream_executor/cuda/cuda_blas.cc:1518] Unable to register cuBLAS factory: Attempting to register factory for plugin cuBLAS when one has already been registered
DeePMD-kit: Cannot find libcudart.so.11.0
implib-gen: libcudart.so.11.0: failed to load library 'libcudart.so.11.0' via callback 'DP_cudart_dlopen'
implib-gen: libcudart.so.11.0: failed to resolve symbol '__cudaRegisterFatBinary', library failed to load
implib-gen: libcudart.so.11.0: failed to load library 'libcudart.so.11.0' via callback 'DP_cudart_dlopen'
implib-gen: libcudart.so.11.0: failed to resolve symbol '__cudaRegisterFunction', library failed to load
implib-gen: libcudart.so.11.0: failed to load library 'libcudart.so.11.0' via callback 'DP_cudart_dlopen'
implib-gen: libcudart.so.11.0: failed to resolve symbol '__cudaRegisterFatBinaryEnd', library failed to load
DeePMD-kit: Cannot find libcudart.so.11.0
implib-gen: libcudart.so.11.0: failed to load library 'libcudart.so.11.0' via callback 'DP_cudart_dlopen'
implib-gen: libcudart.so.11.0: failed to resolve symbol '__cudaRegisterFatBinary', library failed to load
implib-gen: libcudart.so.11.0: failed to load library 'libcudart.so.11.0' via callback 'DP_cudart_dlopen'
implib-gen: libcudart.so.11.0: failed to resolve symbol '__cudaRegisterFunction', library failed to load
implib-gen: libcudart.so.11.0: failed to load library 'libcudart.so.11.0' via callback 'DP_cudart_dlopen'
implib-gen: libcudart.so.11.0: failed to resolve symbol '__cudaRegisterFatBinaryEnd', library failed to load
DeePMD-kit: Cannot find libcudart.so.11.0
implib-gen: libcudart.so.11.0: failed to load library 'libcudart.so.11.0' via callback 'DP_cudart_dlopen'
implib-gen: libcudart.so.11.0: failed to resolve symbol '__cudaRegisterFatBinary', library failed to load
implib-gen: libcudart.so.11.0: failed to load library 'libcudart.so.11.0' via callback 'DP_cudart_dlopen'
implib-gen: libcudart.so.11.0: failed to resolve symbol '__cudaRegisterFunction', library failed to load
implib-gen: libcudart.so.11.0: failed to load library 'libcudart.so.11.0' via callback 'DP_cudart_dlopen'
implib-gen: libcudart.so.11.0: failed to resolve symbol '__cudaRegisterFatBinaryEnd', library failed to load
DeePMD-kit: Cannot find libcudart.so.11.0
implib-gen: libcudart.so.11.0: failed to load library 'libcudart.so.11.0' via callback 'DP_cudart_dlopen'
implib-gen: libcudart.so.11.0: failed to resolve symbol '__cudaRegisterFatBinary', library failed to load
implib-gen: libcudart.so.11.0: failed to load library 'libcudart.so.11.0' via callback 'DP_cudart_dlopen'
implib-gen: libcudart.so.11.0: failed to resolve symbol '__cudaRegisterFunction', library failed to load
implib-gen: libcudart.so.11.0: failed to load library 'libcudart.so.11.0' via callback 'DP_cudart_dlopen'
implib-gen: libcudart.so.11.0: failed to resolve symbol '__cudaRegisterFatBinaryEnd', library failed to load
2025-03-13 03:44:48.915680: E tensorflow/compiler/xla/stream_executor/cuda/cuda_dnn.cc:9342] Unable to register cuDNN factory: Attempting to register factory for plugin cuDNN when one has already been registered
2025-03-13 03:44:48.915705: E tensorflow/compiler/xla/stream_executor/cuda/cuda_fft.cc:609] Unable to register cuFFT factory: Attempting to register factory for plugin cuFFT when one has already been registered
2025-03-13 03:44:48.915732: E tensorflow/compiler/xla/stream_executor/cuda/cuda_blas.cc:1518] Unable to register cuBLAS factory: Attempting to register factory for plugin cuBLAS when one has already been registered
DeePMD-kit: Cannot find libcudart.so.11.0
implib-gen: libcudart.so.11.0: failed to load library 'libcudart.so.11.0' via callback 'DP_cudart_dlopen'
implib-gen: libcudart.so.11.0: failed to resolve symbol '__cudaRegisterFatBinary', library failed to load
implib-gen: libcudart.so.11.0: failed to load library 'libcudart.so.11.0' via callback 'DP_cudart_dlopen'
implib-gen: libcudart.so.11.0: failed to resolve symbol '__cudaRegisterFunction', library failed to load
DeePMD-kit: Cannot find libcudart.so.11.0
implib-gen: libcudart.so.11.0: failed to load library 'libcudart.so.11.0' via callback 'DP_cudart_dlopen'
implib-gen: libcudart.so.11.0: failed to resolve symbol '__cudaRegisterFatBinary', library failed to load
implib-gen: libcudart.so.11.0: failed to load library 'libcudart.so.11.0' via callback 'DP_cudart_dlopen'
implib-gen: libcudart.so.11.0: failed to resolve symbol '__cudaRegisterFunction', library failed to load
implib-gen: libcudart.so.11.0: failed to load library 'libcudart.so.11.0' via callback 'DP_cudart_dlopen'
implib-gen: libcudart.so.11.0: failed to resolve symbol '__cudaRegisterFatBinaryEnd', library failed to load
implib-gen: libcudart.so.11.0: failed to load library 'libcudart.so.11.0' via callback 'DP_cudart_dlopen'
implib-gen: libcudart.so.11.0: failed to resolve symbol '__cudaRegisterFatBinaryEnd', library failed to load
DeePMD-kit: Cannot find libcudart.so.11.0
DeePMD-kit: Cannot find libcudart.so.11.0
implib-gen: libcudart.so.11.0: failed to load library 'libcudart.so.11.0' via callback 'DP_cudart_dlopen'
implib-gen: libcudart.so.11.0: failed to resolve symbol '__cudaRegisterFatBinary', library failed to load
implib-gen: libcudart.so.11.0: failed to load library 'libcudart.so.11.0' via callback 'DP_cudart_dlopen'
implib-gen: libcudart.so.11.0: failed to resolve symbol '__cudaRegisterFunction', library failed to load
implib-gen: libcudart.so.11.0: failed to load library 'libcudart.so.11.0' via callback 'DP_cudart_dlopen'
implib-gen: libcudart.so.11.0: failed to resolve symbol '__cudaRegisterFatBinary', library failed to load
implib-gen: libcudart.so.11.0: failed to load library 'libcudart.so.11.0' via callback 'DP_cudart_dlopen'
implib-gen: libcudart.so.11.0: failed to resolve symbol '__cudaRegisterFunction', library failed to load
implib-gen: libcudart.so.11.0: failed to load library 'libcudart.so.11.0' via callback 'DP_cudart_dlopen'
implib-gen: libcudart.so.11.0: failed to resolve symbol '__cudaRegisterFatBinaryEnd', library failed to load
2025-03-13 03:44:48.918945: E tensorflow/compiler/xla/stream_executor/cuda/cuda_dnn.cc:9342] Unable to register cuDNN factory: Attempting to register factory for plugin cuDNN when one has already been registered
2025-03-13 03:44:48.918964: E tensorflow/compiler/xla/stream_executor/cuda/cuda_fft.cc:609] Unable to register cuFFT factory: Attempting to register factory for plugin cuFFT when one has already been registered
2025-03-13 03:44:48.918989: E tensorflow/compiler/xla/stream_executor/cuda/cuda_blas.cc:1518] Unable to register cuBLAS factory: Attempting to register factory for plugin cuBLAS when one has already been registered
2025-03-13 03:44:48.918944: E tensorflow/compiler/xla/stream_executor/cuda/cuda_dnn.cc:9342] Unable to register cuDNN factory: Attempting to register factory for plugin cuDNN when one has already been registered
2025-03-13 03:44:48.918969: E tensorflow/compiler/xla/stream_executor/cuda/cuda_fft.cc:609] Unable to register cuFFT factory: Attempting to register factory for plugin cuFFT when one has already been registered
2025-03-13 03:44:48.918984: E tensorflow/compiler/xla/stream_executor/cuda/cuda_blas.cc:1518] Unable to register cuBLAS factory: Attempting to register factory for plugin cuBLAS when one has already been registered
DeePMD-kit: Cannot find libcudart.so.11.0
implib-gen: libcudart.so.11.0: failed to load library 'libcudart.so.11.0' via callback 'DP_cudart_dlopen'
implib-gen: libcudart.so.11.0: failed to resolve symbol '__cudaRegisterFatBinary', library failed to load
implib-gen: libcudart.so.11.0: failed to load library 'libcudart.so.11.0' via callback 'DP_cudart_dlopen'
implib-gen: libcudart.so.11.0: failed to resolve symbol '__cudaRegisterFunction', library failed to load
implib-gen: libcudart.so.11.0: failed to load library 'libcudart.so.11.0' via callback 'DP_cudart_dlopen'
implib-gen: libcudart.so.11.0: failed to resolve symbol '__cudaRegisterFatBinaryEnd', library failed to load
DeePMD-kit: Cannot find libcudart.so.11.0
implib-gen: libcudart.so.11.0: failed to load library 'libcudart.so.11.0' via callback 'DP_cudart_dlopen'
implib-gen: libcudart.so.11.0: failed to resolve symbol '__cudaRegisterFatBinary', library failed to load
implib-gen: libcudart.so.11.0: failed to load library 'libcudart.so.11.0' via callback 'DP_cudart_dlopen'
implib-gen: libcudart.so.11.0: failed to resolve symbol '__cudaRegisterFunction', library failed to load
implib-gen: libcudart.so.11.0: failed to load library 'libcudart.so.11.0' via callback 'DP_cudart_dlopen'
implib-gen: libcudart.so.11.0: failed to resolve symbol '__cudaRegisterFatBinaryEnd', library failed to load
2025-03-13 03:44:48.920546: E tensorflow/compiler/xla/stream_executor/cuda/cuda_dnn.cc:9342] Unable to register cuDNN factory: Attempting to register factory for plugin cuDNN when one has already been registered
2025-03-13 03:44:48.920567: E tensorflow/compiler/xla/stream_executor/cuda/cuda_fft.cc:609] Unable to register cuFFT factory: Attempting to register factory for plugin cuFFT when one has already been registered
2025-03-13 03:44:48.920546: E tensorflow/compiler/xla/stream_executor/cuda/cuda_dnn.cc:9342] Unable to register cuDNN factory: Attempting to register factory for plugin cuDNN when one has already been registered
2025-03-13 03:44:48.920567: E tensorflow/compiler/xla/stream_executor/cuda/cuda_fft.cc:609] Unable to register cuFFT factory: Attempting to register factory for plugin cuFFT when one has already been registered
2025-03-13 03:44:48.920592: E tensorflow/compiler/xla/stream_executor/cuda/cuda_blas.cc:1518] Unable to register cuBLAS factory: Attempting to register factory for plugin cuBLAS when one has already been registered
2025-03-13 03:44:48.920588: E tensorflow/compiler/xla/stream_executor/cuda/cuda_blas.cc:1518] Unable to register cuBLAS factory: Attempting to register factory for plugin cuBLAS when one has already been registered
DeePMD-kit: Cannot find libcudart.so.11.0
implib-gen: libcudart.so.11.0: failed to load library 'libcudart.so.11.0' via callback 'DP_cudart_dlopen'
implib-gen: libcudart.so.11.0: failed to resolve symbol '__cudaRegisterFatBinary', library failed to load
implib-gen: libcudart.so.11.0: failed to load library 'libcudart.so.11.0' via callback 'DP_cudart_dlopen'
implib-gen: libcudart.so.11.0: failed to resolve symbol '__cudaRegisterFunction', library failed to load
implib-gen: libcudart.so.11.0: failed to load library 'libcudart.so.11.0' via callback 'DP_cudart_dlopen'
implib-gen: libcudart.so.11.0: failed to resolve symbol '__cudaRegisterFatBinaryEnd', library failed to load
DeePMD-kit: Cannot find libcudart.so.11.0
implib-gen: libcudart.so.11.0: failed to load library 'libcudart.so.11.0' via callback 'DP_cudart_dlopen'
implib-gen: libcudart.so.11.0: failed to resolve symbol '__cudaRegisterFatBinary', library failed to load
implib-gen: libcudart.so.11.0: failed to load library 'libcudart.so.11.0' via callback 'DP_cudart_dlopen'
implib-gen: libcudart.so.11.0: failed to resolve symbol '__cudaRegisterFunction', library failed to load
implib-gen: libcudart.so.11.0: failed to load library 'libcudart.so.11.0' via callback 'DP_cudart_dlopen'
implib-gen: libcudart.so.11.0: failed to resolve symbol '__cudaRegisterFatBinaryEnd', library failed to load
2025-03-13 03:44:48.921521: E tensorflow/compiler/xla/stream_executor/cuda/cuda_dnn.cc:9342] Unable to register cuDNN factory: Attempting to register factory for plugin cuDNN when one has already been registered
2025-03-13 03:44:48.921542: E tensorflow/compiler/xla/stream_executor/cuda/cuda_fft.cc:609] Unable to register cuFFT factory: Attempting to register factory for plugin cuFFT when one has already been registered
2025-03-13 03:44:48.921566: E tensorflow/compiler/xla/stream_executor/cuda/cuda_blas.cc:1518] Unable to register cuBLAS factory: Attempting to register factory for plugin cuBLAS when one has already been registered
2025-03-13 03:44:48.921521: E tensorflow/compiler/xla/stream_executor/cuda/cuda_dnn.cc:9342] Unable to register cuDNN factory: Attempting to register factory for plugin cuDNN when one has already been registered
2025-03-13 03:44:48.921541: E tensorflow/compiler/xla/stream_executor/cuda/cuda_fft.cc:609] Unable to register cuFFT factory: Attempting to register factory for plugin cuFFT when one has already been registered
2025-03-13 03:44:48.921570: E tensorflow/compiler/xla/stream_executor/cuda/cuda_blas.cc:1518] Unable to register cuBLAS factory: Attempting to register factory for plugin cuBLAS when one has already been registered
implib-gen: libcudart.so.11.0: failed to load library 'libcudart.so.11.0' via callback 'DP_cudart_dlopen'
implib-gen: libcudart.so.11.0: failed to resolve symbol '__cudaRegisterFatBinaryEnd', library failed to load
DeePMD-kit: Cannot find libcudart.so.11.0
implib-gen: libcudart.so.11.0: failed to load library 'libcudart.so.11.0' via callback 'DP_cudart_dlopen'
implib-gen: libcudart.so.11.0: failed to resolve symbol '__cudaRegisterFatBinary', library failed to load
implib-gen: libcudart.so.11.0: failed to load library 'libcudart.so.11.0' via callback 'DP_cudart_dlopen'
implib-gen: libcudart.so.11.0: failed to resolve symbol '__cudaRegisterFunction', library failed to load
implib-gen: libcudart.so.11.0: failed to load library 'libcudart.so.11.0' via callback 'DP_cudart_dlopen'
implib-gen: libcudart.so.11.0: failed to resolve symbol '__cudaRegisterFatBinaryEnd', library failed to load
DeePMD-kit: Cannot find libcudart.so.11.0
implib-gen: libcudart.so.11.0: failed to load library 'libcudart.so.11.0' via callback 'DP_cudart_dlopen'
implib-gen: libcudart.so.11.0: failed to resolve symbol '__cudaRegisterFatBinary', library failed to load
implib-gen: libcudart.so.11.0: failed to load library 'libcudart.so.11.0' via callback 'DP_cudart_dlopen'
implib-gen: libcudart.so.11.0: failed to resolve symbol '__cudaRegisterFunction', library failed to load
implib-gen: libcudart.so.11.0: failed to load library 'libcudart.so.11.0' via callback 'DP_cudart_dlopen'
implib-gen: libcudart.so.11.0: failed to resolve symbol '__cudaRegisterFatBinaryEnd', library failed to load
2025-03-13 03:44:48.922759: E tensorflow/compiler/xla/stream_executor/cuda/cuda_dnn.cc:9342] Unable to register cuDNN factory: Attempting to register factory for plugin cuDNN when one has already been registered
2025-03-13 03:44:48.922782: E tensorflow/compiler/xla/stream_executor/cuda/cuda_fft.cc:609] Unable to register cuFFT factory: Attempting to register factory for plugin cuFFT when one has already been registered
2025-03-13 03:44:48.922806: E tensorflow/compiler/xla/stream_executor/cuda/cuda_blas.cc:1518] Unable to register cuBLAS factory: Attempting to register factory for plugin cuBLAS when one has already been registered
2025-03-13 03:44:48.922761: E tensorflow/compiler/xla/stream_executor/cuda/cuda_dnn.cc:9342] Unable to register cuDNN factory: Attempting to register factory for plugin cuDNN when one has already been registered
2025-03-13 03:44:48.922782: E tensorflow/compiler/xla/stream_executor/cuda/cuda_fft.cc:609] Unable to register cuFFT factory: Attempting to register factory for plugin cuFFT when one has already been registered
2025-03-13 03:44:48.922806: E tensorflow/compiler/xla/stream_executor/cuda/cuda_blas.cc:1518] Unable to register cuBLAS factory: Attempting to register factory for plugin cuBLAS when one has already been registered
DeePMD-kit: Cannot find libcudart.so.11.0
implib-gen: libcudart.so.11.0: failed to load library 'libcudart.so.11.0' via callback 'DP_cudart_dlopen'
implib-gen: libcudart.so.11.0: failed to resolve symbol '__cudaRegisterFatBinary', library failed to load
implib-gen: libcudart.so.11.0: failed to load library 'libcudart.so.11.0' via callback 'DP_cudart_dlopen'
implib-gen: libcudart.so.11.0: failed to resolve symbol '__cudaRegisterFunction', library failed to load
implib-gen: libcudart.so.11.0: failed to load library 'libcudart.so.11.0' via callback 'DP_cudart_dlopen'
implib-gen: libcudart.so.11.0: failed to resolve symbol '__cudaRegisterFatBinaryEnd', library failed to load
DeePMD-kit: Cannot find libcudart.so.11.0
implib-gen: libcudart.so.11.0: failed to load library 'libcudart.so.11.0' via callback 'DP_cudart_dlopen'
implib-gen: libcudart.so.11.0: failed to resolve symbol '__cudaRegisterFatBinary', library failed to load
implib-gen: libcudart.so.11.0: failed to load library 'libcudart.so.11.0' via callback 'DP_cudart_dlopen'
implib-gen: libcudart.so.11.0: failed to resolve symbol '__cudaRegisterFunction', library failed to load
implib-gen: libcudart.so.11.0: failed to load library 'libcudart.so.11.0' via callback 'DP_cudart_dlopen'
implib-gen: libcudart.so.11.0: failed to resolve symbol '__cudaRegisterFatBinaryEnd', library failed to load
DeePMD-kit: Cannot find libcudart.so.11.0
implib-gen: libcudart.so.11.0: failed to load library 'libcudart.so.11.0' via callback 'DP_cudart_dlopen'
implib-gen: libcudart.so.11.0: failed to resolve symbol '__cudaRegisterFatBinary', library failed to load
implib-gen: libcudart.so.11.0: failed to load library 'libcudart.so.11.0' via callback 'DP_cudart_dlopen'
implib-gen: libcudart.so.11.0: failed to resolve symbol '__cudaRegisterFunction', library failed to load
implib-gen: libcudart.so.11.0: failed to load library 'libcudart.so.11.0' via callback 'DP_cudart_dlopen'
implib-gen: libcudart.so.11.0: failed to resolve symbol '__cudaRegisterFatBinaryEnd', library failed to load
DeePMD-kit: Cannot find libcudart.so.11.0
implib-gen: libcudart.so.11.0: failed to load library 'libcudart.so.11.0' via callback 'DP_cudart_dlopen'
implib-gen: libcudart.so.11.0: failed to resolve symbol '__cudaRegisterFatBinary', library failed to load
implib-gen: libcudart.so.11.0: failed to load library 'libcudart.so.11.0' via callback 'DP_cudart_dlopen'
implib-gen: libcudart.so.11.0: failed to resolve symbol '__cudaRegisterFunction', library failed to load
implib-gen: libcudart.so.11.0: failed to load library 'libcudart.so.11.0' via callback 'DP_cudart_dlopen'
implib-gen: libcudart.so.11.0: failed to resolve symbol '__cudaRegisterFatBinaryEnd', library failed to load
DeePMD-kit: Cannot find libcudart.so.11.0
implib-gen: libcudart.so.11.0: failed to load library 'libcudart.so.11.0' via callback 'DP_cudart_dlopen'
implib-gen: libcudart.so.11.0: failed to resolve symbol '__cudaRegisterFatBinary', library failed to load
implib-gen: libcudart.so.11.0: failed to load library 'libcudart.so.11.0' via callback 'DP_cudart_dlopen'
implib-gen: libcudart.so.11.0: failed to resolve symbol '__cudaRegisterFunction', library failed to load
implib-gen: libcudart.so.11.0: failed to load library 'libcudart.so.11.0' via callback 'DP_cudart_dlopen'
implib-gen: libcudart.so.11.0: failed to resolve symbol '__cudaRegisterFatBinaryEnd', library failed to load
DeePMD-kit: Cannot find libcudart.so.11.0
implib-gen: libcudart.so.11.0: failed to load library 'libcudart.so.11.0' via callback 'DP_cudart_dlopen'
implib-gen: libcudart.so.11.0: failed to resolve symbol '__cudaRegisterFatBinary', library failed to load
implib-gen: libcudart.so.11.0: failed to load library 'libcudart.so.11.0' via callback 'DP_cudart_dlopen'
implib-gen: libcudart.so.11.0: failed to resolve symbol '__cudaRegisterFunction', library failed to load
implib-gen: libcudart.so.11.0: failed to load library 'libcudart.so.11.0' via callback 'DP_cudart_dlopen'
implib-gen: libcudart.so.11.0: failed to resolve symbol '__cudaRegisterFatBinaryEnd', library failed to load
DeePMD-kit: Cannot find libcudart.so.11.0
implib-gen: libcudart.so.11.0: failed to load library 'libcudart.so.11.0' via callback 'DP_cudart_dlopen'
implib-gen: libcudart.so.11.0: failed to resolve symbol '__cudaRegisterFatBinary', library failed to load
implib-gen: libcudart.so.11.0: failed to load library 'libcudart.so.11.0' via callback 'DP_cudart_dlopen'
implib-gen: libcudart.so.11.0: failed to resolve symbol '__cudaRegisterFunction', library failed to load
implib-gen: libcudart.so.11.0: failed to load library 'libcudart.so.11.0' via callback 'DP_cudart_dlopen'
implib-gen: libcudart.so.11.0: failed to resolve symbol '__cudaRegisterFatBinaryEnd', library failed to load
DeePMD-kit: Cannot find libcudart.so.11.0
implib-gen: libcudart.so.11.0: failed to load library 'libcudart.so.11.0' via callback 'DP_cudart_dlopen'
implib-gen: libcudart.so.11.0: failed to resolve symbol '__cudaRegisterFatBinary', library failed to load
implib-gen: libcudart.so.11.0: failed to load library 'libcudart.so.11.0' via callback 'DP_cudart_dlopen'
implib-gen: libcudart.so.11.0: failed to resolve symbol '__cudaRegisterFunction', library failed to load
implib-gen: libcudart.so.11.0: failed to load library 'libcudart.so.11.0' via callback 'DP_cudart_dlopen'
implib-gen: libcudart.so.11.0: failed to resolve symbol '__cudaRegisterFatBinaryEnd', library failed to load
DeePMD-kit: Cannot find libcudart.so.11.0
implib-gen: libcudart.so.11.0: failed to load library 'libcudart.so.11.0' via callback 'DP_cudart_dlopen'
implib-gen: libcudart.so.11.0: failed to resolve symbol '__cudaRegisterFatBinary', library failed to load
implib-gen: libcudart.so.11.0: failed to load library 'libcudart.so.11.0' via callback 'DP_cudart_dlopen'
implib-gen: libcudart.so.11.0: failed to resolve symbol '__cudaRegisterFunction', library failed to load
implib-gen: libcudart.so.11.0: failed to load library 'libcudart.so.11.0' via callback 'DP_cudart_dlopen'
implib-gen: libcudart.so.11.0: failed to resolve symbol '__cudaRegisterFatBinaryEnd', library failed to load
DeePMD-kit: Cannot find libcudart.so.11.0
implib-gen: libcudart.so.11.0: failed to load library 'libcudart.so.11.0' via callback 'DP_cudart_dlopen'
implib-gen: libcudart.so.11.0: failed to resolve symbol '__cudaRegisterFatBinary', library failed to load
implib-gen: libcudart.so.11.0: failed to load library 'libcudart.so.11.0' via callback 'DP_cudart_dlopen'
implib-gen: libcudart.so.11.0: failed to load library 'libcudart.so.11.0' via callback 'DP_cudart_dlopen'
implib-gen: libcudart.so.11.0: failed to resolve symbol '__cudaRegisterFatBinary', library failed to load
implib-gen: libcudart.so.11.0: failed to load library 'libcudart.so.11.0' via callback 'DP_cudart_dlopen'
implib-gen: libcudart.so.11.0: failed to resolve symbol '__cudaRegisterFunction', library failed to load
implib-gen: libcudart.so.11.0: failed to load library 'libcudart.so.11.0' via callback 'DP_cudart_dlopen'
implib-gen: libcudart.so.11.0: failed to resolve symbol '__cudaRegisterFunction', library failed to load
implib-gen: libcudart.so.11.0: failed to load library 'libcudart.so.11.0' via callback 'DP_cudart_dlopen'
implib-gen: libcudart.so.11.0: failed to resolve symbol '__cudaRegisterFatBinaryEnd', library failed to load
implib-gen: libcudart.so.11.0: failed to resolve symbol '__cudaRegisterFatBinaryEnd', library failed to load
2025-03-13 03:44:48.902585: E tensorflow/compiler/xla/stream_executor/cuda/cuda_dnn.cc:9342] Unable to register cuDNN factory: Attempting to register factory for plugin cuDNN when one has already been registered
2025-03-13 03:44:48.902605: E tensorflow/compiler/xla/stream_executor/cuda/cuda_fft.cc:609] Unable to register cuFFT factory: Attempting to register factory for plugin cuFFT when one has already been registered
2025-03-13 03:44:48.902632: E tensorflow/compiler/xla/stream_executor/cuda/cuda_blas.cc:1518] Unable to register cuBLAS factory: Attempting to register factory for plugin cuBLAS when one has already been registered
2025-03-13 03:44:48.903482: E tensorflow/compiler/xla/stream_executor/cuda/cuda_dnn.cc:9342] Unable to register cuDNN factory: Attempting to register factory for plugin cuDNN when one has already been registered
2025-03-13 03:44:48.903507: E tensorflow/compiler/xla/stream_executor/cuda/cuda_fft.cc:609] Unable to register cuFFT factory: Attempting to register factory for plugin cuFFT when one has already been registered
2025-03-13 03:44:48.903531: E tensorflow/compiler/xla/stream_executor/cuda/cuda_blas.cc:1518] Unable to register cuBLAS factory: Attempting to register factory for plugin cuBLAS when one has already been registered
2025-03-13 03:44:48.903482: E tensorflow/compiler/xla/stream_executor/cuda/cuda_dnn.cc:9342] Unable to register cuDNN factory: Attempting to register factory for plugin cuDNN when one has already been registered
2025-03-13 03:44:48.903507: E tensorflow/compiler/xla/stream_executor/cuda/cuda_fft.cc:609] Unable to register cuFFT factory: Attempting to register factory for plugin cuFFT when one has already been registered
2025-03-13 03:44:48.903532: E tensorflow/compiler/xla/stream_executor/cuda/cuda_blas.cc:1518] Unable to register cuBLAS factory: Attempting to register factory for plugin cuBLAS when one has already been registered
2025-03-13 03:44:48.904823: E tensorflow/compiler/xla/stream_executor/cuda/cuda_dnn.cc:9342] Unable to register cuDNN factory: Attempting to register factory for plugin cuDNN when one has already been registered
2025-03-13 03:44:48.904847: E tensorflow/compiler/xla/stream_executor/cuda/cuda_fft.cc:609] Unable to register cuFFT factory: Attempting to register factory for plugin cuFFT when one has already been registered
2025-03-13 03:44:48.904872: E tensorflow/compiler/xla/stream_executor/cuda/cuda_blas.cc:1518] Unable to register cuBLAS factory: Attempting to register factory for plugin cuBLAS when one has already been registered
2025-03-13 03:44:48.904825: E tensorflow/compiler/xla/stream_executor/cuda/cuda_dnn.cc:9342] Unable to register cuDNN factory: Attempting to register factory for plugin cuDNN when one has already been registered
2025-03-13 03:44:48.904847: E tensorflow/compiler/xla/stream_executor/cuda/cuda_fft.cc:609] Unable to register cuFFT factory: Attempting to register factory for plugin cuFFT when one has already been registered
2025-03-13 03:44:48.904874: E tensorflow/compiler/xla/stream_executor/cuda/cuda_blas.cc:1518] Unable to register cuBLAS factory: Attempting to register factory for plugin cuBLAS when one has already been registered
2025-03-13 03:44:48.906050: E tensorflow/compiler/xla/stream_executor/cuda/cuda_dnn.cc:9342] Unable to register cuDNN factory: Attempting to register factory for plugin cuDNN when one has already been registered
2025-03-13 03:44:48.906069: E tensorflow/compiler/xla/stream_executor/cuda/cuda_fft.cc:609] Unable to register cuFFT factory: Attempting to register factory for plugin cuFFT when one has already been registered
2025-03-13 03:44:48.906096: E tensorflow/compiler/xla/stream_executor/cuda/cuda_blas.cc:1518] Unable to register cuBLAS factory: Attempting to register factory for plugin cuBLAS when one has already been registered
2025-03-13 03:44:48.907184: E tensorflow/compiler/xla/stream_executor/cuda/cuda_dnn.cc:9342] Unable to register cuDNN factory: Attempting to register factory for plugin cuDNN when one has already been registered
2025-03-13 03:44:48.907208: E tensorflow/compiler/xla/stream_executor/cuda/cuda_fft.cc:609] Unable to register cuFFT factory: Attempting to register factory for plugin cuFFT when one has already been registered
2025-03-13 03:44:48.907241: E tensorflow/compiler/xla/stream_executor/cuda/cuda_blas.cc:1518] Unable to register cuBLAS factory: Attempting to register factory for plugin cuBLAS when one has already been registered
2025-03-13 03:44:48.907180: E tensorflow/compiler/xla/stream_executor/cuda/cuda_dnn.cc:9342] Unable to register cuDNN factory: Attempting to register factory for plugin cuDNN when one has already been registered
2025-03-13 03:44:48.907208: E tensorflow/compiler/xla/stream_executor/cuda/cuda_fft.cc:609] Unable to register cuFFT factory: Attempting to register factory for plugin cuFFT when one has already been registered
2025-03-13 03:44:48.907238: E tensorflow/compiler/xla/stream_executor/cuda/cuda_blas.cc:1518] Unable to register cuBLAS factory: Attempting to register factory for plugin cuBLAS when one has already been registered
DeePMD-kit: Cannot find libcudart.so.11.0
implib-gen: libcudart.so.11.0: failed to load library 'libcudart.so.11.0' via callback 'DP_cudart_dlopen'
implib-gen: libcudart.so.11.0: failed to resolve symbol '__cudaRegisterFatBinary', library failed to load
implib-gen: libcudart.so.11.0: failed to load library 'libcudart.so.11.0' via callback 'DP_cudart_dlopen'
implib-gen: libcudart.so.11.0: failed to resolve symbol '__cudaRegisterFunction', library failed to load
implib-gen: libcudart.so.11.0: failed to load library 'libcudart.so.11.0' via callback 'DP_cudart_dlopen'
implib-gen: libcudart.so.11.0: failed to resolve symbol '__cudaRegisterFatBinaryEnd', library failed to load
DeePMD-kit: Cannot find libcudart.so.11.0
implib-gen: libcudart.so.11.0: failed to load library 'libcudart.so.11.0' via callback 'DP_cudart_dlopen'
implib-gen: libcudart.so.11.0: failed to resolve symbol '__cudaRegisterFatBinary', library failed to load
implib-gen: libcudart.so.11.0: failed to load library 'libcudart.so.11.0' via callback 'DP_cudart_dlopen'
implib-gen: libcudart.so.11.0: failed to resolve symbol '__cudaRegisterFunction', library failed to load
implib-gen: libcudart.so.11.0: failed to load library 'libcudart.so.11.0' via callback 'DP_cudart_dlopen'
implib-gen: libcudart.so.11.0: failed to resolve symbol '__cudaRegisterFatBinaryEnd', library failed to load
DeePMD-kit: Cannot find libcudart.so.11.0
implib-gen: libcudart.so.11.0: failed to load library 'libcudart.so.11.0' via callback 'DP_cudart_dlopen'
implib-gen: libcudart.so.11.0: failed to resolve symbol '__cudaRegisterFatBinary', library failed to load
implib-gen: libcudart.so.11.0: failed to load library 'libcudart.so.11.0' via callback 'DP_cudart_dlopen'
implib-gen: libcudart.so.11.0: failed to resolve symbol '__cudaRegisterFunction', library failed to load
implib-gen: libcudart.so.11.0: failed to load library 'libcudart.so.11.0' via callback 'DP_cudart_dlopen'
implib-gen: libcudart.so.11.0: failed to resolve symbol '__cudaRegisterFatBinaryEnd', library failed to load
DeePMD-kit: Cannot find libcudart.so.11.0
implib-gen: libcudart.so.11.0: failed to load library 'libcudart.so.11.0' via callback 'DP_cudart_dlopen'
implib-gen: libcudart.so.11.0: failed to resolve symbol '__cudaRegisterFatBinary', library failed to load
implib-gen: libcudart.so.11.0: failed to load library 'libcudart.so.11.0' via callback 'DP_cudart_dlopen'
implib-gen: libcudart.so.11.0: failed to resolve symbol '__cudaRegisterFunction', library failed to load
implib-gen: libcudart.so.11.0: failed to load library 'libcudart.so.11.0' via callback 'DP_cudart_dlopen'
implib-gen: libcudart.so.11.0: failed to resolve symbol '__cudaRegisterFatBinaryEnd', library failed to load
DeePMD-kit: Cannot find libcudart.so.11.0
implib-gen: libcudart.so.11.0: failed to load library 'libcudart.so.11.0' via callback 'DP_cudart_dlopen'
implib-gen: libcudart.so.11.0: failed to resolve symbol '__cudaRegisterFatBinary', library failed to load
implib-gen: libcudart.so.11.0: failed to load library 'libcudart.so.11.0' via callback 'DP_cudart_dlopen'
implib-gen: libcudart.so.11.0: failed to resolve symbol '__cudaRegisterFunction', library failed to load
implib-gen: libcudart.so.11.0: failed to load library 'libcudart.so.11.0' via callback 'DP_cudart_dlopen'
implib-gen: libcudart.so.11.0: failed to resolve symbol '__cudaRegisterFatBinaryEnd', library failed to load
2025-03-13 03:44:48.911607: E tensorflow/compiler/xla/stream_executor/cuda/cuda_dnn.cc:9342] Unable to register cuDNN factory: Attempting to register factory for plugin cuDNN when one has already been registered
2025-03-13 03:44:48.911626: E tensorflow/compiler/xla/stream_executor/cuda/cuda_fft.cc:609] Unable to register cuFFT factory: Attempting to register factory for plugin cuFFT when one has already been registered
2025-03-13 03:44:48.911647: E tensorflow/compiler/xla/stream_executor/cuda/cuda_blas.cc:1518] Unable to register cuBLAS factory: Attempting to register factory for plugin cuBLAS when one has already been registered
DeePMD-kit: Cannot find libcudart.so.11.0
implib-gen: libcudart.so.11.0: failed to load library 'libcudart.so.11.0' via callback 'DP_cudart_dlopen'
implib-gen: libcudart.so.11.0: failed to resolve symbol '__cudaRegisterFatBinary', library failed to load
implib-gen: libcudart.so.11.0: failed to load library 'libcudart.so.11.0' via callback 'DP_cudart_dlopen'
implib-gen: libcudart.so.11.0: failed to resolve symbol '__cudaRegisterFunction', library failed to load
DeePMD-kit: Cannot find libcudart.so.11.0
implib-gen: libcudart.so.11.0: failed to load library 'libcudart.so.11.0' via callback 'DP_cudart_dlopen'
implib-gen: libcudart.so.11.0: failed to resolve symbol '__cudaRegisterFatBinary', library failed to load
implib-gen: libcudart.so.11.0: failed to load library 'libcudart.so.11.0' via callback 'DP_cudart_dlopen'
implib-gen: libcudart.so.11.0: failed to resolve symbol '__cudaRegisterFunction', library failed to load
implib-gen: libcudart.so.11.0: failed to load library 'libcudart.so.11.0' via callback 'DP_cudart_dlopen'
implib-gen: libcudart.so.11.0: failed to resolve symbol '__cudaRegisterFatBinaryEnd', library failed to load
implib-gen: libcudart.so.11.0: failed to load library 'libcudart.so.11.0' via callback 'DP_cudart_dlopen'
implib-gen: libcudart.so.11.0: failed to resolve symbol '__cudaRegisterFatBinaryEnd', library failed to load
DeePMD-kit: Cannot find libcudart.so.11.0
implib-gen: libcudart.so.11.0: failed to load library 'libcudart.so.11.0' via callback 'DP_cudart_dlopen'
implib-gen: libcudart.so.11.0: failed to resolve symbol '__cudaRegisterFatBinary', library failed to load
implib-gen: libcudart.so.11.0: failed to load library 'libcudart.so.11.0' via callback 'DP_cudart_dlopen'
implib-gen: libcudart.so.11.0: failed to resolve symbol '__cudaRegisterFunction', library failed to load
implib-gen: libcudart.so.11.0: failed to load library 'libcudart.so.11.0' via callback 'DP_cudart_dlopen'
implib-gen: libcudart.so.11.0: failed to resolve symbol '__cudaRegisterFatBinaryEnd', library failed to load
DeePMD-kit: Cannot find libcudart.so.11.0
implib-gen: libcudart.so.11.0: failed to load library 'libcudart.so.11.0' via callback 'DP_cudart_dlopen'
implib-gen: libcudart.so.11.0: failed to resolve symbol '__cudaRegisterFatBinary', library failed to load
implib-gen: libcudart.so.11.0: failed to load library 'libcudart.so.11.0' via callback 'DP_cudart_dlopen'
implib-gen: libcudart.so.11.0: failed to resolve symbol '__cudaRegisterFunction', library failed to load
implib-gen: libcudart.so.11.0: failed to load library 'libcudart.so.11.0' via callback 'DP_cudart_dlopen'
implib-gen: libcudart.so.11.0: failed to resolve symbol '__cudaRegisterFatBinaryEnd', library failed to load
DeePMD-kit: Cannot find libcudart.so.11.0
implib-gen: libcudart.so.11.0: failed to load library 'libcudart.so.11.0' via callback 'DP_cudart_dlopen'
implib-gen: libcudart.so.11.0: failed to resolve symbol '__cudaRegisterFatBinary', library failed to load
implib-gen: libcudart.so.11.0: failed to load library 'libcudart.so.11.0' via callback 'DP_cudart_dlopen'
implib-gen: libcudart.so.11.0: failed to resolve symbol '__cudaRegisterFunction', library failed to load
implib-gen: libcudart.so.11.0: failed to load library 'libcudart.so.11.0' via callback 'DP_cudart_dlopen'
implib-gen: libcudart.so.11.0: failed to resolve symbol '__cudaRegisterFatBinaryEnd', library failed to load
DeePMD-kit: Cannot find libcudart.so.11.0
implib-gen: libcudart.so.11.0: failed to load library 'libcudart.so.11.0' via callback 'DP_cudart_dlopen'
implib-gen: libcudart.so.11.0: failed to resolve symbol '__cudaRegisterFatBinary', library failed to load
implib-gen: libcudart.so.11.0: failed to load library 'libcudart.so.11.0' via callback 'DP_cudart_dlopen'
implib-gen: libcudart.so.11.0: failed to resolve symbol '__cudaRegisterFunction', library failed to load
implib-gen: libcudart.so.11.0: failed to load library 'libcudart.so.11.0' via callback 'DP_cudart_dlopen'
implib-gen: libcudart.so.11.0: failed to resolve symbol '__cudaRegisterFatBinaryEnd', library failed to load
DeePMD-kit: Cannot find libcudart.so.11.0
implib-gen: libcudart.so.11.0: failed to load library 'libcudart.so.11.0' via callback 'DP_cudart_dlopen'
implib-gen: libcudart.so.11.0: failed to resolve symbol '__cudaRegisterFatBinary', library failed to load
implib-gen: libcudart.so.11.0: failed to load library 'libcudart.so.11.0' via callback 'DP_cudart_dlopen'
implib-gen: libcudart.so.11.0: failed to resolve symbol '__cudaRegisterFunction', library failed to load
implib-gen: libcudart.so.11.0: failed to load library 'libcudart.so.11.0' via callback 'DP_cudart_dlopen'
implib-gen: libcudart.so.11.0: failed to resolve symbol '__cudaRegisterFatBinaryEnd', library failed to load
DeePMD-kit: Cannot find libcudart.so.11.0
implib-gen: libcudart.so.11.0: failed to load library 'libcudart.so.11.0' via callback 'DP_cudart_dlopen'
implib-gen: libcudart.so.11.0: failed to resolve symbol '__cudaRegisterFatBinary', library failed to load
implib-gen: libcudart.so.11.0: failed to load library 'libcudart.so.11.0' via callback 'DP_cudart_dlopen'
implib-gen: libcudart.so.11.0: failed to resolve symbol '__cudaRegisterFunction', library failed to load
implib-gen: libcudart.so.11.0: failed to load library 'libcudart.so.11.0' via callback 'DP_cudart_dlopen'
implib-gen: libcudart.so.11.0: failed to resolve symbol '__cudaRegisterFatBinaryEnd', library failed to load
DeePMD-kit: Cannot find libcudart.so.11.0
implib-gen: libcudart.so.11.0: failed to load library 'libcudart.so.11.0' via callback 'DP_cudart_dlopen'
implib-gen: libcudart.so.11.0: failed to resolve symbol '__cudaRegisterFatBinary', library failed to load
implib-gen: libcudart.so.11.0: failed to load library 'libcudart.so.11.0' via callback 'DP_cudart_dlopen'
implib-gen: libcudart.so.11.0: failed to resolve symbol '__cudaRegisterFunction', library failed to load
DeePMD-kit: Cannot find libcudart.so.11.0
implib-gen: libcudart.so.11.0: failed to load library 'libcudart.so.11.0' via callback 'DP_cudart_dlopen'
implib-gen: libcudart.so.11.0: failed to resolve symbol '__cudaRegisterFatBinary', library failed to load
implib-gen: libcudart.so.11.0: failed to load library 'libcudart.so.11.0' via callback 'DP_cudart_dlopen'
implib-gen: libcudart.so.11.0: failed to resolve symbol '__cudaRegisterFunction', library failed to load
implib-gen: libcudart.so.11.0: failed to load library 'libcudart.so.11.0' via callback 'DP_cudart_dlopen'
implib-gen: libcudart.so.11.0: failed to resolve symbol '__cudaRegisterFatBinaryEnd', library failed to load
implib-gen: libcudart.so.11.0: failed to load library 'libcudart.so.11.0' via callback 'DP_cudart_dlopen'
implib-gen: libcudart.so.11.0: failed to resolve symbol '__cudaRegisterFatBinaryEnd', library failed to load
[n2cn0732.ab2021.local:74585] MCW rank 146 bound to socket 1[core 72[hwt 0]]: [./././././././././././././././././././././././././././././././././././././././././././././././././././././././././././././././.][././././././././B/././././././././././././././././././././././././././././././././././././././././././././././././././././././.]
[n2cn0732.ab2021.local:74585] MCW rank 146 bound to socket 1[core 72[hwt 0]]: [./././././././././././././././././././././././././././././././././././././././././././././././././././././././././././././././.][././././././././B/././././././././././././././././././././././././././././././././././././././././././././././././././././././.]
[n2cn0732.ab2021.local:74573] MCW rank 134 bound to socket 0[core 24[hwt 0]]: [././././././././././././././././././././././././B/././././././././././././././././././././././././././././././././././././././.][./././././././././././././././././././././././././././././././././././././././././././././././././././././././././././././././.]
[n2cn0732.ab2021.local:74574] MCW rank 135 bound to socket 0[core 28[hwt 0]]: [././././././././././././././././././././././././././././B/././././././././././././././././././././././././././././././././././.][./././././././././././././././././././././././././././././././././././././././././././././././././././././././././././././././.]
[n2cn0732.ab2021.local:74573] MCW rank 134 bound to socket 0[core 24[hwt 0]]: [././././././././././././././././././././././././B/././././././././././././././././././././././././././././././././././././././.][./././././././././././././././././././././././././././././././././././././././././././././././././././././././././././././././.]
[n2cn0732.ab2021.local:74574] MCW rank 135 bound to socket 0[core 28[hwt 0]]: [././././././././././././././././././././././././././././B/././././././././././././././././././././././././././././././././././.][./././././././././././././././././././././././././././././././././././././././././././././././././././././././././././././././.]
[n2cn0732.ab2021.local:74584] MCW rank 145 bound to socket 1[core 68[hwt 0]]: [./././././././././././././././././././././././././././././././././././././././././././././././././././././././././././././././.][././././B/././././././././././././././././././././././././././././././././././././././././././././././././././././././././././.]
[n2cn0732.ab2021.local:74584] MCW rank 145 bound to socket 1[core 68[hwt 0]]: [./././././././././././././././././././././././././././././././././././././././././././././././././././././././././././././././.][././././B/././././././././././././././././././././././././././././././././././././././././././././././././././././././././././.]
[n2cn0732.ab2021.local:74597] MCW rank 158 bound to socket 1[core 120[hwt 0]]: [./././././././././././././././././././././././././././././././././././././././././././././././././././././././././././././././.][././././././././././././././././././././././././././././././././././././././././././././././././././././././././B/././././././.]
[n2cn0732.ab2021.local:74597] MCW rank 158 bound to socket 1[core 120[hwt 0]]: [./././././././././././././././././././././././././././././././././././././././././././././././././././././././././././././././.][././././././././././././././././././././././././././././././././././././././././././././././././././././././././B/././././././.]
[n2cn0732.ab2021.local:74591] MCW rank 152 bound to socket 1[core 96[hwt 0]]: [./././././././././././././././././././././././././././././././././././././././././././././././././././././././././././././././.][././././././././././././././././././././././././././././././././B/././././././././././././././././././././././././././././././.]
[n2cn0732.ab2021.local:74591] MCW rank 152 bound to socket 1[core 96[hwt 0]]: [./././././././././././././././././././././././././././././././././././././././././././././././././././././././././././././././.][././././././././././././././././././././././././././././././././B/././././././././././././././././././././././././././././././.]
[n2cn0732.ab2021.local:74571] MCW rank 132 bound to socket 0[core 16[hwt 0]]: [././././././././././././././././B/././././././././././././././././././././././././././././././././././././././././././././././.][./././././././././././././././././././././././././././././././././././././././././././././././././././././././././././././././.]
[n2cn0732.ab2021.local:74572] MCW rank 133 bound to socket 0[core 20[hwt 0]]: [././././././././././././././././././././B/././././././././././././././././././././././././././././././././././././././././././.][./././././././././././././././././././././././././././././././././././././././././././././././././././././././././././././././.]
[n2cn0732.ab2021.local:74571] MCW rank 132 bound to socket 0[core 16[hwt 0]]: [././././././././././././././././B/././././././././././././././././././././././././././././././././././././././././././././././.][./././././././././././././././././././././././././././././././././././././././././././././././././././././././././././././././.]
[n2cn0732.ab2021.local:74572] MCW rank 133 bound to socket 0[core 20[hwt 0]]: [././././././././././././././././././././B/././././././././././././././././././././././././././././././././././././././././././.][./././././././././././././././././././././././././././././././././././././././././././././././././././././././././././././././.]
[n2cn0673:470888] MCW rank 83 bound to socket 1[core 76[hwt 0]]: [./././././././././././././././././././././././././././././././././././././././././././././././././././././././././././././././.][././././././././././././B/././././././././././././././././././././././././././././././././././././././././././././././././././.]
[n2cn0673:470888] MCW rank 83 bound to socket 1[core 76[hwt 0]]: [./././././././././././././././././././././././././././././././././././././././././././././././././././././././././././././././.][././././././././././././B/././././././././././././././././././././././././././././././././././././././././././././././././././.]
[n2cn0745:73186] MCW rank 182 bound to socket 1[core 88[hwt 0]]: [./././././././././././././././././././././././././././././././././././././././././././././././././././././././././././././././.][././././././././././././././././././././././././B/././././././././././././././././././././././././././././././././././././././.]
[n2cn0745:73187] MCW rank 183 bound to socket 1[core 92[hwt 0]]: [./././././././././././././././././././././././././././././././././././././././././././././././././././././././././././././././.][././././././././././././././././././././././././././././B/././././././././././././././././././././././././././././././././././.]
[n2cn0745:73186] MCW rank 182 bound to socket 1[core 88[hwt 0]]: [./././././././././././././././././././././././././././././././././././././././././././././././././././././././././././././././.][././././././././././././././././././././././././B/././././././././././././././././././././././././././././././././././././././.]
[n2cn0745:73187] MCW rank 183 bound to socket 1[core 92[hwt 0]]: [./././././././././././././././././././././././././././././././././././././././././././././././././././././././././././././././.][././././././././././././././././././././././././././././B/././././././././././././././././././././././././././././././././././.]
[n2cn0731:81182] MCW rank 112 bound to socket 1[core 64[hwt 0]]: [./././././././././././././././././././././././././././././././././././././././././././././././././././././././././././././././.][B/././././././././././././././././././././././././././././././././././././././././././././././././././././././././././././././.]
[n2cn0731:81182] MCW rank 112 bound to socket 1[core 64[hwt 0]]: [./././././././././././././././././././././././././././././././././././././././././././././././././././././././././././././././.][B/././././././././././././././././././././././././././././././././././././././././././././././././././././././././././././././.]
[n2cn0673:470885] MCW rank 80 bound to socket 1[core 64[hwt 0]]: [./././././././././././././././././././././././././././././././././././././././././././././././././././././././././././././././.][B/././././././././././././././././././././././././././././././././././././././././././././././././././././././././././././././.]
[n2cn0673:470886] MCW rank 81 bound to socket 1[core 68[hwt 0]]: [./././././././././././././././././././././././././././././././././././././././././././././././././././././././././././././././.][././././B/././././././././././././././././././././././././././././././././././././././././././././././././././././././././././.]
[n2cn0673:470885] MCW rank 80 bound to socket 1[core 64[hwt 0]]: [./././././././././././././././././././././././././././././././././././././././././././././././././././././././././././././././.][B/././././././././././././././././././././././././././././././././././././././././././././././././././././././././././././././.]
[n2cn0673:470886] MCW rank 81 bound to socket 1[core 68[hwt 0]]: [./././././././././././././././././././././././././././././././././././././././././././././././././././././././././././././././.][././././B/././././././././././././././././././././././././././././././././././././././././././././././././././././././././././.]
[n2cn0649:4079405] MCW rank 20 bound to socket 1[core 80[hwt 0]]: [./././././././././././././././././././././././././././././././././././././././././././././././././././././././././././././././.][././././././././././././././././B/././././././././././././././././././././././././././././././././././././././././././././././.]
[n2cn0649:4079405] MCW rank 20 bound to socket 1[core 80[hwt 0]]: [./././././././././././././././././././././././././././././././././././././././././././././././././././././././././././././././.][././././././././././././././././B/././././././././././././././././././././././././././././././././././././././././././././././.]
[n2cn0673:470869] MCW rank 64 bound to socket 0[core 0[hwt 0]]: [B/././././././././././././././././././././././././././././././././././././././././././././././././././././././././././././././.][./././././././././././././././././././././././././././././././././././././././././././././././././././././././././././././././.]
[n2cn0673:470870] MCW rank 65 bound to socket 0[core 4[hwt 0]]: [././././B/././././././././././././././././././././././././././././././././././././././././././././././././././././././././././.][./././././././././././././././././././././././././././././././././././././././././././././././././././././././././././././././.]
[n2cn0673:470869] MCW rank 64 bound to socket 0[core 0[hwt 0]]: [B/././././././././././././././././././././././././././././././././././././././././././././././././././././././././././././././.][./././././././././././././././././././././././././././././././././././././././././././././././././././././././././././././././.]
[n2cn0673:470870] MCW rank 65 bound to socket 0[core 4[hwt 0]]: [././././B/././././././././././././././././././././././././././././././././././././././././././././././././././././././././././.][./././././././././././././././././././././././././././././././././././././././././././././././././././././././././././././././.]
[n2cn0731:81195] MCW rank 125 bound to socket 1[core 116[hwt 0]]: [./././././././././././././././././././././././././././././././././././././././././././././././././././././././././././././././.][././././././././././././././././././././././././././././././././././././././././././././././././././././B/././././././././././.]
[n2cn0731:81194] MCW rank 124 bound to socket 1[core 112[hwt 0]]: [./././././././././././././././././././././././././././././././././././././././././././././././././././././././././././././././.][././././././././././././././././././././././././././././././././././././././././././././././././B/././././././././././././././.]
[n2cn0731:81195] MCW rank 125 bound to socket 1[core 116[hwt 0]]: [./././././././././././././././././././././././././././././././././././././././././././././././././././././././././././././././.][././././././././././././././././././././././././././././././././././././././././././././././././././././B/././././././././././.]
[n2cn0731:81194] MCW rank 124 bound to socket 1[core 112[hwt 0]]: [./././././././././././././././././././././././././././././././././././././././././././././././././././././././././././././././.][././././././././././././././././././././././././././././././././././././././././././././././././B/././././././././././././././.]
[n2cn0732.ab2021.local:74577] MCW rank 138 bound to socket 0[core 40[hwt 0]]: [././././././././././././././././././././././././././././././././././././././././B/././././././././././././././././././././././.][./././././././././././././././././././././././././././././././././././././././././././././././././././././././././././././././.]
[n2cn0673:470897] MCW rank 92 bound to socket 1[core 112[hwt 0]]: [./././././././././././././././././././././././././././././././././././././././././././././././././././././././././././././././.][././././././././././././././././././././././././././././././././././././././././././././././././B/././././././././././././././.]
[n2cn0732.ab2021.local:74576] MCW rank 137 bound to socket 0[core 36[hwt 0]]: [././././././././././././././././././././././././././././././././././././B/././././././././././././././././././././././././././.][./././././././././././././././././././././././././././././././././././././././././././././././././././././././././././././././.]
[n2cn0673:470896] MCW rank 91 bound to socket 1[core 108[hwt 0]]: [./././././././././././././././././././././././././././././././././././././././././././././././././././././././././././././././.][././././././././././././././././././././././././././././././././././././././././././././B/././././././././././././././././././.]
[n2cn0673:470897] MCW rank 92 bound to socket 1[core 112[hwt 0]]: [./././././././././././././././././././././././././././././././././././././././././././././././././././././././././././././././.][././././././././././././././././././././././././././././././././././././././././././././././././B/././././././././././././././.]
[n2cn0732.ab2021.local:74577] MCW rank 138 bound to socket 0[core 40[hwt 0]]: [././././././././././././././././././././././././././././././././././././././././B/././././././././././././././././././././././.][./././././././././././././././././././././././././././././././././././././././././././././././././././././././././././././././.]
[n2cn0732.ab2021.local:74576] MCW rank 137 bound to socket 0[core 36[hwt 0]]: [././././././././././././././././././././././././././././././././././././B/././././././././././././././././././././././././././.][./././././././././././././././././././././././././././././././././././././././././././././././././././././././././././././././.]
[n2cn0731:81181] MCW rank 111 bound to socket 0[core 60[hwt 0]]: [././././././././././././././././././././././././././././././././././././././././././././././././././././././././././././B/././.][./././././././././././././././././././././././././././././././././././././././././././././././././././././././././././././././.]
[n2cn0673:470896] MCW rank 91 bound to socket 1[core 108[hwt 0]]: [./././././././././././././././././././././././././././././././././././././././././././././././././././././././././././././././.][././././././././././././././././././././././././././././././././././././././././././././B/././././././././././././././././././.]
[n2cn0731:81197] MCW rank 127 bound to socket 1[core 124[hwt 0]]: [./././././././././././././././././././././././././././././././././././././././././././././././././././././././././././././././.][././././././././././././././././././././././././././././././././././././././././././././././././././././././././././././B/././.]
[n2cn0731:81181] MCW rank 111 bound to socket 0[core 60[hwt 0]]: [././././././././././././././././././././././././././././././././././././././././././././././././././././././././././././B/././.][./././././././././././././././././././././././././././././././././././././././././././././././././././././././././././././././.]
[n2cn0731:81197] MCW rank 127 bound to socket 1[core 124[hwt 0]]: [./././././././././././././././././././././././././././././././././././././././././././././././././././././././././././././././.][././././././././././././././././././././././././././././././././././././././././././././././././././././././././././././B/././.]
[n2cn0732.ab2021.local:74575] MCW rank 136 bound to socket 0[core 32[hwt 0]]: [././././././././././././././././././././././././././././././././B/././././././././././././././././././././././././././././././.][./././././././././././././././././././././././././././././././././././././././././././././././././././././././././././././././.]
[n2cn0732.ab2021.local:74578] MCW rank 139 bound to socket 0[core 44[hwt 0]]: [././././././././././././././././././././././././././././././././././././././././././././B/././././././././././././././././././.][./././././././././././././././././././././././././././././././././././././././././././././././././././././././././././././././.]
[n2cn0732.ab2021.local:74575] MCW rank 136 bound to socket 0[core 32[hwt 0]]: [././././././././././././././././././././././././././././././././B/././././././././././././././././././././././././././././././.][./././././././././././././././././././././././././././././././././././././././././././././././././././././././././././././././.]
[n2cn0732.ab2021.local:74578] MCW rank 139 bound to socket 0[core 44[hwt 0]]: [././././././././././././././././././././././././././././././././././././././././././././B/././././././././././././././././././.][./././././././././././././././././././././././././././././././././././././././././././././././././././././././././././././././.]
[n2cn0673:470898] MCW rank 93 bound to socket 1[core 116[hwt 0]]: [./././././././././././././././././././././././././././././././././././././././././././././././././././././././././././././././.][././././././././././././././././././././././././././././././././././././././././././././././././././././B/././././././././././.]
[n2cn0673:470898] MCW rank 93 bound to socket 1[core 116[hwt 0]]: [./././././././././././././././././././././././././././././././././././././././././././././././././././././././././././././././.][././././././././././././././././././././././././././././././././././././././././././././././././././././B/././././././././././.]
[n2cn0732.ab2021.local:74587] MCW rank 148 bound to socket 1[core 80[hwt 0]]: [./././././././././././././././././././././././././././././././././././././././././././././././././././././././././././././././.][././././././././././././././././B/././././././././././././././././././././././././././././././././././././././././././././././.]
[n2cn0732.ab2021.local:74588] MCW rank 149 bound to socket 1[core 84[hwt 0]]: [./././././././././././././././././././././././././././././././././././././././././././././././././././././././././././././././.][././././././././././././././././././././B/././././././././././././././././././././././././././././././././././././././././././.]
[n2cn0732.ab2021.local:74587] MCW rank 148 bound to socket 1[core 80[hwt 0]]: [./././././././././././././././././././././././././././././././././././././././././././././././././././././././././././././././.][././././././././././././././././B/././././././././././././././././././././././././././././././././././././././././././././././.]
[n2cn0745:73164] MCW rank 160 bound to socket 0[core 0[hwt 0]]: [B/././././././././././././././././././././././././././././././././././././././././././././././././././././././././././././././.][./././././././././././././././././././././././././././././././././././././././././././././././././././././././././././././././.]
[n2cn0732.ab2021.local:74588] MCW rank 149 bound to socket 1[core 84[hwt 0]]: [./././././././././././././././././././././././././././././././././././././././././././././././././././././././././././././././.][././././././././././././././././././././B/././././././././././././././././././././././././././././././././././././././././././.]
[n2cn0745:73165] MCW rank 161 bound to socket 0[core 4[hwt 0]]: [././././B/././././././././././././././././././././././././././././././././././././././././././././././././././././././././././.][./././././././././././././././././././././././././././././././././././././././././././././././././././././././././././././././.]
[n2cn0745:73164] MCW rank 160 bound to socket 0[core 0[hwt 0]]: [B/././././././././././././././././././././././././././././././././././././././././././././././././././././././././././././././.][./././././././././././././././././././././././././././././././././././././././././././././././././././././././././././././././.]
[n2cn0745:73165] MCW rank 161 bound to socket 0[core 4[hwt 0]]: [././././B/././././././././././././././././././././././././././././././././././././././././././././././././././././././././././.][./././././././././././././././././././././././././././././././././././././././././././././././././././././././././././././././.]
[n2cn0732.ab2021.local:74589] MCW rank 150 bound to socket 1[core 88[hwt 0]]: [./././././././././././././././././././././././././././././././././././././././././././././././././././././././././././././././.][././././././././././././././././././././././././B/././././././././././././././././././././././././././././././././././././././.]
[n2cn0732.ab2021.local:74590] MCW rank 151 bound to socket 1[core 92[hwt 0]]: [./././././././././././././././././././././././././././././././././././././././././././././././././././././././././././././././.][././././././././././././././././././././././././././././B/././././././././././././././././././././././././././././././././././.]
[n2cn0732.ab2021.local:74589] MCW rank 150 bound to socket 1[core 88[hwt 0]]: [./././././././././././././././././././././././././././././././././././././././././././././././././././././././././././././././.][././././././././././././././././././././././././B/././././././././././././././././././././././././././././././././././././././.]
[n2cn0732.ab2021.local:74590] MCW rank 151 bound to socket 1[core 92[hwt 0]]: [./././././././././././././././././././././././././././././././././././././././././././././././././././././././././././././././.][././././././././././././././././././././././././././././B/././././././././././././././././././././././././././././././././././.]
[n2cn0745:73167] MCW rank 163 bound to socket 0[core 12[hwt 0]]: [././././././././././././B/././././././././././././././././././././././././././././././././././././././././././././././././././.][./././././././././././././././././././././././././././././././././././././././././././././././././././././././././././././././.]
[n2cn0745:73167] MCW rank 163 bound to socket 0[core 12[hwt 0]]: [././././././././././././B/././././././././././././././././././././././././././././././././././././././././././././././././././.][./././././././././././././././././././././././././././././././././././././././././././././././././././././././././././././././.]
[n2cn0731:81173] MCW rank 103 bound to socket 0[core 28[hwt 0]]: [././././././././././././././././././././././././././././B/././././././././././././././././././././././././././././././././././.][./././././././././././././././././././././././././././././././././././././././././././././././././././././././././././././././.]
[n2cn0731:81172] MCW rank 102 bound to socket 0[core 24[hwt 0]]: [././././././././././././././././././././././././B/././././././././././././././././././././././././././././././././././././././.][./././././././././././././././././././././././././././././././././././././././././././././././././././././././././././././././.]
[n2cn0731:81173] MCW rank 103 bound to socket 0[core 28[hwt 0]]: [././././././././././././././././././././././././././././B/././././././././././././././././././././././././././././././././././.][./././././././././././././././././././././././././././././././././././././././././././././././././././././././././././././././.]
[n2cn0731:81172] MCW rank 102 bound to socket 0[core 24[hwt 0]]: [././././././././././././././././././././././././B/././././././././././././././././././././././././././././././././././././././.][./././././././././././././././././././././././././././././././././././././././././././././././././././././././././././././././.]
[n2cn0731:81183] MCW rank 113 bound to socket 1[core 68[hwt 0]]: [./././././././././././././././././././././././././././././././././././././././././././././././././././././././././././././././.][././././B/././././././././././././././././././././././././././././././././././././././././././././././././././././././././././.]
[n2cn0731:81183] MCW rank 113 bound to socket 1[core 68[hwt 0]]: [./././././././././././././././././././././././././././././././././././././././././././././././././././././././././././././././.][././././B/././././././././././././././././././././././././././././././././././././././././././././././././././././././././././.]
[n2cn0731:81166] MCW rank 96 bound to socket 0[core 0[hwt 0]]: [B/././././././././././././././././././././././././././././././././././././././././././././././././././././././././././././././.][./././././././././././././././././././././././././././././././././././././././././././././././././././././././././././././././.]
[n2cn0731:81166] MCW rank 96 bound to socket 0[core 0[hwt 0]]: [B/././././././././././././././././././././././././././././././././././././././././././././././././././././././././././././././.][./././././././././././././././././././././././././././././././././././././././././././././././././././././././././././././././.]
[n2cn0649:4079397] MCW rank 12 bound to socket 0[core 48[hwt 0]]: [././././././././././././././././././././././././././././././././././././././././././././././././B/././././././././././././././.][./././././././././././././././././././././././././././././././././././././././././././././././././././././././././././././././.]
[n2cn0649:4079398] MCW rank 13 bound to socket 0[core 52[hwt 0]]: [././././././././././././././././././././././././././././././././././././././././././././././././././././B/././././././././././.][./././././././././././././././././././././././././././././././././././././././././././././././././././././././././././././././.]
[n2cn0649:4079397] MCW rank 12 bound to socket 0[core 48[hwt 0]]: [././././././././././././././././././././././././././././././././././././././././././././././././B/././././././././././././././.][./././././././././././././././././././././././././././././././././././././././././././././././././././././././././././././././.]
[n2cn0649:4079398] MCW rank 13 bound to socket 0[core 52[hwt 0]]: [././././././././././././././././././././././././././././././././././././././././././././././././././././B/././././././././././.][./././././././././././././././././././././././././././././././././././././././././././././././././././././././././././././././.]
[n2cn0673:470895] MCW rank 90 bound to socket 1[core 104[hwt 0]]: [./././././././././././././././././././././././././././././././././././././././././././././././././././././././././././././././.][././././././././././././././././././././././././././././././././././././././././B/././././././././././././././././././././././.]
[n2cn0673:470895] MCW rank 90 bound to socket 1[core 104[hwt 0]]: [./././././././././././././././././././././././././././././././././././././././././././././././././././././././././././././././.][././././././././././././././././././././././././././././././././././././././././B/././././././././././././././././././././././.]
[n2cn0649:4079389] MCW rank 4 bound to socket 0[core 16[hwt 0]]: [././././././././././././././././B/././././././././././././././././././././././././././././././././././././././././././././././.][./././././././././././././././././././././././././././././././././././././././././././././././././././././././././././././././.]
[n2cn0649:4079389] MCW rank 4 bound to socket 0[core 16[hwt 0]]: [././././././././././././././././B/././././././././././././././././././././././././././././././././././././././././././././././.][./././././././././././././././././././././././././././././././././././././././././././././././././././././././././././././././.]
[n2cn0731:81176] MCW rank 106 bound to socket 0[core 40[hwt 0]]: [././././././././././././././././././././././././././././././././././././././././B/././././././././././././././././././././././.][./././././././././././././././././././././././././././././././././././././././././././././././././././././././././././././././.]
[n2cn0731:81176] MCW rank 106 bound to socket 0[core 40[hwt 0]]: [././././././././././././././././././././././././././././././././././././././././B/././././././././././././././././././././././.][./././././././././././././././././././././././././././././././././././././././././././././././././././././././././././././././.]
[n2cn0731:81177] MCW rank 107 bound to socket 0[core 44[hwt 0]]: [././././././././././././././././././././././././././././././././././././././././././././B/././././././././././././././././././.][./././././././././././././././././././././././././././././././././././././././././././././././././././././././././././././././.]
[n2cn0731:81177] MCW rank 107 bound to socket 0[core 44[hwt 0]]: [././././././././././././././././././././././././././././././././././././././././././././B/././././././././././././././././././.][./././././././././././././././././././././././././././././././././././././././././././././././././././././././././././././././.]
[n2cn0673:470890] MCW rank 85 bound to socket 1[core 84[hwt 0]]: [./././././././././././././././././././././././././././././././././././././././././././././././././././././././././././././././.][././././././././././././././././././././B/././././././././././././././././././././././././././././././././././././././././././.]
[n2cn0731:81179] MCW rank 109 bound to socket 0[core 52[hwt 0]]: [././././././././././././././././././././././././././././././././././././././././././././././././././././B/././././././././././.][./././././././././././././././././././././././././././././././././././././././././././././././././././././././././././././././.]
[n2cn0731:81168] MCW rank 98 bound to socket 0[core 8[hwt 0]]: [././././././././B/././././././././././././././././././././././././././././././././././././././././././././././././././././././.][./././././././././././././././././././././././././././././././././././././././././././././././././././././././././././././././.]
[n2cn0731:81169] MCW rank 99 bound to socket 0[core 12[hwt 0]]: [././././././././././././B/././././././././././././././././././././././././././././././././././././././././././././././././././.][./././././././././././././././././././././././././././././././././././././././././././././././././././././././././././././././.]
[n2cn0731:81179] MCW rank 109 bound to socket 0[core 52[hwt 0]]: [././././././././././././././././././././././././././././././././././././././././././././././././././././B/././././././././././.][./././././././././././././././././././././././././././././././././././././././././././././././././././././././././././././././.]
[n2cn0673:470890] MCW rank 85 bound to socket 1[core 84[hwt 0]]: [./././././././././././././././././././././././././././././././././././././././././././././././././././././././././././././././.][././././././././././././././././././././B/././././././././././././././././././././././././././././././././././././././././././.]
[n2cn0731:81168] MCW rank 98 bound to socket 0[core 8[hwt 0]]: [././././././././B/././././././././././././././././././././././././././././././././././././././././././././././././././././././.][./././././././././././././././././././././././././././././././././././././././././././././././././././././././././././././././.]
[n2cn0731:81169] MCW rank 99 bound to socket 0[core 12[hwt 0]]: [././././././././././././B/././././././././././././././././././././././././././././././././././././././././././././././././././.][./././././././././././././././././././././././././././././././././././././././././././././././././././././././././././././././.]
[n2cn0673:470900] MCW rank 95 bound to socket 1[core 124[hwt 0]]: [./././././././././././././././././././././././././././././././././././././././././././././././././././././././././././././././.][././././././././././././././././././././././././././././././././././././././././././././././././././././././././././././B/././.]
[n2cn0673:470900] MCW rank 95 bound to socket 1[core 124[hwt 0]]: [./././././././././././././././././././././././././././././././././././././././././././././././././././././././././././././././.][././././././././././././././././././././././././././././././././././././././././././././././././././././././././././././B/././.]
[n2cn0649:4079396] MCW rank 11 bound to socket 0[core 44[hwt 0]]: [././././././././././././././././././././././././././././././././././././././././././././B/././././././././././././././././././.][./././././././././././././././././././././././././././././././././././././././././././././././././././././././././././././././.]
[n2cn0649:4079395] MCW rank 10 bound to socket 0[core 40[hwt 0]]: [././././././././././././././././././././././././././././././././././././././././B/././././././././././././././././././././././.][./././././././././././././././././././././././././././././././././././././././././././././././././././././././././././././././.]
[n2cn0649:4079396] MCW rank 11 bound to socket 0[core 44[hwt 0]]: [././././././././././././././././././././././././././././././././././././././././././././B/././././././././././././././././././.][./././././././././././././././././././././././././././././././././././././././././././././././././././././././././././././././.]
[n2cn0649:4079395] MCW rank 10 bound to socket 0[core 40[hwt 0]]: [././././././././././././././././././././././././././././././././././././././././B/././././././././././././././././././././././.][./././././././././././././././././././././././././././././././././././././././././././././././././././././././././././././././.]
[n2cn0745:73185] MCW rank 181 bound to socket 1[core 84[hwt 0]]: [./././././././././././././././././././././././././././././././././././././././././././././././././././././././././././././././.][././././././././././././././././././././B/././././././././././././././././././././././././././././././././././././././././././.]
[n2cn0745:73185] MCW rank 181 bound to socket 1[core 84[hwt 0]]: [./././././././././././././././././././././././././././././././././././././././././././././././././././././././././././././././.][././././././././././././././././././././B/././././././././././././././././././././././././././././././././././././././././././.]
[n2cn0732.ab2021.local:74593] MCW rank 154 bound to socket 1[core 104[hwt 0]]: [./././././././././././././././././././././././././././././././././././././././././././././././././././././././././././././././.][././././././././././././././././././././././././././././././././././././././././B/././././././././././././././././././././././.]
[n2cn0732.ab2021.local:74594] MCW rank 155 bound to socket 1[core 108[hwt 0]]: [./././././././././././././././././././././././././././././././././././././././././././././././././././././././././././././././.][././././././././././././././././././././././././././././././././././././././././././././B/././././././././././././././././././.]
[n2cn0732.ab2021.local:74593] MCW rank 154 bound to socket 1[core 104[hwt 0]]: [./././././././././././././././././././././././././././././././././././././././././././././././././././././././././././././././.][././././././././././././././././././././././././././././././././././././././././B/././././././././././././././././././././././.]
[n2cn0732.ab2021.local:74594] MCW rank 155 bound to socket 1[core 108[hwt 0]]: [./././././././././././././././././././././././././././././././././././././././././././././././././././././././././././././././.][././././././././././././././././././././././././././././././././././././././././././././B/././././././././././././././././././.]
[n2cn0732.ab2021.local:74582] MCW rank 143 bound to socket 0[core 60[hwt 0]]: [././././././././././././././././././././././././././././././././././././././././././././././././././././././././././././B/././.][./././././././././././././././././././././././././././././././././././././././././././././././././././././././././././././././.]
[n2cn0732.ab2021.local:74582] MCW rank 143 bound to socket 0[core 60[hwt 0]]: [././././././././././././././././././././././././././././././././././././././././././././././././././././././././././././B/././.][./././././././././././././././././././././././././././././././././././././././././././././././././././././././././././././././.]
[n2cn0732.ab2021.local:74583] MCW rank 144 bound to socket 1[core 64[hwt 0]]: [./././././././././././././././././././././././././././././././././././././././././././././././././././././././././././././././.][B/././././././././././././././././././././././././././././././././././././././././././././././././././././././././././././././.]
[n2cn0732.ab2021.local:74596] MCW rank 157 bound to socket 1[core 116[hwt 0]]: [./././././././././././././././././././././././././././././././././././././././././././././././././././././././././././././././.][././././././././././././././././././././././././././././././././././././././././././././././././././././B/././././././././././.]
[n2cn0732.ab2021.local:74583] MCW rank 144 bound to socket 1[core 64[hwt 0]]: [./././././././././././././././././././././././././././././././././././././././././././././././././././././././././././././././.][B/././././././././././././././././././././././././././././././././././././././././././././././././././././././././././././././.]
[n2cn0732.ab2021.local:74596] MCW rank 157 bound to socket 1[core 116[hwt 0]]: [./././././././././././././././././././././././././././././././././././././././././././././././././././././././././././././././.][././././././././././././././././././././././././././././././././././././././././././././././././././././B/././././././././././.]
[n2cn0732.ab2021.local:74592] MCW rank 153 bound to socket 1[core 100[hwt 0]]: [./././././././././././././././././././././././././././././././././././././././././././././././././././././././././././././././.][././././././././././././././././././././././././././././././././././././B/././././././././././././././././././././././././././.]
[n2cn0732.ab2021.local:74592] MCW rank 153 bound to socket 1[core 100[hwt 0]]: [./././././././././././././././././././././././././././././././././././././././././././././././././././././././././././././././.][././././././././././././././././././././././././././././././././././././B/././././././././././././././././././././././././././.]
[n2cn0732.ab2021.local:74595] MCW rank 156 bound to socket 1[core 112[hwt 0]]: [./././././././././././././././././././././././././././././././././././././././././././././././././././././././././././././././.][././././././././././././././././././././././././././././././././././././././././././././././././B/././././././././././././././.]
[n2cn0732.ab2021.local:74595] MCW rank 156 bound to socket 1[core 112[hwt 0]]: [./././././././././././././././././././././././././././././././././././././././././././././././././././././././././././././././.][././././././././././././././././././././././././././././././././././././././././././././././././B/././././././././././././././.]
[n2cn0745:73180] MCW rank 176 bound to socket 1[core 64[hwt 0]]: [./././././././././././././././././././././././././././././././././././././././././././././././././././././././././././././././.][B/././././././././././././././././././././././././././././././././././././././././././././././././././././././././././././././.]
[n2cn0745:73181] MCW rank 177 bound to socket 1[core 68[hwt 0]]: [./././././././././././././././././././././././././././././././././././././././././././././././././././././././././././././././.][././././B/././././././././././././././././././././././././././././././././././././././././././././././././././././././././././.]
[n2cn0745:73180] MCW rank 176 bound to socket 1[core 64[hwt 0]]: [./././././././././././././././././././././././././././././././././././././././././././././././././././././././././././././././.][B/././././././././././././././././././././././././././././././././././././././././././././././././././././././././././././././.]
[n2cn0745:73181] MCW rank 177 bound to socket 1[core 68[hwt 0]]: [./././././././././././././././././././././././././././././././././././././././././././././././././././././././././././././././.][././././B/././././././././././././././././././././././././././././././././././././././././././././././././././././././././././.]
[n2cn0745:73182] MCW rank 178 bound to socket 1[core 72[hwt 0]]: [./././././././././././././././././././././././././././././././././././././././././././././././././././././././././././././././.][././././././././B/././././././././././././././././././././././././././././././././././././././././././././././././././././././.]
[n2cn0745:73183] MCW rank 179 bound to socket 1[core 76[hwt 0]]: [./././././././././././././././././././././././././././././././././././././././././././././././././././././././././././././././.][././././././././././././B/././././././././././././././././././././././././././././././././././././././././././././././././././.]
[n2cn0745:73182] MCW rank 178 bound to socket 1[core 72[hwt 0]]: [./././././././././././././././././././././././././././././././././././././././././././././././././././././././././././././././.][././././././././B/././././././././././././././././././././././././././././././././././././././././././././././././././././././.]
[n2cn0745:73183] MCW rank 179 bound to socket 1[core 76[hwt 0]]: [./././././././././././././././././././././././././././././././././././././././././././././././././././././././././././././././.][././././././././././././B/././././././././././././././././././././././././././././././././././././././././././././././././././.]
[n2cn0745:73178] MCW rank 174 bound to socket 0[core 56[hwt 0]]: [././././././././././././././././././././././././././././././././././././././././././././././././././././././././B/././././././.][./././././././././././././././././././././././././././././././././././././././././././././././././././././././././././././././.]
[n2cn0745:73178] MCW rank 174 bound to socket 0[core 56[hwt 0]]: [././././././././././././././././././././././././././././././././././././././././././././././././././././././././B/././././././.][./././././././././././././././././././././././././././././././././././././././././././././././././././././././././././././././.]
[n2cn0732.ab2021.local:74569] MCW rank 130 bound to socket 0[core 8[hwt 0]]: [././././././././B/././././././././././././././././././././././././././././././././././././././././././././././././././././././.][./././././././././././././././././././././././././././././././././././././././././././././././././././././././././././././././.]
[n2cn0732.ab2021.local:74570] MCW rank 131 bound to socket 0[core 12[hwt 0]]: [././././././././././././B/././././././././././././././././././././././././././././././././././././././././././././././././././.][./././././././././././././././././././././././././././././././././././././././././././././././././././././././././././././././.]
[n2cn0732.ab2021.local:74581] MCW rank 142 bound to socket 0[core 56[hwt 0]]: [././././././././././././././././././././././././././././././././././././././././././././././././././././././././B/././././././.][./././././././././././././././././././././././././././././././././././././././././././././././././././././././././././././././.]
[n2cn0732.ab2021.local:74569] MCW rank 130 bound to socket 0[core 8[hwt 0]]: [././././././././B/././././././././././././././././././././././././././././././././././././././././././././././././././././././.][./././././././././././././././././././././././././././././././././././././././././././././././././././././././././././././././.]
[n2cn0732.ab2021.local:74570] MCW rank 131 bound to socket 0[core 12[hwt 0]]: [././././././././././././B/././././././././././././././././././././././././././././././././././././././././././././././././././.][./././././././././././././././././././././././././././././././././././././././././././././././././././././././././././././././.]
[n2cn0732.ab2021.local:74581] MCW rank 142 bound to socket 0[core 56[hwt 0]]: [././././././././././././././././././././././././././././././././././././././././././././././././././././././././B/././././././.][./././././././././././././././././././././././././././././././././././././././././././././././././././././././././././././././.]
[n2cn0745:73192] MCW rank 188 bound to socket 1[core 112[hwt 0]]: [./././././././././././././././././././././././././././././././././././././././././././././././././././././././././././././././.][././././././././././././././././././././././././././././././././././././././././././././././././B/././././././././././././././.]
[n2cn0745:73192] MCW rank 188 bound to socket 1[core 112[hwt 0]]: [./././././././././././././././././././././././././././././././././././././././././././././././././././././././././././././././.][././././././././././././././././././././././././././././././././././././././././././././././././B/././././././././././././././.]
[n2cn0732.ab2021.local:74567] MCW rank 128 bound to socket 0[core 0[hwt 0]]: [B/././././././././././././././././././././././././././././././././././././././././././././././././././././././././././././././.][./././././././././././././././././././././././././././././././././././././././././././././././././././././././././././././././.]
[n2cn0732.ab2021.local:74579] MCW rank 140 bound to socket 0[core 48[hwt 0]]: [././././././././././././././././././././././././././././././././././././././././././././././././B/././././././././././././././.][./././././././././././././././././././././././././././././././././././././././././././././././././././././././././././././././.]
[n2cn0732.ab2021.local:74580] MCW rank 141 bound to socket 0[core 52[hwt 0]]: [././././././././././././././././././././././././././././././././././././././././././././././././././././B/././././././././././.][./././././././././././././././././././././././././././././././././././././././././././././././././././././././././././././././.]
[n2cn0732.ab2021.local:74586] MCW rank 147 bound to socket 1[core 76[hwt 0]]: [./././././././././././././././././././././././././././././././././././././././././././././././././././././././././././././././.][././././././././././././B/././././././././././././././././././././././././././././././././././././././././././././././././././.]
[n2cn0732.ab2021.local:74598] MCW rank 159 bound to socket 1[core 124[hwt 0]]: [./././././././././././././././././././././././././././././././././././././././././././././././././././././././././././././././.][././././././././././././././././././././././././././././././././././././././././././././././././././././././././././././B/././.]
[n2cn0732.ab2021.local:74568] MCW rank 129 bound to socket 0[core 4[hwt 0]]: [././././B/././././././././././././././././././././././././././././././././././././././././././././././././././././././././././.][./././././././././././././././././././././././././././././././././././././././././././././././././././././././././././././././.]
[n2cn0732.ab2021.local:74567] MCW rank 128 bound to socket 0[core 0[hwt 0]]: [B/././././././././././././././././././././././././././././././././././././././././././././././././././././././././././././././.][./././././././././././././././././././././././././././././././././././././././././././././././././././././././././././././././.]
[n2cn0732.ab2021.local:74579] MCW rank 140 bound to socket 0[core 48[hwt 0]]: [././././././././././././././././././././././././././././././././././././././././././././././././B/././././././././././././././.][./././././././././././././././././././././././././././././././././././././././././././././././././././././././././././././././.]
[n2cn0732.ab2021.local:74580] MCW rank 141 bound to socket 0[core 52[hwt 0]]: [././././././././././././././././././././././././././././././././././././././././././././././././././././B/././././././././././.][./././././././././././././././././././././././././././././././././././././././././././././././././././././././././././././././.]
[n2cn0732.ab2021.local:74586] MCW rank 147 bound to socket 1[core 76[hwt 0]]: [./././././././././././././././././././././././././././././././././././././././././././././././././././././././././././././././.][././././././././././././B/././././././././././././././././././././././././././././././././././././././././././././././././././.]
[n2cn0732.ab2021.local:74598] MCW rank 159 bound to socket 1[core 124[hwt 0]]: [./././././././././././././././././././././././././././././././././././././././././././././././././././././././././././././././.][././././././././././././././././././././././././././././././././././././././././././././././././././././././././././././B/././.]
[n2cn0732.ab2021.local:74568] MCW rank 129 bound to socket 0[core 4[hwt 0]]: [././././B/././././././././././././././././././././././././././././././././././././././././././././././././././././././././././.][./././././././././././././././././././././././././././././././././././././././././././././././././././././././././././././././.]
[n2cn0745:73173] MCW rank 169 bound to socket 0[core 36[hwt 0]]: [././././././././././././././././././././././././././././././././././././B/././././././././././././././././././././././././././.][./././././././././././././././././././././././././././././././././././././././././././././././././././././././././././././././.]
[n2cn0745:73173] MCW rank 169 bound to socket 0[core 36[hwt 0]]: [././././././././././././././././././././././././././././././././././././B/././././././././././././././././././././././././././.][./././././././././././././././././././././././././././././././././././././././././././././././././././././././././././././././.]
[n2cn0673:470891] MCW rank 86 bound to socket 1[core 88[hwt 0]]: [./././././././././././././././././././././././././././././././././././././././././././././././././././././././././././././././.][././././././././././././././././././././././././B/././././././././././././././././././././././././././././././././././././././.]
[n2cn0745:73172] MCW rank 168 bound to socket 0[core 32[hwt 0]]: [././././././././././././././././././././././././././././././././B/././././././././././././././././././././././././././././././.][./././././././././././././././././././././././././././././././././././././././././././././././././././././././././././././././.]
[n2cn0673:470892] MCW rank 87 bound to socket 1[core 92[hwt 0]]: [./././././././././././././././././././././././././././././././././././././././././././././././././././././././././././././././.][././././././././././././././././././././././././././././B/././././././././././././././././././././././././././././././././././.]
[n2cn0673:470891] MCW rank 86 bound to socket 1[core 88[hwt 0]]: [./././././././././././././././././././././././././././././././././././././././././././././././././././././././././././././././.][././././././././././././././././././././././././B/././././././././././././././././././././././././././././././././././././././.]
[n2cn0673:470892] MCW rank 87 bound to socket 1[core 92[hwt 0]]: [./././././././././././././././././././././././././././././././././././././././././././././././././././././././././././././././.][././././././././././././././././././././././././././././B/././././././././././././././././././././././././././././././././././.]
[n2cn0745:73172] MCW rank 168 bound to socket 0[core 32[hwt 0]]: [././././././././././././././././././././././././././././././././B/././././././././././././././././././././././././././././././.][./././././././././././././././././././././././././././././././././././././././././././././././././././././././././././././././.]
[n2cn0673:470889] MCW rank 84 bound to socket 1[core 80[hwt 0]]: [./././././././././././././././././././././././././././././././././././././././././././././././././././././././././././././././.][././././././././././././././././B/././././././././././././././././././././././././././././././././././././././././././././././.]
[n2cn0673:470889] MCW rank 84 bound to socket 1[core 80[hwt 0]]: [./././././././././././././././././././././././././././././././././././././././././././././././././././././././././././././././.][././././././././././././././././B/././././././././././././././././././././././././././././././././././././././././././././././.]
[n2cn0731:81174] MCW rank 104 bound to socket 0[core 32[hwt 0]]: [././././././././././././././././././././././././././././././././B/././././././././././././././././././././././././././././././.][./././././././././././././././././././././././././././././././././././././././././././././././././././././././././././././././.]
[n2cn0731:81174] MCW rank 104 bound to socket 0[core 32[hwt 0]]: [././././././././././././././././././././././././././././././././B/././././././././././././././././././././././././././././././.][./././././././././././././././././././././././././././././././././././././././././././././././././././././././././././././././.]
[n2cn0649:4079407] MCW rank 22 bound to socket 1[core 88[hwt 0]]: [./././././././././././././././././././././././././././././././././././././././././././././././././././././././././././././././.][././././././././././././././././././././././././B/././././././././././././././././././././././././././././././././././././././.]
[n2cn0649:4079408] MCW rank 23 bound to socket 1[core 92[hwt 0]]: [./././././././././././././././././././././././././././././././././././././././././././././././././././././././././././././././.][././././././././././././././././././././././././././././B/././././././././././././././././././././././././././././././././././.]
[n2cn0649:4079407] MCW rank 22 bound to socket 1[core 88[hwt 0]]: [./././././././././././././././././././././././././././././././././././././././././././././././././././././././././././././././.][././././././././././././././././././././././././B/././././././././././././././././././././././././././././././././././././././.]
[n2cn0649:4079408] MCW rank 23 bound to socket 1[core 92[hwt 0]]: [./././././././././././././././././././././././././././././././././././././././././././././././././././././././././././././././.][././././././././././././././././././././././././././././B/././././././././././././././././././././././././././././././././././.]
[n2cn0649:4079404] MCW rank 19 bound to socket 1[core 76[hwt 0]]: [./././././././././././././././././././././././././././././././././././././././././././././././././././././././././././././././.][././././././././././././B/././././././././././././././././././././././././././././././././././././././././././././././././././.]
[n2cn0649:4079414] MCW rank 29 bound to socket 1[core 116[hwt 0]]: [./././././././././././././././././././././././././././././././././././././././././././././././././././././././././././././././.][././././././././././././././././././././././././././././././././././././././././././././././././././././B/././././././././././.]
[n2cn0649:4079404] MCW rank 19 bound to socket 1[core 76[hwt 0]]: [./././././././././././././././././././././././././././././././././././././././././././././././././././././././././././././././.][././././././././././././B/././././././././././././././././././././././././././././././././././././././././././././././././././.]
[n2cn0649:4079414] MCW rank 29 bound to socket 1[core 116[hwt 0]]: [./././././././././././././././././././././././././././././././././././././././././././././././././././././././././././././././.][././././././././././././././././././././././././././././././././././././././././././././././././././././B/././././././././././.]
[n2cn0745:73179] MCW rank 175 bound to socket 0[core 60[hwt 0]]: [././././././././././././././././././././././././././././././././././././././././././././././././././././././././././././B/././.][./././././././././././././././././././././././././././././././././././././././././././././././././././././././././././././././.]
[n2cn0745:73179] MCW rank 175 bound to socket 0[core 60[hwt 0]]: [././././././././././././././././././././././././././././././././././././././././././././././././././././././././././././B/././.][./././././././././././././././././././././././././././././././././././././././././././././././././././././././././././././././.]
[n2cn0745:73169] MCW rank 165 bound to socket 0[core 20[hwt 0]]: [././././././././././././././././././././B/././././././././././././././././././././././././././././././././././././././././././.][./././././././././././././././././././././././././././././././././././././././././././././././././././././././././././././././.]
[n2cn0745:73169] MCW rank 165 bound to socket 0[core 20[hwt 0]]: [././././././././././././././././././././B/././././././././././././././././././././././././././././././././././././././././././.][./././././././././././././././././././././././././././././././././././././././././././././././././././././././././././././././.]
[n2cn0745:73175] MCW rank 171 bound to socket 0[core 44[hwt 0]]: [././././././././././././././././././././././././././././././././././././././././././././B/././././././././././././././././././.][./././././././././././././././././././././././././././././././././././././././././././././././././././././././././././././././.]
[n2cn0745:73168] MCW rank 164 bound to socket 0[core 16[hwt 0]]: [././././././././././././././././B/././././././././././././././././././././././././././././././././././././././././././././././.][./././././././././././././././././././././././././././././././././././././././././././././././././././././././././././././././.]
[n2cn0745:73174] MCW rank 170 bound to socket 0[core 40[hwt 0]]: [././././././././././././././././././././././././././././././././././././././././B/././././././././././././././././././././././.][./././././././././././././././././././././././././././././././././././././././././././././././././././././././././././././././.]
[n2cn0745:73175] MCW rank 171 bound to socket 0[core 44[hwt 0]]: [././././././././././././././././././././././././././././././././././././././././././././B/././././././././././././././././././.][./././././././././././././././././././././././././././././././././././././././././././././././././././././././././././././././.]
[n2cn0745:73168] MCW rank 164 bound to socket 0[core 16[hwt 0]]: [././././././././././././././././B/././././././././././././././././././././././././././././././././././././././././././././././.][./././././././././././././././././././././././././././././././././././././././././././././././././././././././././././././././.]
[n2cn0745:73195] MCW rank 191 bound to socket 1[core 124[hwt 0]]: [./././././././././././././././././././././././././././././././././././././././././././././././././././././././././././././././.][././././././././././././././././././././././././././././././././././././././././././././././././././././././././././././B/././.]
[n2cn0745:73174] MCW rank 170 bound to socket 0[core 40[hwt 0]]: [././././././././././././././././././././././././././././././././././././././././B/././././././././././././././././././././././.][./././././././././././././././././././././././././././././././././././././././././././././././././././././././././././././././.]
[n2cn0745:73195] MCW rank 191 bound to socket 1[core 124[hwt 0]]: [./././././././././././././././././././././././././././././././././././././././././././././././././././././././././././././././.][././././././././././././././././././././././././././././././././././././././././././././././././././././././././././././B/././.]
[n2cn0745:73194] MCW rank 190 bound to socket 1[core 120[hwt 0]]: [./././././././././././././././././././././././././././././././././././././././././././././././././././././././././././././././.][././././././././././././././././././././././././././././././././././././././././././././././././././././././././B/././././././.]
[n2cn0745:73184] MCW rank 180 bound to socket 1[core 80[hwt 0]]: [./././././././././././././././././././././././././././././././././././././././././././././././././././././././././././././././.][././././././././././././././././B/././././././././././././././././././././././././././././././././././././././././././././././.]
[n2cn0745:73193] MCW rank 189 bound to socket 1[core 116[hwt 0]]: [./././././././././././././././././././././././././././././././././././././././././././././././././././././././././././././././.][././././././././././././././././././././././././././././././././././././././././././././././././././././B/././././././././././.]
[n2cn0673:470873] MCW rank 68 bound to socket 0[core 16[hwt 0]]: [././././././././././././././././B/././././././././././././././././././././././././././././././././././././././././././././././.][./././././././././././././././././././././././././././././././././././././././././././././././././././././././././././././././.]
[n2cn0745:73194] MCW rank 190 bound to socket 1[core 120[hwt 0]]: [./././././././././././././././././././././././././././././././././././././././././././././././././././././././././././././././.][././././././././././././././././././././././././././././././././././././././././././././././././././././././././B/././././././.]
[n2cn0673:470874] MCW rank 69 bound to socket 0[core 20[hwt 0]]: [././././././././././././././././././././B/././././././././././././././././././././././././././././././././././././././././././.][./././././././././././././././././././././././././././././././././././././././././././././././././././././././././././././././.]
[n2cn0745:73184] MCW rank 180 bound to socket 1[core 80[hwt 0]]: [./././././././././././././././././././././././././././././././././././././././././././././././././././././././././././././././.][././././././././././././././././B/././././././././././././././././././././././././././././././././././././././././././././././.]
[n2cn0673:470873] MCW rank 68 bound to socket 0[core 16[hwt 0]]: [././././././././././././././././B/././././././././././././././././././././././././././././././././././././././././././././././.][./././././././././././././././././././././././././././././././././././././././././././././././././././././././././././././././.]
[n2cn0745:73193] MCW rank 189 bound to socket 1[core 116[hwt 0]]: [./././././././././././././././././././././././././././././././././././././././././././././././././././././././././././././././.][././././././././././././././././././././././././././././././././././././././././././././././././././././B/././././././././././.]
[n2cn0673:470874] MCW rank 69 bound to socket 0[core 20[hwt 0]]: [././././././././././././././././././././B/././././././././././././././././././././././././././././././././././././././././././.][./././././././././././././././././././././././././././././././././././././././././././././././././././././././././././././././.]
[n2cn0673:470882] MCW rank 77 bound to socket 0[core 52[hwt 0]]: [././././././././././././././././././././././././././././././././././././././././././././././././././././B/././././././././././.][./././././././././././././././././././././././././././././././././././././././././././././././././././././././././././././././.]
[n2cn0673:470883] MCW rank 78 bound to socket 0[core 56[hwt 0]]: [././././././././././././././././././././././././././././././././././././././././././././././././././././././././B/././././././.][./././././././././././././././././././././././././././././././././././././././././././././././././././././././././././././././.]
[n2cn0673:470882] MCW rank 77 bound to socket 0[core 52[hwt 0]]: [././././././././././././././././././././././././././././././././././././././././././././././././././././B/././././././././././.][./././././././././././././././././././././././././././././././././././././././././././././././././././././././././././././././.]
[n2cn0673:470883] MCW rank 78 bound to socket 0[core 56[hwt 0]]: [././././././././././././././././././././././././././././././././././././././././././././././././././././././././B/././././././.][./././././././././././././././././././././././././././././././././././././././././././././././././././././././././././././././.]
[n2cn0673:470881] MCW rank 76 bound to socket 0[core 48[hwt 0]]: [././././././././././././././././././././././././././././././././././././././././././././././././B/././././././././././././././.][./././././././././././././././././././././././././././././././././././././././././././././././././././././././././././././././.]
[n2cn0673:470877] MCW rank 72 bound to socket 0[core 32[hwt 0]]: [././././././././././././././././././././././././././././././././B/././././././././././././././././././././././././././././././.][./././././././././././././././././././././././././././././././././././././././././././././././././././././././././././././././.]
[n2cn0673:470878] MCW rank 73 bound to socket 0[core 36[hwt 0]]: [././././././././././././././././././././././././././././././././././././B/././././././././././././././././././././././././././.][./././././././././././././././././././././././././././././././././././././././././././././././././././././././././././././././.]
[n2cn0673:470881] MCW rank 76 bound to socket 0[core 48[hwt 0]]: [././././././././././././././././././././././././././././././././././././././././././././././././B/././././././././././././././.][./././././././././././././././././././././././././././././././././././././././././././././././././././././././././././././././.]
[n2cn0673:470877] MCW rank 72 bound to socket 0[core 32[hwt 0]]: [././././././././././././././././././././././././././././././././B/././././././././././././././././././././././././././././././.][./././././././././././././././././././././././././././././././././././././././././././././././././././././././././././././././.]
[n2cn0673:470878] MCW rank 73 bound to socket 0[core 36[hwt 0]]: [././././././././././././././././././././././././././././././././././././B/././././././././././././././././././././././././././.][./././././././././././././././././././././././././././././././././././././././././././././././././././././././././././././././.]
[n2cn0673:470884] MCW rank 79 bound to socket 0[core 60[hwt 0]]: [././././././././././././././././././././././././././././././././././././././././././././././././././././././././././././B/././.][./././././././././././././././././././././././././././././././././././././././././././././././././././././././././././././././.]
[n2cn0673:470875] MCW rank 70 bound to socket 0[core 24[hwt 0]]: [././././././././././././././././././././././././B/././././././././././././././././././././././././././././././././././././././.][./././././././././././././././././././././././././././././././././././././././././././././././././././././././././././././././.]
[n2cn0673:470893] MCW rank 88 bound to socket 1[core 96[hwt 0]]: [./././././././././././././././././././././././././././././././././././././././././././././././././././././././././././././././.][././././././././././././././././././././././././././././././././B/././././././././././././././././././././././././././././././.]
[n2cn0673:470894] MCW rank 89 bound to socket 1[core 100[hwt 0]]: [./././././././././././././././././././././././././././././././././././././././././././././././././././././././././././././././.][././././././././././././././././././././././././././././././././././././B/././././././././././././././././././././././././././.]
[n2cn0673:470884] MCW rank 79 bound to socket 0[core 60[hwt 0]]: [././././././././././././././././././././././././././././././././././././././././././././././././././././././././././././B/././.][./././././././././././././././././././././././././././././././././././././././././././././././././././././././././././././././.]
[n2cn0673:470875] MCW rank 70 bound to socket 0[core 24[hwt 0]]: [././././././././././././././././././././././././B/././././././././././././././././././././././././././././././././././././././.][./././././././././././././././././././././././././././././././././././././././././././././././././././././././././././././././.]
[n2cn0673:470893] MCW rank 88 bound to socket 1[core 96[hwt 0]]: [./././././././././././././././././././././././././././././././././././././././././././././././././././././././././././././././.][././././././././././././././././././././././././././././././././B/././././././././././././././././././././././././././././././.]
[n2cn0673:470894] MCW rank 89 bound to socket 1[core 100[hwt 0]]: [./././././././././././././././././././././././././././././././././././././././././././././././././././././././././././././././.][././././././././././././././././././././././././././././././././././././B/././././././././././././././././././././././././././.]
[n2cn0673:470887] MCW rank 82 bound to socket 1[core 72[hwt 0]]: [./././././././././././././././././././././././././././././././././././././././././././././././././././././././././././././././.][././././././././B/././././././././././././././././././././././././././././././././././././././././././././././././././././././.]
[n2cn0673:470887] MCW rank 82 bound to socket 1[core 72[hwt 0]]: [./././././././././././././././././././././././././././././././././././././././././././././././././././././././././././././././.][././././././././B/././././././././././././././././././././././././././././././././././././././././././././././././././././././.]
[n2cn0673:470876] MCW rank 71 bound to socket 0[core 28[hwt 0]]: [././././././././././././././././././././././././././././B/././././././././././././././././././././././././././././././././././.][./././././././././././././././././././././././././././././././././././././././././././././././././././././././././././././././.]
[n2cn0673:470880] MCW rank 75 bound to socket 0[core 44[hwt 0]]: [././././././././././././././././././././././././././././././././././././././././././././B/././././././././././././././././././.][./././././././././././././././././././././././././././././././././././././././././././././././././././././././././././././././.]
[n2cn0673:470876] MCW rank 71 bound to socket 0[core 28[hwt 0]]: [././././././././././././././././././././././././././././B/././././././././././././././././././././././././././././././././././.][./././././././././././././././././././././././././././././././././././././././././././././././././././././././././././././././.]
[n2cn0673:470879] MCW rank 74 bound to socket 0[core 40[hwt 0]]: [././././././././././././././././././././././././././././././././././././././././B/././././././././././././././././././././././.][./././././././././././././././././././././././././././././././././././././././././././././././././././././././././././././././.]
[n2cn0673:470880] MCW rank 75 bound to socket 0[core 44[hwt 0]]: [././././././././././././././././././././././././././././././././././././././././././././B/././././././././././././././././././.][./././././././././././././././././././././././././././././././././././././././././././././././././././././././././././././././.]
[n2cn0673:470879] MCW rank 74 bound to socket 0[core 40[hwt 0]]: [././././././././././././././././././././././././././././././././././././././././B/././././././././././././././././././././././.][./././././././././././././././././././././././././././././././././././././././././././././././././././././././././././././././.]
[n2cn0673:470899] MCW rank 94 bound to socket 1[core 120[hwt 0]]: [./././././././././././././././././././././././././././././././././././././././././././././././././././././././././././././././.][././././././././././././././././././././././././././././././././././././././././././././././././././././././././B/././././././.]
[n2cn0673:470899] MCW rank 94 bound to socket 1[core 120[hwt 0]]: [./././././././././././././././././././././././././././././././././././././././././././././././././././././././././././././././.][././././././././././././././././././././././././././././././././././././././././././././././././././././././././B/././././././.]
[n2cn0673:470871] MCW rank 66 bound to socket 0[core 8[hwt 0]]: [././././././././B/././././././././././././././././././././././././././././././././././././././././././././././././././././././.][./././././././././././././././././././././././././././././././././././././././././././././././././././././././././././././././.]
[n2cn0673:470872] MCW rank 67 bound to socket 0[core 12[hwt 0]]: [././././././././././././B/././././././././././././././././././././././././././././././././././././././././././././././././././.][./././././././././././././././././././././././././././././././././././././././././././././././././././././././././././././././.]
[n2cn0673:470871] MCW rank 66 bound to socket 0[core 8[hwt 0]]: [././././././././B/././././././././././././././././././././././././././././././././././././././././././././././././././././././.][./././././././././././././././././././././././././././././././././././././././././././././././././././././././././././././././.]
[n2cn0673:470872] MCW rank 67 bound to socket 0[core 12[hwt 0]]: [././././././././././././B/././././././././././././././././././././././././././././././././././././././././././././././././././.][./././././././././././././././././././././././././././././././././././././././././././././././././././././././././././././././.]
[n2cn0665.ab2021.local:3460060] MCW rank 42 bound to socket 0[core 40[hwt 0]]: [././././././././././././././././././././././././././././././././././././././././B/././././././././././././././././././././././.][./././././././././././././././././././././././././././././././././././././././././././././././././././././././././././././././.]
[n2cn0665.ab2021.local:3460061] MCW rank 43 bound to socket 0[core 44[hwt 0]]: [././././././././././././././././././././././././././././././././././././././././././././B/././././././././././././././././././.][./././././././././././././././././././././././././././././././././././././././././././././././././././././././././././././././.]
[n2cn0665.ab2021.local:3460060] MCW rank 42 bound to socket 0[core 40[hwt 0]]: [././././././././././././././././././././././././././././././././././././././././B/././././././././././././././././././././././.][./././././././././././././././././././././././././././././././././././././././././././././././././././././././././././././././.]
[n2cn0665.ab2021.local:3460061] MCW rank 43 bound to socket 0[core 44[hwt 0]]: [././././././././././././././././././././././././././././././././././././././././././././B/././././././././././././././././././.][./././././././././././././././././././././././././././././././././././././././././././././././././././././././././././././././.]
[n2cn0745:73177] MCW rank 173 bound to socket 0[core 52[hwt 0]]: [././././././././././././././././././././././././././././././././././././././././././././././././././././B/././././././././././.][./././././././././././././././././././././././././././././././././././././././././././././././././././././././././././././././.]
[n2cn0745:73176] MCW rank 172 bound to socket 0[core 48[hwt 0]]: [././././././././././././././././././././././././././././././././././././././././././././././././B/././././././././././././././.][./././././././././././././././././././././././././././././././././././././././././././././././././././././././././././././././.]
[n2cn0745:73177] MCW rank 173 bound to socket 0[core 52[hwt 0]]: [././././././././././././././././././././././././././././././././././././././././././././././././././././B/././././././././././.][./././././././././././././././././././././././././././././././././././././././././././././././././././././././././././././././.]
[n2cn0745:73191] MCW rank 187 bound to socket 1[core 108[hwt 0]]: [./././././././././././././././././././././././././././././././././././././././././././././././././././././././././././././././.][././././././././././././././././././././././././././././././././././././././././././././B/././././././././././././././././././.]
[n2cn0745:73176] MCW rank 172 bound to socket 0[core 48[hwt 0]]: [././././././././././././././././././././././././././././././././././././././././././././././././B/././././././././././././././.][./././././././././././././././././././././././././././././././././././././././././././././././././././././././././././././././.]
[n2cn0745:73190] MCW rank 186 bound to socket 1[core 104[hwt 0]]: [./././././././././././././././././././././././././././././././././././././././././././././././././././././././././././././././.][././././././././././././././././././././././././././././././././././././././././B/././././././././././././././././././././././.]
[n2cn0665.ab2021.local:3460059] MCW rank 41 bound to socket 0[core 36[hwt 0]]: [././././././././././././././././././././././././././././././././././././B/././././././././././././././././././././././././././.][./././././././././././././././././././././././././././././././././././././././././././././././././././././././././././././././.]
[n2cn0745:73191] MCW rank 187 bound to socket 1[core 108[hwt 0]]: [./././././././././././././././././././././././././././././././././././././././././././././././././././././././././././././././.][././././././././././././././././././././././././././././././././././././././././././././B/././././././././././././././././././.]
[n2cn0665.ab2021.local:3460059] MCW rank 41 bound to socket 0[core 36[hwt 0]]: [././././././././././././././././././././././././././././././././././././B/././././././././././././././././././././././././././.][./././././././././././././././././././././././././././././././././././././././././././././././././././././././././././././././.]
[n2cn0745:73190] MCW rank 186 bound to socket 1[core 104[hwt 0]]: [./././././././././././././././././././././././././././././././././././././././././././././././././././././././././././././././.][././././././././././././././././././././././././././././././././././././././././B/././././././././././././././././././././././.]
[n2cn0731:81175] MCW rank 105 bound to socket 0[core 36[hwt 0]]: [././././././././././././././././././././././././././././././././././././B/././././././././././././././././././././././././././.][./././././././././././././././././././././././././././././././././././././././././././././././././././././././././././././././.]
[n2cn0731:81171] MCW rank 101 bound to socket 0[core 20[hwt 0]]: [././././././././././././././././././././B/././././././././././././././././././././././././././././././././././././././././././.][./././././././././././././././././././././././././././././././././././././././././././././././././././././././././././././././.]
[n2cn0731:81170] MCW rank 100 bound to socket 0[core 16[hwt 0]]: [././././././././././././././././B/././././././././././././././././././././././././././././././././././././././././././././././.][./././././././././././././././././././././././././././././././././././././././././././././././././././././././././././././././.]
[n2cn0731:81175] MCW rank 105 bound to socket 0[core 36[hwt 0]]: [././././././././././././././././././././././././././././././././././././B/././././././././././././././././././././././././././.][./././././././././././././././././././././././././././././././././././././././././././././././././././././././././././././././.]
[n2cn0731:81171] MCW rank 101 bound to socket 0[core 20[hwt 0]]: [././././././././././././././././././././B/././././././././././././././././././././././././././././././././././././././././././.][./././././././././././././././././././././././././././././././././././././././././././././././././././././././././././././././.]
[n2cn0731:81170] MCW rank 100 bound to socket 0[core 16[hwt 0]]: [././././././././././././././././B/././././././././././././././././././././././././././././././././././././././././././././././.][./././././././././././././././././././././././././././././././././././././././././././././././././././././././././././././././.]
[n2cn0665.ab2021.local:3460058] MCW rank 40 bound to socket 0[core 32[hwt 0]]: [././././././././././././././././././././././././././././././././B/././././././././././././././././././././././././././././././.][./././././././././././././././././././././././././././././././././././././././././././././././././././././././././././././././.]
[n2cn0731:81190] MCW rank 120 bound to socket 1[core 96[hwt 0]]: [./././././././././././././././././././././././././././././././././././././././././././././././././././././././././././././././.][././././././././././././././././././././././././././././././././B/././././././././././././././././././././././././././././././.]
[n2cn0731:81191] MCW rank 121 bound to socket 1[core 100[hwt 0]]: [./././././././././././././././././././././././././././././././././././././././././././././././././././././././././././././././.][././././././././././././././././././././././././././././././././././././B/././././././././././././././././././././././././././.]
[n2cn0665.ab2021.local:3460058] MCW rank 40 bound to socket 0[core 32[hwt 0]]: [././././././././././././././././././././././././././././././././B/././././././././././././././././././././././././././././././.][./././././././././././././././././././././././././././././././././././././././././././././././././././././././././././././././.]
[n2cn0731:81190] MCW rank 120 bound to socket 1[core 96[hwt 0]]: [./././././././././././././././././././././././././././././././././././././././././././././././././././././././././././././././.][././././././././././././././././././././././././././././././././B/././././././././././././././././././././././././././././././.]
[n2cn0731:81191] MCW rank 121 bound to socket 1[core 100[hwt 0]]: [./././././././././././././././././././././././././././././././././././././././././././././././././././././././././././././././.][././././././././././././././././././././././././././././././././././././B/././././././././././././././././././././././././././.]
[n2cn0665.ab2021.local:3460062] MCW rank 44 bound to socket 0[core 48[hwt 0]]: [././././././././././././././././././././././././././././././././././././././././././././././././B/././././././././././././././.][./././././././././././././././././././././././././././././././././././././././././././././././././././././././././././././././.]
[n2cn0731:81192] MCW rank 122 bound to socket 1[core 104[hwt 0]]: [./././././././././././././././././././././././././././././././././././././././././././././././././././././././././././././././.][././././././././././././././././././././././././././././././././././././././././B/././././././././././././././././././././././.]
[n2cn0731:81193] MCW rank 123 bound to socket 1[core 108[hwt 0]]: [./././././././././././././././././././././././././././././././././././././././././././././././././././././././././././././././.][././././././././././././././././././././././././././././././././././././././././././././B/././././././././././././././././././.]
[n2cn0665.ab2021.local:3460055] MCW rank 37 bound to socket 0[core 20[hwt 0]]: [././././././././././././././././././././B/././././././././././././././././././././././././././././././././././././././././././.][./././././././././././././././././././././././././././././././././././././././././././././././././././././././././././././././.]
[n2cn0665.ab2021.local:3460062] MCW rank 44 bound to socket 0[core 48[hwt 0]]: [././././././././././././././././././././././././././././././././././././././././././././././././B/././././././././././././././.][./././././././././././././././././././././././././././././././././././././././././././././././././././././././././././././././.]
[n2cn0665.ab2021.local:3460074] MCW rank 56 bound to socket 1[core 96[hwt 0]]: [./././././././././././././././././././././././././././././././././././././././././././././././././././././././././././././././.][././././././././././././././././././././././././././././././././B/././././././././././././././././././././././././././././././.]
[n2cn0731:81192] MCW rank 122 bound to socket 1[core 104[hwt 0]]: [./././././././././././././././././././././././././././././././././././././././././././././././././././././././././././././././.][././././././././././././././././././././././././././././././././././././././././B/././././././././././././././././././././././.]
[n2cn0665.ab2021.local:3460055] MCW rank 37 bound to socket 0[core 20[hwt 0]]: [././././././././././././././././././././B/././././././././././././././././././././././././././././././././././././././././././.][./././././././././././././././././././././././././././././././././././././././././././././././././././././././././././././././.]
[n2cn0731:81193] MCW rank 123 bound to socket 1[core 108[hwt 0]]: [./././././././././././././././././././././././././././././././././././././././././././././././././././././././././././././././.][././././././././././././././././././././././././././././././././././././././././././././B/././././././././././././././././././.]
[n2cn0731:81188] MCW rank 118 bound to socket 1[core 88[hwt 0]]: [./././././././././././././././././././././././././././././././././././././././././././././././././././././././././././././././.][././././././././././././././././././././././././B/././././././././././././././././././././././././././././././././././././././.]
[n2cn0731:81189] MCW rank 119 bound to socket 1[core 92[hwt 0]]: [./././././././././././././././././././././././././././././././././././././././././././././././././././././././././././././././.][././././././././././././././././././././././././././././B/././././././././././././././././././././././././././././././././././.]
[n2cn0665.ab2021.local:3460074] MCW rank 56 bound to socket 1[core 96[hwt 0]]: [./././././././././././././././././././././././././././././././././././././././././././././././././././././././././././././././.][././././././././././././././././././././././././././././././././B/././././././././././././././././././././././././././././././.]
[n2cn0731:81196] MCW rank 126 bound to socket 1[core 120[hwt 0]]: [./././././././././././././././././././././././././././././././././././././././././././././././././././././././././././././././.][././././././././././././././././././././././././././././././././././././././././././././././././././././././././B/././././././.]
[n2cn0731:81188] MCW rank 118 bound to socket 1[core 88[hwt 0]]: [./././././././././././././././././././././././././././././././././././././././././././././././././././././././././././././././.][././././././././././././././././././././././././B/././././././././././././././././././././././././././././././././././././././.]
[n2cn0731:81189] MCW rank 119 bound to socket 1[core 92[hwt 0]]: [./././././././././././././././././././././././././././././././././././././././././././././././././././././././././././././././.][././././././././././././././././././././././././././././B/././././././././././././././././././././././././././././././././././.]
[n2cn0731:81186] MCW rank 116 bound to socket 1[core 80[hwt 0]]: [./././././././././././././././././././././././././././././././././././././././././././././././././././././././././././././././.][././././././././././././././././B/././././././././././././././././././././././././././././././././././././././././././././././.]
[n2cn0731:81196] MCW rank 126 bound to socket 1[core 120[hwt 0]]: [./././././././././././././././././././././././././././././././././././././././././././././././././././././././././././././././.][././././././././././././././././././././././././././././././././././././././././././././././././././././././././B/././././././.]
[n2cn0731:81186] MCW rank 116 bound to socket 1[core 80[hwt 0]]: [./././././././././././././././././././././././././././././././././././././././././././././././././././././././././././././././.][././././././././././././././././B/././././././././././././././././././././././././././././././././././././././././././././././.]
[n2cn0731:81187] MCW rank 117 bound to socket 1[core 84[hwt 0]]: [./././././././././././././././././././././././././././././././././././././././././././././././././././././././././././././././.][././././././././././././././././././././B/././././././././././././././././././././././././././././././././././././././././././.]
[n2cn0665.ab2021.local:3460052] MCW rank 34 bound to socket 0[core 8[hwt 0]]: [././././././././B/././././././././././././././././././././././././././././././././././././././././././././././././././././././.][./././././././././././././././././././././././././././././././././././././././././././././././././././././././././././././././.]
[n2cn0731:81187] MCW rank 117 bound to socket 1[core 84[hwt 0]]: [./././././././././././././././././././././././././././././././././././././././././././././././././././././././././././././././.][././././././././././././././././././././B/././././././././././././././././././././././././././././././././././././././././././.]
[n2cn0665.ab2021.local:3460054] MCW rank 36 bound to socket 0[core 16[hwt 0]]: [././././././././././././././././B/././././././././././././././././././././././././././././././././././././././././././././././.][./././././././././././././././././././././././././././././././././././././././././././././././././././././././././././././././.]
[n2cn0665.ab2021.local:3460052] MCW rank 34 bound to socket 0[core 8[hwt 0]]: [././././././././B/././././././././././././././././././././././././././././././././././././././././././././././././././././././.][./././././././././././././././././././././././././././././././././././././././././././././././././././././././././././././././.]
[n2cn0665.ab2021.local:3460054] MCW rank 36 bound to socket 0[core 16[hwt 0]]: [././././././././././././././././B/././././././././././././././././././././././././././././././././././././././././././././././.][./././././././././././././././././././././././././././././././././././././././././././././././././././././././././././././././.]
[n2cn0731:81167] MCW rank 97 bound to socket 0[core 4[hwt 0]]: [././././B/././././././././././././././././././././././././././././././././././././././././././././././././././././././././././.][./././././././././././././././././././././././././././././././././././././././././././././././././././././././././././././././.]
[n2cn0665.ab2021.local:3460076] MCW rank 58 bound to socket 1[core 104[hwt 0]]: [./././././././././././././././././././././././././././././././././././././././././././././././././././././././././././././././.][././././././././././././././././././././././././././././././././././././././././B/././././././././././././././././././././././.]
[n2cn0731:81178] MCW rank 108 bound to socket 0[core 48[hwt 0]]: [././././././././././././././././././././././././././././././././././././././././././././././././B/././././././././././././././.][./././././././././././././././././././././././././././././././././././././././././././././././././././././././././././././././.]
[n2cn0731:81167] MCW rank 97 bound to socket 0[core 4[hwt 0]]: [././././B/././././././././././././././././././././././././././././././././././././././././././././././././././././././././././.][./././././././././././././././././././././././././././././././././././././././././././././././././././././././././././././././.]
[n2cn0665.ab2021.local:3460057] MCW rank 39 bound to socket 0[core 28[hwt 0]]: [././././././././././././././././././././././././././././B/././././././././././././././././././././././././././././././././././.][./././././././././././././././././././././././././././././././././././././././././././././././././././././././././././././././.]
[n2cn0665.ab2021.local:3460053] MCW rank 35 bound to socket 0[core 12[hwt 0]]: [././././././././././././B/././././././././././././././././././././././././././././././././././././././././././././././././././.][./././././././././././././././././././././././././././././././././././././././././././././././././././././././././././././././.]
[n2cn0665.ab2021.local:3460076] MCW rank 58 bound to socket 1[core 104[hwt 0]]: [./././././././././././././././././././././././././././././././././././././././././././././././././././././././././././././././.][././././././././././././././././././././././././././././././././././././././././B/././././././././././././././././././././././.]
[n2cn0731:81178] MCW rank 108 bound to socket 0[core 48[hwt 0]]: [././././././././././././././././././././././././././././././././././././././././././././././././B/././././././././././././././.][./././././././././././././././././././././././././././././././././././././././././././././././././././././././././././././././.]
[n2cn0731:81180] MCW rank 110 bound to socket 0[core 56[hwt 0]]: [././././././././././././././././././././././././././././././././././././././././././././././././././././././././B/././././././.][./././././././././././././././././././././././././././././././././././././././././././././././././././././././././././././././.]
[n2cn0649:4079411] MCW rank 26 bound to socket 1[core 104[hwt 0]]: [./././././././././././././././././././././././././././././././././././././././././././././././././././././././././././././././.][././././././././././././././././././././././././././././././././././././././././B/././././././././././././././././././././././.]
[n2cn0665.ab2021.local:3460057] MCW rank 39 bound to socket 0[core 28[hwt 0]]: [././././././././././././././././././././././././././././B/././././././././././././././././././././././././././././././././././.][./././././././././././././././././././././././././././././././././././././././././././././././././././././././././././././././.]
[n2cn0665.ab2021.local:3460053] MCW rank 35 bound to socket 0[core 12[hwt 0]]: [././././././././././././B/././././././././././././././././././././././././././././././././././././././././././././././././././.][./././././././././././././././././././././././././././././././././././././././././././././././././././././././././././././././.]
[n2cn0665.ab2021.local:3460063] MCW rank 45 bound to socket 0[core 52[hwt 0]]: [././././././././././././././././././././././././././././././././././././././././././././././././././././B/././././././././././.][./././././././././././././././././././././././././././././././././././././././././././././././././././././././././././././././.]
[n2cn0665.ab2021.local:3460077] MCW rank 59 bound to socket 1[core 108[hwt 0]]: [./././././././././././././././././././././././././././././././././././././././././././././././././././././././././././././././.][././././././././././././././././././././././././././././././././././././././././././././B/././././././././././././././././././.]
[n2cn0665.ab2021.local:3460075] MCW rank 57 bound to socket 1[core 100[hwt 0]]: [./././././././././././././././././././././././././././././././././././././././././././././././././././././././././././././././.][././././././././././././././././././././././././././././././././././././B/././././././././././././././././././././././././././.]
[n2cn0665.ab2021.local:3460063] MCW rank 45 bound to socket 0[core 52[hwt 0]]: [././././././././././././././././././././././././././././././././././././././././././././././././././././B/././././././././././.][./././././././././././././././././././././././././././././././././././././././././././././././././././././././././././././././.]
[n2cn0665.ab2021.local:3460077] MCW rank 59 bound to socket 1[core 108[hwt 0]]: [./././././././././././././././././././././././././././././././././././././././././././././././././././././././././././././././.][././././././././././././././././././././././././././././././././././././././././././././B/././././././././././././././././././.]
[n2cn0665.ab2021.local:3460075] MCW rank 57 bound to socket 1[core 100[hwt 0]]: [./././././././././././././././././././././././././././././././././././././././././././././././././././././././././././././././.][././././././././././././././././././././././././././././././././././././B/././././././././././././././././././././././././././.]
[n2cn0649:4079413] MCW rank 28 bound to socket 1[core 112[hwt 0]]: [./././././././././././././././././././././././././././././././././././././././././././././././././././././././././././././././.][././././././././././././././././././././././././././././././././././././././././././././././././B/././././././././././././././.]
[n2cn0649:4079411] MCW rank 26 bound to socket 1[core 104[hwt 0]]: [./././././././././././././././././././././././././././././././././././././././././././././././././././././././././././././././.][././././././././././././././././././././././././././././././././././././././././B/././././././././././././././././././././././.]
[n2cn0731:81180] MCW rank 110 bound to socket 0[core 56[hwt 0]]: [././././././././././././././././././././././././././././././././././././././././././././././././././././././././B/././././././.][./././././././././././././././././././././././././././././././././././././././././././././././././././././././././././././././.]
[n2cn0665.ab2021.local:3460056] MCW rank 38 bound to socket 0[core 24[hwt 0]]: [././././././././././././././././././././././././B/././././././././././././././././././././././././././././././././././././././.][./././././././././././././././././././././././././././././././././././././././././././././././././././././././././././././././.]
[n2cn0649:4079413] MCW rank 28 bound to socket 1[core 112[hwt 0]]: [./././././././././././././././././././././././././././././././././././././././././././././././././././././././././././././././.][././././././././././././././././././././././././././././././././././././././././././././././././B/././././././././././././././.]
[n2cn0665.ab2021.local:3460056] MCW rank 38 bound to socket 0[core 24[hwt 0]]: [././././././././././././././././././././././././B/././././././././././././././././././././././././././././././././././././././.][./././././././././././././././././././././././././././././././././././././././././././././././././././././././././././././././.]
[n2cn0665.ab2021.local:3460072] MCW rank 54 bound to socket 1[core 88[hwt 0]]: [./././././././././././././././././././././././././././././././././././././././././././././././././././././././././././././././.][././././././././././././././././././././././././B/././././././././././././././././././././././././././././././././././././././.]
[n2cn0665.ab2021.local:3460073] MCW rank 55 bound to socket 1[core 92[hwt 0]]: [./././././././././././././././././././././././././././././././././././././././././././././././././././././././././././././././.][././././././././././././././././././././././././././././B/././././././././././././././././././././././././././././././././././.]
[n2cn0665.ab2021.local:3460072] MCW rank 54 bound to socket 1[core 88[hwt 0]]: [./././././././././././././././././././././././././././././././././././././././././././././././././././././././././././././././.][././././././././././././././././././././././././B/././././././././././././././././././././././././././././././././././././././.]
[n2cn0665.ab2021.local:3460073] MCW rank 55 bound to socket 1[core 92[hwt 0]]: [./././././././././././././././././././././././././././././././././././././././././././././././././././././././././././././././.][././././././././././././././././././././././././././././B/././././././././././././././././././././././././././././././././././.]
[n2cn0665.ab2021.local:3460079] MCW rank 61 bound to socket 1[core 116[hwt 0]]: [./././././././././././././././././././././././././././././././././././././././././././././././././././././././././././././././.][././././././././././././././././././././././././././././././././././././././././././././././././././././B/././././././././././.]
[n2cn0665.ab2021.local:3460070] MCW rank 52 bound to socket 1[core 80[hwt 0]]: [./././././././././././././././././././././././././././././././././././././././././././././././././././././././././././././././.][././././././././././././././././B/././././././././././././././././././././././././././././././././././././././././././././././.]
[n2cn0665.ab2021.local:3460078] MCW rank 60 bound to socket 1[core 112[hwt 0]]: [./././././././././././././././././././././././././././././././././././././././././././././././././././././././././././././././.][././././././././././././././././././././././././././././././././././././././././././././././././B/././././././././././././././.]
[n2cn0665.ab2021.local:3460071] MCW rank 53 bound to socket 1[core 84[hwt 0]]: [./././././././././././././././././././././././././././././././././././././././././././././././././././././././././././././././.][././././././././././././././././././././B/././././././././././././././././././././././././././././././././././././././././././.]
[n2cn0665.ab2021.local:3460067] MCW rank 49 bound to socket 1[core 68[hwt 0]]: [./././././././././././././././././././././././././././././././././././././././././././././././././././././././././././././././.][././././B/././././././././././././././././././././././././././././././././././././././././././././././././././././././././././.]
[n2cn0665.ab2021.local:3460079] MCW rank 61 bound to socket 1[core 116[hwt 0]]: [./././././././././././././././././././././././././././././././././././././././././././././././././././././././././././././././.][././././././././././././././././././././././././././././././././././././././././././././././././././././B/././././././././././.]
[n2cn0665.ab2021.local:3460066] MCW rank 48 bound to socket 1[core 64[hwt 0]]: [./././././././././././././././././././././././././././././././././././././././././././././././././././././././././././././././.][B/././././././././././././././././././././././././././././././././././././././././././././././././././././././././././././././.]
[n2cn0665.ab2021.local:3460070] MCW rank 52 bound to socket 1[core 80[hwt 0]]: [./././././././././././././././././././././././././././././././././././././././././././././././././././././././././././././././.][././././././././././././././././B/././././././././././././././././././././././././././././././././././././././././././././././.]
[n2cn0665.ab2021.local:3460071] MCW rank 53 bound to socket 1[core 84[hwt 0]]: [./././././././././././././././././././././././././././././././././././././././././././././././././././././././././././././././.][././././././././././././././././././././B/././././././././././././././././././././././././././././././././././././././././././.]
[n2cn0649:4079400] MCW rank 15 bound to socket 0[core 60[hwt 0]]: [././././././././././././././././././././././././././././././././././././././././././././././././././././././././././././B/././.][./././././././././././././././././././././././././././././././././././././././././././././././././././././././././././././././.]
[n2cn0665.ab2021.local:3460078] MCW rank 60 bound to socket 1[core 112[hwt 0]]: [./././././././././././././././././././././././././././././././././././././././././././././././././././././././././././././././.][././././././././././././././././././././././././././././././././././././././././././././././././B/././././././././././././././.]
[n2cn0665.ab2021.local:3460068] MCW rank 50 bound to socket 1[core 72[hwt 0]]: [./././././././././././././././././././././././././././././././././././././././././././././././././././././././././././././././.][././././././././B/././././././././././././././././././././././././././././././././././././././././././././././././././././././.]
[n2cn0665.ab2021.local:3460067] MCW rank 49 bound to socket 1[core 68[hwt 0]]: [./././././././././././././././././././././././././././././././././././././././././././././././././././././././././././././././.][././././B/././././././././././././././././././././././././././././././././././././././././././././././././././././././././././.]
[n2cn0665.ab2021.local:3460069] MCW rank 51 bound to socket 1[core 76[hwt 0]]: [./././././././././././././././././././././././././././././././././././././././././././././././././././././././././././././././.][././././././././././././B/././././././././././././././././././././././././././././././././././././././././././././././././././.]
[n2cn0665.ab2021.local:3460066] MCW rank 48 bound to socket 1[core 64[hwt 0]]: [./././././././././././././././././././././././././././././././././././././././././././././././././././././././././././././././.][B/././././././././././././././././././././././././././././././././././././././././././././././././././././././././././././././.]
[n2cn0665.ab2021.local:3460051] MCW rank 33 bound to socket 0[core 4[hwt 0]]: [././././B/././././././././././././././././././././././././././././././././././././././././././././././././././././././././././.][./././././././././././././././././././././././././././././././././././././././././././././././././././././././././././././././.]
[n2cn0665.ab2021.local:3460068] MCW rank 50 bound to socket 1[core 72[hwt 0]]: [./././././././././././././././././././././././././././././././././././././././././././././././././././././././././././././././.][././././././././B/././././././././././././././././././././././././././././././././././././././././././././././././././././././.]
[n2cn0649:4079394] MCW rank 9 bound to socket 0[core 36[hwt 0]]: [././././././././././././././././././././././././././././././././././././B/././././././././././././././././././././././././././.][./././././././././././././././././././././././././././././././././././././././././././././././././././././././././././././././.]
[n2cn0649:4079400] MCW rank 15 bound to socket 0[core 60[hwt 0]]: [././././././././././././././././././././././././././././././././././././././././././././././././././././././././././././B/././.][./././././././././././././././././././././././././././././././././././././././././././././././././././././././././././././././.]
[n2cn0665.ab2021.local:3460069] MCW rank 51 bound to socket 1[core 76[hwt 0]]: [./././././././././././././././././././././././././././././././././././././././././././././././././././././././././././././././.][././././././././././././B/././././././././././././././././././././././././././././././././././././././././././././././././././.]
[n2cn0649:4079412] MCW rank 27 bound to socket 1[core 108[hwt 0]]: [./././././././././././././././././././././././././././././././././././././././././././././././././././././././././././././././.][././././././././././././././././././././././././././././././././././././././././././././B/././././././././././././././././././.]
[n2cn0649:4079394] MCW rank 9 bound to socket 0[core 36[hwt 0]]: [././././././././././././././././././././././././././././././././././././B/././././././././././././././././././././././././././.][./././././././././././././././././././././././././././././././././././././././././././././././././././././././././././././././.]
[n2cn0665.ab2021.local:3460051] MCW rank 33 bound to socket 0[core 4[hwt 0]]: [././././B/././././././././././././././././././././././././././././././././././././././././././././././././././././././././././.][./././././././././././././././././././././././././././././././././././././././././././././././././././././././././././././././.]
[n2cn0649:4079412] MCW rank 27 bound to socket 1[core 108[hwt 0]]: [./././././././././././././././././././././././././././././././././././././././././././././././././././././././././././././././.][././././././././././././././././././././././././././././././././././././././././././././B/././././././././././././././././././.]
[n2cn0745:73166] MCW rank 162 bound to socket 0[core 8[hwt 0]]: [././././././././B/././././././././././././././././././././././././././././././././././././././././././././././././././././././.][./././././././././././././././././././././././././././././././././././././././././././././././././././././././././././././././.]
[n2cn0745:73188] MCW rank 184 bound to socket 1[core 96[hwt 0]]: [./././././././././././././././././././././././././././././././././././././././././././././././././././././././././././././././.][././././././././././././././././././././././././././././././././B/././././././././././././././././././././././././././././././.]
[n2cn0665.ab2021.local:3460050] MCW rank 32 bound to socket 0[core 0[hwt 0]]: [B/././././././././././././././././././././././././././././././././././././././././././././././././././././././././././././././.][./././././././././././././././././././././././././././././././././././././././././././././././././././././././././././././././.]
[n2cn0731:81184] MCW rank 114 bound to socket 1[core 72[hwt 0]]: [./././././././././././././././././././././././././././././././././././././././././././././././././././././././././././././././.][././././././././B/././././././././././././././././././././././././././././././././././././././././././././././././././././././.]
[n2cn0745:73170] MCW rank 166 bound to socket 0[core 24[hwt 0]]: [././././././././././././././././././././././././B/././././././././././././././././././././././././././././././././././././././.][./././././././././././././././././././././././././././././././././././././././././././././././././././././././././././././././.]
[n2cn0731:81185] MCW rank 115 bound to socket 1[core 76[hwt 0]]: [./././././././././././././././././././././././././././././././././././././././././././././././././././././././././././././././.][././././././././././././B/././././././././././././././././././././././././././././././././././././././././././././././././././.]
[n2cn0649:4079415] MCW rank 30 bound to socket 1[core 120[hwt 0]]: [./././././././././././././././././././././././././././././././././././././././././././././././././././././././././././././././.][././././././././././././././././././././././././././././././././././././././././././././././././././././././././B/././././././.]
[n2cn0649:4079416] MCW rank 31 bound to socket 1[core 124[hwt 0]]: [./././././././././././././././././././././././././././././././././././././././././././././././././././././././././././././././.][././././././././././././././././././././././././././././././././././././././././././././././././././././././././././././B/././.]
[n2cn0745:73166] MCW rank 162 bound to socket 0[core 8[hwt 0]]: [././././././././B/././././././././././././././././././././././././././././././././././././././././././././././././././././././.][./././././././././././././././././././././././././././././././././././././././././././././././././././././././././././././././.]
[n2cn0745:73189] MCW rank 185 bound to socket 1[core 100[hwt 0]]: [./././././././././././././././././././././././././././././././././././././././././././././././././././././././././././././././.][././././././././././././././././././././././././././././././././././././B/././././././././././././././././././././././././././.]
[n2cn0745:73171] MCW rank 167 bound to socket 0[core 28[hwt 0]]: [././././././././././././././././././././././././././././B/././././././././././././././././././././././././././././././././././.][./././././././././././././././././././././././././././././././././././././././././././././././././././././././././././././././.]
[n2cn0745:73188] MCW rank 184 bound to socket 1[core 96[hwt 0]]: [./././././././././././././././././././././././././././././././././././././././././././././././././././././././././././././././.][././././././././././././././././././././././././././././././././B/././././././././././././././././././././././././././././././.]
[n2cn0731:81184] MCW rank 114 bound to socket 1[core 72[hwt 0]]: [./././././././././././././././././././././././././././././././././././././././././././././././././././././././././././././././.][././././././././B/././././././././././././././././././././././././././././././././././././././././././././././././././././././.]
[n2cn0665.ab2021.local:3460050] MCW rank 32 bound to socket 0[core 0[hwt 0]]: [B/././././././././././././././././././././././././././././././././././././././././././././././././././././././././././././././.][./././././././././././././././././././././././././././././././././././././././././././././././././././././././././././././././.]
[n2cn0745:73170] MCW rank 166 bound to socket 0[core 24[hwt 0]]: [././././././././././././././././././././././././B/././././././././././././././././././././././././././././././././././././././.][./././././././././././././././././././././././././././././././././././././././././././././././././././././././././././././././.]
[n2cn0731:81185] MCW rank 115 bound to socket 1[core 76[hwt 0]]: [./././././././././././././././././././././././././././././././././././././././././././././././././././././././././././././././.][././././././././././././B/././././././././././././././././././././././././././././././././././././././././././././././././././.]
[n2cn0649:4079415] MCW rank 30 bound to socket 1[core 120[hwt 0]]: [./././././././././././././././././././././././././././././././././././././././././././././././././././././././././././././././.][././././././././././././././././././././././././././././././././././././././././././././././././././././././././B/././././././.]
[n2cn0649:4079416] MCW rank 31 bound to socket 1[core 124[hwt 0]]: [./././././././././././././././././././././././././././././././././././././././././././././././././././././././././././././././.][././././././././././././././././././././././././././././././././././././././././././././././././././././././././././././B/././.]
[n2cn0745:73189] MCW rank 185 bound to socket 1[core 100[hwt 0]]: [./././././././././././././././././././././././././././././././././././././././././././././././././././././././././././././././.][././././././././././././././././././././././././././././././././././././B/././././././././././././././././././././././././././.]
[n2cn0745:73171] MCW rank 167 bound to socket 0[core 28[hwt 0]]: [././././././././././././././././././././././././././././B/././././././././././././././././././././././././././././././././././.][./././././././././././././././././././././././././././././././././././././././././././././././././././././././././././././././.]
[n2cn0649:4079390] MCW rank 5 bound to socket 0[core 20[hwt 0]]: [././././././././././././././././././././B/././././././././././././././././././././././././././././././././././././././././././.][./././././././././././././././././././././././././././././././././././././././././././././././././././././././././././././././.]
[n2cn0649:4079390] MCW rank 5 bound to socket 0[core 20[hwt 0]]: [././././././././././././././././././././B/././././././././././././././././././././././././././././././././././././././././././.][./././././././././././././././././././././././././././././././././././././././././././././././././././././././././././././././.]
[n2cn0649:4079406] MCW rank 21 bound to socket 1[core 84[hwt 0]]: [./././././././././././././././././././././././././././././././././././././././././././././././././././././././././././././././.][././././././././././././././././././././B/././././././././././././././././././././././././././././././././././././././././././.]
[n2cn0649:4079406] MCW rank 21 bound to socket 1[core 84[hwt 0]]: [./././././././././././././././././././././././././././././././././././././././././././././././././././././././././././././././.][././././././././././././././././././././B/././././././././././././././././././././././././././././././././././././././././././.]
[n2cn0665.ab2021.local:3460064] MCW rank 46 bound to socket 0[core 56[hwt 0]]: [././././././././././././././././././././././././././././././././././././././././././././././././././././././././B/././././././.][./././././././././././././././././././././././././././././././././././././././././././././././././././././././././././././././.]
[n2cn0665.ab2021.local:3460065] MCW rank 47 bound to socket 0[core 60[hwt 0]]: [././././././././././././././././././././././././././././././././././././././././././././././././././././././././././././B/././.][./././././././././././././././././././././././././././././././././././././././././././././././././././././././././././././././.]
[n2cn0665.ab2021.local:3460064] MCW rank 46 bound to socket 0[core 56[hwt 0]]: [././././././././././././././././././././././././././././././././././././././././././././././././././././././././B/././././././.][./././././././././././././././././././././././././././././././././././././././././././././././././././././././././././././././.]
[n2cn0665.ab2021.local:3460065] MCW rank 47 bound to socket 0[core 60[hwt 0]]: [././././././././././././././././././././././././././././././././././././././././././././././././././././././././././././B/././.][./././././././././././././././././././././././././././././././././././././././././././././././././././././././././././././././.]
[n2cn0665.ab2021.local:3460080] MCW rank 62 bound to socket 1[core 120[hwt 0]]: [./././././././././././././././././././././././././././././././././././././././././././././././././././././././././././././././.][././././././././././././././././././././././././././././././././././././././././././././././././././././././././B/././././././.]
[n2cn0665.ab2021.local:3460081] MCW rank 63 bound to socket 1[core 124[hwt 0]]: [./././././././././././././././././././././././././././././././././././././././././././././././././././././././././././././././.][././././././././././././././././././././././././././././././././././././././././././././././././././././././././././././B/././.]
[n2cn0665.ab2021.local:3460080] MCW rank 62 bound to socket 1[core 120[hwt 0]]: [./././././././././././././././././././././././././././././././././././././././././././././././././././././././././././././././.][././././././././././././././././././././././././././././././././././././././././././././././././././././././././B/././././././.]
[n2cn0665.ab2021.local:3460081] MCW rank 63 bound to socket 1[core 124[hwt 0]]: [./././././././././././././././././././././././././././././././././././././././././././././././././././././././././././././././.][././././././././././././././././././././././././././././././././././././././././././././././././././././././././././././B/././.]
[n2cn0649:4079393] MCW rank 8 bound to socket 0[core 32[hwt 0]]: [././././././././././././././././././././././././././././././././B/././././././././././././././././././././././././././././././.][./././././././././././././././././././././././././././././././././././././././././././././././././././././././././././././././.]
[n2cn0649:4079388] MCW rank 3 bound to socket 0[core 12[hwt 0]]: [././././././././././././B/././././././././././././././././././././././././././././././././././././././././././././././././././.][./././././././././././././././././././././././././././././././././././././././././././././././././././././././././././././././.]
[n2cn0649:4079393] MCW rank 8 bound to socket 0[core 32[hwt 0]]: [././././././././././././././././././././././././././././././././B/././././././././././././././././././././././././././././././.][./././././././././././././././././././././././././././././././././././././././././././././././././././././././././././././././.]
[n2cn0649:4079388] MCW rank 3 bound to socket 0[core 12[hwt 0]]: [././././././././././././B/././././././././././././././././././././././././././././././././././././././././././././././././././.][./././././././././././././././././././././././././././././././././././././././././././././././././././././././././././././././.]
[n2cn0649:4079399] MCW rank 14 bound to socket 0[core 56[hwt 0]]: [././././././././././././././././././././././././././././././././././././././././././././././././././././././././B/././././././.][./././././././././././././././././././././././././././././././././././././././././././././././././././././././././././././././.]
[n2cn0649:4079399] MCW rank 14 bound to socket 0[core 56[hwt 0]]: [././././././././././././././././././././././././././././././././././././././././././././././././././././././././B/././././././.][./././././././././././././././././././././././././././././././././././././././././././././././././././././././././././././././.]
[n2cn0649:4079391] MCW rank 6 bound to socket 0[core 24[hwt 0]]: [././././././././././././././././././././././././B/././././././././././././././././././././././././././././././././././././././.][./././././././././././././././././././././././././././././././././././././././././././././././././././././././././././././././.]
[n2cn0649:4079392] MCW rank 7 bound to socket 0[core 28[hwt 0]]: [././././././././././././././././././././././././././././B/././././././././././././././././././././././././././././././././././.][./././././././././././././././././././././././././././././././././././././././././././././././././././././././././././././././.]
[n2cn0649:4079391] MCW rank 6 bound to socket 0[core 24[hwt 0]]: [././././././././././././././././././././././././B/././././././././././././././././././././././././././././././././././././././.][./././././././././././././././././././././././././././././././././././././././././././././././././././././././././././././././.]
[n2cn0649:4079392] MCW rank 7 bound to socket 0[core 28[hwt 0]]: [././././././././././././././././././././././././././././B/././././././././././././././././././././././././././././././././././.][./././././././././././././././././././././././././././././././././././././././././././././././././././././././././././././././.]
[n2cn0649:4079409] MCW rank 24 bound to socket 1[core 96[hwt 0]]: [./././././././././././././././././././././././././././././././././././././././././././././././././././././././././././././././.][././././././././././././././././././././././././././././././././B/././././././././././././././././././././././././././././././.]
[n2cn0649:4079401] MCW rank 16 bound to socket 1[core 64[hwt 0]]: [./././././././././././././././././././././././././././././././././././././././././././././././././././././././././././././././.][B/././././././././././././././././././././././././././././././././././././././././././././././././././././././././././././././.]
[n2cn0649:4079410] MCW rank 25 bound to socket 1[core 100[hwt 0]]: [./././././././././././././././././././././././././././././././././././././././././././././././././././././././././././././././.][././././././././././././././././././././././././././././././././././././B/././././././././././././././././././././././././././.]
[n2cn0649:4079409] MCW rank 24 bound to socket 1[core 96[hwt 0]]: [./././././././././././././././././././././././././././././././././././././././././././././././././././././././././././././././.][././././././././././././././././././././././././././././././././B/././././././././././././././././././././././././././././././.]
[n2cn0649:4079410] MCW rank 25 bound to socket 1[core 100[hwt 0]]: [./././././././././././././././././././././././././././././././././././././././././././././././././././././././././././././././.][././././././././././././././././././././././././././././././././././././B/././././././././././././././././././././././././././.]
[n2cn0649:4079401] MCW rank 16 bound to socket 1[core 64[hwt 0]]: [./././././././././././././././././././././././././././././././././././././././././././././././././././././././././././././././.][B/././././././././././././././././././././././././././././././././././././././././././././././././././././././././././././././.]
[n2cn0649:4079402] MCW rank 17 bound to socket 1[core 68[hwt 0]]: [./././././././././././././././././././././././././././././././././././././././././././././././././././././././././././././././.][././././B/././././././././././././././././././././././././././././././././././././././././././././././././././././././././././.]
[n2cn0649:4079403] MCW rank 18 bound to socket 1[core 72[hwt 0]]: [./././././././././././././././././././././././././././././././././././././././././././././././././././././././././././././././.][././././././././B/././././././././././././././././././././././././././././././././././././././././././././././././././././././.]
[n2cn0649:4079402] MCW rank 17 bound to socket 1[core 68[hwt 0]]: [./././././././././././././././././././././././././././././././././././././././././././././././././././././././././././././././.][././././B/././././././././././././././././././././././././././././././././././././././././././././././././././././././././././.]
[n2cn0649:4079403] MCW rank 18 bound to socket 1[core 72[hwt 0]]: [./././././././././././././././././././././././././././././././././././././././././././././././././././././././././././././././.][././././././././B/././././././././././././././././././././././././././././././././././././././././././././././././././././././.]
[n2cn0649:4079387] MCW rank 2 bound to socket 0[core 8[hwt 0]]: [././././././././B/././././././././././././././././././././././././././././././././././././././././././././././././././././././.][./././././././././././././././././././././././././././././././././././././././././././././././././././././././././././././././.]
[n2cn0649:4079387] MCW rank 2 bound to socket 0[core 8[hwt 0]]: [././././././././B/././././././././././././././././././././././././././././././././././././././././././././././././././././././.][./././././././././././././././././././././././././././././././././././././././././././././././././././././././././././././././.]
[n2cn0649:4079386] MCW rank 1 bound to socket 0[core 4[hwt 0]]: [././././B/././././././././././././././././././././././././././././././././././././././././././././././././././././././././././.][./././././././././././././././././././././././././././././././././././././././././././././././././././././././././././././././.]
[n2cn0649:4079385] MCW rank 0 bound to socket 0[core 0[hwt 0]]: [B/././././././././././././././././././././././././././././././././././././././././././././././././././././././././././././././.][./././././././././././././././././././././././././././././././././././././././././././././././././././././././././././././././.]
[n2cn0649:4079386] MCW rank 1 bound to socket 0[core 4[hwt 0]]: [././././B/././././././././././././././././././././././././././././././././././././././././././././././././././././././././././.][./././././././././././././././././././././././././././././././././././././././././././././././././././././././././././././././.]
[n2cn0649:4079385] MCW rank 0 bound to socket 0[core 0[hwt 0]]: [B/././././././././././././././././././././././././././././././././././././././././././././././././././././././././././././././.][./././././././././././././././././././././././././././././././././././././././././././././././././././././././././././././././.]
--------------------------------------------------------------------------
MPI_ABORT was invoked on rank 0 in communicator MPI_COMM_WORLD
with errorcode 1.

NOTE: invoking MPI_ABORT causes Open MPI to kill all MPI processes.
You may or may not see output from other processes, depending on
exactly when Open MPI kills them.
--------------------------------------------------------------------------
srun: Job step aborted: Waiting up to 32 seconds for job step to finish.
slurmstepd: error: *** STEP 20787239.0 ON n2cn0649 CANCELLED AT 2025-03-13T03:44:50 ***
srun: error: n2cn0649: task 0: Exited with exit code 1
srun: Terminating StepId=20787239.0
srun: error: n2cn0649: tasks 1-31: Killed
srun: error: n2cn0665: tasks 32-63: Killed
srun: error: n2cn0732: tasks 128-159: Killed
srun: error: n2cn0745: tasks 160-191: Killed
srun: error: n2cn0731: tasks 96-127: Killed
srun: error: n2cn0673: tasks 64-95: Killed
