cpu-bind=MASK - n2cn0811, task  0  0 [654101]: mask |BBBBBBBB|BBBBBBBB||BBBBBBBB|BBBBBBBB||BBBBBBBB|BBBBBBBB||BBBBBBBB|BBBBBBBB||||BBBBBBBB|BBBBBBBB||BBBBBBBB|BBBBBBBB||BBBBBBBB|BBBBBBBB||BBBBBBBB|BBBBBBBB|  set
The following modules were not unloaded:
  (Use "module --force purge" to unload all):

  1) pc2fs   2) slurm/23.11.5-1   3) DefaultModules
rm: cannot remove 'cp2k.out': No such file or directory
cpu-bind=MASK - n2cn0811, task  0  0 [654515]: mask |BBBB----|--------||--------|--------||--------|--------||--------|--------||||--------|--------||--------|--------||--------|--------||--------|--------|  set
cpu-bind=MASK - n2cn0811, task  1  1 [654516]: mask |----BBBB|--------||--------|--------||--------|--------||--------|--------||||--------|--------||--------|--------||--------|--------||--------|--------|  set
cpu-bind=MASK - n2cn0811, task  2  2 [654517]: mask |--------|BBBB----||--------|--------||--------|--------||--------|--------||||--------|--------||--------|--------||--------|--------||--------|--------|  set
cpu-bind=MASK - n2cn0811, task  3  3 [654518]: mask |--------|----BBBB||--------|--------||--------|--------||--------|--------||||--------|--------||--------|--------||--------|--------||--------|--------|  set
cpu-bind=MASK - n2cn0811, task  4  4 [654519]: mask |--------|--------||BBBB----|--------||--------|--------||--------|--------||||--------|--------||--------|--------||--------|--------||--------|--------|  set
cpu-bind=MASK - n2cn0811, task  5  5 [654520]: mask |--------|--------||----BBBB|--------||--------|--------||--------|--------||||--------|--------||--------|--------||--------|--------||--------|--------|  set
cpu-bind=MASK - n2cn0811, task  6  6 [654521]: mask |--------|--------||--------|BBBB----||--------|--------||--------|--------||||--------|--------||--------|--------||--------|--------||--------|--------|  set
cpu-bind=MASK - n2cn0811, task  7  7 [654522]: mask |--------|--------||--------|----BBBB||--------|--------||--------|--------||||--------|--------||--------|--------||--------|--------||--------|--------|  set
cpu-bind=MASK - n2cn0811, task  8  8 [654523]: mask |--------|--------||--------|--------||BBBB----|--------||--------|--------||||--------|--------||--------|--------||--------|--------||--------|--------|  set
cpu-bind=MASK - n2cn0811, task  9  9 [654524]: mask |--------|--------||--------|--------||----BBBB|--------||--------|--------||||--------|--------||--------|--------||--------|--------||--------|--------|  set
cpu-bind=MASK - n2cn0811, task 10 10 [654525]: mask |--------|--------||--------|--------||--------|BBBB----||--------|--------||||--------|--------||--------|--------||--------|--------||--------|--------|  set
cpu-bind=MASK - n2cn0811, task 11 11 [654526]: mask |--------|--------||--------|--------||--------|----BBBB||--------|--------||||--------|--------||--------|--------||--------|--------||--------|--------|  set
cpu-bind=MASK - n2cn0811, task 12 12 [654527]: mask |--------|--------||--------|--------||--------|--------||BBBB----|--------||||--------|--------||--------|--------||--------|--------||--------|--------|  set
cpu-bind=MASK - n2cn0811, task 13 13 [654528]: mask |--------|--------||--------|--------||--------|--------||----BBBB|--------||||--------|--------||--------|--------||--------|--------||--------|--------|  set
cpu-bind=MASK - n2cn0811, task 14 14 [654529]: mask |--------|--------||--------|--------||--------|--------||--------|BBBB----||||--------|--------||--------|--------||--------|--------||--------|--------|  set
cpu-bind=MASK - n2cn0811, task 15 15 [654530]: mask |--------|--------||--------|--------||--------|--------||--------|----BBBB||||--------|--------||--------|--------||--------|--------||--------|--------|  set
cpu-bind=MASK - n2cn0811, task 16 16 [654531]: mask |--------|--------||--------|--------||--------|--------||--------|--------||||BBBB----|--------||--------|--------||--------|--------||--------|--------|  set
cpu-bind=MASK - n2cn0811, task 17 17 [654532]: mask |--------|--------||--------|--------||--------|--------||--------|--------||||----BBBB|--------||--------|--------||--------|--------||--------|--------|  set
cpu-bind=MASK - n2cn0811, task 18 18 [654533]: mask |--------|--------||--------|--------||--------|--------||--------|--------||||--------|BBBB----||--------|--------||--------|--------||--------|--------|  set
cpu-bind=MASK - n2cn0811, task 19 19 [654534]: mask |--------|--------||--------|--------||--------|--------||--------|--------||||--------|----BBBB||--------|--------||--------|--------||--------|--------|  set
cpu-bind=MASK - n2cn0811, task 20 20 [654535]: mask |--------|--------||--------|--------||--------|--------||--------|--------||||--------|--------||BBBB----|--------||--------|--------||--------|--------|  set
cpu-bind=MASK - n2cn0811, task 21 21 [654536]: mask |--------|--------||--------|--------||--------|--------||--------|--------||||--------|--------||----BBBB|--------||--------|--------||--------|--------|  set
cpu-bind=MASK - n2cn0811, task 22 22 [654537]: mask |--------|--------||--------|--------||--------|--------||--------|--------||||--------|--------||--------|BBBB----||--------|--------||--------|--------|  set
cpu-bind=MASK - n2cn0811, task 23 23 [654538]: mask |--------|--------||--------|--------||--------|--------||--------|--------||||--------|--------||--------|----BBBB||--------|--------||--------|--------|  set
cpu-bind=MASK - n2cn0811, task 24 24 [654539]: mask |--------|--------||--------|--------||--------|--------||--------|--------||||--------|--------||--------|--------||BBBB----|--------||--------|--------|  set
cpu-bind=MASK - n2cn0811, task 25 25 [654540]: mask |--------|--------||--------|--------||--------|--------||--------|--------||||--------|--------||--------|--------||----BBBB|--------||--------|--------|  set
cpu-bind=MASK - n2cn0811, task 26 26 [654541]: mask |--------|--------||--------|--------||--------|--------||--------|--------||||--------|--------||--------|--------||--------|BBBB----||--------|--------|  set
cpu-bind=MASK - n2cn0811, task 27 27 [654542]: mask |--------|--------||--------|--------||--------|--------||--------|--------||||--------|--------||--------|--------||--------|----BBBB||--------|--------|  set
cpu-bind=MASK - n2cn0811, task 28 28 [654543]: mask |--------|--------||--------|--------||--------|--------||--------|--------||||--------|--------||--------|--------||--------|--------||BBBB----|--------|  set
cpu-bind=MASK - n2cn0811, task 29 29 [654544]: mask |--------|--------||--------|--------||--------|--------||--------|--------||||--------|--------||--------|--------||--------|--------||----BBBB|--------|  set
cpu-bind=MASK - n2cn0811, task 30 30 [654545]: mask |--------|--------||--------|--------||--------|--------||--------|--------||||--------|--------||--------|--------||--------|--------||--------|BBBB----|  set
cpu-bind=MASK - n2cn1123, task 32  0 [2088682]: mask |BBBB----|--------||--------|--------||--------|--------||--------|--------||||--------|--------||--------|--------||--------|--------||--------|--------|  set
cpu-bind=MASK - n2cn1123, task 33  1 [2088683]: mask |----BBBB|--------||--------|--------||--------|--------||--------|--------||||--------|--------||--------|--------||--------|--------||--------|--------|  set
cpu-bind=MASK - n2cn1123, task 34  2 [2088684]: mask |--------|BBBB----||--------|--------||--------|--------||--------|--------||||--------|--------||--------|--------||--------|--------||--------|--------|  set
cpu-bind=MASK - n2cn1123, task 35  3 [2088685]: mask |--------|----BBBB||--------|--------||--------|--------||--------|--------||||--------|--------||--------|--------||--------|--------||--------|--------|  set
cpu-bind=MASK - n2cn1123, task 36  4 [2088686]: mask |--------|--------||BBBB----|--------||--------|--------||--------|--------||||--------|--------||--------|--------||--------|--------||--------|--------|  set
cpu-bind=MASK - n2cn1123, task 37  5 [2088687]: mask |--------|--------||----BBBB|--------||--------|--------||--------|--------||||--------|--------||--------|--------||--------|--------||--------|--------|  set
cpu-bind=MASK - n2cn1123, task 38  6 [2088688]: mask |--------|--------||--------|BBBB----||--------|--------||--------|--------||||--------|--------||--------|--------||--------|--------||--------|--------|  set
cpu-bind=MASK - n2cn1123, task 39  7 [2088689]: mask |--------|--------||--------|----BBBB||--------|--------||--------|--------||||--------|--------||--------|--------||--------|--------||--------|--------|  set
cpu-bind=MASK - n2cn0811, task 31 31 [654546]: mask |--------|--------||--------|--------||--------|--------||--------|--------||||--------|--------||--------|--------||--------|--------||--------|----BBBB|  set
cpu-bind=MASK - n2cn1123, task 40  8 [2088690]: mask |--------|--------||--------|--------||BBBB----|--------||--------|--------||||--------|--------||--------|--------||--------|--------||--------|--------|  set
cpu-bind=MASK - n2cn1123, task 41  9 [2088691]: mask |--------|--------||--------|--------||----BBBB|--------||--------|--------||||--------|--------||--------|--------||--------|--------||--------|--------|  set
cpu-bind=MASK - n2cn1123, task 42 10 [2088692]: mask |--------|--------||--------|--------||--------|BBBB----||--------|--------||||--------|--------||--------|--------||--------|--------||--------|--------|  set
cpu-bind=MASK - n2cn1123, task 43 11 [2088693]: mask |--------|--------||--------|--------||--------|----BBBB||--------|--------||||--------|--------||--------|--------||--------|--------||--------|--------|  set
cpu-bind=MASK - n2cn1123, task 44 12 [2088694]: mask |--------|--------||--------|--------||--------|--------||BBBB----|--------||||--------|--------||--------|--------||--------|--------||--------|--------|  set
cpu-bind=MASK - n2cn1123, task 45 13 [2088695]: mask |--------|--------||--------|--------||--------|--------||----BBBB|--------||||--------|--------||--------|--------||--------|--------||--------|--------|  set
cpu-bind=MASK - n2cn1123, task 46 14 [2088696]: mask |--------|--------||--------|--------||--------|--------||--------|BBBB----||||--------|--------||--------|--------||--------|--------||--------|--------|  set
cpu-bind=MASK - n2cn1123, task 47 15 [2088697]: mask |--------|--------||--------|--------||--------|--------||--------|----BBBB||||--------|--------||--------|--------||--------|--------||--------|--------|  set
cpu-bind=MASK - n2cn1123, task 48 16 [2088698]: mask |--------|--------||--------|--------||--------|--------||--------|--------||||BBBB----|--------||--------|--------||--------|--------||--------|--------|  set
cpu-bind=MASK - n2cn1123, task 49 17 [2088699]: mask |--------|--------||--------|--------||--------|--------||--------|--------||||----BBBB|--------||--------|--------||--------|--------||--------|--------|  set
cpu-bind=MASK - n2cn1123, task 50 18 [2088700]: mask |--------|--------||--------|--------||--------|--------||--------|--------||||--------|BBBB----||--------|--------||--------|--------||--------|--------|  set
cpu-bind=MASK - n2cn1123, task 51 19 [2088701]: mask |--------|--------||--------|--------||--------|--------||--------|--------||||--------|----BBBB||--------|--------||--------|--------||--------|--------|  set
cpu-bind=MASK - n2cn1123, task 52 20 [2088702]: mask |--------|--------||--------|--------||--------|--------||--------|--------||||--------|--------||BBBB----|--------||--------|--------||--------|--------|  set
cpu-bind=MASK - n2cn1123, task 53 21 [2088703]: mask |--------|--------||--------|--------||--------|--------||--------|--------||||--------|--------||----BBBB|--------||--------|--------||--------|--------|  set
cpu-bind=MASK - n2cn1123, task 54 22 [2088704]: mask |--------|--------||--------|--------||--------|--------||--------|--------||||--------|--------||--------|BBBB----||--------|--------||--------|--------|  set
cpu-bind=MASK - n2cn1123, task 55 23 [2088705]: mask |--------|--------||--------|--------||--------|--------||--------|--------||||--------|--------||--------|----BBBB||--------|--------||--------|--------|  set
cpu-bind=MASK - n2cn1123, task 56 24 [2088706]: mask |--------|--------||--------|--------||--------|--------||--------|--------||||--------|--------||--------|--------||BBBB----|--------||--------|--------|  set
cpu-bind=MASK - n2cn1123, task 57 25 [2088707]: mask |--------|--------||--------|--------||--------|--------||--------|--------||||--------|--------||--------|--------||----BBBB|--------||--------|--------|  set
cpu-bind=MASK - n2cn1123, task 58 26 [2088708]: mask |--------|--------||--------|--------||--------|--------||--------|--------||||--------|--------||--------|--------||--------|BBBB----||--------|--------|  set
cpu-bind=MASK - n2cn1123, task 59 27 [2088709]: mask |--------|--------||--------|--------||--------|--------||--------|--------||||--------|--------||--------|--------||--------|----BBBB||--------|--------|  set
cpu-bind=MASK - n2cn1123, task 60 28 [2088710]: mask |--------|--------||--------|--------||--------|--------||--------|--------||||--------|--------||--------|--------||--------|--------||BBBB----|--------|  set
cpu-bind=MASK - n2cn1123, task 61 29 [2088711]: mask |--------|--------||--------|--------||--------|--------||--------|--------||||--------|--------||--------|--------||--------|--------||----BBBB|--------|  set
cpu-bind=MASK - n2cn1123, task 62 30 [2088712]: mask |--------|--------||--------|--------||--------|--------||--------|--------||||--------|--------||--------|--------||--------|--------||--------|BBBB----|  set
cpu-bind=MASK - n2cn1123, task 63 31 [2088713]: mask |--------|--------||--------|--------||--------|--------||--------|--------||||--------|--------||--------|--------||--------|--------||--------|----BBBB|  set
2025-03-16 16:23:15.148482: I tensorflow/tsl/cuda/cudart_stub.cc:28] Could not find cuda drivers on your machine, GPU will not be used.
2025-03-16 16:23:15.148455: I tensorflow/tsl/cuda/cudart_stub.cc:28] Could not find cuda drivers on your machine, GPU will not be used.
2025-03-16 16:23:15.148455: I tensorflow/tsl/cuda/cudart_stub.cc:28] Could not find cuda drivers on your machine, GPU will not be used.
2025-03-16 16:23:15.148509: I tensorflow/tsl/cuda/cudart_stub.cc:28] Could not find cuda drivers on your machine, GPU will not be used.
2025-03-16 16:23:15.148509: I tensorflow/tsl/cuda/cudart_stub.cc:28] Could not find cuda drivers on your machine, GPU will not be used.
2025-03-16 16:23:15.148539: I tensorflow/tsl/cuda/cudart_stub.cc:28] Could not find cuda drivers on your machine, GPU will not be used.
2025-03-16 16:23:15.148525: I tensorflow/tsl/cuda/cudart_stub.cc:28] Could not find cuda drivers on your machine, GPU will not be used.
2025-03-16 16:23:15.148525: I tensorflow/tsl/cuda/cudart_stub.cc:28] Could not find cuda drivers on your machine, GPU will not be used.
2025-03-16 16:23:15.153149: I tensorflow/tsl/cuda/cudart_stub.cc:28] Could not find cuda drivers on your machine, GPU will not be used.
2025-03-16 16:23:15.153155: I tensorflow/tsl/cuda/cudart_stub.cc:28] Could not find cuda drivers on your machine, GPU will not be used.
2025-03-16 16:23:15.157434: I tensorflow/tsl/cuda/cudart_stub.cc:28] Could not find cuda drivers on your machine, GPU will not be used.
2025-03-16 16:23:15.157436: I tensorflow/tsl/cuda/cudart_stub.cc:28] Could not find cuda drivers on your machine, GPU will not be used.
2025-03-16 16:23:15.158877: I tensorflow/tsl/cuda/cudart_stub.cc:28] Could not find cuda drivers on your machine, GPU will not be used.
2025-03-16 16:23:15.158872: I tensorflow/tsl/cuda/cudart_stub.cc:28] Could not find cuda drivers on your machine, GPU will not be used.
2025-03-16 16:23:15.159009: I tensorflow/tsl/cuda/cudart_stub.cc:28] Could not find cuda drivers on your machine, GPU will not be used.
2025-03-16 16:23:15.159010: I tensorflow/tsl/cuda/cudart_stub.cc:28] Could not find cuda drivers on your machine, GPU will not be used.
2025-03-16 16:23:15.159067: I tensorflow/tsl/cuda/cudart_stub.cc:28] Could not find cuda drivers on your machine, GPU will not be used.
2025-03-16 16:23:15.159073: I tensorflow/tsl/cuda/cudart_stub.cc:28] Could not find cuda drivers on your machine, GPU will not be used.
2025-03-16 16:23:15.160030: I tensorflow/tsl/cuda/cudart_stub.cc:28] Could not find cuda drivers on your machine, GPU will not be used.
2025-03-16 16:23:15.163063: I tensorflow/tsl/cuda/cudart_stub.cc:28] Could not find cuda drivers on your machine, GPU will not be used.
2025-03-16 16:23:15.163061: I tensorflow/tsl/cuda/cudart_stub.cc:28] Could not find cuda drivers on your machine, GPU will not be used.
2025-03-16 16:23:15.166505: I tensorflow/tsl/cuda/cudart_stub.cc:28] Could not find cuda drivers on your machine, GPU will not be used.
2025-03-16 16:23:15.166505: I tensorflow/tsl/cuda/cudart_stub.cc:28] Could not find cuda drivers on your machine, GPU will not be used.
2025-03-16 16:23:15.166509: I tensorflow/tsl/cuda/cudart_stub.cc:28] Could not find cuda drivers on your machine, GPU will not be used.
2025-03-16 16:23:15.166511: I tensorflow/tsl/cuda/cudart_stub.cc:28] Could not find cuda drivers on your machine, GPU will not be used.
2025-03-16 16:23:15.166608: I tensorflow/tsl/cuda/cudart_stub.cc:28] Could not find cuda drivers on your machine, GPU will not be used.
2025-03-16 16:23:15.166605: I tensorflow/tsl/cuda/cudart_stub.cc:28] Could not find cuda drivers on your machine, GPU will not be used.
2025-03-16 16:23:15.167835: I tensorflow/tsl/cuda/cudart_stub.cc:28] Could not find cuda drivers on your machine, GPU will not be used.
2025-03-16 16:23:15.169581: I tensorflow/tsl/cuda/cudart_stub.cc:28] Could not find cuda drivers on your machine, GPU will not be used.
2025-03-16 16:23:15.169579: I tensorflow/tsl/cuda/cudart_stub.cc:28] Could not find cuda drivers on your machine, GPU will not be used.
2025-03-16 16:23:15.175838: I tensorflow/tsl/cuda/cudart_stub.cc:28] Could not find cuda drivers on your machine, GPU will not be used.
2025-03-16 16:23:15.175838: I tensorflow/tsl/cuda/cudart_stub.cc:28] Could not find cuda drivers on your machine, GPU will not be used.
2025-03-16 16:23:15.176163: E tensorflow/compiler/xla/stream_executor/cuda/cuda_dnn.cc:9342] Unable to register cuDNN factory: Attempting to register factory for plugin cuDNN when one has already been registered
2025-03-16 16:23:15.176193: E tensorflow/compiler/xla/stream_executor/cuda/cuda_fft.cc:609] Unable to register cuFFT factory: Attempting to register factory for plugin cuFFT when one has already been registered
2025-03-16 16:23:15.176221: E tensorflow/compiler/xla/stream_executor/cuda/cuda_blas.cc:1518] Unable to register cuBLAS factory: Attempting to register factory for plugin cuBLAS when one has already been registered
2025-03-16 16:23:15.176163: E tensorflow/compiler/xla/stream_executor/cuda/cuda_dnn.cc:9342] Unable to register cuDNN factory: Attempting to register factory for plugin cuDNN when one has already been registered
2025-03-16 16:23:15.176185: E tensorflow/compiler/xla/stream_executor/cuda/cuda_fft.cc:609] Unable to register cuFFT factory: Attempting to register factory for plugin cuFFT when one has already been registered
2025-03-16 16:23:15.176227: E tensorflow/compiler/xla/stream_executor/cuda/cuda_blas.cc:1518] Unable to register cuBLAS factory: Attempting to register factory for plugin cuBLAS when one has already been registered
2025-03-16 16:23:15.176167: E tensorflow/compiler/xla/stream_executor/cuda/cuda_dnn.cc:9342] Unable to register cuDNN factory: Attempting to register factory for plugin cuDNN when one has already been registered
2025-03-16 16:23:15.176185: E tensorflow/compiler/xla/stream_executor/cuda/cuda_fft.cc:609] Unable to register cuFFT factory: Attempting to register factory for plugin cuFFT when one has already been registered
2025-03-16 16:23:15.176224: E tensorflow/compiler/xla/stream_executor/cuda/cuda_blas.cc:1518] Unable to register cuBLAS factory: Attempting to register factory for plugin cuBLAS when one has already been registered
2025-03-16 16:23:15.176169: E tensorflow/compiler/xla/stream_executor/cuda/cuda_dnn.cc:9342] Unable to register cuDNN factory: Attempting to register factory for plugin cuDNN when one has already been registered
2025-03-16 16:23:15.176185: E tensorflow/compiler/xla/stream_executor/cuda/cuda_fft.cc:609] Unable to register cuFFT factory: Attempting to register factory for plugin cuFFT when one has already been registered
2025-03-16 16:23:15.176222: E tensorflow/compiler/xla/stream_executor/cuda/cuda_blas.cc:1518] Unable to register cuBLAS factory: Attempting to register factory for plugin cuBLAS when one has already been registered
2025-03-16 16:23:15.176347: E tensorflow/compiler/xla/stream_executor/cuda/cuda_dnn.cc:9342] Unable to register cuDNN factory: Attempting to register factory for plugin cuDNN when one has already been registered
2025-03-16 16:23:15.176365: E tensorflow/compiler/xla/stream_executor/cuda/cuda_fft.cc:609] Unable to register cuFFT factory: Attempting to register factory for plugin cuFFT when one has already been registered
2025-03-16 16:23:15.176360: E tensorflow/compiler/xla/stream_executor/cuda/cuda_dnn.cc:9342] Unable to register cuDNN factory: Attempting to register factory for plugin cuDNN when one has already been registered
2025-03-16 16:23:15.176376: E tensorflow/compiler/xla/stream_executor/cuda/cuda_fft.cc:609] Unable to register cuFFT factory: Attempting to register factory for plugin cuFFT when one has already been registered
2025-03-16 16:23:15.176362: E tensorflow/compiler/xla/stream_executor/cuda/cuda_dnn.cc:9342] Unable to register cuDNN factory: Attempting to register factory for plugin cuDNN when one has already been registered
2025-03-16 16:23:15.176376: E tensorflow/compiler/xla/stream_executor/cuda/cuda_fft.cc:609] Unable to register cuFFT factory: Attempting to register factory for plugin cuFFT when one has already been registered
2025-03-16 16:23:15.176387: E tensorflow/compiler/xla/stream_executor/cuda/cuda_blas.cc:1518] Unable to register cuBLAS factory: Attempting to register factory for plugin cuBLAS when one has already been registered
2025-03-16 16:23:15.176402: E tensorflow/compiler/xla/stream_executor/cuda/cuda_blas.cc:1518] Unable to register cuBLAS factory: Attempting to register factory for plugin cuBLAS when one has already been registered
2025-03-16 16:23:15.176403: E tensorflow/compiler/xla/stream_executor/cuda/cuda_blas.cc:1518] Unable to register cuBLAS factory: Attempting to register factory for plugin cuBLAS when one has already been registered
2025-03-16 16:23:15.177436: E tensorflow/compiler/xla/stream_executor/cuda/cuda_dnn.cc:9342] Unable to register cuDNN factory: Attempting to register factory for plugin cuDNN when one has already been registered
2025-03-16 16:23:15.177455: E tensorflow/compiler/xla/stream_executor/cuda/cuda_fft.cc:609] Unable to register cuFFT factory: Attempting to register factory for plugin cuFFT when one has already been registered
2025-03-16 16:23:15.177480: E tensorflow/compiler/xla/stream_executor/cuda/cuda_blas.cc:1518] Unable to register cuBLAS factory: Attempting to register factory for plugin cuBLAS when one has already been registered
2025-03-16 16:23:15.180729: E tensorflow/compiler/xla/stream_executor/cuda/cuda_dnn.cc:9342] Unable to register cuDNN factory: Attempting to register factory for plugin cuDNN when one has already been registered
2025-03-16 16:23:15.180755: E tensorflow/compiler/xla/stream_executor/cuda/cuda_fft.cc:609] Unable to register cuFFT factory: Attempting to register factory for plugin cuFFT when one has already been registered
2025-03-16 16:23:15.180788: E tensorflow/compiler/xla/stream_executor/cuda/cuda_blas.cc:1518] Unable to register cuBLAS factory: Attempting to register factory for plugin cuBLAS when one has already been registered
2025-03-16 16:23:15.180728: E tensorflow/compiler/xla/stream_executor/cuda/cuda_dnn.cc:9342] Unable to register cuDNN factory: Attempting to register factory for plugin cuDNN when one has already been registered
2025-03-16 16:23:15.180755: E tensorflow/compiler/xla/stream_executor/cuda/cuda_fft.cc:609] Unable to register cuFFT factory: Attempting to register factory for plugin cuFFT when one has already been registered
2025-03-16 16:23:15.180785: E tensorflow/compiler/xla/stream_executor/cuda/cuda_blas.cc:1518] Unable to register cuBLAS factory: Attempting to register factory for plugin cuBLAS when one has already been registered
2025-03-16 16:23:15.185501: E tensorflow/compiler/xla/stream_executor/cuda/cuda_dnn.cc:9342] Unable to register cuDNN factory: Attempting to register factory for plugin cuDNN when one has already been registered
2025-03-16 16:23:15.185525: E tensorflow/compiler/xla/stream_executor/cuda/cuda_fft.cc:609] Unable to register cuFFT factory: Attempting to register factory for plugin cuFFT when one has already been registered
2025-03-16 16:23:15.185562: E tensorflow/compiler/xla/stream_executor/cuda/cuda_blas.cc:1518] Unable to register cuBLAS factory: Attempting to register factory for plugin cuBLAS when one has already been registered
2025-03-16 16:23:15.185502: E tensorflow/compiler/xla/stream_executor/cuda/cuda_dnn.cc:9342] Unable to register cuDNN factory: Attempting to register factory for plugin cuDNN when one has already been registered
2025-03-16 16:23:15.185528: E tensorflow/compiler/xla/stream_executor/cuda/cuda_fft.cc:609] Unable to register cuFFT factory: Attempting to register factory for plugin cuFFT when one has already been registered
2025-03-16 16:23:15.185565: E tensorflow/compiler/xla/stream_executor/cuda/cuda_blas.cc:1518] Unable to register cuBLAS factory: Attempting to register factory for plugin cuBLAS when one has already been registered
2025-03-16 16:23:15.186345: E tensorflow/compiler/xla/stream_executor/cuda/cuda_dnn.cc:9342] Unable to register cuDNN factory: Attempting to register factory for plugin cuDNN when one has already been registered
2025-03-16 16:23:15.186374: E tensorflow/compiler/xla/stream_executor/cuda/cuda_fft.cc:609] Unable to register cuFFT factory: Attempting to register factory for plugin cuFFT when one has already been registered
2025-03-16 16:23:15.186403: E tensorflow/compiler/xla/stream_executor/cuda/cuda_blas.cc:1518] Unable to register cuBLAS factory: Attempting to register factory for plugin cuBLAS when one has already been registered
2025-03-16 16:23:15.186347: E tensorflow/compiler/xla/stream_executor/cuda/cuda_dnn.cc:9342] Unable to register cuDNN factory: Attempting to register factory for plugin cuDNN when one has already been registered
2025-03-16 16:23:15.186378: E tensorflow/compiler/xla/stream_executor/cuda/cuda_fft.cc:609] Unable to register cuFFT factory: Attempting to register factory for plugin cuFFT when one has already been registered
2025-03-16 16:23:15.186400: E tensorflow/compiler/xla/stream_executor/cuda/cuda_blas.cc:1518] Unable to register cuBLAS factory: Attempting to register factory for plugin cuBLAS when one has already been registered
2025-03-16 16:23:15.186919: E tensorflow/compiler/xla/stream_executor/cuda/cuda_dnn.cc:9342] Unable to register cuDNN factory: Attempting to register factory for plugin cuDNN when one has already been registered
2025-03-16 16:23:15.186954: E tensorflow/compiler/xla/stream_executor/cuda/cuda_fft.cc:609] Unable to register cuFFT factory: Attempting to register factory for plugin cuFFT when one has already been registered
2025-03-16 16:23:15.186979: E tensorflow/compiler/xla/stream_executor/cuda/cuda_blas.cc:1518] Unable to register cuBLAS factory: Attempting to register factory for plugin cuBLAS when one has already been registered
2025-03-16 16:23:15.186919: E tensorflow/compiler/xla/stream_executor/cuda/cuda_dnn.cc:9342] Unable to register cuDNN factory: Attempting to register factory for plugin cuDNN when one has already been registered
2025-03-16 16:23:15.186955: E tensorflow/compiler/xla/stream_executor/cuda/cuda_fft.cc:609] Unable to register cuFFT factory: Attempting to register factory for plugin cuFFT when one has already been registered
2025-03-16 16:23:15.186979: E tensorflow/compiler/xla/stream_executor/cuda/cuda_blas.cc:1518] Unable to register cuBLAS factory: Attempting to register factory for plugin cuBLAS when one has already been registered
2025-03-16 16:23:15.187256: E tensorflow/compiler/xla/stream_executor/cuda/cuda_dnn.cc:9342] Unable to register cuDNN factory: Attempting to register factory for plugin cuDNN when one has already been registered
2025-03-16 16:23:15.187278: E tensorflow/compiler/xla/stream_executor/cuda/cuda_fft.cc:609] Unable to register cuFFT factory: Attempting to register factory for plugin cuFFT when one has already been registered
2025-03-16 16:23:15.187305: E tensorflow/compiler/xla/stream_executor/cuda/cuda_blas.cc:1518] Unable to register cuBLAS factory: Attempting to register factory for plugin cuBLAS when one has already been registered
2025-03-16 16:23:15.187259: E tensorflow/compiler/xla/stream_executor/cuda/cuda_dnn.cc:9342] Unable to register cuDNN factory: Attempting to register factory for plugin cuDNN when one has already been registered
2025-03-16 16:23:15.187278: E tensorflow/compiler/xla/stream_executor/cuda/cuda_fft.cc:609] Unable to register cuFFT factory: Attempting to register factory for plugin cuFFT when one has already been registered
2025-03-16 16:23:15.187307: E tensorflow/compiler/xla/stream_executor/cuda/cuda_blas.cc:1518] Unable to register cuBLAS factory: Attempting to register factory for plugin cuBLAS when one has already been registered
2025-03-16 16:23:15.187287: E tensorflow/compiler/xla/stream_executor/cuda/cuda_dnn.cc:9342] Unable to register cuDNN factory: Attempting to register factory for plugin cuDNN when one has already been registered
2025-03-16 16:23:15.187302: E tensorflow/compiler/xla/stream_executor/cuda/cuda_fft.cc:609] Unable to register cuFFT factory: Attempting to register factory for plugin cuFFT when one has already been registered
2025-03-16 16:23:15.187328: E tensorflow/compiler/xla/stream_executor/cuda/cuda_blas.cc:1518] Unable to register cuBLAS factory: Attempting to register factory for plugin cuBLAS when one has already been registered
2025-03-16 16:23:15.190177: E tensorflow/compiler/xla/stream_executor/cuda/cuda_dnn.cc:9342] Unable to register cuDNN factory: Attempting to register factory for plugin cuDNN when one has already been registered
2025-03-16 16:23:15.190210: E tensorflow/compiler/xla/stream_executor/cuda/cuda_fft.cc:609] Unable to register cuFFT factory: Attempting to register factory for plugin cuFFT when one has already been registered
2025-03-16 16:23:15.190238: E tensorflow/compiler/xla/stream_executor/cuda/cuda_blas.cc:1518] Unable to register cuBLAS factory: Attempting to register factory for plugin cuBLAS when one has already been registered
2025-03-16 16:23:15.190179: E tensorflow/compiler/xla/stream_executor/cuda/cuda_dnn.cc:9342] Unable to register cuDNN factory: Attempting to register factory for plugin cuDNN when one has already been registered
2025-03-16 16:23:15.190212: E tensorflow/compiler/xla/stream_executor/cuda/cuda_fft.cc:609] Unable to register cuFFT factory: Attempting to register factory for plugin cuFFT when one has already been registered
2025-03-16 16:23:15.190234: E tensorflow/compiler/xla/stream_executor/cuda/cuda_blas.cc:1518] Unable to register cuBLAS factory: Attempting to register factory for plugin cuBLAS when one has already been registered
DeePMD-kit: Cannot find libcudart.so.11.0
implib-gen: libcudart.so.11.0: failed to load library 'libcudart.so.11.0' via callback 'DP_cudart_dlopen'
implib-gen: libcudart.so.11.0: failed to resolve symbol '__cudaRegisterFatBinary', library failed to load
implib-gen: libcudart.so.11.0: failed to load library 'libcudart.so.11.0' via callback 'DP_cudart_dlopen'
DeePMD-kit: Cannot find libcudart.so.11.0
implib-gen: libcudart.so.11.0: failed to load library 'libcudart.so.11.0' via callback 'DP_cudart_dlopen'
implib-gen: libcudart.so.11.0: failed to resolve symbol '__cudaRegisterFatBinary', library failed to load
implib-gen: libcudart.so.11.0: failed to load library 'libcudart.so.11.0' via callback 'DP_cudart_dlopen'
implib-gen: libcudart.so.11.0: failed to resolve symbol '__cudaRegisterFunction', library failed to load
implib-gen: libcudart.so.11.0: failed to load library 'libcudart.so.11.0' via callback 'DP_cudart_dlopen'
implib-gen: libcudart.so.11.0: failed to resolve symbol '__cudaRegisterFatBinaryEnd', library failed to load
implib-gen: libcudart.so.11.0: failed to resolve symbol '__cudaRegisterFunction', library failed to load
implib-gen: libcudart.so.11.0: failed to load library 'libcudart.so.11.0' via callback 'DP_cudart_dlopen'
implib-gen: libcudart.so.11.0: failed to resolve symbol '__cudaRegisterFatBinaryEnd', library failed to load
DeePMD-kit: Cannot find libcudart.so.11.0
DeePMD-kit: Cannot find libcudart.so.11.0
implib-gen: libcudart.so.11.0: failed to load library 'libcudart.so.11.0' via callback 'DP_cudart_dlopen'
implib-gen: libcudart.so.11.0: failed to resolve symbol '__cudaRegisterFatBinary', library failed to load
implib-gen: libcudart.so.11.0: failed to load library 'libcudart.so.11.0' via callback 'DP_cudart_dlopen'
implib-gen: libcudart.so.11.0: failed to resolve symbol '__cudaRegisterFunction', library failed to load
implib-gen: libcudart.so.11.0: failed to load library 'libcudart.so.11.0' via callback 'DP_cudart_dlopen'
implib-gen: libcudart.so.11.0: failed to resolve symbol '__cudaRegisterFatBinaryEnd', library failed to load
implib-gen: libcudart.so.11.0: failed to load library 'libcudart.so.11.0' via callback 'DP_cudart_dlopen'
implib-gen: libcudart.so.11.0: failed to resolve symbol '__cudaRegisterFatBinary', library failed to load
implib-gen: libcudart.so.11.0: failed to load library 'libcudart.so.11.0' via callback 'DP_cudart_dlopen'
implib-gen: libcudart.so.11.0: failed to resolve symbol '__cudaRegisterFunction', library failed to load
implib-gen: libcudart.so.11.0: failed to load library 'libcudart.so.11.0' via callback 'DP_cudart_dlopen'
implib-gen: libcudart.so.11.0: failed to resolve symbol '__cudaRegisterFatBinaryEnd', library failed to load
DeePMD-kit: Cannot find libcudart.so.11.0
implib-gen: libcudart.so.11.0: failed to load library 'libcudart.so.11.0' via callback 'DP_cudart_dlopen'
implib-gen: libcudart.so.11.0: failed to resolve symbol '__cudaRegisterFatBinary', library failed to load
implib-gen: libcudart.so.11.0: failed to load library 'libcudart.so.11.0' via callback 'DP_cudart_dlopen'
implib-gen: libcudart.so.11.0: failed to resolve symbol '__cudaRegisterFunction', library failed to load
implib-gen: libcudart.so.11.0: failed to load library 'libcudart.so.11.0' via callback 'DP_cudart_dlopen'
implib-gen: libcudart.so.11.0: failed to resolve symbol '__cudaRegisterFatBinaryEnd', library failed to load
DeePMD-kit: Cannot find libcudart.so.11.0
implib-gen: libcudart.so.11.0: failed to load library 'libcudart.so.11.0' via callback 'DP_cudart_dlopen'
implib-gen: libcudart.so.11.0: failed to resolve symbol '__cudaRegisterFatBinary', library failed to load
implib-gen: libcudart.so.11.0: failed to load library 'libcudart.so.11.0' via callback 'DP_cudart_dlopen'
implib-gen: libcudart.so.11.0: failed to resolve symbol '__cudaRegisterFunction', library failed to load
implib-gen: libcudart.so.11.0: failed to load library 'libcudart.so.11.0' via callback 'DP_cudart_dlopen'
implib-gen: libcudart.so.11.0: failed to resolve symbol '__cudaRegisterFatBinaryEnd', library failed to load
DeePMD-kit: Cannot find libcudart.so.11.0
implib-gen: libcudart.so.11.0: failed to load library 'libcudart.so.11.0' via callback 'DP_cudart_dlopen'
implib-gen: libcudart.so.11.0: failed to resolve symbol '__cudaRegisterFatBinary', library failed to load
implib-gen: libcudart.so.11.0: failed to load library 'libcudart.so.11.0' via callback 'DP_cudart_dlopen'
implib-gen: libcudart.so.11.0: failed to resolve symbol '__cudaRegisterFunction', library failed to load
implib-gen: libcudart.so.11.0: failed to load library 'libcudart.so.11.0' via callback 'DP_cudart_dlopen'
implib-gen: libcudart.so.11.0: failed to resolve symbol '__cudaRegisterFatBinaryEnd', library failed to load
DeePMD-kit: Cannot find libcudart.so.11.0
implib-gen: libcudart.so.11.0: failed to load library 'libcudart.so.11.0' via callback 'DP_cudart_dlopen'
implib-gen: libcudart.so.11.0: failed to resolve symbol '__cudaRegisterFatBinary', library failed to load
implib-gen: libcudart.so.11.0: failed to load library 'libcudart.so.11.0' via callback 'DP_cudart_dlopen'
implib-gen: libcudart.so.11.0: failed to resolve symbol '__cudaRegisterFunction', library failed to load
implib-gen: libcudart.so.11.0: failed to load library 'libcudart.so.11.0' via callback 'DP_cudart_dlopen'
implib-gen: libcudart.so.11.0: failed to resolve symbol '__cudaRegisterFatBinaryEnd', library failed to load
DeePMD-kit: Cannot find libcudart.so.11.0
implib-gen: libcudart.so.11.0: failed to load library 'libcudart.so.11.0' via callback 'DP_cudart_dlopen'
implib-gen: libcudart.so.11.0: failed to resolve symbol '__cudaRegisterFatBinary', library failed to load
implib-gen: libcudart.so.11.0: failed to load library 'libcudart.so.11.0' via callback 'DP_cudart_dlopen'
implib-gen: libcudart.so.11.0: failed to resolve symbol '__cudaRegisterFunction', library failed to load
DeePMD-kit: Cannot find libcudart.so.11.0
implib-gen: libcudart.so.11.0: failed to load library 'libcudart.so.11.0' via callback 'DP_cudart_dlopen'
implib-gen: libcudart.so.11.0: failed to resolve symbol '__cudaRegisterFatBinary', library failed to load
implib-gen: libcudart.so.11.0: failed to load library 'libcudart.so.11.0' via callback 'DP_cudart_dlopen'
implib-gen: libcudart.so.11.0: failed to resolve symbol '__cudaRegisterFunction', library failed to load
implib-gen: libcudart.so.11.0: failed to load library 'libcudart.so.11.0' via callback 'DP_cudart_dlopen'
implib-gen: libcudart.so.11.0: failed to resolve symbol '__cudaRegisterFatBinaryEnd', library failed to load
implib-gen: libcudart.so.11.0: failed to load library 'libcudart.so.11.0' via callback 'DP_cudart_dlopen'
implib-gen: libcudart.so.11.0: failed to resolve symbol '__cudaRegisterFatBinaryEnd', library failed to load
2025-03-16 16:23:15.194121: E tensorflow/compiler/xla/stream_executor/cuda/cuda_dnn.cc:9342] Unable to register cuDNN factory: Attempting to register factory for plugin cuDNN when one has already been registered
2025-03-16 16:23:15.194146: E tensorflow/compiler/xla/stream_executor/cuda/cuda_fft.cc:609] Unable to register cuFFT factory: Attempting to register factory for plugin cuFFT when one has already been registered
2025-03-16 16:23:15.194166: E tensorflow/compiler/xla/stream_executor/cuda/cuda_blas.cc:1518] Unable to register cuBLAS factory: Attempting to register factory for plugin cuBLAS when one has already been registered
2025-03-16 16:23:15.194122: E tensorflow/compiler/xla/stream_executor/cuda/cuda_dnn.cc:9342] Unable to register cuDNN factory: Attempting to register factory for plugin cuDNN when one has already been registered
2025-03-16 16:23:15.194143: E tensorflow/compiler/xla/stream_executor/cuda/cuda_fft.cc:609] Unable to register cuFFT factory: Attempting to register factory for plugin cuFFT when one has already been registered
2025-03-16 16:23:15.194171: E tensorflow/compiler/xla/stream_executor/cuda/cuda_blas.cc:1518] Unable to register cuBLAS factory: Attempting to register factory for plugin cuBLAS when one has already been registered
2025-03-16 16:23:15.194302: E tensorflow/compiler/xla/stream_executor/cuda/cuda_dnn.cc:9342] Unable to register cuDNN factory: Attempting to register factory for plugin cuDNN when one has already been registered
2025-03-16 16:23:15.194321: E tensorflow/compiler/xla/stream_executor/cuda/cuda_fft.cc:609] Unable to register cuFFT factory: Attempting to register factory for plugin cuFFT when one has already been registered
2025-03-16 16:23:15.194301: E tensorflow/compiler/xla/stream_executor/cuda/cuda_dnn.cc:9342] Unable to register cuDNN factory: Attempting to register factory for plugin cuDNN when one has already been registered
2025-03-16 16:23:15.194321: E tensorflow/compiler/xla/stream_executor/cuda/cuda_fft.cc:609] Unable to register cuFFT factory: Attempting to register factory for plugin cuFFT when one has already been registered
2025-03-16 16:23:15.194343: E tensorflow/compiler/xla/stream_executor/cuda/cuda_blas.cc:1518] Unable to register cuBLAS factory: Attempting to register factory for plugin cuBLAS when one has already been registered
2025-03-16 16:23:15.194277: E tensorflow/compiler/xla/stream_executor/cuda/cuda_dnn.cc:9342] Unable to register cuDNN factory: Attempting to register factory for plugin cuDNN when one has already been registered
2025-03-16 16:23:15.194300: E tensorflow/compiler/xla/stream_executor/cuda/cuda_fft.cc:609] Unable to register cuFFT factory: Attempting to register factory for plugin cuFFT when one has already been registered
2025-03-16 16:23:15.194325: E tensorflow/compiler/xla/stream_executor/cuda/cuda_blas.cc:1518] Unable to register cuBLAS factory: Attempting to register factory for plugin cuBLAS when one has already been registered
2025-03-16 16:23:15.194279: E tensorflow/compiler/xla/stream_executor/cuda/cuda_dnn.cc:9342] Unable to register cuDNN factory: Attempting to register factory for plugin cuDNN when one has already been registered
2025-03-16 16:23:15.194302: E tensorflow/compiler/xla/stream_executor/cuda/cuda_fft.cc:609] Unable to register cuFFT factory: Attempting to register factory for plugin cuFFT when one has already been registered
2025-03-16 16:23:15.194325: E tensorflow/compiler/xla/stream_executor/cuda/cuda_blas.cc:1518] Unable to register cuBLAS factory: Attempting to register factory for plugin cuBLAS when one has already been registered
2025-03-16 16:23:15.194342: E tensorflow/compiler/xla/stream_executor/cuda/cuda_blas.cc:1518] Unable to register cuBLAS factory: Attempting to register factory for plugin cuBLAS when one has already been registered
DeePMD-kit: Cannot find libcudart.so.11.0
implib-gen: libcudart.so.11.0: failed to load library 'libcudart.so.11.0' via callback 'DP_cudart_dlopen'
implib-gen: libcudart.so.11.0: failed to resolve symbol '__cudaRegisterFatBinary', library failed to load
implib-gen: libcudart.so.11.0: failed to load library 'libcudart.so.11.0' via callback 'DP_cudart_dlopen'
implib-gen: libcudart.so.11.0: failed to resolve symbol '__cudaRegisterFunction', library failed to load
implib-gen: libcudart.so.11.0: failed to load library 'libcudart.so.11.0' via callback 'DP_cudart_dlopen'
implib-gen: libcudart.so.11.0: failed to resolve symbol '__cudaRegisterFatBinaryEnd', library failed to load
DeePMD-kit: Cannot find libcudart.so.11.0
implib-gen: libcudart.so.11.0: failed to load library 'libcudart.so.11.0' via callback 'DP_cudart_dlopen'
implib-gen: libcudart.so.11.0: failed to resolve symbol '__cudaRegisterFatBinary', library failed to load
implib-gen: libcudart.so.11.0: failed to load library 'libcudart.so.11.0' via callback 'DP_cudart_dlopen'
implib-gen: libcudart.so.11.0: failed to resolve symbol '__cudaRegisterFunction', library failed to load
implib-gen: libcudart.so.11.0: failed to load library 'libcudart.so.11.0' via callback 'DP_cudart_dlopen'
implib-gen: libcudart.so.11.0: failed to resolve symbol '__cudaRegisterFatBinaryEnd', library failed to load
DeePMD-kit: Cannot find libcudart.so.11.0
implib-gen: libcudart.so.11.0: failed to load library 'libcudart.so.11.0' via callback 'DP_cudart_dlopen'
implib-gen: libcudart.so.11.0: failed to resolve symbol '__cudaRegisterFatBinary', library failed to load
implib-gen: libcudart.so.11.0: failed to load library 'libcudart.so.11.0' via callback 'DP_cudart_dlopen'
implib-gen: libcudart.so.11.0: failed to resolve symbol '__cudaRegisterFunction', library failed to load
DeePMD-kit: Cannot find libcudart.so.11.0
implib-gen: libcudart.so.11.0: failed to load library 'libcudart.so.11.0' via callback 'DP_cudart_dlopen'
implib-gen: libcudart.so.11.0: failed to resolve symbol '__cudaRegisterFatBinary', library failed to load
implib-gen: libcudart.so.11.0: failed to load library 'libcudart.so.11.0' via callback 'DP_cudart_dlopen'
implib-gen: libcudart.so.11.0: failed to resolve symbol '__cudaRegisterFunction', library failed to load
implib-gen: libcudart.so.11.0: failed to load library 'libcudart.so.11.0' via callback 'DP_cudart_dlopen'
implib-gen: libcudart.so.11.0: failed to resolve symbol '__cudaRegisterFatBinaryEnd', library failed to load
implib-gen: libcudart.so.11.0: failed to load library 'libcudart.so.11.0' via callback 'DP_cudart_dlopen'
implib-gen: libcudart.so.11.0: failed to resolve symbol '__cudaRegisterFatBinaryEnd', library failed to load
DeePMD-kit: Cannot find libcudart.so.11.0
implib-gen: libcudart.so.11.0: failed to load library 'libcudart.so.11.0' via callback 'DP_cudart_dlopen'
implib-gen: libcudart.so.11.0: failed to resolve symbol '__cudaRegisterFatBinary', library failed to load
implib-gen: libcudart.so.11.0: failed to load library 'libcudart.so.11.0' via callback 'DP_cudart_dlopen'
implib-gen: libcudart.so.11.0: failed to resolve symbol '__cudaRegisterFunction', library failed to load
implib-gen: libcudart.so.11.0: failed to load library 'libcudart.so.11.0' via callback 'DP_cudart_dlopen'
implib-gen: libcudart.so.11.0: failed to resolve symbol '__cudaRegisterFatBinaryEnd', library failed to load
2025-03-16 16:23:15.195837: E tensorflow/compiler/xla/stream_executor/cuda/cuda_dnn.cc:9342] Unable to register cuDNN factory: Attempting to register factory for plugin cuDNN when one has already been registered
2025-03-16 16:23:15.195856: E tensorflow/compiler/xla/stream_executor/cuda/cuda_fft.cc:609] Unable to register cuFFT factory: Attempting to register factory for plugin cuFFT when one has already been registered
2025-03-16 16:23:15.195878: E tensorflow/compiler/xla/stream_executor/cuda/cuda_blas.cc:1518] Unable to register cuBLAS factory: Attempting to register factory for plugin cuBLAS when one has already been registered
DeePMD-kit: Cannot find libcudart.so.11.0
implib-gen: libcudart.so.11.0: failed to load library 'libcudart.so.11.0' via callback 'DP_cudart_dlopen'
implib-gen: libcudart.so.11.0: failed to resolve symbol '__cudaRegisterFatBinary', library failed to load
implib-gen: libcudart.so.11.0: failed to load library 'libcudart.so.11.0' via callback 'DP_cudart_dlopen'
implib-gen: libcudart.so.11.0: failed to resolve symbol '__cudaRegisterFunction', library failed to load
implib-gen: libcudart.so.11.0: failed to load library 'libcudart.so.11.0' via callback 'DP_cudart_dlopen'
implib-gen: libcudart.so.11.0: failed to resolve symbol '__cudaRegisterFatBinaryEnd', library failed to load
DeePMD-kit: Cannot find libcudart.so.11.0
implib-gen: libcudart.so.11.0: failed to load library 'libcudart.so.11.0' via callback 'DP_cudart_dlopen'
implib-gen: libcudart.so.11.0: failed to resolve symbol '__cudaRegisterFatBinary', library failed to load
implib-gen: libcudart.so.11.0: failed to load library 'libcudart.so.11.0' via callback 'DP_cudart_dlopen'
implib-gen: libcudart.so.11.0: failed to resolve symbol '__cudaRegisterFunction', library failed to load
implib-gen: libcudart.so.11.0: failed to load library 'libcudart.so.11.0' via callback 'DP_cudart_dlopen'
implib-gen: libcudart.so.11.0: failed to resolve symbol '__cudaRegisterFatBinaryEnd', library failed to load
DeePMD-kit: Cannot find libcudart.so.11.0
implib-gen: libcudart.so.11.0: failed to load library 'libcudart.so.11.0' via callback 'DP_cudart_dlopen'
implib-gen: libcudart.so.11.0: failed to resolve symbol '__cudaRegisterFatBinary', library failed to load
implib-gen: libcudart.so.11.0: failed to load library 'libcudart.so.11.0' via callback 'DP_cudart_dlopen'
implib-gen: libcudart.so.11.0: failed to resolve symbol '__cudaRegisterFunction', library failed to load
implib-gen: libcudart.so.11.0: failed to load library 'libcudart.so.11.0' via callback 'DP_cudart_dlopen'
implib-gen: libcudart.so.11.0: failed to resolve symbol '__cudaRegisterFatBinaryEnd', library failed to load
DeePMD-kit: Cannot find libcudart.so.11.0
implib-gen: libcudart.so.11.0: failed to load library 'libcudart.so.11.0' via callback 'DP_cudart_dlopen'
implib-gen: libcudart.so.11.0: failed to resolve symbol '__cudaRegisterFatBinary', library failed to load
implib-gen: libcudart.so.11.0: failed to load library 'libcudart.so.11.0' via callback 'DP_cudart_dlopen'
implib-gen: libcudart.so.11.0: failed to resolve symbol '__cudaRegisterFunction', library failed to load
implib-gen: libcudart.so.11.0: failed to load library 'libcudart.so.11.0' via callback 'DP_cudart_dlopen'
implib-gen: libcudart.so.11.0: failed to resolve symbol '__cudaRegisterFatBinaryEnd', library failed to load
2025-03-16 16:23:15.197846: E tensorflow/compiler/xla/stream_executor/cuda/cuda_dnn.cc:9342] Unable to register cuDNN factory: Attempting to register factory for plugin cuDNN when one has already been registered
2025-03-16 16:23:15.197870: E tensorflow/compiler/xla/stream_executor/cuda/cuda_fft.cc:609] Unable to register cuFFT factory: Attempting to register factory for plugin cuFFT when one has already been registered
2025-03-16 16:23:15.197896: E tensorflow/compiler/xla/stream_executor/cuda/cuda_blas.cc:1518] Unable to register cuBLAS factory: Attempting to register factory for plugin cuBLAS when one has already been registered
2025-03-16 16:23:15.197846: E tensorflow/compiler/xla/stream_executor/cuda/cuda_dnn.cc:9342] Unable to register cuDNN factory: Attempting to register factory for plugin cuDNN when one has already been registered
2025-03-16 16:23:15.197868: E tensorflow/compiler/xla/stream_executor/cuda/cuda_fft.cc:609] Unable to register cuFFT factory: Attempting to register factory for plugin cuFFT when one has already been registered
2025-03-16 16:23:15.197900: E tensorflow/compiler/xla/stream_executor/cuda/cuda_blas.cc:1518] Unable to register cuBLAS factory: Attempting to register factory for plugin cuBLAS when one has already been registered
DeePMD-kit: Cannot find libcudart.so.11.0
implib-gen: libcudart.so.11.0: failed to load library 'libcudart.so.11.0' via callback 'DP_cudart_dlopen'
implib-gen: libcudart.so.11.0: failed to resolve symbol '__cudaRegisterFatBinary', library failed to load
implib-gen: libcudart.so.11.0: failed to load library 'libcudart.so.11.0' via callback 'DP_cudart_dlopen'
implib-gen: libcudart.so.11.0: failed to resolve symbol '__cudaRegisterFunction', library failed to load
implib-gen: libcudart.so.11.0: failed to load library 'libcudart.so.11.0' via callback 'DP_cudart_dlopen'
implib-gen: libcudart.so.11.0: failed to resolve symbol '__cudaRegisterFatBinaryEnd', library failed to load
DeePMD-kit: Cannot find libcudart.so.11.0
implib-gen: libcudart.so.11.0: failed to load library 'libcudart.so.11.0' via callback 'DP_cudart_dlopen'
implib-gen: libcudart.so.11.0: failed to resolve symbol '__cudaRegisterFatBinary', library failed to load
implib-gen: libcudart.so.11.0: failed to load library 'libcudart.so.11.0' via callback 'DP_cudart_dlopen'
implib-gen: libcudart.so.11.0: failed to resolve symbol '__cudaRegisterFunction', library failed to load
implib-gen: libcudart.so.11.0: failed to load library 'libcudart.so.11.0' via callback 'DP_cudart_dlopen'
implib-gen: libcudart.so.11.0: failed to resolve symbol '__cudaRegisterFatBinaryEnd', library failed to load
DeePMD-kit: Cannot find libcudart.so.11.0
implib-gen: libcudart.so.11.0: failed to load library 'libcudart.so.11.0' via callback 'DP_cudart_dlopen'
implib-gen: libcudart.so.11.0: failed to resolve symbol '__cudaRegisterFatBinary', library failed to load
implib-gen: libcudart.so.11.0: failed to load library 'libcudart.so.11.0' via callback 'DP_cudart_dlopen'
implib-gen: libcudart.so.11.0: failed to resolve symbol '__cudaRegisterFunction', library failed to load
implib-gen: libcudart.so.11.0: failed to load library 'libcudart.so.11.0' via callback 'DP_cudart_dlopen'
implib-gen: libcudart.so.11.0: failed to resolve symbol '__cudaRegisterFatBinaryEnd', library failed to load
DeePMD-kit: Cannot find libcudart.so.11.0
implib-gen: libcudart.so.11.0: failed to load library 'libcudart.so.11.0' via callback 'DP_cudart_dlopen'
implib-gen: libcudart.so.11.0: failed to resolve symbol '__cudaRegisterFatBinary', library failed to load
implib-gen: libcudart.so.11.0: failed to load library 'libcudart.so.11.0' via callback 'DP_cudart_dlopen'
implib-gen: libcudart.so.11.0: failed to resolve symbol '__cudaRegisterFunction', library failed to load
implib-gen: libcudart.so.11.0: failed to load library 'libcudart.so.11.0' via callback 'DP_cudart_dlopen'
implib-gen: libcudart.so.11.0: failed to resolve symbol '__cudaRegisterFatBinaryEnd', library failed to load
DeePMD-kit: Cannot find libcudart.so.11.0
implib-gen: libcudart.so.11.0: failed to load library 'libcudart.so.11.0' via callback 'DP_cudart_dlopen'
implib-gen: libcudart.so.11.0: failed to resolve symbol '__cudaRegisterFatBinary', library failed to load
implib-gen: libcudart.so.11.0: failed to load library 'libcudart.so.11.0' via callback 'DP_cudart_dlopen'
implib-gen: libcudart.so.11.0: failed to resolve symbol '__cudaRegisterFunction', library failed to load
implib-gen: libcudart.so.11.0: failed to load library 'libcudart.so.11.0' via callback 'DP_cudart_dlopen'
implib-gen: libcudart.so.11.0: failed to resolve symbol '__cudaRegisterFatBinaryEnd', library failed to load
DeePMD-kit: Cannot find libcudart.so.11.0
implib-gen: libcudart.so.11.0: failed to load library 'libcudart.so.11.0' via callback 'DP_cudart_dlopen'
implib-gen: libcudart.so.11.0: failed to resolve symbol '__cudaRegisterFatBinary', library failed to load
implib-gen: libcudart.so.11.0: failed to load library 'libcudart.so.11.0' via callback 'DP_cudart_dlopen'
implib-gen: libcudart.so.11.0: failed to resolve symbol '__cudaRegisterFunction', library failed to load
implib-gen: libcudart.so.11.0: failed to load library 'libcudart.so.11.0' via callback 'DP_cudart_dlopen'
implib-gen: libcudart.so.11.0: failed to resolve symbol '__cudaRegisterFatBinaryEnd', library failed to load
DeePMD-kit: Cannot find libcudart.so.11.0
implib-gen: libcudart.so.11.0: failed to load library 'libcudart.so.11.0' via callback 'DP_cudart_dlopen'
implib-gen: libcudart.so.11.0: failed to resolve symbol '__cudaRegisterFatBinary', library failed to load
implib-gen: libcudart.so.11.0: failed to load library 'libcudart.so.11.0' via callback 'DP_cudart_dlopen'
implib-gen: libcudart.so.11.0: failed to resolve symbol '__cudaRegisterFunction', library failed to load
implib-gen: libcudart.so.11.0: failed to load library 'libcudart.so.11.0' via callback 'DP_cudart_dlopen'
implib-gen: libcudart.so.11.0: failed to resolve symbol '__cudaRegisterFatBinaryEnd', library failed to load
DeePMD-kit: Cannot find libcudart.so.11.0
implib-gen: libcudart.so.11.0: failed to load library 'libcudart.so.11.0' via callback 'DP_cudart_dlopen'
implib-gen: libcudart.so.11.0: failed to resolve symbol '__cudaRegisterFatBinary', library failed to load
implib-gen: libcudart.so.11.0: failed to load library 'libcudart.so.11.0' via callback 'DP_cudart_dlopen'
implib-gen: libcudart.so.11.0: failed to resolve symbol '__cudaRegisterFunction', library failed to load
implib-gen: libcudart.so.11.0: failed to load library 'libcudart.so.11.0' via callback 'DP_cudart_dlopen'
implib-gen: libcudart.so.11.0: failed to resolve symbol '__cudaRegisterFatBinaryEnd', library failed to load
2025-03-16 16:23:15.204078: E tensorflow/compiler/xla/stream_executor/cuda/cuda_dnn.cc:9342] Unable to register cuDNN factory: Attempting to register factory for plugin cuDNN when one has already been registered
2025-03-16 16:23:15.204098: E tensorflow/compiler/xla/stream_executor/cuda/cuda_fft.cc:609] Unable to register cuFFT factory: Attempting to register factory for plugin cuFFT when one has already been registered
2025-03-16 16:23:15.204119: E tensorflow/compiler/xla/stream_executor/cuda/cuda_blas.cc:1518] Unable to register cuBLAS factory: Attempting to register factory for plugin cuBLAS when one has already been registered
2025-03-16 16:23:15.204075: E tensorflow/compiler/xla/stream_executor/cuda/cuda_dnn.cc:9342] Unable to register cuDNN factory: Attempting to register factory for plugin cuDNN when one has already been registered
2025-03-16 16:23:15.204096: E tensorflow/compiler/xla/stream_executor/cuda/cuda_fft.cc:609] Unable to register cuFFT factory: Attempting to register factory for plugin cuFFT when one has already been registered
2025-03-16 16:23:15.204123: E tensorflow/compiler/xla/stream_executor/cuda/cuda_blas.cc:1518] Unable to register cuBLAS factory: Attempting to register factory for plugin cuBLAS when one has already been registered
DeePMD-kit: Cannot find libcudart.so.11.0
implib-gen: libcudart.so.11.0: failed to load library 'libcudart.so.11.0' via callback 'DP_cudart_dlopen'
implib-gen: libcudart.so.11.0: failed to resolve symbol '__cudaRegisterFatBinary', library failed to load
implib-gen: libcudart.so.11.0: failed to load library 'libcudart.so.11.0' via callback 'DP_cudart_dlopen'
implib-gen: libcudart.so.11.0: failed to resolve symbol '__cudaRegisterFunction', library failed to load
implib-gen: libcudart.so.11.0: failed to load library 'libcudart.so.11.0' via callback 'DP_cudart_dlopen'
implib-gen: libcudart.so.11.0: failed to resolve symbol '__cudaRegisterFatBinaryEnd', library failed to load
DeePMD-kit: Cannot find libcudart.so.11.0
implib-gen: libcudart.so.11.0: failed to load library 'libcudart.so.11.0' via callback 'DP_cudart_dlopen'
implib-gen: libcudart.so.11.0: failed to resolve symbol '__cudaRegisterFatBinary', library failed to load
implib-gen: libcudart.so.11.0: failed to load library 'libcudart.so.11.0' via callback 'DP_cudart_dlopen'
implib-gen: libcudart.so.11.0: failed to resolve symbol '__cudaRegisterFunction', library failed to load
implib-gen: libcudart.so.11.0: failed to load library 'libcudart.so.11.0' via callback 'DP_cudart_dlopen'
implib-gen: libcudart.so.11.0: failed to resolve symbol '__cudaRegisterFatBinaryEnd', library failed to load
DeePMD-kit: Cannot find libcudart.so.11.0
implib-gen: libcudart.so.11.0: failed to load library 'libcudart.so.11.0' via callback 'DP_cudart_dlopen'
implib-gen: libcudart.so.11.0: failed to resolve symbol '__cudaRegisterFatBinary', library failed to load
implib-gen: libcudart.so.11.0: failed to load library 'libcudart.so.11.0' via callback 'DP_cudart_dlopen'
implib-gen: libcudart.so.11.0: failed to resolve symbol '__cudaRegisterFunction', library failed to load
implib-gen: libcudart.so.11.0: failed to load library 'libcudart.so.11.0' via callback 'DP_cudart_dlopen'
implib-gen: libcudart.so.11.0: failed to resolve symbol '__cudaRegisterFatBinaryEnd', library failed to load
DeePMD-kit: Cannot find libcudart.so.11.0
implib-gen: libcudart.so.11.0: failed to load library 'libcudart.so.11.0' via callback 'DP_cudart_dlopen'
implib-gen: libcudart.so.11.0: failed to resolve symbol '__cudaRegisterFatBinary', library failed to load
implib-gen: libcudart.so.11.0: failed to load library 'libcudart.so.11.0' via callback 'DP_cudart_dlopen'
implib-gen: libcudart.so.11.0: failed to resolve symbol '__cudaRegisterFunction', library failed to load
implib-gen: libcudart.so.11.0: failed to load library 'libcudart.so.11.0' via callback 'DP_cudart_dlopen'
implib-gen: libcudart.so.11.0: failed to resolve symbol '__cudaRegisterFatBinaryEnd', library failed to load
DeePMD-kit: Cannot find libcudart.so.11.0
implib-gen: libcudart.so.11.0: failed to load library 'libcudart.so.11.0' via callback 'DP_cudart_dlopen'
implib-gen: libcudart.so.11.0: failed to resolve symbol '__cudaRegisterFatBinary', library failed to load
implib-gen: libcudart.so.11.0: failed to load library 'libcudart.so.11.0' via callback 'DP_cudart_dlopen'
implib-gen: libcudart.so.11.0: failed to resolve symbol '__cudaRegisterFunction', library failed to load
implib-gen: libcudart.so.11.0: failed to load library 'libcudart.so.11.0' via callback 'DP_cudart_dlopen'
implib-gen: libcudart.so.11.0: failed to resolve symbol '__cudaRegisterFatBinaryEnd', library failed to load
2025-03-16 16:23:15.261553: I tensorflow/tsl/cuda/cudart_stub.cc:28] Could not find cuda drivers on your machine, GPU will not be used.
2025-03-16 16:23:15.261556: I tensorflow/tsl/cuda/cudart_stub.cc:28] Could not find cuda drivers on your machine, GPU will not be used.
2025-03-16 16:23:15.261741: I tensorflow/tsl/cuda/cudart_stub.cc:28] Could not find cuda drivers on your machine, GPU will not be used.
2025-03-16 16:23:15.261739: I tensorflow/tsl/cuda/cudart_stub.cc:28] Could not find cuda drivers on your machine, GPU will not be used.
2025-03-16 16:23:15.261736: I tensorflow/tsl/cuda/cudart_stub.cc:28] Could not find cuda drivers on your machine, GPU will not be used.
2025-03-16 16:23:15.261845: I tensorflow/tsl/cuda/cudart_stub.cc:28] Could not find cuda drivers on your machine, GPU will not be used.
2025-03-16 16:23:15.261837: I tensorflow/tsl/cuda/cudart_stub.cc:28] Could not find cuda drivers on your machine, GPU will not be used.
2025-03-16 16:23:15.262253: I tensorflow/tsl/cuda/cudart_stub.cc:28] Could not find cuda drivers on your machine, GPU will not be used.
2025-03-16 16:23:15.264645: I tensorflow/tsl/cuda/cudart_stub.cc:28] Could not find cuda drivers on your machine, GPU will not be used.
2025-03-16 16:23:15.264647: I tensorflow/tsl/cuda/cudart_stub.cc:28] Could not find cuda drivers on your machine, GPU will not be used.
2025-03-16 16:23:15.264635: I tensorflow/tsl/cuda/cudart_stub.cc:28] Could not find cuda drivers on your machine, GPU will not be used.
2025-03-16 16:23:15.264629: I tensorflow/tsl/cuda/cudart_stub.cc:28] Could not find cuda drivers on your machine, GPU will not be used.
2025-03-16 16:23:15.268708: I tensorflow/tsl/cuda/cudart_stub.cc:28] Could not find cuda drivers on your machine, GPU will not be used.
2025-03-16 16:23:15.268709: I tensorflow/tsl/cuda/cudart_stub.cc:28] Could not find cuda drivers on your machine, GPU will not be used.
2025-03-16 16:23:15.268706: I tensorflow/tsl/cuda/cudart_stub.cc:28] Could not find cuda drivers on your machine, GPU will not be used.
2025-03-16 16:23:15.268706: I tensorflow/tsl/cuda/cudart_stub.cc:28] Could not find cuda drivers on your machine, GPU will not be used.
2025-03-16 16:23:15.268733: I tensorflow/tsl/cuda/cudart_stub.cc:28] Could not find cuda drivers on your machine, GPU will not be used.
2025-03-16 16:23:15.268739: I tensorflow/tsl/cuda/cudart_stub.cc:28] Could not find cuda drivers on your machine, GPU will not be used.
2025-03-16 16:23:15.269280: I tensorflow/tsl/cuda/cudart_stub.cc:28] Could not find cuda drivers on your machine, GPU will not be used.
2025-03-16 16:23:15.269269: I tensorflow/tsl/cuda/cudart_stub.cc:28] Could not find cuda drivers on your machine, GPU will not be used.
2025-03-16 16:23:15.271023: I tensorflow/tsl/cuda/cudart_stub.cc:28] Could not find cuda drivers on your machine, GPU will not be used.
2025-03-16 16:23:15.271716: I tensorflow/tsl/cuda/cudart_stub.cc:28] Could not find cuda drivers on your machine, GPU will not be used.
2025-03-16 16:23:15.271709: I tensorflow/tsl/cuda/cudart_stub.cc:28] Could not find cuda drivers on your machine, GPU will not be used.
2025-03-16 16:23:15.275142: I tensorflow/tsl/cuda/cudart_stub.cc:28] Could not find cuda drivers on your machine, GPU will not be used.
2025-03-16 16:23:15.275138: I tensorflow/tsl/cuda/cudart_stub.cc:28] Could not find cuda drivers on your machine, GPU will not be used.
2025-03-16 16:23:15.275149: I tensorflow/tsl/cuda/cudart_stub.cc:28] Could not find cuda drivers on your machine, GPU will not be used.
2025-03-16 16:23:15.275150: I tensorflow/tsl/cuda/cudart_stub.cc:28] Could not find cuda drivers on your machine, GPU will not be used.
2025-03-16 16:23:15.275630: I tensorflow/tsl/cuda/cudart_stub.cc:28] Could not find cuda drivers on your machine, GPU will not be used.
2025-03-16 16:23:15.278112: I tensorflow/tsl/cuda/cudart_stub.cc:28] Could not find cuda drivers on your machine, GPU will not be used.
2025-03-16 16:23:15.278115: I tensorflow/tsl/cuda/cudart_stub.cc:28] Could not find cuda drivers on your machine, GPU will not be used.
2025-03-16 16:23:15.281006: I tensorflow/tsl/cuda/cudart_stub.cc:28] Could not find cuda drivers on your machine, GPU will not be used.
2025-03-16 16:23:15.281004: I tensorflow/tsl/cuda/cudart_stub.cc:28] Could not find cuda drivers on your machine, GPU will not be used.
2025-03-16 16:23:15.289514: E tensorflow/compiler/xla/stream_executor/cuda/cuda_dnn.cc:9342] Unable to register cuDNN factory: Attempting to register factory for plugin cuDNN when one has already been registered
2025-03-16 16:23:15.289533: E tensorflow/compiler/xla/stream_executor/cuda/cuda_fft.cc:609] Unable to register cuFFT factory: Attempting to register factory for plugin cuFFT when one has already been registered
2025-03-16 16:23:15.289563: E tensorflow/compiler/xla/stream_executor/cuda/cuda_blas.cc:1518] Unable to register cuBLAS factory: Attempting to register factory for plugin cuBLAS when one has already been registered
2025-03-16 16:23:15.289519: E tensorflow/compiler/xla/stream_executor/cuda/cuda_dnn.cc:9342] Unable to register cuDNN factory: Attempting to register factory for plugin cuDNN when one has already been registered
2025-03-16 16:23:15.289537: E tensorflow/compiler/xla/stream_executor/cuda/cuda_fft.cc:609] Unable to register cuFFT factory: Attempting to register factory for plugin cuFFT when one has already been registered
2025-03-16 16:23:15.289560: E tensorflow/compiler/xla/stream_executor/cuda/cuda_blas.cc:1518] Unable to register cuBLAS factory: Attempting to register factory for plugin cuBLAS when one has already been registered
2025-03-16 16:23:15.289666: E tensorflow/compiler/xla/stream_executor/cuda/cuda_dnn.cc:9342] Unable to register cuDNN factory: Attempting to register factory for plugin cuDNN when one has already been registered
2025-03-16 16:23:15.289693: E tensorflow/compiler/xla/stream_executor/cuda/cuda_fft.cc:609] Unable to register cuFFT factory: Attempting to register factory for plugin cuFFT when one has already been registered
2025-03-16 16:23:15.289718: E tensorflow/compiler/xla/stream_executor/cuda/cuda_blas.cc:1518] Unable to register cuBLAS factory: Attempting to register factory for plugin cuBLAS when one has already been registered
2025-03-16 16:23:15.289666: E tensorflow/compiler/xla/stream_executor/cuda/cuda_dnn.cc:9342] Unable to register cuDNN factory: Attempting to register factory for plugin cuDNN when one has already been registered
2025-03-16 16:23:15.289693: E tensorflow/compiler/xla/stream_executor/cuda/cuda_fft.cc:609] Unable to register cuFFT factory: Attempting to register factory for plugin cuFFT when one has already been registered
2025-03-16 16:23:15.289722: E tensorflow/compiler/xla/stream_executor/cuda/cuda_blas.cc:1518] Unable to register cuBLAS factory: Attempting to register factory for plugin cuBLAS when one has already been registered
2025-03-16 16:23:15.289741: E tensorflow/compiler/xla/stream_executor/cuda/cuda_dnn.cc:9342] Unable to register cuDNN factory: Attempting to register factory for plugin cuDNN when one has already been registered
2025-03-16 16:23:15.289762: E tensorflow/compiler/xla/stream_executor/cuda/cuda_fft.cc:609] Unable to register cuFFT factory: Attempting to register factory for plugin cuFFT when one has already been registered
2025-03-16 16:23:15.289789: E tensorflow/compiler/xla/stream_executor/cuda/cuda_blas.cc:1518] Unable to register cuBLAS factory: Attempting to register factory for plugin cuBLAS when one has already been registered
2025-03-16 16:23:15.289741: E tensorflow/compiler/xla/stream_executor/cuda/cuda_dnn.cc:9342] Unable to register cuDNN factory: Attempting to register factory for plugin cuDNN when one has already been registered
2025-03-16 16:23:15.289766: E tensorflow/compiler/xla/stream_executor/cuda/cuda_fft.cc:609] Unable to register cuFFT factory: Attempting to register factory for plugin cuFFT when one has already been registered
2025-03-16 16:23:15.289786: E tensorflow/compiler/xla/stream_executor/cuda/cuda_blas.cc:1518] Unable to register cuBLAS factory: Attempting to register factory for plugin cuBLAS when one has already been registered
2025-03-16 16:23:15.290279: E tensorflow/compiler/xla/stream_executor/cuda/cuda_dnn.cc:9342] Unable to register cuDNN factory: Attempting to register factory for plugin cuDNN when one has already been registered
2025-03-16 16:23:15.290301: E tensorflow/compiler/xla/stream_executor/cuda/cuda_fft.cc:609] Unable to register cuFFT factory: Attempting to register factory for plugin cuFFT when one has already been registered
2025-03-16 16:23:15.290323: E tensorflow/compiler/xla/stream_executor/cuda/cuda_blas.cc:1518] Unable to register cuBLAS factory: Attempting to register factory for plugin cuBLAS when one has already been registered
2025-03-16 16:23:15.290357: E tensorflow/compiler/xla/stream_executor/cuda/cuda_dnn.cc:9342] Unable to register cuDNN factory: Attempting to register factory for plugin cuDNN when one has already been registered
2025-03-16 16:23:15.290374: E tensorflow/compiler/xla/stream_executor/cuda/cuda_fft.cc:609] Unable to register cuFFT factory: Attempting to register factory for plugin cuFFT when one has already been registered
2025-03-16 16:23:15.290405: E tensorflow/compiler/xla/stream_executor/cuda/cuda_blas.cc:1518] Unable to register cuBLAS factory: Attempting to register factory for plugin cuBLAS when one has already been registered
2025-03-16 16:23:15.291989: E tensorflow/compiler/xla/stream_executor/cuda/cuda_dnn.cc:9342] Unable to register cuDNN factory: Attempting to register factory for plugin cuDNN when one has already been registered
2025-03-16 16:23:15.292012: E tensorflow/compiler/xla/stream_executor/cuda/cuda_fft.cc:609] Unable to register cuFFT factory: Attempting to register factory for plugin cuFFT when one has already been registered
2025-03-16 16:23:15.292043: E tensorflow/compiler/xla/stream_executor/cuda/cuda_blas.cc:1518] Unable to register cuBLAS factory: Attempting to register factory for plugin cuBLAS when one has already been registered
2025-03-16 16:23:15.291989: E tensorflow/compiler/xla/stream_executor/cuda/cuda_dnn.cc:9342] Unable to register cuDNN factory: Attempting to register factory for plugin cuDNN when one has already been registered
2025-03-16 16:23:15.292012: E tensorflow/compiler/xla/stream_executor/cuda/cuda_fft.cc:609] Unable to register cuFFT factory: Attempting to register factory for plugin cuFFT when one has already been registered
2025-03-16 16:23:15.292045: E tensorflow/compiler/xla/stream_executor/cuda/cuda_blas.cc:1518] Unable to register cuBLAS factory: Attempting to register factory for plugin cuBLAS when one has already been registered
2025-03-16 16:23:15.292038: E tensorflow/compiler/xla/stream_executor/cuda/cuda_dnn.cc:9342] Unable to register cuDNN factory: Attempting to register factory for plugin cuDNN when one has already been registered
2025-03-16 16:23:15.292055: E tensorflow/compiler/xla/stream_executor/cuda/cuda_fft.cc:609] Unable to register cuFFT factory: Attempting to register factory for plugin cuFFT when one has already been registered
2025-03-16 16:23:15.292083: E tensorflow/compiler/xla/stream_executor/cuda/cuda_blas.cc:1518] Unable to register cuBLAS factory: Attempting to register factory for plugin cuBLAS when one has already been registered
2025-03-16 16:23:15.292035: E tensorflow/compiler/xla/stream_executor/cuda/cuda_dnn.cc:9342] Unable to register cuDNN factory: Attempting to register factory for plugin cuDNN when one has already been registered
2025-03-16 16:23:15.292055: E tensorflow/compiler/xla/stream_executor/cuda/cuda_fft.cc:609] Unable to register cuFFT factory: Attempting to register factory for plugin cuFFT when one has already been registered
2025-03-16 16:23:15.292083: E tensorflow/compiler/xla/stream_executor/cuda/cuda_blas.cc:1518] Unable to register cuBLAS factory: Attempting to register factory for plugin cuBLAS when one has already been registered
2025-03-16 16:23:15.296206: E tensorflow/compiler/xla/stream_executor/cuda/cuda_dnn.cc:9342] Unable to register cuDNN factory: Attempting to register factory for plugin cuDNN when one has already been registered
2025-03-16 16:23:15.296234: E tensorflow/compiler/xla/stream_executor/cuda/cuda_fft.cc:609] Unable to register cuFFT factory: Attempting to register factory for plugin cuFFT when one has already been registered
2025-03-16 16:23:15.296256: E tensorflow/compiler/xla/stream_executor/cuda/cuda_blas.cc:1518] Unable to register cuBLAS factory: Attempting to register factory for plugin cuBLAS when one has already been registered
2025-03-16 16:23:15.296206: E tensorflow/compiler/xla/stream_executor/cuda/cuda_dnn.cc:9342] Unable to register cuDNN factory: Attempting to register factory for plugin cuDNN when one has already been registered
2025-03-16 16:23:15.296234: E tensorflow/compiler/xla/stream_executor/cuda/cuda_fft.cc:609] Unable to register cuFFT factory: Attempting to register factory for plugin cuFFT when one has already been registered
2025-03-16 16:23:15.296258: E tensorflow/compiler/xla/stream_executor/cuda/cuda_blas.cc:1518] Unable to register cuBLAS factory: Attempting to register factory for plugin cuBLAS when one has already been registered
2025-03-16 16:23:15.296549: E tensorflow/compiler/xla/stream_executor/cuda/cuda_dnn.cc:9342] Unable to register cuDNN factory: Attempting to register factory for plugin cuDNN when one has already been registered
2025-03-16 16:23:15.296569: E tensorflow/compiler/xla/stream_executor/cuda/cuda_fft.cc:609] Unable to register cuFFT factory: Attempting to register factory for plugin cuFFT when one has already been registered
2025-03-16 16:23:15.296591: E tensorflow/compiler/xla/stream_executor/cuda/cuda_blas.cc:1518] Unable to register cuBLAS factory: Attempting to register factory for plugin cuBLAS when one has already been registered
2025-03-16 16:23:15.296552: E tensorflow/compiler/xla/stream_executor/cuda/cuda_dnn.cc:9342] Unable to register cuDNN factory: Attempting to register factory for plugin cuDNN when one has already been registered
2025-03-16 16:23:15.296569: E tensorflow/compiler/xla/stream_executor/cuda/cuda_fft.cc:609] Unable to register cuFFT factory: Attempting to register factory for plugin cuFFT when one has already been registered
2025-03-16 16:23:15.296590: E tensorflow/compiler/xla/stream_executor/cuda/cuda_blas.cc:1518] Unable to register cuBLAS factory: Attempting to register factory for plugin cuBLAS when one has already been registered
2025-03-16 16:23:15.296742: E tensorflow/compiler/xla/stream_executor/cuda/cuda_dnn.cc:9342] Unable to register cuDNN factory: Attempting to register factory for plugin cuDNN when one has already been registered
2025-03-16 16:23:15.296765: E tensorflow/compiler/xla/stream_executor/cuda/cuda_fft.cc:609] Unable to register cuFFT factory: Attempting to register factory for plugin cuFFT when one has already been registered
2025-03-16 16:23:15.296792: E tensorflow/compiler/xla/stream_executor/cuda/cuda_blas.cc:1518] Unable to register cuBLAS factory: Attempting to register factory for plugin cuBLAS when one has already been registered
2025-03-16 16:23:15.296743: E tensorflow/compiler/xla/stream_executor/cuda/cuda_dnn.cc:9342] Unable to register cuDNN factory: Attempting to register factory for plugin cuDNN when one has already been registered
2025-03-16 16:23:15.296768: E tensorflow/compiler/xla/stream_executor/cuda/cuda_fft.cc:609] Unable to register cuFFT factory: Attempting to register factory for plugin cuFFT when one has already been registered
2025-03-16 16:23:15.296789: E tensorflow/compiler/xla/stream_executor/cuda/cuda_blas.cc:1518] Unable to register cuBLAS factory: Attempting to register factory for plugin cuBLAS when one has already been registered
2025-03-16 16:23:15.296880: E tensorflow/compiler/xla/stream_executor/cuda/cuda_dnn.cc:9342] Unable to register cuDNN factory: Attempting to register factory for plugin cuDNN when one has already been registered
2025-03-16 16:23:15.296880: E tensorflow/compiler/xla/stream_executor/cuda/cuda_dnn.cc:9342] Unable to register cuDNN factory: Attempting to register factory for plugin cuDNN when one has already been registered
2025-03-16 16:23:15.296900: E tensorflow/compiler/xla/stream_executor/cuda/cuda_fft.cc:609] Unable to register cuFFT factory: Attempting to register factory for plugin cuFFT when one has already been registered
2025-03-16 16:23:15.296900: E tensorflow/compiler/xla/stream_executor/cuda/cuda_fft.cc:609] Unable to register cuFFT factory: Attempting to register factory for plugin cuFFT when one has already been registered
2025-03-16 16:23:15.296926: E tensorflow/compiler/xla/stream_executor/cuda/cuda_blas.cc:1518] Unable to register cuBLAS factory: Attempting to register factory for plugin cuBLAS when one has already been registered
2025-03-16 16:23:15.296926: E tensorflow/compiler/xla/stream_executor/cuda/cuda_blas.cc:1518] Unable to register cuBLAS factory: Attempting to register factory for plugin cuBLAS when one has already been registered
2025-03-16 16:23:15.297714: E tensorflow/compiler/xla/stream_executor/cuda/cuda_dnn.cc:9342] Unable to register cuDNN factory: Attempting to register factory for plugin cuDNN when one has already been registered
2025-03-16 16:23:15.297732: E tensorflow/compiler/xla/stream_executor/cuda/cuda_fft.cc:609] Unable to register cuFFT factory: Attempting to register factory for plugin cuFFT when one has already been registered
2025-03-16 16:23:15.297754: E tensorflow/compiler/xla/stream_executor/cuda/cuda_blas.cc:1518] Unable to register cuBLAS factory: Attempting to register factory for plugin cuBLAS when one has already been registered
2025-03-16 16:23:15.298856: E tensorflow/compiler/xla/stream_executor/cuda/cuda_dnn.cc:9342] Unable to register cuDNN factory: Attempting to register factory for plugin cuDNN when one has already been registered
2025-03-16 16:23:15.298880: E tensorflow/compiler/xla/stream_executor/cuda/cuda_fft.cc:609] Unable to register cuFFT factory: Attempting to register factory for plugin cuFFT when one has already been registered
2025-03-16 16:23:15.298904: E tensorflow/compiler/xla/stream_executor/cuda/cuda_blas.cc:1518] Unable to register cuBLAS factory: Attempting to register factory for plugin cuBLAS when one has already been registered
2025-03-16 16:23:15.298856: E tensorflow/compiler/xla/stream_executor/cuda/cuda_dnn.cc:9342] Unable to register cuDNN factory: Attempting to register factory for plugin cuDNN when one has already been registered
2025-03-16 16:23:15.298880: E tensorflow/compiler/xla/stream_executor/cuda/cuda_fft.cc:609] Unable to register cuFFT factory: Attempting to register factory for plugin cuFFT when one has already been registered
2025-03-16 16:23:15.298904: E tensorflow/compiler/xla/stream_executor/cuda/cuda_blas.cc:1518] Unable to register cuBLAS factory: Attempting to register factory for plugin cuBLAS when one has already been registered
2025-03-16 16:23:15.302417: E tensorflow/compiler/xla/stream_executor/cuda/cuda_dnn.cc:9342] Unable to register cuDNN factory: Attempting to register factory for plugin cuDNN when one has already been registered
2025-03-16 16:23:15.302444: E tensorflow/compiler/xla/stream_executor/cuda/cuda_fft.cc:609] Unable to register cuFFT factory: Attempting to register factory for plugin cuFFT when one has already been registered
2025-03-16 16:23:15.302465: E tensorflow/compiler/xla/stream_executor/cuda/cuda_blas.cc:1518] Unable to register cuBLAS factory: Attempting to register factory for plugin cuBLAS when one has already been registered
2025-03-16 16:23:15.302417: E tensorflow/compiler/xla/stream_executor/cuda/cuda_dnn.cc:9342] Unable to register cuDNN factory: Attempting to register factory for plugin cuDNN when one has already been registered
2025-03-16 16:23:15.302444: E tensorflow/compiler/xla/stream_executor/cuda/cuda_fft.cc:609] Unable to register cuFFT factory: Attempting to register factory for plugin cuFFT when one has already been registered
2025-03-16 16:23:15.302465: E tensorflow/compiler/xla/stream_executor/cuda/cuda_blas.cc:1518] Unable to register cuBLAS factory: Attempting to register factory for plugin cuBLAS when one has already been registered
2025-03-16 16:23:15.302436: E tensorflow/compiler/xla/stream_executor/cuda/cuda_dnn.cc:9342] Unable to register cuDNN factory: Attempting to register factory for plugin cuDNN when one has already been registered
2025-03-16 16:23:15.302462: E tensorflow/compiler/xla/stream_executor/cuda/cuda_fft.cc:609] Unable to register cuFFT factory: Attempting to register factory for plugin cuFFT when one has already been registered
2025-03-16 16:23:15.302487: E tensorflow/compiler/xla/stream_executor/cuda/cuda_blas.cc:1518] Unable to register cuBLAS factory: Attempting to register factory for plugin cuBLAS when one has already been registered
2025-03-16 16:23:15.302438: E tensorflow/compiler/xla/stream_executor/cuda/cuda_dnn.cc:9342] Unable to register cuDNN factory: Attempting to register factory for plugin cuDNN when one has already been registered
2025-03-16 16:23:15.302462: E tensorflow/compiler/xla/stream_executor/cuda/cuda_fft.cc:609] Unable to register cuFFT factory: Attempting to register factory for plugin cuFFT when one has already been registered
2025-03-16 16:23:15.302487: E tensorflow/compiler/xla/stream_executor/cuda/cuda_blas.cc:1518] Unable to register cuBLAS factory: Attempting to register factory for plugin cuBLAS when one has already been registered
2025-03-16 16:23:15.303182: E tensorflow/compiler/xla/stream_executor/cuda/cuda_dnn.cc:9342] Unable to register cuDNN factory: Attempting to register factory for plugin cuDNN when one has already been registered
2025-03-16 16:23:15.303202: E tensorflow/compiler/xla/stream_executor/cuda/cuda_fft.cc:609] Unable to register cuFFT factory: Attempting to register factory for plugin cuFFT when one has already been registered
2025-03-16 16:23:15.303227: E tensorflow/compiler/xla/stream_executor/cuda/cuda_blas.cc:1518] Unable to register cuBLAS factory: Attempting to register factory for plugin cuBLAS when one has already been registered
2025-03-16 16:23:15.305009: E tensorflow/compiler/xla/stream_executor/cuda/cuda_dnn.cc:9342] Unable to register cuDNN factory: Attempting to register factory for plugin cuDNN when one has already been registered
2025-03-16 16:23:15.305026: E tensorflow/compiler/xla/stream_executor/cuda/cuda_fft.cc:609] Unable to register cuFFT factory: Attempting to register factory for plugin cuFFT when one has already been registered
2025-03-16 16:23:15.305054: E tensorflow/compiler/xla/stream_executor/cuda/cuda_blas.cc:1518] Unable to register cuBLAS factory: Attempting to register factory for plugin cuBLAS when one has already been registered
2025-03-16 16:23:15.305004: E tensorflow/compiler/xla/stream_executor/cuda/cuda_dnn.cc:9342] Unable to register cuDNN factory: Attempting to register factory for plugin cuDNN when one has already been registered
2025-03-16 16:23:15.305026: E tensorflow/compiler/xla/stream_executor/cuda/cuda_fft.cc:609] Unable to register cuFFT factory: Attempting to register factory for plugin cuFFT when one has already been registered
2025-03-16 16:23:15.305059: E tensorflow/compiler/xla/stream_executor/cuda/cuda_blas.cc:1518] Unable to register cuBLAS factory: Attempting to register factory for plugin cuBLAS when one has already been registered
DeePMD-kit: Cannot find libcudart.so.11.0
implib-gen: libcudart.so.11.0: failed to load library 'libcudart.so.11.0' via callback 'DP_cudart_dlopen'
DeePMD-kit: Cannot find libcudart.so.11.0
implib-gen: libcudart.so.11.0: failed to load library 'libcudart.so.11.0' via callback 'DP_cudart_dlopen'
implib-gen: libcudart.so.11.0: failed to resolve symbol '__cudaRegisterFatBinary', library failed to load
implib-gen: libcudart.so.11.0: failed to load library 'libcudart.so.11.0' via callback 'DP_cudart_dlopen'
implib-gen: libcudart.so.11.0: failed to resolve symbol '__cudaRegisterFunction', library failed to load
implib-gen: libcudart.so.11.0: failed to load library 'libcudart.so.11.0' via callback 'DP_cudart_dlopen'
implib-gen: libcudart.so.11.0: failed to resolve symbol '__cudaRegisterFatBinaryEnd', library failed to load
DeePMD-kit: Cannot find libcudart.so.11.0
implib-gen: libcudart.so.11.0: failed to load library 'libcudart.so.11.0' via callback 'DP_cudart_dlopen'
implib-gen: libcudart.so.11.0: failed to resolve symbol '__cudaRegisterFatBinary', library failed to load
implib-gen: libcudart.so.11.0: failed to load library 'libcudart.so.11.0' via callback 'DP_cudart_dlopen'
implib-gen: libcudart.so.11.0: failed to resolve symbol '__cudaRegisterFunction', library failed to load
implib-gen: libcudart.so.11.0: failed to load library 'libcudart.so.11.0' via callback 'DP_cudart_dlopen'
implib-gen: libcudart.so.11.0: failed to resolve symbol '__cudaRegisterFatBinaryEnd', library failed to load
DeePMD-kit: Cannot find libcudart.so.11.0
implib-gen: libcudart.so.11.0: failed to load library 'libcudart.so.11.0' via callback 'DP_cudart_dlopen'
implib-gen: libcudart.so.11.0: failed to resolve symbol '__cudaRegisterFatBinary', library failed to load
implib-gen: libcudart.so.11.0: failed to load library 'libcudart.so.11.0' via callback 'DP_cudart_dlopen'
implib-gen: libcudart.so.11.0: failed to resolve symbol '__cudaRegisterFunction', library failed to load
implib-gen: libcudart.so.11.0: failed to load library 'libcudart.so.11.0' via callback 'DP_cudart_dlopen'
implib-gen: libcudart.so.11.0: failed to resolve symbol '__cudaRegisterFatBinaryEnd', library failed to load
DeePMD-kit: Cannot find libcudart.so.11.0
implib-gen: libcudart.so.11.0: failed to load library 'libcudart.so.11.0' via callback 'DP_cudart_dlopen'
implib-gen: libcudart.so.11.0: failed to resolve symbol '__cudaRegisterFatBinary', library failed to load
implib-gen: libcudart.so.11.0: failed to load library 'libcudart.so.11.0' via callback 'DP_cudart_dlopen'
implib-gen: libcudart.so.11.0: failed to resolve symbol '__cudaRegisterFunction', library failed to load
implib-gen: libcudart.so.11.0: failed to load library 'libcudart.so.11.0' via callback 'DP_cudart_dlopen'
implib-gen: libcudart.so.11.0: failed to resolve symbol '__cudaRegisterFatBinaryEnd', library failed to load
DeePMD-kit: Cannot find libcudart.so.11.0
implib-gen: libcudart.so.11.0: failed to load library 'libcudart.so.11.0' via callback 'DP_cudart_dlopen'
implib-gen: libcudart.so.11.0: failed to resolve symbol '__cudaRegisterFatBinary', library failed to load
implib-gen: libcudart.so.11.0: failed to load library 'libcudart.so.11.0' via callback 'DP_cudart_dlopen'
implib-gen: libcudart.so.11.0: failed to resolve symbol '__cudaRegisterFunction', library failed to load
implib-gen: libcudart.so.11.0: failed to load library 'libcudart.so.11.0' via callback 'DP_cudart_dlopen'
implib-gen: libcudart.so.11.0: failed to resolve symbol '__cudaRegisterFatBinaryEnd', library failed to load
implib-gen: libcudart.so.11.0: failed to resolve symbol '__cudaRegisterFatBinary', library failed to load
implib-gen: libcudart.so.11.0: failed to load library 'libcudart.so.11.0' via callback 'DP_cudart_dlopen'
implib-gen: libcudart.so.11.0: failed to resolve symbol '__cudaRegisterFunction', library failed to load
implib-gen: libcudart.so.11.0: failed to load library 'libcudart.so.11.0' via callback 'DP_cudart_dlopen'
implib-gen: libcudart.so.11.0: failed to resolve symbol '__cudaRegisterFatBinaryEnd', library failed to load
DeePMD-kit: Cannot find libcudart.so.11.0
implib-gen: libcudart.so.11.0: failed to load library 'libcudart.so.11.0' via callback 'DP_cudart_dlopen'
implib-gen: libcudart.so.11.0: failed to resolve symbol '__cudaRegisterFatBinary', library failed to load
implib-gen: libcudart.so.11.0: failed to load library 'libcudart.so.11.0' via callback 'DP_cudart_dlopen'
implib-gen: libcudart.so.11.0: failed to resolve symbol '__cudaRegisterFunction', library failed to load
implib-gen: libcudart.so.11.0: failed to load library 'libcudart.so.11.0' via callback 'DP_cudart_dlopen'
implib-gen: libcudart.so.11.0: failed to resolve symbol '__cudaRegisterFatBinaryEnd', library failed to load
DeePMD-kit: Cannot find libcudart.so.11.0
implib-gen: libcudart.so.11.0: failed to load library 'libcudart.so.11.0' via callback 'DP_cudart_dlopen'
implib-gen: libcudart.so.11.0: failed to resolve symbol '__cudaRegisterFatBinary', library failed to load
implib-gen: libcudart.so.11.0: failed to load library 'libcudart.so.11.0' via callback 'DP_cudart_dlopen'
DeePMD-kit: Cannot find libcudart.so.11.0
implib-gen: libcudart.so.11.0: failed to load library 'libcudart.so.11.0' via callback 'DP_cudart_dlopen'
implib-gen: libcudart.so.11.0: failed to resolve symbol '__cudaRegisterFatBinary', library failed to load
implib-gen: libcudart.so.11.0: failed to load library 'libcudart.so.11.0' via callback 'DP_cudart_dlopen'
implib-gen: libcudart.so.11.0: failed to resolve symbol '__cudaRegisterFunction', library failed to load
implib-gen: libcudart.so.11.0: failed to load library 'libcudart.so.11.0' via callback 'DP_cudart_dlopen'
implib-gen: libcudart.so.11.0: failed to resolve symbol '__cudaRegisterFatBinaryEnd', library failed to load
DeePMD-kit: Cannot find libcudart.so.11.0
implib-gen: libcudart.so.11.0: failed to load library 'libcudart.so.11.0' via callback 'DP_cudart_dlopen'
implib-gen: libcudart.so.11.0: failed to resolve symbol '__cudaRegisterFatBinary', library failed to load
implib-gen: libcudart.so.11.0: failed to load library 'libcudart.so.11.0' via callback 'DP_cudart_dlopen'
implib-gen: libcudart.so.11.0: failed to resolve symbol '__cudaRegisterFunction', library failed to load
implib-gen: libcudart.so.11.0: failed to load library 'libcudart.so.11.0' via callback 'DP_cudart_dlopen'
implib-gen: libcudart.so.11.0: failed to resolve symbol '__cudaRegisterFatBinaryEnd', library failed to load
DeePMD-kit: Cannot find libcudart.so.11.0
implib-gen: libcudart.so.11.0: failed to load library 'libcudart.so.11.0' via callback 'DP_cudart_dlopen'
implib-gen: libcudart.so.11.0: failed to resolve symbol '__cudaRegisterFatBinary', library failed to load
implib-gen: libcudart.so.11.0: failed to load library 'libcudart.so.11.0' via callback 'DP_cudart_dlopen'
implib-gen: libcudart.so.11.0: failed to resolve symbol '__cudaRegisterFunction', library failed to load
implib-gen: libcudart.so.11.0: failed to load library 'libcudart.so.11.0' via callback 'DP_cudart_dlopen'
implib-gen: libcudart.so.11.0: failed to resolve symbol '__cudaRegisterFatBinaryEnd', library failed to load
implib-gen: libcudart.so.11.0: failed to resolve symbol '__cudaRegisterFunction', library failed to load
implib-gen: libcudart.so.11.0: failed to load library 'libcudart.so.11.0' via callback 'DP_cudart_dlopen'
implib-gen: libcudart.so.11.0: failed to resolve symbol '__cudaRegisterFatBinaryEnd', library failed to load
DeePMD-kit: Cannot find libcudart.so.11.0
implib-gen: libcudart.so.11.0: failed to load library 'libcudart.so.11.0' via callback 'DP_cudart_dlopen'
implib-gen: libcudart.so.11.0: failed to resolve symbol '__cudaRegisterFatBinary', library failed to load
DeePMD-kit: Cannot find libcudart.so.11.0
implib-gen: libcudart.so.11.0: failed to load library 'libcudart.so.11.0' via callback 'DP_cudart_dlopen'
implib-gen: libcudart.so.11.0: failed to resolve symbol '__cudaRegisterFatBinary', library failed to load
implib-gen: libcudart.so.11.0: failed to load library 'libcudart.so.11.0' via callback 'DP_cudart_dlopen'
implib-gen: libcudart.so.11.0: failed to load library 'libcudart.so.11.0' via callback 'DP_cudart_dlopen'
implib-gen: libcudart.so.11.0: failed to resolve symbol '__cudaRegisterFunction', library failed to load
implib-gen: libcudart.so.11.0: failed to load library 'libcudart.so.11.0' via callback 'DP_cudart_dlopen'
implib-gen: libcudart.so.11.0: failed to resolve symbol '__cudaRegisterFatBinaryEnd', library failed to load
implib-gen: libcudart.so.11.0: failed to resolve symbol '__cudaRegisterFunction', library failed to load
implib-gen: libcudart.so.11.0: failed to load library 'libcudart.so.11.0' via callback 'DP_cudart_dlopen'
implib-gen: libcudart.so.11.0: failed to resolve symbol '__cudaRegisterFatBinaryEnd', library failed to load
DeePMD-kit: Cannot find libcudart.so.11.0
implib-gen: libcudart.so.11.0: failed to load library 'libcudart.so.11.0' via callback 'DP_cudart_dlopen'
implib-gen: libcudart.so.11.0: failed to resolve symbol '__cudaRegisterFatBinary', library failed to load
implib-gen: libcudart.so.11.0: failed to load library 'libcudart.so.11.0' via callback 'DP_cudart_dlopen'
DeePMD-kit: Cannot find libcudart.so.11.0
implib-gen: libcudart.so.11.0: failed to load library 'libcudart.so.11.0' via callback 'DP_cudart_dlopen'
implib-gen: libcudart.so.11.0: failed to resolve symbol '__cudaRegisterFatBinary', library failed to load
implib-gen: libcudart.so.11.0: failed to load library 'libcudart.so.11.0' via callback 'DP_cudart_dlopen'
implib-gen: libcudart.so.11.0: failed to resolve symbol '__cudaRegisterFunction', library failed to load
implib-gen: libcudart.so.11.0: failed to load library 'libcudart.so.11.0' via callback 'DP_cudart_dlopen'
implib-gen: libcudart.so.11.0: failed to resolve symbol '__cudaRegisterFatBinaryEnd', library failed to load
implib-gen: libcudart.so.11.0: failed to resolve symbol '__cudaRegisterFunction', library failed to load
implib-gen: libcudart.so.11.0: failed to load library 'libcudart.so.11.0' via callback 'DP_cudart_dlopen'
implib-gen: libcudart.so.11.0: failed to resolve symbol '__cudaRegisterFatBinaryEnd', library failed to load
DeePMD-kit: Cannot find libcudart.so.11.0
implib-gen: libcudart.so.11.0: failed to load library 'libcudart.so.11.0' via callback 'DP_cudart_dlopen'
implib-gen: libcudart.so.11.0: failed to resolve symbol '__cudaRegisterFatBinary', library failed to load
implib-gen: libcudart.so.11.0: failed to load library 'libcudart.so.11.0' via callback 'DP_cudart_dlopen'
implib-gen: libcudart.so.11.0: failed to resolve symbol '__cudaRegisterFunction', library failed to load
implib-gen: libcudart.so.11.0: failed to load library 'libcudart.so.11.0' via callback 'DP_cudart_dlopen'
implib-gen: libcudart.so.11.0: failed to resolve symbol '__cudaRegisterFatBinaryEnd', library failed to load
DeePMD-kit: Cannot find libcudart.so.11.0
implib-gen: libcudart.so.11.0: failed to load library 'libcudart.so.11.0' via callback 'DP_cudart_dlopen'
implib-gen: libcudart.so.11.0: failed to resolve symbol '__cudaRegisterFatBinary', library failed to load
implib-gen: libcudart.so.11.0: failed to load library 'libcudart.so.11.0' via callback 'DP_cudart_dlopen'
implib-gen: libcudart.so.11.0: failed to resolve symbol '__cudaRegisterFunction', library failed to load
implib-gen: libcudart.so.11.0: failed to load library 'libcudart.so.11.0' via callback 'DP_cudart_dlopen'
implib-gen: libcudart.so.11.0: failed to resolve symbol '__cudaRegisterFatBinaryEnd', library failed to load
DeePMD-kit: Cannot find libcudart.so.11.0
implib-gen: libcudart.so.11.0: failed to load library 'libcudart.so.11.0' via callback 'DP_cudart_dlopen'
implib-gen: libcudart.so.11.0: failed to resolve symbol '__cudaRegisterFatBinary', library failed to load
implib-gen: libcudart.so.11.0: failed to load library 'libcudart.so.11.0' via callback 'DP_cudart_dlopen'
implib-gen: libcudart.so.11.0: failed to resolve symbol '__cudaRegisterFunction', library failed to load
implib-gen: libcudart.so.11.0: failed to load library 'libcudart.so.11.0' via callback 'DP_cudart_dlopen'
implib-gen: libcudart.so.11.0: failed to resolve symbol '__cudaRegisterFatBinaryEnd', library failed to load
DeePMD-kit: Cannot find libcudart.so.11.0
implib-gen: libcudart.so.11.0: failed to load library 'libcudart.so.11.0' via callback 'DP_cudart_dlopen'
implib-gen: libcudart.so.11.0: failed to resolve symbol '__cudaRegisterFatBinary', library failed to load
implib-gen: libcudart.so.11.0: failed to load library 'libcudart.so.11.0' via callback 'DP_cudart_dlopen'
implib-gen: libcudart.so.11.0: failed to resolve symbol '__cudaRegisterFunction', library failed to load
implib-gen: libcudart.so.11.0: failed to load library 'libcudart.so.11.0' via callback 'DP_cudart_dlopen'
implib-gen: libcudart.so.11.0: failed to resolve symbol '__cudaRegisterFatBinaryEnd', library failed to load
DeePMD-kit: Cannot find libcudart.so.11.0
implib-gen: libcudart.so.11.0: failed to load library 'libcudart.so.11.0' via callback 'DP_cudart_dlopen'
implib-gen: libcudart.so.11.0: failed to resolve symbol '__cudaRegisterFatBinary', library failed to load
implib-gen: libcudart.so.11.0: failed to load library 'libcudart.so.11.0' via callback 'DP_cudart_dlopen'
implib-gen: libcudart.so.11.0: failed to resolve symbol '__cudaRegisterFunction', library failed to load
implib-gen: libcudart.so.11.0: failed to load library 'libcudart.so.11.0' via callback 'DP_cudart_dlopen'
implib-gen: libcudart.so.11.0: failed to resolve symbol '__cudaRegisterFatBinaryEnd', library failed to load
DeePMD-kit: Cannot find libcudart.so.11.0
implib-gen: libcudart.so.11.0: failed to load library 'libcudart.so.11.0' via callback 'DP_cudart_dlopen'
implib-gen: libcudart.so.11.0: failed to resolve symbol '__cudaRegisterFatBinary', library failed to load
implib-gen: libcudart.so.11.0: failed to load library 'libcudart.so.11.0' via callback 'DP_cudart_dlopen'
implib-gen: libcudart.so.11.0: failed to resolve symbol '__cudaRegisterFunction', library failed to load
implib-gen: libcudart.so.11.0: failed to load library 'libcudart.so.11.0' via callback 'DP_cudart_dlopen'
implib-gen: libcudart.so.11.0: failed to resolve symbol '__cudaRegisterFatBinaryEnd', library failed to load
DeePMD-kit: Cannot find libcudart.so.11.0
implib-gen: libcudart.so.11.0: failed to load library 'libcudart.so.11.0' via callback 'DP_cudart_dlopen'
implib-gen: libcudart.so.11.0: failed to resolve symbol '__cudaRegisterFatBinary', library failed to load
implib-gen: libcudart.so.11.0: failed to load library 'libcudart.so.11.0' via callback 'DP_cudart_dlopen'
implib-gen: libcudart.so.11.0: failed to resolve symbol '__cudaRegisterFunction', library failed to load
implib-gen: libcudart.so.11.0: failed to load library 'libcudart.so.11.0' via callback 'DP_cudart_dlopen'
implib-gen: libcudart.so.11.0: failed to resolve symbol '__cudaRegisterFatBinaryEnd', library failed to load
DeePMD-kit: Cannot find libcudart.so.11.0
implib-gen: libcudart.so.11.0: failed to load library 'libcudart.so.11.0' via callback 'DP_cudart_dlopen'
implib-gen: libcudart.so.11.0: failed to resolve symbol '__cudaRegisterFatBinary', library failed to load
implib-gen: libcudart.so.11.0: failed to load library 'libcudart.so.11.0' via callback 'DP_cudart_dlopen'
implib-gen: libcudart.so.11.0: failed to resolve symbol '__cudaRegisterFunction', library failed to load
implib-gen: libcudart.so.11.0: failed to load library 'libcudart.so.11.0' via callback 'DP_cudart_dlopen'
implib-gen: libcudart.so.11.0: failed to resolve symbol '__cudaRegisterFatBinaryEnd', library failed to load
2025-03-16 16:23:15.309144: E tensorflow/compiler/xla/stream_executor/cuda/cuda_dnn.cc:9342] Unable to register cuDNN factory: Attempting to register factory for plugin cuDNN when one has already been registered
2025-03-16 16:23:15.309165: E tensorflow/compiler/xla/stream_executor/cuda/cuda_fft.cc:609] Unable to register cuFFT factory: Attempting to register factory for plugin cuFFT when one has already been registered
2025-03-16 16:23:15.309145: E tensorflow/compiler/xla/stream_executor/cuda/cuda_dnn.cc:9342] Unable to register cuDNN factory: Attempting to register factory for plugin cuDNN when one has already been registered
2025-03-16 16:23:15.309170: E tensorflow/compiler/xla/stream_executor/cuda/cuda_fft.cc:609] Unable to register cuFFT factory: Attempting to register factory for plugin cuFFT when one has already been registered
2025-03-16 16:23:15.309197: E tensorflow/compiler/xla/stream_executor/cuda/cuda_blas.cc:1518] Unable to register cuBLAS factory: Attempting to register factory for plugin cuBLAS when one has already been registered
2025-03-16 16:23:15.309193: E tensorflow/compiler/xla/stream_executor/cuda/cuda_blas.cc:1518] Unable to register cuBLAS factory: Attempting to register factory for plugin cuBLAS when one has already been registered
DeePMD-kit: Cannot find libcudart.so.11.0
implib-gen: libcudart.so.11.0: failed to load library 'libcudart.so.11.0' via callback 'DP_cudart_dlopen'
implib-gen: libcudart.so.11.0: failed to resolve symbol '__cudaRegisterFatBinary', library failed to load
implib-gen: libcudart.so.11.0: failed to load library 'libcudart.so.11.0' via callback 'DP_cudart_dlopen'
implib-gen: libcudart.so.11.0: failed to resolve symbol '__cudaRegisterFunction', library failed to load
DeePMD-kit: Cannot find libcudart.so.11.0
implib-gen: libcudart.so.11.0: failed to load library 'libcudart.so.11.0' via callback 'DP_cudart_dlopen'
implib-gen: libcudart.so.11.0: failed to resolve symbol '__cudaRegisterFatBinary', library failed to load
implib-gen: libcudart.so.11.0: failed to load library 'libcudart.so.11.0' via callback 'DP_cudart_dlopen'
implib-gen: libcudart.so.11.0: failed to resolve symbol '__cudaRegisterFunction', library failed to load
implib-gen: libcudart.so.11.0: failed to load library 'libcudart.so.11.0' via callback 'DP_cudart_dlopen'
implib-gen: libcudart.so.11.0: failed to resolve symbol '__cudaRegisterFatBinaryEnd', library failed to load
implib-gen: libcudart.so.11.0: failed to load library 'libcudart.so.11.0' via callback 'DP_cudart_dlopen'
implib-gen: libcudart.so.11.0: failed to resolve symbol '__cudaRegisterFatBinaryEnd', library failed to load
DeePMD-kit: Cannot find libcudart.so.11.0
implib-gen: libcudart.so.11.0: failed to load library 'libcudart.so.11.0' via callback 'DP_cudart_dlopen'
implib-gen: libcudart.so.11.0: failed to resolve symbol '__cudaRegisterFatBinary', library failed to load
implib-gen: libcudart.so.11.0: failed to load library 'libcudart.so.11.0' via callback 'DP_cudart_dlopen'
implib-gen: libcudart.so.11.0: failed to resolve symbol '__cudaRegisterFunction', library failed to load
implib-gen: libcudart.so.11.0: failed to load library 'libcudart.so.11.0' via callback 'DP_cudart_dlopen'
implib-gen: libcudart.so.11.0: failed to resolve symbol '__cudaRegisterFatBinaryEnd', library failed to load
DeePMD-kit: Cannot find libcudart.so.11.0
implib-gen: libcudart.so.11.0: failed to load library 'libcudart.so.11.0' via callback 'DP_cudart_dlopen'
implib-gen: libcudart.so.11.0: failed to resolve symbol '__cudaRegisterFatBinary', library failed to load
implib-gen: libcudart.so.11.0: failed to load library 'libcudart.so.11.0' via callback 'DP_cudart_dlopen'
DeePMD-kit: Cannot find libcudart.so.11.0
implib-gen: libcudart.so.11.0: failed to load library 'libcudart.so.11.0' via callback 'DP_cudart_dlopen'
implib-gen: libcudart.so.11.0: failed to resolve symbol '__cudaRegisterFatBinary', library failed to load
implib-gen: libcudart.so.11.0: failed to load library 'libcudart.so.11.0' via callback 'DP_cudart_dlopen'
implib-gen: libcudart.so.11.0: failed to resolve symbol '__cudaRegisterFunction', library failed to load
implib-gen: libcudart.so.11.0: failed to load library 'libcudart.so.11.0' via callback 'DP_cudart_dlopen'
implib-gen: libcudart.so.11.0: failed to resolve symbol '__cudaRegisterFatBinaryEnd', library failed to load
implib-gen: libcudart.so.11.0: failed to resolve symbol '__cudaRegisterFunction', library failed to load
implib-gen: libcudart.so.11.0: failed to load library 'libcudart.so.11.0' via callback 'DP_cudart_dlopen'
implib-gen: libcudart.so.11.0: failed to resolve symbol '__cudaRegisterFatBinaryEnd', library failed to load
DeePMD-kit: Cannot find libcudart.so.11.0
implib-gen: libcudart.so.11.0: failed to load library 'libcudart.so.11.0' via callback 'DP_cudart_dlopen'
implib-gen: libcudart.so.11.0: failed to resolve symbol '__cudaRegisterFatBinary', library failed to load
implib-gen: libcudart.so.11.0: failed to load library 'libcudart.so.11.0' via callback 'DP_cudart_dlopen'
implib-gen: libcudart.so.11.0: failed to resolve symbol '__cudaRegisterFunction', library failed to load
implib-gen: libcudart.so.11.0: failed to load library 'libcudart.so.11.0' via callback 'DP_cudart_dlopen'
implib-gen: libcudart.so.11.0: failed to resolve symbol '__cudaRegisterFatBinaryEnd', library failed to load
DeePMD-kit: Cannot find libcudart.so.11.0
implib-gen: libcudart.so.11.0: failed to load library 'libcudart.so.11.0' via callback 'DP_cudart_dlopen'
implib-gen: libcudart.so.11.0: failed to resolve symbol '__cudaRegisterFatBinary', library failed to load
implib-gen: libcudart.so.11.0: failed to load library 'libcudart.so.11.0' via callback 'DP_cudart_dlopen'
implib-gen: libcudart.so.11.0: failed to resolve symbol '__cudaRegisterFunction', library failed to load
implib-gen: libcudart.so.11.0: failed to load library 'libcudart.so.11.0' via callback 'DP_cudart_dlopen'
implib-gen: libcudart.so.11.0: failed to resolve symbol '__cudaRegisterFatBinaryEnd', library failed to load
DeePMD-kit: Cannot find libcudart.so.11.0
implib-gen: libcudart.so.11.0: failed to load library 'libcudart.so.11.0' via callback 'DP_cudart_dlopen'
implib-gen: libcudart.so.11.0: failed to resolve symbol '__cudaRegisterFatBinary', library failed to load
implib-gen: libcudart.so.11.0: failed to load library 'libcudart.so.11.0' via callback 'DP_cudart_dlopen'
implib-gen: libcudart.so.11.0: failed to resolve symbol '__cudaRegisterFunction', library failed to load
DeePMD-kit: Cannot find libcudart.so.11.0
implib-gen: libcudart.so.11.0: failed to load library 'libcudart.so.11.0' via callback 'DP_cudart_dlopen'
implib-gen: libcudart.so.11.0: failed to resolve symbol '__cudaRegisterFatBinary', library failed to load
implib-gen: libcudart.so.11.0: failed to load library 'libcudart.so.11.0' via callback 'DP_cudart_dlopen'
implib-gen: libcudart.so.11.0: failed to resolve symbol '__cudaRegisterFunction', library failed to load
implib-gen: libcudart.so.11.0: failed to load library 'libcudart.so.11.0' via callback 'DP_cudart_dlopen'
implib-gen: libcudart.so.11.0: failed to resolve symbol '__cudaRegisterFatBinaryEnd', library failed to load
implib-gen: libcudart.so.11.0: failed to load library 'libcudart.so.11.0' via callback 'DP_cudart_dlopen'
implib-gen: libcudart.so.11.0: failed to resolve symbol '__cudaRegisterFatBinaryEnd', library failed to load
[n2cn0811:654533] MCW rank 18 bound to socket 1[core 72[hwt 0]]: [./././././././././././././././././././././././././././././././././././././././././././././././././././././././././././././././.][././././././././B/././././././././././././././././././././././././././././././././././././././././././././././././././././././.]
[n2cn0811:654533] MCW rank 18 bound to socket 1[core 72[hwt 0]]: [./././././././././././././././././././././././././././././././././././././././././././././././././././././././././././././././.][././././././././B/././././././././././././././././././././././././././././././././././././././././././././././././././././././.]
[n2cn0811:654534] MCW rank 19 bound to socket 1[core 76[hwt 0]]: [./././././././././././././././././././././././././././././././././././././././././././././././././././././././././././././././.][././././././././././././B/././././././././././././././././././././././././././././././././././././././././././././././././././.]
[n2cn0811:654534] MCW rank 19 bound to socket 1[core 76[hwt 0]]: [./././././././././././././././././././././././././././././././././././././././././././././././././././././././././././././././.][././././././././././././B/././././././././././././././././././././././././././././././././././././././././././././././././././.]
[n2cn0811:654524] MCW rank 9 bound to socket 0[core 36[hwt 0]]: [././././././././././././././././././././././././././././././././././././B/././././././././././././././././././././././././././.][./././././././././././././././././././././././././././././././././././././././././././././././././././././././././././././././.]
[n2cn0811:654524] MCW rank 9 bound to socket 0[core 36[hwt 0]]: [././././././././././././././././././././././././././././././././././././B/././././././././././././././././././././././././././.][./././././././././././././././././././././././././././././././././././././././././././././././././././././././././././././././.]
[n2cn0811:654521] MCW rank 6 bound to socket 0[core 24[hwt 0]]: [././././././././././././././././././././././././B/././././././././././././././././././././././././././././././././././././././.][./././././././././././././././././././././././././././././././././././././././././././././././././././././././././././././././.]
[n2cn0811:654521] MCW rank 6 bound to socket 0[core 24[hwt 0]]: [././././././././././././././././././././././././B/././././././././././././././././././././././././././././././././././././././.][./././././././././././././././././././././././././././././././././././././././././././././././././././././././././././././././.]
[n2cn0811:654529] MCW rank 14 bound to socket 0[core 56[hwt 0]]: [././././././././././././././././././././././././././././././././././././././././././././././././././././././././B/././././././.][./././././././././././././././././././././././././././././././././././././././././././././././././././././././././././././././.]
[n2cn0811:654522] MCW rank 7 bound to socket 0[core 28[hwt 0]]: [././././././././././././././././././././././././././././B/././././././././././././././././././././././././././././././././././.][./././././././././././././././././././././././././././././././././././././././././././././././././././././././././././././././.]
[n2cn0811:654529] MCW rank 14 bound to socket 0[core 56[hwt 0]]: [././././././././././././././././././././././././././././././././././././././././././././././././././././././././B/././././././.][./././././././././././././././././././././././././././././././././././././././././././././././././././././././././././././././.]
[n2cn0811:654522] MCW rank 7 bound to socket 0[core 28[hwt 0]]: [././././././././././././././././././././././././././././B/././././././././././././././././././././././././././././././././././.][./././././././././././././././././././././././././././././././././././././././././././././././././././././././././././././././.]
[n2cn0811:654523] MCW rank 8 bound to socket 0[core 32[hwt 0]]: [././././././././././././././././././././././././././././././././B/././././././././././././././././././././././././././././././.][./././././././././././././././././././././././././././././././././././././././././././././././././././././././././././././././.]
[n2cn0811:654523] MCW rank 8 bound to socket 0[core 32[hwt 0]]: [././././././././././././././././././././././././././././././././B/././././././././././././././././././././././././././././././.][./././././././././././././././././././././././././././././././././././././././././././././././././././././././././././././././.]
[n2cn0811:654527] MCW rank 12 bound to socket 0[core 48[hwt 0]]: [././././././././././././././././././././././././././././././././././././././././././././././././B/././././././././././././././.][./././././././././././././././././././././././././././././././././././././././././././././././././././././././././././././././.]
[n2cn0811:654527] MCW rank 12 bound to socket 0[core 48[hwt 0]]: [././././././././././././././././././././././././././././././././././././././././././././././././B/././././././././././././././.][./././././././././././././././././././././././././././././././././././././././././././././././././././././././././././././././.]
[n2cn0811:654530] MCW rank 15 bound to socket 0[core 60[hwt 0]]: [././././././././././././././././././././././././././././././././././././././././././././././././././././././././././././B/././.][./././././././././././././././././././././././././././././././././././././././././././././././././././././././././././././././.]
[n2cn0811:654530] MCW rank 15 bound to socket 0[core 60[hwt 0]]: [././././././././././././././././././././././././././././././././././././././././././././././././././././././././././././B/././.][./././././././././././././././././././././././././././././././././././././././././././././././././././././././././././././././.]
[n2cn0811:654528] MCW rank 13 bound to socket 0[core 52[hwt 0]]: [././././././././././././././././././././././././././././././././././././././././././././././././././././B/././././././././././.][./././././././././././././././././././././././././././././././././././././././././././././././././././././././././././././././.]
[n2cn0811:654520] MCW rank 5 bound to socket 0[core 20[hwt 0]]: [././././././././././././././././././././B/././././././././././././././././././././././././././././././././././././././././././.][./././././././././././././././././././././././././././././././././././././././././././././././././././././././././././././././.]
[n2cn0811:654528] MCW rank 13 bound to socket 0[core 52[hwt 0]]: [././././././././././././././././././././././././././././././././././././././././././././././././././././B/././././././././././.][./././././././././././././././././././././././././././././././././././././././././././././././././././././././././././././././.]
[n2cn0811:654520] MCW rank 5 bound to socket 0[core 20[hwt 0]]: [././././././././././././././././././././B/././././././././././././././././././././././././././././././././././././././././././.][./././././././././././././././././././././././././././././././././././././././././././././././././././././././././././././././.]
[n2cn0811:654531] MCW rank 16 bound to socket 1[core 64[hwt 0]]: [./././././././././././././././././././././././././././././././././././././././././././././././././././././././././././././././.][B/././././././././././././././././././././././././././././././././././././././././././././././././././././././././././././././.]
[n2cn0811:654543] MCW rank 28 bound to socket 1[core 112[hwt 0]]: [./././././././././././././././././././././././././././././././././././././././././././././././././././././././././././././././.][././././././././././././././././././././././././././././././././././././././././././././././././B/././././././././././././././.]
[n2cn0811:654532] MCW rank 17 bound to socket 1[core 68[hwt 0]]: [./././././././././././././././././././././././././././././././././././././././././././././././././././././././././././././././.][././././B/././././././././././././././././././././././././././././././././././././././././././././././././././././././././././.]
[n2cn0811:654544] MCW rank 29 bound to socket 1[core 116[hwt 0]]: [./././././././././././././././././././././././././././././././././././././././././././././././././././././././././././././././.][././././././././././././././././././././././././././././././././././././././././././././././././././././B/././././././././././.]
[n2cn0811:654531] MCW rank 16 bound to socket 1[core 64[hwt 0]]: [./././././././././././././././././././././././././././././././././././././././././././././././././././././././././././././././.][B/././././././././././././././././././././././././././././././././././././././././././././././././././././././././././././././.]
[n2cn0811:654543] MCW rank 28 bound to socket 1[core 112[hwt 0]]: [./././././././././././././././././././././././././././././././././././././././././././././././././././././././././././././././.][././././././././././././././././././././././././././././././././././././././././././././././././B/././././././././././././././.]
[n2cn0811:654532] MCW rank 17 bound to socket 1[core 68[hwt 0]]: [./././././././././././././././././././././././././././././././././././././././././././././././././././././././././././././././.][././././B/././././././././././././././././././././././././././././././././././././././././././././././././././././././././././.]
[n2cn0811:654526] MCW rank 11 bound to socket 0[core 44[hwt 0]]: [././././././././././././././././././././././././././././././././././././././././././././B/././././././././././././././././././.][./././././././././././././././././././././././././././././././././././././././././././././././././././././././././././././././.]
[n2cn0811:654544] MCW rank 29 bound to socket 1[core 116[hwt 0]]: [./././././././././././././././././././././././././././././././././././././././././././././././././././././././././././././././.][././././././././././././././././././././././././././././././././././././././././././././././././././././B/././././././././././.]
[n2cn0811:654542] MCW rank 27 bound to socket 1[core 108[hwt 0]]: [./././././././././././././././././././././././././././././././././././././././././././././././././././././././././././././././.][././././././././././././././././././././././././././././././././././././././././././././B/././././././././././././././././././.]
[n2cn0811:654546] MCW rank 31 bound to socket 1[core 124[hwt 0]]: [./././././././././././././././././././././././././././././././././././././././././././././././././././././././././././././././.][././././././././././././././././././././././././././././././././././././././././././././././././././././././././././././B/././.]
[n2cn0811:654526] MCW rank 11 bound to socket 0[core 44[hwt 0]]: [././././././././././././././././././././././././././././././././././././././././././././B/././././././././././././././././././.][./././././././././././././././././././././././././././././././././././././././././././././././././././././././././././././././.]
[n2cn0811:654540] MCW rank 25 bound to socket 1[core 100[hwt 0]]: [./././././././././././././././././././././././././././././././././././././././././././././././././././././././././././././././.][././././././././././././././././././././././././././././././././././././B/././././././././././././././././././././././././././.]
[n2cn0811:654542] MCW rank 27 bound to socket 1[core 108[hwt 0]]: [./././././././././././././././././././././././././././././././././././././././././././././././././././././././././././././././.][././././././././././././././././././././././././././././././././././././././././././././B/././././././././././././././././././.]
[n2cn0811:654546] MCW rank 31 bound to socket 1[core 124[hwt 0]]: [./././././././././././././././././././././././././././././././././././././././././././././././././././././././././././././././.][././././././././././././././././././././././././././././././././././././././././././././././././././././././././././././B/././.]
[n2cn0811:654515] MCW rank 0 bound to socket 0[core 0[hwt 0]]: [B/././././././././././././././././././././././././././././././././././././././././././././././././././././././././././././././.][./././././././././././././././././././././././././././././././././././././././././././././././././././././././././././././././.]
[n2cn0811:654540] MCW rank 25 bound to socket 1[core 100[hwt 0]]: [./././././././././././././././././././././././././././././././././././././././././././././././././././././././././././././././.][././././././././././././././././././././././././././././././././././././B/././././././././././././././././././././././././././.]
[n2cn0811:654515] MCW rank 0 bound to socket 0[core 0[hwt 0]]: [B/././././././././././././././././././././././././././././././././././././././././././././././././././././././././././././././.][./././././././././././././././././././././././././././././././././././././././././././././././././././././././././././././././.]
[n2cn0811:654516] MCW rank 1 bound to socket 0[core 4[hwt 0]]: [././././B/././././././././././././././././././././././././././././././././././././././././././././././././././././././././././.][./././././././././././././././././././././././././././././././././././././././././././././././././././././././././././././././.]
[n2cn0811:654516] MCW rank 1 bound to socket 0[core 4[hwt 0]]: [././././B/././././././././././././././././././././././././././././././././././././././././././././././././././././././././././.][./././././././././././././././././././././././././././././././././././././././././././././././././././././././././././././././.]
[n2cn0811:654538] MCW rank 23 bound to socket 1[core 92[hwt 0]]: [./././././././././././././././././././././././././././././././././././././././././././././././././././././././././././././././.][././././././././././././././././././././././././././././B/././././././././././././././././././././././././././././././././././.]
[n2cn0811:654538] MCW rank 23 bound to socket 1[core 92[hwt 0]]: [./././././././././././././././././././././././././././././././././././././././././././././././././././././././././././././././.][././././././././././././././././././././././././././././B/././././././././././././././././././././././././././././././././././.]
[n2cn0811:654535] MCW rank 20 bound to socket 1[core 80[hwt 0]]: [./././././././././././././././././././././././././././././././././././././././././././././././././././././././././././././././.][././././././././././././././././B/././././././././././././././././././././././././././././././././././././././././././././././.]
[n2cn0811:654536] MCW rank 21 bound to socket 1[core 84[hwt 0]]: [./././././././././././././././././././././././././././././././././././././././././././././././././././././././././././././././.][././././././././././././././././././././B/././././././././././././././././././././././././././././././././././././././././././.]
[n2cn0811:654535] MCW rank 20 bound to socket 1[core 80[hwt 0]]: [./././././././././././././././././././././././././././././././././././././././././././././././././././././././././././././././.][././././././././././././././././B/././././././././././././././././././././././././././././././././././././././././././././././.]
[n2cn0811:654536] MCW rank 21 bound to socket 1[core 84[hwt 0]]: [./././././././././././././././././././././././././././././././././././././././././././././././././././././././././././././././.][././././././././././././././././././././B/././././././././././././././././././././././././././././././././././././././././././.]
[n2cn0811:654525] MCW rank 10 bound to socket 0[core 40[hwt 0]]: [././././././././././././././././././././././././././././././././././././././././B/././././././././././././././././././././././.][./././././././././././././././././././././././././././././././././././././././././././././././././././././././././././././././.]
[n2cn0811:654519] MCW rank 4 bound to socket 0[core 16[hwt 0]]: [././././././././././././././././B/././././././././././././././././././././././././././././././././././././././././././././././.][./././././././././././././././././././././././././././././././././././././././././././././././././././././././././././././././.]
[n2cn0811:654525] MCW rank 10 bound to socket 0[core 40[hwt 0]]: [././././././././././././././././././././././././././././././././././././././././B/././././././././././././././././././././././.][./././././././././././././././././././././././././././././././././././././././././././././././././././././././././././././././.]
[n2cn0811:654545] MCW rank 30 bound to socket 1[core 120[hwt 0]]: [./././././././././././././././././././././././././././././././././././././././././././././././././././././././././././././././.][././././././././././././././././././././././././././././././././././././././././././././././././././././././././B/././././././.]
[n2cn0811:654519] MCW rank 4 bound to socket 0[core 16[hwt 0]]: [././././././././././././././././B/././././././././././././././././././././././././././././././././././././././././././././././.][./././././././././././././././././././././././././././././././././././././././././././././././././././././././././././././././.]
[n2cn0811:654545] MCW rank 30 bound to socket 1[core 120[hwt 0]]: [./././././././././././././././././././././././././././././././././././././././././././././././././././././././././././././././.][././././././././././././././././././././././././././././././././././././././././././././././././././././././././B/././././././.]
[n2cn0811:654541] MCW rank 26 bound to socket 1[core 104[hwt 0]]: [./././././././././././././././././././././././././././././././././././././././././././././././././././././././././././././././.][././././././././././././././././././././././././././././././././././././././././B/././././././././././././././././././././././.]
[n2cn0811:654537] MCW rank 22 bound to socket 1[core 88[hwt 0]]: [./././././././././././././././././././././././././././././././././././././././././././././././././././././././././././././././.][././././././././././././././././././././././././B/././././././././././././././././././././././././././././././././././././././.]
[n2cn0811:654539] MCW rank 24 bound to socket 1[core 96[hwt 0]]: [./././././././././././././././././././././././././././././././././././././././././././././././././././././././././././././././.][././././././././././././././././././././././././././././././././B/././././././././././././././././././././././././././././././.]
[n2cn0811:654541] MCW rank 26 bound to socket 1[core 104[hwt 0]]: [./././././././././././././././././././././././././././././././././././././././././././././././././././././././././././././././.][././././././././././././././././././././././././././././././././././././././././B/././././././././././././././././././././././.]
[n2cn0811:654537] MCW rank 22 bound to socket 1[core 88[hwt 0]]: [./././././././././././././././././././././././././././././././././././././././././././././././././././././././././././././././.][././././././././././././././././././././././././B/././././././././././././././././././././././././././././././././././././././.]
[n2cn0811:654539] MCW rank 24 bound to socket 1[core 96[hwt 0]]: [./././././././././././././././././././././././././././././././././././././././././././././././././././././././././././././././.][././././././././././././././././././././././././././././././././B/././././././././././././././././././././././././././././././.]
[n2cn0811:654517] MCW rank 2 bound to socket 0[core 8[hwt 0]]: [././././././././B/././././././././././././././././././././././././././././././././././././././././././././././././././././././.][./././././././././././././././././././././././././././././././././././././././././././././././././././././././././././././././.]
[n2cn0811:654518] MCW rank 3 bound to socket 0[core 12[hwt 0]]: [././././././././././././B/././././././././././././././././././././././././././././././././././././././././././././././././././.][./././././././././././././././././././././././././././././././././././././././././././././././././././././././././././././././.]
[n2cn0811:654517] MCW rank 2 bound to socket 0[core 8[hwt 0]]: [././././././././B/././././././././././././././././././././././././././././././././././././././././././././././././././././././.][./././././././././././././././././././././././././././././././././././././././././././././././././././././././././././././././.]
[n2cn0811:654518] MCW rank 3 bound to socket 0[core 12[hwt 0]]: [././././././././././././B/././././././././././././././././././././././././././././././././././././././././././././././././././.][./././././././././././././././././././././././././././././././././././././././././././././././././././././././././././././././.]
[n2cn1123:2088687] MCW rank 37 bound to socket 0[core 20[hwt 0]]: [././././././././././././././././././././B/././././././././././././././././././././././././././././././././././././././././././.][./././././././././././././././././././././././././././././././././././././././././././././././././././././././././././././././.]
[n2cn1123:2088686] MCW rank 36 bound to socket 0[core 16[hwt 0]]: [././././././././././././././././B/././././././././././././././././././././././././././././././././././././././././././././././.][./././././././././././././././././././././././././././././././././././././././././././././././././././././././././././././././.]
[n2cn1123:2088687] MCW rank 37 bound to socket 0[core 20[hwt 0]]: [././././././././././././././././././././B/././././././././././././././././././././././././././././././././././././././././././.][./././././././././././././././././././././././././././././././././././././././././././././././././././././././././././././././.]
[n2cn1123:2088686] MCW rank 36 bound to socket 0[core 16[hwt 0]]: [././././././././././././././././B/././././././././././././././././././././././././././././././././././././././././././././././.][./././././././././././././././././././././././././././././././././././././././././././././././././././././././././././././././.]
[n2cn1123:2088690] MCW rank 40 bound to socket 0[core 32[hwt 0]]: [././././././././././././././././././././././././././././././././B/././././././././././././././././././././././././././././././.][./././././././././././././././././././././././././././././././././././././././././././././././././././././././././././././././.]
[n2cn1123:2088688] MCW rank 38 bound to socket 0[core 24[hwt 0]]: [././././././././././././././././././././././././B/././././././././././././././././././././././././././././././././././././././.][./././././././././././././././././././././././././././././././././././././././././././././././././././././././././././././././.]
[n2cn1123:2088690] MCW rank 40 bound to socket 0[core 32[hwt 0]]: [././././././././././././././././././././././././././././././././B/././././././././././././././././././././././././././././././.][./././././././././././././././././././././././././././././././././././././././././././././././././././././././././././././././.]
[n2cn1123:2088688] MCW rank 38 bound to socket 0[core 24[hwt 0]]: [././././././././././././././././././././././././B/././././././././././././././././././././././././././././././././././././././.][./././././././././././././././././././././././././././././././././././././././././././././././././././././././././././././././.]
[n2cn1123:2088689] MCW rank 39 bound to socket 0[core 28[hwt 0]]: [././././././././././././././././././././././././././././B/././././././././././././././././././././././././././././././././././.][./././././././././././././././././././././././././././././././././././././././././././././././././././././././././././././././.]
[n2cn1123:2088689] MCW rank 39 bound to socket 0[core 28[hwt 0]]: [././././././././././././././././././././././././././././B/././././././././././././././././././././././././././././././././././.][./././././././././././././././././././././././././././././././././././././././././././././././././././././././././././././././.]
[n2cn1123:2088693] MCW rank 43 bound to socket 0[core 44[hwt 0]]: [././././././././././././././././././././././././././././././././././././././././././././B/././././././././././././././././././.][./././././././././././././././././././././././././././././././././././././././././././././././././././././././././././././././.]
[n2cn1123:2088693] MCW rank 43 bound to socket 0[core 44[hwt 0]]: [././././././././././././././././././././././././././././././././././././././././././././B/././././././././././././././././././.][./././././././././././././././././././././././././././././././././././././././././././././././././././././././././././././././.]
[n2cn1123:2088691] MCW rank 41 bound to socket 0[core 36[hwt 0]]: [././././././././././././././././././././././././././././././././././././B/././././././././././././././././././././././././././.][./././././././././././././././././././././././././././././././././././././././././././././././././././././././././././././././.]
[n2cn1123:2088692] MCW rank 42 bound to socket 0[core 40[hwt 0]]: [././././././././././././././././././././././././././././././././././././././././B/././././././././././././././././././././././.][./././././././././././././././././././././././././././././././././././././././././././././././././././././././././././././././.]
[n2cn1123:2088691] MCW rank 41 bound to socket 0[core 36[hwt 0]]: [././././././././././././././././././././././././././././././././././././B/././././././././././././././././././././././././././.][./././././././././././././././././././././././././././././././././././././././././././././././././././././././././././././././.]
[n2cn1123:2088692] MCW rank 42 bound to socket 0[core 40[hwt 0]]: [././././././././././././././././././././././././././././././././././././././././B/././././././././././././././././././././././.][./././././././././././././././././././././././././././././././././././././././././././././././././././././././././././././././.]
[n2cn1123:2088696] MCW rank 46 bound to socket 0[core 56[hwt 0]]: [././././././././././././././././././././././././././././././././././././././././././././././././././././././././B/././././././.][./././././././././././././././././././././././././././././././././././././././././././././././././././././././././././././././.]
[n2cn1123:2088696] MCW rank 46 bound to socket 0[core 56[hwt 0]]: [././././././././././././././././././././././././././././././././././././././././././././././././././././././././B/././././././.][./././././././././././././././././././././././././././././././././././././././././././././././././././././././././././././././.]
[n2cn1123:2088695] MCW rank 45 bound to socket 0[core 52[hwt 0]]: [././././././././././././././././././././././././././././././././././././././././././././././././././././B/././././././././././.][./././././././././././././././././././././././././././././././././././././././././././././././././././././././././././././././.]
[n2cn1123:2088694] MCW rank 44 bound to socket 0[core 48[hwt 0]]: [././././././././././././././././././././././././././././././././././././././././././././././././B/././././././././././././././.][./././././././././././././././././././././././././././././././././././././././././././././././././././././././././././././././.]
[n2cn1123:2088697] MCW rank 47 bound to socket 0[core 60[hwt 0]]: [././././././././././././././././././././././././././././././././././././././././././././././././././././././././././././B/././.][./././././././././././././././././././././././././././././././././././././././././././././././././././././././././././././././.]
[n2cn1123:2088695] MCW rank 45 bound to socket 0[core 52[hwt 0]]: [././././././././././././././././././././././././././././././././././././././././././././././././././././B/././././././././././.][./././././././././././././././././././././././././././././././././././././././././././././././././././././././././././././././.]
[n2cn1123:2088694] MCW rank 44 bound to socket 0[core 48[hwt 0]]: [././././././././././././././././././././././././././././././././././././././././././././././././B/././././././././././././././.][./././././././././././././././././././././././././././././././././././././././././././././././././././././././././././././././.]
[n2cn1123:2088697] MCW rank 47 bound to socket 0[core 60[hwt 0]]: [././././././././././././././././././././././././././././././././././././././././././././././././././././././././././././B/././.][./././././././././././././././././././././././././././././././././././././././././././././././././././././././././././././././.]
[n2cn1123:2088703] MCW rank 53 bound to socket 1[core 84[hwt 0]]: [./././././././././././././././././././././././././././././././././././././././././././././././././././././././././././././././.][././././././././././././././././././././B/././././././././././././././././././././././././././././././././././././././././././.]
[n2cn1123:2088703] MCW rank 53 bound to socket 1[core 84[hwt 0]]: [./././././././././././././././././././././././././././././././././././././././././././././././././././././././././././././././.][././././././././././././././././././././B/././././././././././././././././././././././././././././././././././././././././././.]
[n2cn1123:2088699] MCW rank 49 bound to socket 1[core 68[hwt 0]]: [./././././././././././././././././././././././././././././././././././././././././././././././././././././././././././././././.][././././B/././././././././././././././././././././././././././././././././././././././././././././././././././././././././././.]
[n2cn1123:2088699] MCW rank 49 bound to socket 1[core 68[hwt 0]]: [./././././././././././././././././././././././././././././././././././././././././././././././././././././././././././././././.][././././B/././././././././././././././././././././././././././././././././././././././././././././././././././././././././././.]
[n2cn1123:2088711] MCW rank 61 bound to socket 1[core 116[hwt 0]]: [./././././././././././././././././././././././././././././././././././././././././././././././././././././././././././././././.][././././././././././././././././././././././././././././././././././././././././././././././././././././B/././././././././././.]
[n2cn1123:2088711] MCW rank 61 bound to socket 1[core 116[hwt 0]]: [./././././././././././././././././././././././././././././././././././././././././././././././././././././././././././././././.][././././././././././././././././././././././././././././././././././././././././././././././././././././B/././././././././././.]
[n2cn1123:2088682] MCW rank 32 bound to socket 0[core 0[hwt 0]]: [B/././././././././././././././././././././././././././././././././././././././././././././././././././././././././././././././.][./././././././././././././././././././././././././././././././././././././././././././././././././././././././././././././././.]
[n2cn1123:2088682] MCW rank 32 bound to socket 0[core 0[hwt 0]]: [B/././././././././././././././././././././././././././././././././././././././././././././././././././././././././././././././.][./././././././././././././././././././././././././././././././././././././././././././././././././././././././././././././././.]
[n2cn1123:2088684] MCW rank 34 bound to socket 0[core 8[hwt 0]]: [././././././././B/././././././././././././././././././././././././././././././././././././././././././././././././././././././.][./././././././././././././././././././././././././././././././././././././././././././././././././././././././././././././././.]
[n2cn1123:2088684] MCW rank 34 bound to socket 0[core 8[hwt 0]]: [././././././././B/././././././././././././././././././././././././././././././././././././././././././././././././././././././.][./././././././././././././././././././././././././././././././././././././././././././././././././././././././././././././././.]
[n2cn1123:2088702] MCW rank 52 bound to socket 1[core 80[hwt 0]]: [./././././././././././././././././././././././././././././././././././././././././././././././././././././././././././././././.][././././././././././././././././B/././././././././././././././././././././././././././././././././././././././././././././././.]
[n2cn1123:2088702] MCW rank 52 bound to socket 1[core 80[hwt 0]]: [./././././././././././././././././././././././././././././././././././././././././././././././././././././././././././././././.][././././././././././././././././B/././././././././././././././././././././././././././././././././././././././././././././././.]
[n2cn1123:2088700] MCW rank 50 bound to socket 1[core 72[hwt 0]]: [./././././././././././././././././././././././././././././././././././././././././././././././././././././././././././././././.][././././././././B/././././././././././././././././././././././././././././././././././././././././././././././././././././././.]
[n2cn1123:2088701] MCW rank 51 bound to socket 1[core 76[hwt 0]]: [./././././././././././././././././././././././././././././././././././././././././././././././././././././././././././././././.][././././././././././././B/././././././././././././././././././././././././././././././././././././././././././././././././././.]
[n2cn1123:2088700] MCW rank 50 bound to socket 1[core 72[hwt 0]]: [./././././././././././././././././././././././././././././././././././././././././././././././././././././././././././././././.][././././././././B/././././././././././././././././././././././././././././././././././././././././././././././././././././././.]
[n2cn1123:2088701] MCW rank 51 bound to socket 1[core 76[hwt 0]]: [./././././././././././././././././././././././././././././././././././././././././././././././././././././././././././././././.][././././././././././././B/././././././././././././././././././././././././././././././././././././././././././././././././././.]
[n2cn1123:2088685] MCW rank 35 bound to socket 0[core 12[hwt 0]]: [././././././././././././B/././././././././././././././././././././././././././././././././././././././././././././././././././.][./././././././././././././././././././././././././././././././././././././././././././././././././././././././././././././././.]
[n2cn1123:2088685] MCW rank 35 bound to socket 0[core 12[hwt 0]]: [././././././././././././B/././././././././././././././././././././././././././././././././././././././././././././././././././.][./././././././././././././././././././././././././././././././././././././././././././././././././././././././././././././././.]
[n2cn1123:2088704] MCW rank 54 bound to socket 1[core 88[hwt 0]]: [./././././././././././././././././././././././././././././././././././././././././././././././././././././././././././././././.][././././././././././././././././././././././././B/././././././././././././././././././././././././././././././././././././././.]
[n2cn1123:2088705] MCW rank 55 bound to socket 1[core 92[hwt 0]]: [./././././././././././././././././././././././././././././././././././././././././././././././././././././././././././././././.][././././././././././././././././././././././././././././B/././././././././././././././././././././././././././././././././././.]
[n2cn1123:2088704] MCW rank 54 bound to socket 1[core 88[hwt 0]]: [./././././././././././././././././././././././././././././././././././././././././././././././././././././././././././././././.][././././././././././././././././././././././././B/././././././././././././././././././././././././././././././././././././././.]
[n2cn1123:2088705] MCW rank 55 bound to socket 1[core 92[hwt 0]]: [./././././././././././././././././././././././././././././././././././././././././././././././././././././././././././././././.][././././././././././././././././././././././././././././B/././././././././././././././././././././././././././././././././././.]
[n2cn1123:2088710] MCW rank 60 bound to socket 1[core 112[hwt 0]]: [./././././././././././././././././././././././././././././././././././././././././././././././././././././././././././././././.][././././././././././././././././././././././././././././././././././././././././././././././././B/././././././././././././././.]
[n2cn1123:2088710] MCW rank 60 bound to socket 1[core 112[hwt 0]]: [./././././././././././././././././././././././././././././././././././././././././././././././././././././././././././././././.][././././././././././././././././././././././././././././././././././././././././././././././././B/././././././././././././././.]
[n2cn1123:2088712] MCW rank 62 bound to socket 1[core 120[hwt 0]]: [./././././././././././././././././././././././././././././././././././././././././././././././././././././././././././././././.][././././././././././././././././././././././././././././././././././././././././././././././././././././././././B/././././././.]
[n2cn1123:2088707] MCW rank 57 bound to socket 1[core 100[hwt 0]]: [./././././././././././././././././././././././././././././././././././././././././././././././././././././././././././././././.][././././././././././././././././././././././././././././././././././././B/././././././././././././././././././././././././././.]
[n2cn1123:2088706] MCW rank 56 bound to socket 1[core 96[hwt 0]]: [./././././././././././././././././././././././././././././././././././././././././././././././././././././././././././././././.][././././././././././././././././././././././././././././././././B/././././././././././././././././././././././././././././././.]
[n2cn1123:2088712] MCW rank 62 bound to socket 1[core 120[hwt 0]]: [./././././././././././././././././././././././././././././././././././././././././././././././././././././././././././././././.][././././././././././././././././././././././././././././././././././././././././././././././././././././././././B/././././././.]
[n2cn1123:2088707] MCW rank 57 bound to socket 1[core 100[hwt 0]]: [./././././././././././././././././././././././././././././././././././././././././././././././././././././././././././././././.][././././././././././././././././././././././././././././././././././././B/././././././././././././././././././././././././././.]
[n2cn1123:2088706] MCW rank 56 bound to socket 1[core 96[hwt 0]]: [./././././././././././././././././././././././././././././././././././././././././././././././././././././././././././././././.][././././././././././././././././././././././././././././././././B/././././././././././././././././././././././././././././././.]
[n2cn1123:2088713] MCW rank 63 bound to socket 1[core 124[hwt 0]]: [./././././././././././././././././././././././././././././././././././././././././././././././././././././././././././././././.][././././././././././././././././././././././././././././././././././././././././././././././././././././././././././././B/././.]
[n2cn1123:2088698] MCW rank 48 bound to socket 1[core 64[hwt 0]]: [./././././././././././././././././././././././././././././././././././././././././././././././././././././././././././././././.][B/././././././././././././././././././././././././././././././././././././././././././././././././././././././././././././././.]
[n2cn1123:2088713] MCW rank 63 bound to socket 1[core 124[hwt 0]]: [./././././././././././././././././././././././././././././././././././././././././././././././././././././././././././././././.][././././././././././././././././././././././././././././././././././././././././././././././././././././././././././././B/././.]
[n2cn1123:2088698] MCW rank 48 bound to socket 1[core 64[hwt 0]]: [./././././././././././././././././././././././././././././././././././././././././././././././././././././././././././././././.][B/././././././././././././././././././././././././././././././././././././././././././././././././././././././././././././././.]
[n2cn1123:2088708] MCW rank 58 bound to socket 1[core 104[hwt 0]]: [./././././././././././././././././././././././././././././././././././././././././././././././././././././././././././././././.][././././././././././././././././././././././././././././././././././././././././B/././././././././././././././././././././././.]
[n2cn1123:2088709] MCW rank 59 bound to socket 1[core 108[hwt 0]]: [./././././././././././././././././././././././././././././././././././././././././././././././././././././././././././././././.][././././././././././././././././././././././././././././././././././././././././././././B/././././././././././././././././././.]
[n2cn1123:2088708] MCW rank 58 bound to socket 1[core 104[hwt 0]]: [./././././././././././././././././././././././././././././././././././././././././././././././././././././././././././././././.][././././././././././././././././././././././././././././././././././././././././B/././././././././././././././././././././././.]
[n2cn1123:2088709] MCW rank 59 bound to socket 1[core 108[hwt 0]]: [./././././././././././././././././././././././././././././././././././././././././././././././././././././././././././././././.][././././././././././././././././././././././././././././././././././././././././././././B/././././././././././././././././././.]
[n2cn1123:2088683] MCW rank 33 bound to socket 0[core 4[hwt 0]]: [././././B/././././././././././././././././././././././././././././././././././././././././././././././././././././././././././.][./././././././././././././././././././././././././././././././././././././././././././././././././././././././././././././././.]
[n2cn1123:2088683] MCW rank 33 bound to socket 0[core 4[hwt 0]]: [././././B/././././././././././././././././././././././././././././././././././././././././././././././././././././././././././.][./././././././././././././././././././././././././././././././././././././././././././././././././././././././././././././././.]
implib-gen: libcudart.so.11.0: failed to load library 'libcudart.so.11.0' via callback 'DP_cudart_dlopen'
implib-gen: libcudart.so.11.0: failed to resolve symbol '__cudaUnregisterFatBinary', library failed to load
implib-gen: libcudart.so.11.0: failed to load library 'libcudart.so.11.0' via callback 'DP_cudart_dlopen'
implib-gen: libcudart.so.11.0: failed to resolve symbol '__cudaUnregisterFatBinary', library failed to load
implib-gen: libcudart.so.11.0: failed to load library 'libcudart.so.11.0' via callback 'DP_cudart_dlopen'
implib-gen: libcudart.so.11.0: failed to resolve symbol '__cudaUnregisterFatBinary', library failed to load
implib-gen: libcudart.so.11.0: failed to load library 'libcudart.so.11.0' via callback 'DP_cudart_dlopen'
implib-gen: libcudart.so.11.0: failed to resolve symbol '__cudaUnregisterFatBinary', library failed to load
implib-gen: libcudart.so.11.0: failed to load library 'libcudart.so.11.0' via callback 'DP_cudart_dlopen'
implib-gen: libcudart.so.11.0: failed to resolve symbol '__cudaUnregisterFatBinary', library failed to load
implib-gen: libcudart.so.11.0: failed to load library 'libcudart.so.11.0' via callback 'DP_cudart_dlopen'
implib-gen: libcudart.so.11.0: failed to resolve symbol '__cudaUnregisterFatBinary', library failed to load
implib-gen: libcudart.so.11.0: failed to load library 'libcudart.so.11.0' via callback 'DP_cudart_dlopen'
implib-gen: libcudart.so.11.0: failed to resolve symbol '__cudaUnregisterFatBinary', library failed to load
implib-gen: libcudart.so.11.0: failed to load library 'libcudart.so.11.0' via callback 'DP_cudart_dlopen'
implib-gen: libcudart.so.11.0: failed to resolve symbol '__cudaUnregisterFatBinary', library failed to load
implib-gen: libcudart.so.11.0: failed to load library 'libcudart.so.11.0' via callback 'DP_cudart_dlopen'
implib-gen: libcudart.so.11.0: failed to resolve symbol '__cudaUnregisterFatBinary', library failed to load
implib-gen: libcudart.so.11.0: failed to load library 'libcudart.so.11.0' via callback 'DP_cudart_dlopen'
implib-gen: libcudart.so.11.0: failed to resolve symbol '__cudaUnregisterFatBinary', library failed to load
implib-gen: libcudart.so.11.0: failed to load library 'libcudart.so.11.0' via callback 'DP_cudart_dlopen'
implib-gen: libcudart.so.11.0: failed to resolve symbol '__cudaUnregisterFatBinary', library failed to load
implib-gen: libcudart.so.11.0: failed to load library 'libcudart.so.11.0' via callback 'DP_cudart_dlopen'
implib-gen: libcudart.so.11.0: failed to resolve symbol '__cudaUnregisterFatBinary', library failed to load
implib-gen: libcudart.so.11.0: failed to load library 'libcudart.so.11.0' via callback 'DP_cudart_dlopen'
implib-gen: libcudart.so.11.0: failed to resolve symbol '__cudaUnregisterFatBinary', library failed to load
implib-gen: libcudart.so.11.0: failed to load library 'libcudart.so.11.0' via callback 'DP_cudart_dlopen'
implib-gen: libcudart.so.11.0: failed to resolve symbol '__cudaUnregisterFatBinary', library failed to load
implib-gen: libcudart.so.11.0: failed to load library 'libcudart.so.11.0' via callback 'DP_cudart_dlopen'
implib-gen: libcudart.so.11.0: failed to resolve symbol '__cudaUnregisterFatBinary', library failed to load
implib-gen: libcudart.so.11.0: failed to load library 'libcudart.so.11.0' via callback 'DP_cudart_dlopen'
implib-gen: libcudart.so.11.0: failed to resolve symbol '__cudaUnregisterFatBinary', library failed to load
implib-gen: libcudart.so.11.0: failed to load library 'libcudart.so.11.0' via callback 'DP_cudart_dlopen'
implib-gen: libcudart.so.11.0: failed to resolve symbol '__cudaUnregisterFatBinary', library failed to load
implib-gen: libcudart.so.11.0: failed to load library 'libcudart.so.11.0' via callback 'DP_cudart_dlopen'
implib-gen: libcudart.so.11.0: failed to resolve symbol '__cudaUnregisterFatBinary', library failed to load
implib-gen: libcudart.so.11.0: failed to load library 'libcudart.so.11.0' via callback 'DP_cudart_dlopen'
implib-gen: libcudart.so.11.0: failed to resolve symbol '__cudaUnregisterFatBinary', library failed to load
implib-gen: libcudart.so.11.0: failed to load library 'libcudart.so.11.0' via callback 'DP_cudart_dlopen'
implib-gen: libcudart.so.11.0: failed to resolve symbol '__cudaUnregisterFatBinary', library failed to load
implib-gen: libcudart.so.11.0: failed to load library 'libcudart.so.11.0' via callback 'DP_cudart_dlopen'
implib-gen: libcudart.so.11.0: failed to resolve symbol '__cudaUnregisterFatBinary', library failed to load
implib-gen: libcudart.so.11.0: failed to load library 'libcudart.so.11.0' via callback 'DP_cudart_dlopen'
implib-gen: libcudart.so.11.0: failed to resolve symbol '__cudaUnregisterFatBinary', library failed to load
implib-gen: libcudart.so.11.0: failed to load library 'libcudart.so.11.0' via callback 'DP_cudart_dlopen'
implib-gen: libcudart.so.11.0: failed to resolve symbol '__cudaUnregisterFatBinary', library failed to load
implib-gen: libcudart.so.11.0: failed to load library 'libcudart.so.11.0' via callback 'DP_cudart_dlopen'
implib-gen: libcudart.so.11.0: failed to resolve symbol '__cudaUnregisterFatBinary', library failed to load
implib-gen: libcudart.so.11.0: failed to load library 'libcudart.so.11.0' via callback 'DP_cudart_dlopen'
implib-gen: libcudart.so.11.0: failed to resolve symbol '__cudaUnregisterFatBinary', library failed to load
implib-gen: libcudart.so.11.0: failed to load library 'libcudart.so.11.0' via callback 'DP_cudart_dlopen'
implib-gen: libcudart.so.11.0: failed to resolve symbol '__cudaUnregisterFatBinary', library failed to load
implib-gen: libcudart.so.11.0: failed to load library 'libcudart.so.11.0' via callback 'DP_cudart_dlopen'
implib-gen: libcudart.so.11.0: failed to resolve symbol '__cudaUnregisterFatBinary', library failed to load
implib-gen: libcudart.so.11.0: failed to load library 'libcudart.so.11.0' via callback 'DP_cudart_dlopen'
implib-gen: libcudart.so.11.0: failed to resolve symbol '__cudaUnregisterFatBinary', library failed to load
implib-gen: libcudart.so.11.0: failed to load library 'libcudart.so.11.0' via callback 'DP_cudart_dlopen'
implib-gen: libcudart.so.11.0: failed to resolve symbol '__cudaUnregisterFatBinary', library failed to load
implib-gen: libcudart.so.11.0: failed to load library 'libcudart.so.11.0' via callback 'DP_cudart_dlopen'
implib-gen: libcudart.so.11.0: failed to resolve symbol '__cudaUnregisterFatBinary', library failed to load
implib-gen: libcudart.so.11.0: failed to load library 'libcudart.so.11.0' via callback 'DP_cudart_dlopen'
implib-gen: libcudart.so.11.0: failed to resolve symbol '__cudaUnregisterFatBinary', library failed to load
implib-gen: libcudart.so.11.0: failed to load library 'libcudart.so.11.0' via callback 'DP_cudart_dlopen'
implib-gen: libcudart.so.11.0: failed to resolve symbol '__cudaUnregisterFatBinary', library failed to load
implib-gen: libcudart.so.11.0: failed to load library 'libcudart.so.11.0' via callback 'DP_cudart_dlopen'
implib-gen: libcudart.so.11.0: failed to resolve symbol '__cudaUnregisterFatBinary', library failed to load
implib-gen: libcudart.so.11.0: failed to load library 'libcudart.so.11.0' via callback 'DP_cudart_dlopen'
implib-gen: libcudart.so.11.0: failed to resolve symbol '__cudaUnregisterFatBinary', library failed to load
implib-gen: libcudart.so.11.0: failed to load library 'libcudart.so.11.0' via callback 'DP_cudart_dlopen'
implib-gen: libcudart.so.11.0: failed to resolve symbol '__cudaUnregisterFatBinary', library failed to load
implib-gen: libcudart.so.11.0: failed to load library 'libcudart.so.11.0' via callback 'DP_cudart_dlopen'
implib-gen: libcudart.so.11.0: failed to resolve symbol '__cudaUnregisterFatBinary', library failed to load
implib-gen: libcudart.so.11.0: failed to load library 'libcudart.so.11.0' via callback 'DP_cudart_dlopen'
implib-gen: libcudart.so.11.0: failed to resolve symbol '__cudaUnregisterFatBinary', library failed to load
implib-gen: libcudart.so.11.0: failed to load library 'libcudart.so.11.0' via callback 'DP_cudart_dlopen'
implib-gen: libcudart.so.11.0: failed to resolve symbol '__cudaUnregisterFatBinary', library failed to load
implib-gen: libcudart.so.11.0: failed to load library 'libcudart.so.11.0' via callback 'DP_cudart_dlopen'
implib-gen: libcudart.so.11.0: failed to resolve symbol '__cudaUnregisterFatBinary', library failed to load
implib-gen: libcudart.so.11.0: failed to load library 'libcudart.so.11.0' via callback 'DP_cudart_dlopen'
implib-gen: libcudart.so.11.0: failed to resolve symbol '__cudaUnregisterFatBinary', library failed to load
implib-gen: libcudart.so.11.0: failed to load library 'libcudart.so.11.0' via callback 'DP_cudart_dlopen'
implib-gen: libcudart.so.11.0: failed to resolve symbol '__cudaUnregisterFatBinary', library failed to load
implib-gen: libcudart.so.11.0: failed to load library 'libcudart.so.11.0' via callback 'DP_cudart_dlopen'
implib-gen: libcudart.so.11.0: failed to resolve symbol '__cudaUnregisterFatBinary', library failed to load
implib-gen: libcudart.so.11.0: failed to load library 'libcudart.so.11.0' via callback 'DP_cudart_dlopen'
implib-gen: libcudart.so.11.0: failed to resolve symbol '__cudaUnregisterFatBinary', library failed to load
implib-gen: libcudart.so.11.0: failed to load library 'libcudart.so.11.0' via callback 'DP_cudart_dlopen'
implib-gen: libcudart.so.11.0: failed to resolve symbol '__cudaUnregisterFatBinary', library failed to load
implib-gen: libcudart.so.11.0: failed to load library 'libcudart.so.11.0' via callback 'DP_cudart_dlopen'
implib-gen: libcudart.so.11.0: failed to resolve symbol '__cudaUnregisterFatBinary', library failed to load
implib-gen: libcudart.so.11.0: failed to load library 'libcudart.so.11.0' via callback 'DP_cudart_dlopen'
implib-gen: libcudart.so.11.0: failed to resolve symbol '__cudaUnregisterFatBinary', library failed to load
implib-gen: libcudart.so.11.0: failed to load library 'libcudart.so.11.0' via callback 'DP_cudart_dlopen'
implib-gen: libcudart.so.11.0: failed to resolve symbol '__cudaUnregisterFatBinary', library failed to load
implib-gen: libcudart.so.11.0: failed to load library 'libcudart.so.11.0' via callback 'DP_cudart_dlopen'
implib-gen: libcudart.so.11.0: failed to resolve symbol '__cudaUnregisterFatBinary', library failed to load
implib-gen: libcudart.so.11.0: failed to load library 'libcudart.so.11.0' via callback 'DP_cudart_dlopen'
implib-gen: libcudart.so.11.0: failed to resolve symbol '__cudaUnregisterFatBinary', library failed to load
implib-gen: libcudart.so.11.0: failed to load library 'libcudart.so.11.0' via callback 'DP_cudart_dlopen'
implib-gen: libcudart.so.11.0: failed to resolve symbol '__cudaUnregisterFatBinary', library failed to load
implib-gen: libcudart.so.11.0: failed to load library 'libcudart.so.11.0' via callback 'DP_cudart_dlopen'
implib-gen: libcudart.so.11.0: failed to resolve symbol '__cudaUnregisterFatBinary', library failed to load
implib-gen: libcudart.so.11.0: failed to load library 'libcudart.so.11.0' via callback 'DP_cudart_dlopen'
implib-gen: libcudart.so.11.0: failed to resolve symbol '__cudaUnregisterFatBinary', library failed to load
implib-gen: libcudart.so.11.0: failed to load library 'libcudart.so.11.0' via callback 'DP_cudart_dlopen'
implib-gen: libcudart.so.11.0: failed to resolve symbol '__cudaUnregisterFatBinary', library failed to load
implib-gen: libcudart.so.11.0: failed to load library 'libcudart.so.11.0' via callback 'DP_cudart_dlopen'
implib-gen: libcudart.so.11.0: failed to resolve symbol '__cudaUnregisterFatBinary', library failed to load
implib-gen: libcudart.so.11.0: failed to load library 'libcudart.so.11.0' via callback 'DP_cudart_dlopen'
implib-gen: libcudart.so.11.0: failed to resolve symbol '__cudaUnregisterFatBinary', library failed to load
implib-gen: libcudart.so.11.0: failed to load library 'libcudart.so.11.0' via callback 'DP_cudart_dlopen'
implib-gen: libcudart.so.11.0: failed to resolve symbol '__cudaUnregisterFatBinary', library failed to load
implib-gen: libcudart.so.11.0: failed to load library 'libcudart.so.11.0' via callback 'DP_cudart_dlopen'
implib-gen: libcudart.so.11.0: failed to resolve symbol '__cudaUnregisterFatBinary', library failed to load
implib-gen: libcudart.so.11.0: failed to load library 'libcudart.so.11.0' via callback 'DP_cudart_dlopen'
implib-gen: libcudart.so.11.0: failed to resolve symbol '__cudaUnregisterFatBinary', library failed to load
implib-gen: libcudart.so.11.0: failed to load library 'libcudart.so.11.0' via callback 'DP_cudart_dlopen'
implib-gen: libcudart.so.11.0: failed to resolve symbol '__cudaUnregisterFatBinary', library failed to load
implib-gen: libcudart.so.11.0: failed to load library 'libcudart.so.11.0' via callback 'DP_cudart_dlopen'
implib-gen: libcudart.so.11.0: failed to resolve symbol '__cudaUnregisterFatBinary', library failed to load
implib-gen: libcudart.so.11.0: failed to load library 'libcudart.so.11.0' via callback 'DP_cudart_dlopen'
implib-gen: libcudart.so.11.0: failed to resolve symbol '__cudaUnregisterFatBinary', library failed to load
implib-gen: libcudart.so.11.0: failed to load library 'libcudart.so.11.0' via callback 'DP_cudart_dlopen'
implib-gen: libcudart.so.11.0: failed to resolve symbol '__cudaUnregisterFatBinary', library failed to load
implib-gen: libcudart.so.11.0: failed to load library 'libcudart.so.11.0' via callback 'DP_cudart_dlopen'
implib-gen: libcudart.so.11.0: failed to resolve symbol '__cudaUnregisterFatBinary', library failed to load
implib-gen: libcudart.so.11.0: failed to load library 'libcudart.so.11.0' via callback 'DP_cudart_dlopen'
implib-gen: libcudart.so.11.0: failed to resolve symbol '__cudaUnregisterFatBinary', library failed to load
