cpu-bind=MASK - n2cn0723, task  0  0 [173551]: mask |BBBBBBBB|BBBBBBBB||BBBBBBBB|BBBBBBBB||BBBBBBBB|BBBBBBBB||BBBBBBBB|BBBBBBBB||||BBBBBBBB|BBBBBBBB||BBBBBBBB|BBBBBBBB||BBBBBBBB|BBBBBBBB||BBBBBBBB|BBBBBBBB|  set
The following modules were not unloaded:
  (Use "module --force purge" to unload all):

  1) pc2fs   2) slurm/23.11.5-1   3) DefaultModules
rm: cannot remove 'cp2k.out': No such file or directory
cpu-bind=MASK - n2cn0735, task 32  0 [252223]: mask |BBBB----|--------||--------|--------||--------|--------||--------|--------||||--------|--------||--------|--------||--------|--------||--------|--------|  set
cpu-bind=MASK - n2cn0723, task  0  0 [173967]: mask |BBBB----|--------||--------|--------||--------|--------||--------|--------||||--------|--------||--------|--------||--------|--------||--------|--------|  set
cpu-bind=MASK - n2cn0735, task 33  1 [252224]: mask |----BBBB|--------||--------|--------||--------|--------||--------|--------||||--------|--------||--------|--------||--------|--------||--------|--------|  set
cpu-bind=MASK - n2cn0735, task 34  2 [252225]: mask |--------|BBBB----||--------|--------||--------|--------||--------|--------||||--------|--------||--------|--------||--------|--------||--------|--------|  set
cpu-bind=MASK - n2cn0735, task 35  3 [252226]: mask |--------|----BBBB||--------|--------||--------|--------||--------|--------||||--------|--------||--------|--------||--------|--------||--------|--------|  set
cpu-bind=MASK - n2cn0735, task 36  4 [252227]: mask |--------|--------||BBBB----|--------||--------|--------||--------|--------||||--------|--------||--------|--------||--------|--------||--------|--------|  set
cpu-bind=MASK - n2cn0735, task 37  5 [252228]: mask |--------|--------||----BBBB|--------||--------|--------||--------|--------||||--------|--------||--------|--------||--------|--------||--------|--------|  set
cpu-bind=MASK - n2cn0735, task 38  6 [252229]: mask |--------|--------||--------|BBBB----||--------|--------||--------|--------||||--------|--------||--------|--------||--------|--------||--------|--------|  set
cpu-bind=MASK - n2cn0735, task 39  7 [252230]: mask |--------|--------||--------|----BBBB||--------|--------||--------|--------||||--------|--------||--------|--------||--------|--------||--------|--------|  set
cpu-bind=MASK - n2cn0735, task 40  8 [252231]: mask |--------|--------||--------|--------||BBBB----|--------||--------|--------||||--------|--------||--------|--------||--------|--------||--------|--------|  set
cpu-bind=MASK - n2cn0735, task 41  9 [252232]: mask |--------|--------||--------|--------||----BBBB|--------||--------|--------||||--------|--------||--------|--------||--------|--------||--------|--------|  set
cpu-bind=MASK - n2cn0735, task 42 10 [252233]: mask |--------|--------||--------|--------||--------|BBBB----||--------|--------||||--------|--------||--------|--------||--------|--------||--------|--------|  set
cpu-bind=MASK - n2cn0735, task 43 11 [252234]: mask |--------|--------||--------|--------||--------|----BBBB||--------|--------||||--------|--------||--------|--------||--------|--------||--------|--------|  set
cpu-bind=MASK - n2cn0735, task 44 12 [252235]: mask |--------|--------||--------|--------||--------|--------||BBBB----|--------||||--------|--------||--------|--------||--------|--------||--------|--------|  set
cpu-bind=MASK - n2cn0735, task 45 13 [252236]: mask |--------|--------||--------|--------||--------|--------||----BBBB|--------||||--------|--------||--------|--------||--------|--------||--------|--------|  set
cpu-bind=MASK - n2cn0735, task 46 14 [252237]: mask |--------|--------||--------|--------||--------|--------||--------|BBBB----||||--------|--------||--------|--------||--------|--------||--------|--------|  set
cpu-bind=MASK - n2cn0735, task 47 15 [252238]: mask |--------|--------||--------|--------||--------|--------||--------|----BBBB||||--------|--------||--------|--------||--------|--------||--------|--------|  set
cpu-bind=MASK - n2cn0735, task 48 16 [252239]: mask |--------|--------||--------|--------||--------|--------||--------|--------||||BBBB----|--------||--------|--------||--------|--------||--------|--------|  set
cpu-bind=MASK - n2cn0735, task 49 17 [252240]: mask |--------|--------||--------|--------||--------|--------||--------|--------||||----BBBB|--------||--------|--------||--------|--------||--------|--------|  set
cpu-bind=MASK - n2cn0735, task 50 18 [252241]: mask |--------|--------||--------|--------||--------|--------||--------|--------||||--------|BBBB----||--------|--------||--------|--------||--------|--------|  set
cpu-bind=MASK - n2cn0735, task 51 19 [252242]: mask |--------|--------||--------|--------||--------|--------||--------|--------||||--------|----BBBB||--------|--------||--------|--------||--------|--------|  set
cpu-bind=MASK - n2cn0735, task 52 20 [252243]: mask |--------|--------||--------|--------||--------|--------||--------|--------||||--------|--------||BBBB----|--------||--------|--------||--------|--------|  set
cpu-bind=MASK - n2cn0735, task 53 21 [252244]: mask |--------|--------||--------|--------||--------|--------||--------|--------||||--------|--------||----BBBB|--------||--------|--------||--------|--------|  set
cpu-bind=MASK - n2cn0735, task 54 22 [252245]: mask |--------|--------||--------|--------||--------|--------||--------|--------||||--------|--------||--------|BBBB----||--------|--------||--------|--------|  set
cpu-bind=MASK - n2cn0735, task 55 23 [252246]: mask |--------|--------||--------|--------||--------|--------||--------|--------||||--------|--------||--------|----BBBB||--------|--------||--------|--------|  set
cpu-bind=MASK - n2cn0735, task 56 24 [252247]: mask |--------|--------||--------|--------||--------|--------||--------|--------||||--------|--------||--------|--------||BBBB----|--------||--------|--------|  set
cpu-bind=MASK - n2cn0735, task 57 25 [252248]: mask |--------|--------||--------|--------||--------|--------||--------|--------||||--------|--------||--------|--------||----BBBB|--------||--------|--------|  set
cpu-bind=MASK - n2cn0735, task 58 26 [252249]: mask |--------|--------||--------|--------||--------|--------||--------|--------||||--------|--------||--------|--------||--------|BBBB----||--------|--------|  set
cpu-bind=MASK - n2cn0735, task 59 27 [252250]: mask |--------|--------||--------|--------||--------|--------||--------|--------||||--------|--------||--------|--------||--------|----BBBB||--------|--------|  set
cpu-bind=MASK - n2cn0735, task 60 28 [252251]: mask |--------|--------||--------|--------||--------|--------||--------|--------||||--------|--------||--------|--------||--------|--------||BBBB----|--------|  set
cpu-bind=MASK - n2cn0723, task  1  1 [173968]: mask |----BBBB|--------||--------|--------||--------|--------||--------|--------||||--------|--------||--------|--------||--------|--------||--------|--------|  set
cpu-bind=MASK - n2cn0723, task  2  2 [173969]: mask |--------|BBBB----||--------|--------||--------|--------||--------|--------||||--------|--------||--------|--------||--------|--------||--------|--------|  set
cpu-bind=MASK - n2cn0723, task  3  3 [173970]: mask |--------|----BBBB||--------|--------||--------|--------||--------|--------||||--------|--------||--------|--------||--------|--------||--------|--------|  set
cpu-bind=MASK - n2cn0723, task  4  4 [173971]: mask |--------|--------||BBBB----|--------||--------|--------||--------|--------||||--------|--------||--------|--------||--------|--------||--------|--------|  set
cpu-bind=MASK - n2cn0723, task  5  5 [173972]: mask |--------|--------||----BBBB|--------||--------|--------||--------|--------||||--------|--------||--------|--------||--------|--------||--------|--------|  set
cpu-bind=MASK - n2cn0723, task  6  6 [173973]: mask |--------|--------||--------|BBBB----||--------|--------||--------|--------||||--------|--------||--------|--------||--------|--------||--------|--------|  set
cpu-bind=MASK - n2cn0723, task  7  7 [173974]: mask |--------|--------||--------|----BBBB||--------|--------||--------|--------||||--------|--------||--------|--------||--------|--------||--------|--------|  set
cpu-bind=MASK - n2cn0723, task  8  8 [173975]: mask |--------|--------||--------|--------||BBBB----|--------||--------|--------||||--------|--------||--------|--------||--------|--------||--------|--------|  set
cpu-bind=MASK - n2cn0723, task  9  9 [173976]: mask |--------|--------||--------|--------||----BBBB|--------||--------|--------||||--------|--------||--------|--------||--------|--------||--------|--------|  set
cpu-bind=MASK - n2cn0723, task 10 10 [173977]: mask |--------|--------||--------|--------||--------|BBBB----||--------|--------||||--------|--------||--------|--------||--------|--------||--------|--------|  set
cpu-bind=MASK - n2cn0723, task 11 11 [173978]: mask |--------|--------||--------|--------||--------|----BBBB||--------|--------||||--------|--------||--------|--------||--------|--------||--------|--------|  set
cpu-bind=MASK - n2cn0723, task 12 12 [173979]: mask |--------|--------||--------|--------||--------|--------||BBBB----|--------||||--------|--------||--------|--------||--------|--------||--------|--------|  set
cpu-bind=MASK - n2cn0723, task 13 13 [173980]: mask |--------|--------||--------|--------||--------|--------||----BBBB|--------||||--------|--------||--------|--------||--------|--------||--------|--------|  set
cpu-bind=MASK - n2cn0723, task 14 14 [173981]: mask |--------|--------||--------|--------||--------|--------||--------|BBBB----||||--------|--------||--------|--------||--------|--------||--------|--------|  set
cpu-bind=MASK - n2cn0723, task 15 15 [173982]: mask |--------|--------||--------|--------||--------|--------||--------|----BBBB||||--------|--------||--------|--------||--------|--------||--------|--------|  set
cpu-bind=MASK - n2cn0723, task 16 16 [173983]: mask |--------|--------||--------|--------||--------|--------||--------|--------||||BBBB----|--------||--------|--------||--------|--------||--------|--------|  set
cpu-bind=MASK - n2cn0723, task 17 17 [173984]: mask |--------|--------||--------|--------||--------|--------||--------|--------||||----BBBB|--------||--------|--------||--------|--------||--------|--------|  set
cpu-bind=MASK - n2cn0723, task 18 18 [173985]: mask |--------|--------||--------|--------||--------|--------||--------|--------||||--------|BBBB----||--------|--------||--------|--------||--------|--------|  set
cpu-bind=MASK - n2cn0723, task 19 19 [173986]: mask |--------|--------||--------|--------||--------|--------||--------|--------||||--------|----BBBB||--------|--------||--------|--------||--------|--------|  set
cpu-bind=MASK - n2cn0723, task 20 20 [173987]: mask |--------|--------||--------|--------||--------|--------||--------|--------||||--------|--------||BBBB----|--------||--------|--------||--------|--------|  set
cpu-bind=MASK - n2cn0723, task 21 21 [173988]: mask |--------|--------||--------|--------||--------|--------||--------|--------||||--------|--------||----BBBB|--------||--------|--------||--------|--------|  set
cpu-bind=MASK - n2cn0723, task 22 22 [173989]: mask |--------|--------||--------|--------||--------|--------||--------|--------||||--------|--------||--------|BBBB----||--------|--------||--------|--------|  set
cpu-bind=MASK - n2cn0723, task 23 23 [173990]: mask |--------|--------||--------|--------||--------|--------||--------|--------||||--------|--------||--------|----BBBB||--------|--------||--------|--------|  set
cpu-bind=MASK - n2cn0723, task 24 24 [173991]: mask |--------|--------||--------|--------||--------|--------||--------|--------||||--------|--------||--------|--------||BBBB----|--------||--------|--------|  set
cpu-bind=MASK - n2cn0723, task 25 25 [173992]: mask |--------|--------||--------|--------||--------|--------||--------|--------||||--------|--------||--------|--------||----BBBB|--------||--------|--------|  set
cpu-bind=MASK - n2cn0723, task 26 26 [173993]: mask |--------|--------||--------|--------||--------|--------||--------|--------||||--------|--------||--------|--------||--------|BBBB----||--------|--------|  set
cpu-bind=MASK - n2cn0723, task 27 27 [173994]: mask |--------|--------||--------|--------||--------|--------||--------|--------||||--------|--------||--------|--------||--------|----BBBB||--------|--------|  set
cpu-bind=MASK - n2cn0723, task 28 28 [173995]: mask |--------|--------||--------|--------||--------|--------||--------|--------||||--------|--------||--------|--------||--------|--------||BBBB----|--------|  set
cpu-bind=MASK - n2cn0723, task 29 29 [173996]: mask |--------|--------||--------|--------||--------|--------||--------|--------||||--------|--------||--------|--------||--------|--------||----BBBB|--------|  set
cpu-bind=MASK - n2cn0723, task 30 30 [173997]: mask |--------|--------||--------|--------||--------|--------||--------|--------||||--------|--------||--------|--------||--------|--------||--------|BBBB----|  set
cpu-bind=MASK - n2cn0723, task 31 31 [173998]: mask |--------|--------||--------|--------||--------|--------||--------|--------||||--------|--------||--------|--------||--------|--------||--------|----BBBB|  set
cpu-bind=MASK - n2cn0735, task 61 29 [252252]: mask |--------|--------||--------|--------||--------|--------||--------|--------||||--------|--------||--------|--------||--------|--------||----BBBB|--------|  set
cpu-bind=MASK - n2cn0735, task 62 30 [252253]: mask |--------|--------||--------|--------||--------|--------||--------|--------||||--------|--------||--------|--------||--------|--------||--------|BBBB----|  set
cpu-bind=MASK - n2cn0735, task 63 31 [252254]: mask |--------|--------||--------|--------||--------|--------||--------|--------||||--------|--------||--------|--------||--------|--------||--------|----BBBB|  set
2025-03-17 05:22:27.810435: I tensorflow/tsl/cuda/cudart_stub.cc:28] Could not find cuda drivers on your machine, GPU will not be used.
2025-03-17 05:22:27.810442: I tensorflow/tsl/cuda/cudart_stub.cc:28] Could not find cuda drivers on your machine, GPU will not be used.
2025-03-17 05:22:27.810510: I tensorflow/tsl/cuda/cudart_stub.cc:28] Could not find cuda drivers on your machine, GPU will not be used.
2025-03-17 05:22:27.813102: I tensorflow/tsl/cuda/cudart_stub.cc:28] Could not find cuda drivers on your machine, GPU will not be used.
2025-03-17 05:22:27.813096: I tensorflow/tsl/cuda/cudart_stub.cc:28] Could not find cuda drivers on your machine, GPU will not be used.
2025-03-17 05:22:27.815198: I tensorflow/tsl/cuda/cudart_stub.cc:28] Could not find cuda drivers on your machine, GPU will not be used.
2025-03-17 05:22:27.815197: I tensorflow/tsl/cuda/cudart_stub.cc:28] Could not find cuda drivers on your machine, GPU will not be used.
2025-03-17 05:22:27.815204: I tensorflow/tsl/cuda/cudart_stub.cc:28] Could not find cuda drivers on your machine, GPU will not be used.
2025-03-17 05:22:27.815200: I tensorflow/tsl/cuda/cudart_stub.cc:28] Could not find cuda drivers on your machine, GPU will not be used.
2025-03-17 05:22:27.816846: I tensorflow/tsl/cuda/cudart_stub.cc:28] Could not find cuda drivers on your machine, GPU will not be used.
2025-03-17 05:22:27.821712: I tensorflow/tsl/cuda/cudart_stub.cc:28] Could not find cuda drivers on your machine, GPU will not be used.
2025-03-17 05:22:27.821708: I tensorflow/tsl/cuda/cudart_stub.cc:28] Could not find cuda drivers on your machine, GPU will not be used.
2025-03-17 05:22:27.821712: I tensorflow/tsl/cuda/cudart_stub.cc:28] Could not find cuda drivers on your machine, GPU will not be used.
2025-03-17 05:22:27.824598: I tensorflow/tsl/cuda/cudart_stub.cc:28] Could not find cuda drivers on your machine, GPU will not be used.
2025-03-17 05:22:27.824600: I tensorflow/tsl/cuda/cudart_stub.cc:28] Could not find cuda drivers on your machine, GPU will not be used.
2025-03-17 05:22:27.825923: I tensorflow/tsl/cuda/cudart_stub.cc:28] Could not find cuda drivers on your machine, GPU will not be used.
2025-03-17 05:22:27.825919: I tensorflow/tsl/cuda/cudart_stub.cc:28] Could not find cuda drivers on your machine, GPU will not be used.
2025-03-17 05:22:27.826689: I tensorflow/tsl/cuda/cudart_stub.cc:28] Could not find cuda drivers on your machine, GPU will not be used.
2025-03-17 05:22:27.827955: I tensorflow/tsl/cuda/cudart_stub.cc:28] Could not find cuda drivers on your machine, GPU will not be used.
2025-03-17 05:22:27.827953: I tensorflow/tsl/cuda/cudart_stub.cc:28] Could not find cuda drivers on your machine, GPU will not be used.
2025-03-17 05:22:27.830300: I tensorflow/tsl/cuda/cudart_stub.cc:28] Could not find cuda drivers on your machine, GPU will not be used.
2025-03-17 05:22:27.830293: I tensorflow/tsl/cuda/cudart_stub.cc:28] Could not find cuda drivers on your machine, GPU will not be used.
2025-03-17 05:22:27.830645: I tensorflow/tsl/cuda/cudart_stub.cc:28] Could not find cuda drivers on your machine, GPU will not be used.
2025-03-17 05:22:27.830647: I tensorflow/tsl/cuda/cudart_stub.cc:28] Could not find cuda drivers on your machine, GPU will not be used.
2025-03-17 05:22:27.833947: I tensorflow/tsl/cuda/cudart_stub.cc:28] Could not find cuda drivers on your machine, GPU will not be used.
2025-03-17 05:22:27.833947: I tensorflow/tsl/cuda/cudart_stub.cc:28] Could not find cuda drivers on your machine, GPU will not be used.
2025-03-17 05:22:27.834821: I tensorflow/tsl/cuda/cudart_stub.cc:28] Could not find cuda drivers on your machine, GPU will not be used.
2025-03-17 05:22:27.834824: I tensorflow/tsl/cuda/cudart_stub.cc:28] Could not find cuda drivers on your machine, GPU will not be used.
2025-03-17 05:22:27.837772: E tensorflow/compiler/xla/stream_executor/cuda/cuda_dnn.cc:9342] Unable to register cuDNN factory: Attempting to register factory for plugin cuDNN when one has already been registered
2025-03-17 05:22:27.837798: E tensorflow/compiler/xla/stream_executor/cuda/cuda_fft.cc:609] Unable to register cuFFT factory: Attempting to register factory for plugin cuFFT when one has already been registered
2025-03-17 05:22:27.837818: E tensorflow/compiler/xla/stream_executor/cuda/cuda_blas.cc:1518] Unable to register cuBLAS factory: Attempting to register factory for plugin cuBLAS when one has already been registered
2025-03-17 05:22:27.837774: E tensorflow/compiler/xla/stream_executor/cuda/cuda_dnn.cc:9342] Unable to register cuDNN factory: Attempting to register factory for plugin cuDNN when one has already been registered
2025-03-17 05:22:27.837797: E tensorflow/compiler/xla/stream_executor/cuda/cuda_fft.cc:609] Unable to register cuFFT factory: Attempting to register factory for plugin cuFFT when one has already been registered
2025-03-17 05:22:27.837820: E tensorflow/compiler/xla/stream_executor/cuda/cuda_blas.cc:1518] Unable to register cuBLAS factory: Attempting to register factory for plugin cuBLAS when one has already been registered
2025-03-17 05:22:27.837902: I tensorflow/tsl/cuda/cudart_stub.cc:28] Could not find cuda drivers on your machine, GPU will not be used.
2025-03-17 05:22:27.838101: E tensorflow/compiler/xla/stream_executor/cuda/cuda_dnn.cc:9342] Unable to register cuDNN factory: Attempting to register factory for plugin cuDNN when one has already been registered
2025-03-17 05:22:27.838120: E tensorflow/compiler/xla/stream_executor/cuda/cuda_fft.cc:609] Unable to register cuFFT factory: Attempting to register factory for plugin cuFFT when one has already been registered
2025-03-17 05:22:27.838146: E tensorflow/compiler/xla/stream_executor/cuda/cuda_blas.cc:1518] Unable to register cuBLAS factory: Attempting to register factory for plugin cuBLAS when one has already been registered
2025-03-17 05:22:27.838811: I tensorflow/tsl/cuda/cudart_stub.cc:28] Could not find cuda drivers on your machine, GPU will not be used.
2025-03-17 05:22:27.840821: E tensorflow/compiler/xla/stream_executor/cuda/cuda_dnn.cc:9342] Unable to register cuDNN factory: Attempting to register factory for plugin cuDNN when one has already been registered
2025-03-17 05:22:27.840841: E tensorflow/compiler/xla/stream_executor/cuda/cuda_fft.cc:609] Unable to register cuFFT factory: Attempting to register factory for plugin cuFFT when one has already been registered
2025-03-17 05:22:27.840866: E tensorflow/compiler/xla/stream_executor/cuda/cuda_blas.cc:1518] Unable to register cuBLAS factory: Attempting to register factory for plugin cuBLAS when one has already been registered
2025-03-17 05:22:27.840817: E tensorflow/compiler/xla/stream_executor/cuda/cuda_dnn.cc:9342] Unable to register cuDNN factory: Attempting to register factory for plugin cuDNN when one has already been registered
2025-03-17 05:22:27.840841: E tensorflow/compiler/xla/stream_executor/cuda/cuda_fft.cc:609] Unable to register cuFFT factory: Attempting to register factory for plugin cuFFT when one has already been registered
2025-03-17 05:22:27.840865: E tensorflow/compiler/xla/stream_executor/cuda/cuda_blas.cc:1518] Unable to register cuBLAS factory: Attempting to register factory for plugin cuBLAS when one has already been registered
2025-03-17 05:22:27.842560: E tensorflow/compiler/xla/stream_executor/cuda/cuda_dnn.cc:9342] Unable to register cuDNN factory: Attempting to register factory for plugin cuDNN when one has already been registered
2025-03-17 05:22:27.842582: E tensorflow/compiler/xla/stream_executor/cuda/cuda_fft.cc:609] Unable to register cuFFT factory: Attempting to register factory for plugin cuFFT when one has already been registered
2025-03-17 05:22:27.842608: E tensorflow/compiler/xla/stream_executor/cuda/cuda_blas.cc:1518] Unable to register cuBLAS factory: Attempting to register factory for plugin cuBLAS when one has already been registered
2025-03-17 05:22:27.842562: E tensorflow/compiler/xla/stream_executor/cuda/cuda_dnn.cc:9342] Unable to register cuDNN factory: Attempting to register factory for plugin cuDNN when one has already been registered
2025-03-17 05:22:27.842585: E tensorflow/compiler/xla/stream_executor/cuda/cuda_fft.cc:609] Unable to register cuFFT factory: Attempting to register factory for plugin cuFFT when one has already been registered
2025-03-17 05:22:27.842608: E tensorflow/compiler/xla/stream_executor/cuda/cuda_blas.cc:1518] Unable to register cuBLAS factory: Attempting to register factory for plugin cuBLAS when one has already been registered
2025-03-17 05:22:27.842561: E tensorflow/compiler/xla/stream_executor/cuda/cuda_dnn.cc:9342] Unable to register cuDNN factory: Attempting to register factory for plugin cuDNN when one has already been registered
2025-03-17 05:22:27.842580: E tensorflow/compiler/xla/stream_executor/cuda/cuda_fft.cc:609] Unable to register cuFFT factory: Attempting to register factory for plugin cuFFT when one has already been registered
2025-03-17 05:22:27.842607: E tensorflow/compiler/xla/stream_executor/cuda/cuda_blas.cc:1518] Unable to register cuBLAS factory: Attempting to register factory for plugin cuBLAS when one has already been registered
2025-03-17 05:22:27.842559: E tensorflow/compiler/xla/stream_executor/cuda/cuda_dnn.cc:9342] Unable to register cuDNN factory: Attempting to register factory for plugin cuDNN when one has already been registered
2025-03-17 05:22:27.842580: E tensorflow/compiler/xla/stream_executor/cuda/cuda_fft.cc:609] Unable to register cuFFT factory: Attempting to register factory for plugin cuFFT when one has already been registered
2025-03-17 05:22:27.842610: E tensorflow/compiler/xla/stream_executor/cuda/cuda_blas.cc:1518] Unable to register cuBLAS factory: Attempting to register factory for plugin cuBLAS when one has already been registered
2025-03-17 05:22:27.843810: I tensorflow/tsl/cuda/cudart_stub.cc:28] Could not find cuda drivers on your machine, GPU will not be used.
2025-03-17 05:22:27.843807: I tensorflow/tsl/cuda/cudart_stub.cc:28] Could not find cuda drivers on your machine, GPU will not be used.
2025-03-17 05:22:27.845023: E tensorflow/compiler/xla/stream_executor/cuda/cuda_dnn.cc:9342] Unable to register cuDNN factory: Attempting to register factory for plugin cuDNN when one has already been registered
2025-03-17 05:22:27.845043: E tensorflow/compiler/xla/stream_executor/cuda/cuda_fft.cc:609] Unable to register cuFFT factory: Attempting to register factory for plugin cuFFT when one has already been registered
2025-03-17 05:22:27.845069: E tensorflow/compiler/xla/stream_executor/cuda/cuda_blas.cc:1518] Unable to register cuBLAS factory: Attempting to register factory for plugin cuBLAS when one has already been registered
2025-03-17 05:22:27.849798: E tensorflow/compiler/xla/stream_executor/cuda/cuda_dnn.cc:9342] Unable to register cuDNN factory: Attempting to register factory for plugin cuDNN when one has already been registered
2025-03-17 05:22:27.849829: E tensorflow/compiler/xla/stream_executor/cuda/cuda_fft.cc:609] Unable to register cuFFT factory: Attempting to register factory for plugin cuFFT when one has already been registered
2025-03-17 05:22:27.849798: E tensorflow/compiler/xla/stream_executor/cuda/cuda_dnn.cc:9342] Unable to register cuDNN factory: Attempting to register factory for plugin cuDNN when one has already been registered
2025-03-17 05:22:27.849827: E tensorflow/compiler/xla/stream_executor/cuda/cuda_fft.cc:609] Unable to register cuFFT factory: Attempting to register factory for plugin cuFFT when one has already been registered
2025-03-17 05:22:27.849858: E tensorflow/compiler/xla/stream_executor/cuda/cuda_blas.cc:1518] Unable to register cuBLAS factory: Attempting to register factory for plugin cuBLAS when one has already been registered
2025-03-17 05:22:27.849792: E tensorflow/compiler/xla/stream_executor/cuda/cuda_dnn.cc:9342] Unable to register cuDNN factory: Attempting to register factory for plugin cuDNN when one has already been registered
2025-03-17 05:22:27.849813: E tensorflow/compiler/xla/stream_executor/cuda/cuda_fft.cc:609] Unable to register cuFFT factory: Attempting to register factory for plugin cuFFT when one has already been registered
2025-03-17 05:22:27.849844: E tensorflow/compiler/xla/stream_executor/cuda/cuda_blas.cc:1518] Unable to register cuBLAS factory: Attempting to register factory for plugin cuBLAS when one has already been registered
2025-03-17 05:22:27.849855: E tensorflow/compiler/xla/stream_executor/cuda/cuda_blas.cc:1518] Unable to register cuBLAS factory: Attempting to register factory for plugin cuBLAS when one has already been registered
2025-03-17 05:22:27.852231: E tensorflow/compiler/xla/stream_executor/cuda/cuda_dnn.cc:9342] Unable to register cuDNN factory: Attempting to register factory for plugin cuDNN when one has already been registered
2025-03-17 05:22:27.852258: E tensorflow/compiler/xla/stream_executor/cuda/cuda_fft.cc:609] Unable to register cuFFT factory: Attempting to register factory for plugin cuFFT when one has already been registered
2025-03-17 05:22:27.852283: E tensorflow/compiler/xla/stream_executor/cuda/cuda_blas.cc:1518] Unable to register cuBLAS factory: Attempting to register factory for plugin cuBLAS when one has already been registered
2025-03-17 05:22:27.852232: E tensorflow/compiler/xla/stream_executor/cuda/cuda_dnn.cc:9342] Unable to register cuDNN factory: Attempting to register factory for plugin cuDNN when one has already been registered
2025-03-17 05:22:27.852258: E tensorflow/compiler/xla/stream_executor/cuda/cuda_fft.cc:609] Unable to register cuFFT factory: Attempting to register factory for plugin cuFFT when one has already been registered
2025-03-17 05:22:27.852283: E tensorflow/compiler/xla/stream_executor/cuda/cuda_blas.cc:1518] Unable to register cuBLAS factory: Attempting to register factory for plugin cuBLAS when one has already been registered
2025-03-17 05:22:27.852962: E tensorflow/compiler/xla/stream_executor/cuda/cuda_dnn.cc:9342] Unable to register cuDNN factory: Attempting to register factory for plugin cuDNN when one has already been registered
2025-03-17 05:22:27.852985: E tensorflow/compiler/xla/stream_executor/cuda/cuda_fft.cc:609] Unable to register cuFFT factory: Attempting to register factory for plugin cuFFT when one has already been registered
2025-03-17 05:22:27.853011: E tensorflow/compiler/xla/stream_executor/cuda/cuda_blas.cc:1518] Unable to register cuBLAS factory: Attempting to register factory for plugin cuBLAS when one has already been registered
2025-03-17 05:22:27.852965: E tensorflow/compiler/xla/stream_executor/cuda/cuda_dnn.cc:9342] Unable to register cuDNN factory: Attempting to register factory for plugin cuDNN when one has already been registered
2025-03-17 05:22:27.852988: E tensorflow/compiler/xla/stream_executor/cuda/cuda_fft.cc:609] Unable to register cuFFT factory: Attempting to register factory for plugin cuFFT when one has already been registered
2025-03-17 05:22:27.853011: E tensorflow/compiler/xla/stream_executor/cuda/cuda_blas.cc:1518] Unable to register cuBLAS factory: Attempting to register factory for plugin cuBLAS when one has already been registered
2025-03-17 05:22:27.853825: E tensorflow/compiler/xla/stream_executor/cuda/cuda_dnn.cc:9342] Unable to register cuDNN factory: Attempting to register factory for plugin cuDNN when one has already been registered
2025-03-17 05:22:27.853843: E tensorflow/compiler/xla/stream_executor/cuda/cuda_fft.cc:609] Unable to register cuFFT factory: Attempting to register factory for plugin cuFFT when one has already been registered
2025-03-17 05:22:27.853865: E tensorflow/compiler/xla/stream_executor/cuda/cuda_blas.cc:1518] Unable to register cuBLAS factory: Attempting to register factory for plugin cuBLAS when one has already been registered
DeePMD-kit: Cannot find libcudart.so.11.0
implib-gen: libcudart.so.11.0: failed to load library 'libcudart.so.11.0' via callback 'DP_cudart_dlopen'
implib-gen: libcudart.so.11.0: failed to resolve symbol '__cudaRegisterFatBinary', library failed to load
implib-gen: libcudart.so.11.0: failed to load library 'libcudart.so.11.0' via callback 'DP_cudart_dlopen'
implib-gen: libcudart.so.11.0: failed to resolve symbol '__cudaRegisterFunction', library failed to load
implib-gen: libcudart.so.11.0: failed to load library 'libcudart.so.11.0' via callback 'DP_cudart_dlopen'
implib-gen: libcudart.so.11.0: failed to resolve symbol '__cudaRegisterFatBinaryEnd', library failed to load
DeePMD-kit: Cannot find libcudart.so.11.0
implib-gen: libcudart.so.11.0: failed to load library 'libcudart.so.11.0' via callback 'DP_cudart_dlopen'
implib-gen: libcudart.so.11.0: failed to resolve symbol '__cudaRegisterFatBinary', library failed to load
implib-gen: libcudart.so.11.0: failed to load library 'libcudart.so.11.0' via callback 'DP_cudart_dlopen'
implib-gen: libcudart.so.11.0: failed to resolve symbol '__cudaRegisterFunction', library failed to load
implib-gen: libcudart.so.11.0: failed to load library 'libcudart.so.11.0' via callback 'DP_cudart_dlopen'
implib-gen: libcudart.so.11.0: failed to resolve symbol '__cudaRegisterFatBinaryEnd', library failed to load
DeePMD-kit: Cannot find libcudart.so.11.0
implib-gen: libcudart.so.11.0: failed to load library 'libcudart.so.11.0' via callback 'DP_cudart_dlopen'
implib-gen: libcudart.so.11.0: failed to resolve symbol '__cudaRegisterFatBinary', library failed to load
implib-gen: libcudart.so.11.0: failed to load library 'libcudart.so.11.0' via callback 'DP_cudart_dlopen'
implib-gen: libcudart.so.11.0: failed to resolve symbol '__cudaRegisterFunction', library failed to load
implib-gen: libcudart.so.11.0: failed to load library 'libcudart.so.11.0' via callback 'DP_cudart_dlopen'
implib-gen: libcudart.so.11.0: failed to resolve symbol '__cudaRegisterFatBinaryEnd', library failed to load
DeePMD-kit: Cannot find libcudart.so.11.0
implib-gen: libcudart.so.11.0: failed to load library 'libcudart.so.11.0' via callback 'DP_cudart_dlopen'
implib-gen: libcudart.so.11.0: failed to resolve symbol '__cudaRegisterFatBinary', library failed to load
implib-gen: libcudart.so.11.0: failed to load library 'libcudart.so.11.0' via callback 'DP_cudart_dlopen'
implib-gen: libcudart.so.11.0: failed to resolve symbol '__cudaRegisterFunction', library failed to load
implib-gen: libcudart.so.11.0: failed to load library 'libcudart.so.11.0' via callback 'DP_cudart_dlopen'
implib-gen: libcudart.so.11.0: failed to resolve symbol '__cudaRegisterFatBinaryEnd', library failed to load
DeePMD-kit: Cannot find libcudart.so.11.0
implib-gen: libcudart.so.11.0: failed to load library 'libcudart.so.11.0' via callback 'DP_cudart_dlopen'
implib-gen: libcudart.so.11.0: failed to resolve symbol '__cudaRegisterFatBinary', library failed to load
implib-gen: libcudart.so.11.0: failed to load library 'libcudart.so.11.0' via callback 'DP_cudart_dlopen'
implib-gen: libcudart.so.11.0: failed to resolve symbol '__cudaRegisterFunction', library failed to load
implib-gen: libcudart.so.11.0: failed to load library 'libcudart.so.11.0' via callback 'DP_cudart_dlopen'
implib-gen: libcudart.so.11.0: failed to resolve symbol '__cudaRegisterFatBinaryEnd', library failed to load
DeePMD-kit: Cannot find libcudart.so.11.0
implib-gen: libcudart.so.11.0: failed to load library 'libcudart.so.11.0' via callback 'DP_cudart_dlopen'
implib-gen: libcudart.so.11.0: failed to resolve symbol '__cudaRegisterFatBinary', library failed to load
implib-gen: libcudart.so.11.0: failed to load library 'libcudart.so.11.0' via callback 'DP_cudart_dlopen'
implib-gen: libcudart.so.11.0: failed to resolve symbol '__cudaRegisterFunction', library failed to load
implib-gen: libcudart.so.11.0: failed to load library 'libcudart.so.11.0' via callback 'DP_cudart_dlopen'
implib-gen: libcudart.so.11.0: failed to resolve symbol '__cudaRegisterFatBinaryEnd', library failed to load
DeePMD-kit: Cannot find libcudart.so.11.0
implib-gen: libcudart.so.11.0: failed to load library 'libcudart.so.11.0' via callback 'DP_cudart_dlopen'
implib-gen: libcudart.so.11.0: failed to resolve symbol '__cudaRegisterFatBinary', library failed to load
implib-gen: libcudart.so.11.0: failed to load library 'libcudart.so.11.0' via callback 'DP_cudart_dlopen'
implib-gen: libcudart.so.11.0: failed to resolve symbol '__cudaRegisterFunction', library failed to load
implib-gen: libcudart.so.11.0: failed to load library 'libcudart.so.11.0' via callback 'DP_cudart_dlopen'
implib-gen: libcudart.so.11.0: failed to resolve symbol '__cudaRegisterFatBinaryEnd', library failed to load
DeePMD-kit: Cannot find libcudart.so.11.0
implib-gen: libcudart.so.11.0: failed to load library 'libcudart.so.11.0' via callback 'DP_cudart_dlopen'
implib-gen: libcudart.so.11.0: failed to resolve symbol '__cudaRegisterFatBinary', library failed to load
implib-gen: libcudart.so.11.0: failed to load library 'libcudart.so.11.0' via callback 'DP_cudart_dlopen'
implib-gen: libcudart.so.11.0: failed to resolve symbol '__cudaRegisterFunction', library failed to load
implib-gen: libcudart.so.11.0: failed to load library 'libcudart.so.11.0' via callback 'DP_cudart_dlopen'
implib-gen: libcudart.so.11.0: failed to resolve symbol '__cudaRegisterFatBinaryEnd', library failed to load
DeePMD-kit: Cannot find libcudart.so.11.0
implib-gen: libcudart.so.11.0: failed to load library 'libcudart.so.11.0' via callback 'DP_cudart_dlopen'
implib-gen: libcudart.so.11.0: failed to resolve symbol '__cudaRegisterFatBinary', library failed to load
implib-gen: libcudart.so.11.0: failed to load library 'libcudart.so.11.0' via callback 'DP_cudart_dlopen'
implib-gen: libcudart.so.11.0: failed to resolve symbol '__cudaRegisterFunction', library failed to load
implib-gen: libcudart.so.11.0: failed to load library 'libcudart.so.11.0' via callback 'DP_cudart_dlopen'
implib-gen: libcudart.so.11.0: failed to resolve symbol '__cudaRegisterFatBinaryEnd', library failed to load
DeePMD-kit: Cannot find libcudart.so.11.0
implib-gen: libcudart.so.11.0: failed to load library 'libcudart.so.11.0' via callback 'DP_cudart_dlopen'
implib-gen: libcudart.so.11.0: failed to resolve symbol '__cudaRegisterFatBinary', library failed to load
implib-gen: libcudart.so.11.0: failed to load library 'libcudart.so.11.0' via callback 'DP_cudart_dlopen'
implib-gen: libcudart.so.11.0: failed to resolve symbol '__cudaRegisterFunction', library failed to load
implib-gen: libcudart.so.11.0: failed to load library 'libcudart.so.11.0' via callback 'DP_cudart_dlopen'
implib-gen: libcudart.so.11.0: failed to resolve symbol '__cudaRegisterFatBinaryEnd', library failed to load
2025-03-17 05:22:27.855077: E tensorflow/compiler/xla/stream_executor/cuda/cuda_dnn.cc:9342] Unable to register cuDNN factory: Attempting to register factory for plugin cuDNN when one has already been registered
2025-03-17 05:22:27.855101: E tensorflow/compiler/xla/stream_executor/cuda/cuda_fft.cc:609] Unable to register cuFFT factory: Attempting to register factory for plugin cuFFT when one has already been registered
2025-03-17 05:22:27.855129: E tensorflow/compiler/xla/stream_executor/cuda/cuda_blas.cc:1518] Unable to register cuBLAS factory: Attempting to register factory for plugin cuBLAS when one has already been registered
2025-03-17 05:22:27.855077: E tensorflow/compiler/xla/stream_executor/cuda/cuda_dnn.cc:9342] Unable to register cuDNN factory: Attempting to register factory for plugin cuDNN when one has already been registered
2025-03-17 05:22:27.855101: E tensorflow/compiler/xla/stream_executor/cuda/cuda_fft.cc:609] Unable to register cuFFT factory: Attempting to register factory for plugin cuFFT when one has already been registered
2025-03-17 05:22:27.855127: E tensorflow/compiler/xla/stream_executor/cuda/cuda_blas.cc:1518] Unable to register cuBLAS factory: Attempting to register factory for plugin cuBLAS when one has already been registered
2025-03-17 05:22:27.857508: E tensorflow/compiler/xla/stream_executor/cuda/cuda_dnn.cc:9342] Unable to register cuDNN factory: Attempting to register factory for plugin cuDNN when one has already been registered
2025-03-17 05:22:27.857534: E tensorflow/compiler/xla/stream_executor/cuda/cuda_fft.cc:609] Unable to register cuFFT factory: Attempting to register factory for plugin cuFFT when one has already been registered
2025-03-17 05:22:27.857558: E tensorflow/compiler/xla/stream_executor/cuda/cuda_blas.cc:1518] Unable to register cuBLAS factory: Attempting to register factory for plugin cuBLAS when one has already been registered
2025-03-17 05:22:27.857503: E tensorflow/compiler/xla/stream_executor/cuda/cuda_dnn.cc:9342] Unable to register cuDNN factory: Attempting to register factory for plugin cuDNN when one has already been registered
2025-03-17 05:22:27.857534: E tensorflow/compiler/xla/stream_executor/cuda/cuda_fft.cc:609] Unable to register cuFFT factory: Attempting to register factory for plugin cuFFT when one has already been registered
2025-03-17 05:22:27.857561: E tensorflow/compiler/xla/stream_executor/cuda/cuda_blas.cc:1518] Unable to register cuBLAS factory: Attempting to register factory for plugin cuBLAS when one has already been registered
DeePMD-kit: Cannot find libcudart.so.11.0
implib-gen: libcudart.so.11.0: failed to load library 'libcudart.so.11.0' via callback 'DP_cudart_dlopen'
implib-gen: libcudart.so.11.0: failed to resolve symbol '__cudaRegisterFatBinary', library failed to load
implib-gen: libcudart.so.11.0: failed to load library 'libcudart.so.11.0' via callback 'DP_cudart_dlopen'
implib-gen: libcudart.so.11.0: failed to resolve symbol '__cudaRegisterFunction', library failed to load
implib-gen: libcudart.so.11.0: failed to load library 'libcudart.so.11.0' via callback 'DP_cudart_dlopen'
implib-gen: libcudart.so.11.0: failed to resolve symbol '__cudaRegisterFatBinaryEnd', library failed to load
2025-03-17 05:22:27.858527: E tensorflow/compiler/xla/stream_executor/cuda/cuda_dnn.cc:9342] Unable to register cuDNN factory: Attempting to register factory for plugin cuDNN when one has already been registered
2025-03-17 05:22:27.858554: E tensorflow/compiler/xla/stream_executor/cuda/cuda_fft.cc:609] Unable to register cuFFT factory: Attempting to register factory for plugin cuFFT when one has already been registered
2025-03-17 05:22:27.858527: E tensorflow/compiler/xla/stream_executor/cuda/cuda_dnn.cc:9342] Unable to register cuDNN factory: Attempting to register factory for plugin cuDNN when one has already been registered
2025-03-17 05:22:27.858557: E tensorflow/compiler/xla/stream_executor/cuda/cuda_fft.cc:609] Unable to register cuFFT factory: Attempting to register factory for plugin cuFFT when one has already been registered
2025-03-17 05:22:27.858583: E tensorflow/compiler/xla/stream_executor/cuda/cuda_blas.cc:1518] Unable to register cuBLAS factory: Attempting to register factory for plugin cuBLAS when one has already been registered
2025-03-17 05:22:27.858583: E tensorflow/compiler/xla/stream_executor/cuda/cuda_blas.cc:1518] Unable to register cuBLAS factory: Attempting to register factory for plugin cuBLAS when one has already been registered
DeePMD-kit: Cannot find libcudart.so.11.0
implib-gen: libcudart.so.11.0: failed to load library 'libcudart.so.11.0' via callback 'DP_cudart_dlopen'
implib-gen: libcudart.so.11.0: failed to resolve symbol '__cudaRegisterFatBinary', library failed to load
DeePMD-kit: Cannot find libcudart.so.11.0
implib-gen: libcudart.so.11.0: failed to load library 'libcudart.so.11.0' via callback 'DP_cudart_dlopen'
implib-gen: libcudart.so.11.0: failed to resolve symbol '__cudaRegisterFatBinary', library failed to load
implib-gen: libcudart.so.11.0: failed to load library 'libcudart.so.11.0' via callback 'DP_cudart_dlopen'
implib-gen: libcudart.so.11.0: failed to resolve symbol '__cudaRegisterFunction', library failed to load
implib-gen: libcudart.so.11.0: failed to load library 'libcudart.so.11.0' via callback 'DP_cudart_dlopen'
implib-gen: libcudart.so.11.0: failed to resolve symbol '__cudaRegisterFatBinaryEnd', library failed to load
implib-gen: libcudart.so.11.0: failed to load library 'libcudart.so.11.0' via callback 'DP_cudart_dlopen'
implib-gen: libcudart.so.11.0: failed to resolve symbol '__cudaRegisterFunction', library failed to load
implib-gen: libcudart.so.11.0: failed to load library 'libcudart.so.11.0' via callback 'DP_cudart_dlopen'
implib-gen: libcudart.so.11.0: failed to resolve symbol '__cudaRegisterFatBinaryEnd', library failed to load
2025-03-17 05:22:27.870536: I tensorflow/tsl/cuda/cudart_stub.cc:28] Could not find cuda drivers on your machine, GPU will not be used.
2025-03-17 05:22:27.870541: I tensorflow/tsl/cuda/cudart_stub.cc:28] Could not find cuda drivers on your machine, GPU will not be used.
2025-03-17 05:22:27.870557: I tensorflow/tsl/cuda/cudart_stub.cc:28] Could not find cuda drivers on your machine, GPU will not be used.
2025-03-17 05:22:27.870560: I tensorflow/tsl/cuda/cudart_stub.cc:28] Could not find cuda drivers on your machine, GPU will not be used.
2025-03-17 05:22:27.870803: I tensorflow/tsl/cuda/cudart_stub.cc:28] Could not find cuda drivers on your machine, GPU will not be used.
2025-03-17 05:22:27.870801: I tensorflow/tsl/cuda/cudart_stub.cc:28] Could not find cuda drivers on your machine, GPU will not be used.
2025-03-17 05:22:27.874446: I tensorflow/tsl/cuda/cudart_stub.cc:28] Could not find cuda drivers on your machine, GPU will not be used.
2025-03-17 05:22:27.874422: I tensorflow/tsl/cuda/cudart_stub.cc:28] Could not find cuda drivers on your machine, GPU will not be used.
2025-03-17 05:22:27.876353: I tensorflow/tsl/cuda/cudart_stub.cc:28] Could not find cuda drivers on your machine, GPU will not be used.
2025-03-17 05:22:27.876357: I tensorflow/tsl/cuda/cudart_stub.cc:28] Could not find cuda drivers on your machine, GPU will not be used.
2025-03-17 05:22:27.876438: I tensorflow/tsl/cuda/cudart_stub.cc:28] Could not find cuda drivers on your machine, GPU will not be used.
2025-03-17 05:22:27.876437: I tensorflow/tsl/cuda/cudart_stub.cc:28] Could not find cuda drivers on your machine, GPU will not be used.
2025-03-17 05:22:27.876432: I tensorflow/tsl/cuda/cudart_stub.cc:28] Could not find cuda drivers on your machine, GPU will not be used.
2025-03-17 05:22:27.877589: I tensorflow/tsl/cuda/cudart_stub.cc:28] Could not find cuda drivers on your machine, GPU will not be used.
2025-03-17 05:22:27.878321: I tensorflow/tsl/cuda/cudart_stub.cc:28] Could not find cuda drivers on your machine, GPU will not be used.
2025-03-17 05:22:27.880659: I tensorflow/tsl/cuda/cudart_stub.cc:28] Could not find cuda drivers on your machine, GPU will not be used.
2025-03-17 05:22:27.883570: I tensorflow/tsl/cuda/cudart_stub.cc:28] Could not find cuda drivers on your machine, GPU will not be used.
2025-03-17 05:22:27.883600: I tensorflow/tsl/cuda/cudart_stub.cc:28] Could not find cuda drivers on your machine, GPU will not be used.
2025-03-17 05:22:27.883603: I tensorflow/tsl/cuda/cudart_stub.cc:28] Could not find cuda drivers on your machine, GPU will not be used.
2025-03-17 05:22:27.883663: I tensorflow/tsl/cuda/cudart_stub.cc:28] Could not find cuda drivers on your machine, GPU will not be used.
2025-03-17 05:22:27.883662: I tensorflow/tsl/cuda/cudart_stub.cc:28] Could not find cuda drivers on your machine, GPU will not be used.
2025-03-17 05:22:27.885025: I tensorflow/tsl/cuda/cudart_stub.cc:28] Could not find cuda drivers on your machine, GPU will not be used.
2025-03-17 05:22:27.885458: I tensorflow/tsl/cuda/cudart_stub.cc:28] Could not find cuda drivers on your machine, GPU will not be used.
2025-03-17 05:22:27.886335: I tensorflow/tsl/cuda/cudart_stub.cc:28] Could not find cuda drivers on your machine, GPU will not be used.
2025-03-17 05:22:27.888905: I tensorflow/tsl/cuda/cudart_stub.cc:28] Could not find cuda drivers on your machine, GPU will not be used.
2025-03-17 05:22:27.888905: I tensorflow/tsl/cuda/cudart_stub.cc:28] Could not find cuda drivers on your machine, GPU will not be used.
2025-03-17 05:22:27.891762: I tensorflow/tsl/cuda/cudart_stub.cc:28] Could not find cuda drivers on your machine, GPU will not be used.
2025-03-17 05:22:27.891762: I tensorflow/tsl/cuda/cudart_stub.cc:28] Could not find cuda drivers on your machine, GPU will not be used.
2025-03-17 05:22:27.891752: I tensorflow/tsl/cuda/cudart_stub.cc:28] Could not find cuda drivers on your machine, GPU will not be used.
2025-03-17 05:22:27.891758: I tensorflow/tsl/cuda/cudart_stub.cc:28] Could not find cuda drivers on your machine, GPU will not be used.
2025-03-17 05:22:27.897467: I tensorflow/tsl/cuda/cudart_stub.cc:28] Could not find cuda drivers on your machine, GPU will not be used.
2025-03-17 05:22:27.897467: I tensorflow/tsl/cuda/cudart_stub.cc:28] Could not find cuda drivers on your machine, GPU will not be used.
2025-03-17 05:22:27.898096: E tensorflow/compiler/xla/stream_executor/cuda/cuda_dnn.cc:9342] Unable to register cuDNN factory: Attempting to register factory for plugin cuDNN when one has already been registered
2025-03-17 05:22:27.898118: E tensorflow/compiler/xla/stream_executor/cuda/cuda_fft.cc:609] Unable to register cuFFT factory: Attempting to register factory for plugin cuFFT when one has already been registered
2025-03-17 05:22:27.898152: E tensorflow/compiler/xla/stream_executor/cuda/cuda_blas.cc:1518] Unable to register cuBLAS factory: Attempting to register factory for plugin cuBLAS when one has already been registered
2025-03-17 05:22:27.898099: E tensorflow/compiler/xla/stream_executor/cuda/cuda_dnn.cc:9342] Unable to register cuDNN factory: Attempting to register factory for plugin cuDNN when one has already been registered
2025-03-17 05:22:27.898118: E tensorflow/compiler/xla/stream_executor/cuda/cuda_fft.cc:609] Unable to register cuFFT factory: Attempting to register factory for plugin cuFFT when one has already been registered
2025-03-17 05:22:27.898152: E tensorflow/compiler/xla/stream_executor/cuda/cuda_blas.cc:1518] Unable to register cuBLAS factory: Attempting to register factory for plugin cuBLAS when one has already been registered
2025-03-17 05:22:27.898101: E tensorflow/compiler/xla/stream_executor/cuda/cuda_dnn.cc:9342] Unable to register cuDNN factory: Attempting to register factory for plugin cuDNN when one has already been registered
2025-03-17 05:22:27.898119: E tensorflow/compiler/xla/stream_executor/cuda/cuda_fft.cc:609] Unable to register cuFFT factory: Attempting to register factory for plugin cuFFT when one has already been registered
2025-03-17 05:22:27.898151: E tensorflow/compiler/xla/stream_executor/cuda/cuda_blas.cc:1518] Unable to register cuBLAS factory: Attempting to register factory for plugin cuBLAS when one has already been registered
2025-03-17 05:22:27.898099: E tensorflow/compiler/xla/stream_executor/cuda/cuda_dnn.cc:9342] Unable to register cuDNN factory: Attempting to register factory for plugin cuDNN when one has already been registered
2025-03-17 05:22:27.898119: E tensorflow/compiler/xla/stream_executor/cuda/cuda_fft.cc:609] Unable to register cuFFT factory: Attempting to register factory for plugin cuFFT when one has already been registered
2025-03-17 05:22:27.898149: E tensorflow/compiler/xla/stream_executor/cuda/cuda_blas.cc:1518] Unable to register cuBLAS factory: Attempting to register factory for plugin cuBLAS when one has already been registered
DeePMD-kit: Cannot find libcudart.so.11.0
implib-gen: libcudart.so.11.0: failed to load library 'libcudart.so.11.0' via callback 'DP_cudart_dlopen'
implib-gen: libcudart.so.11.0: failed to resolve symbol '__cudaRegisterFatBinary', library failed to load
implib-gen: libcudart.so.11.0: failed to load library 'libcudart.so.11.0' via callback 'DP_cudart_dlopen'
implib-gen: libcudart.so.11.0: failed to resolve symbol '__cudaRegisterFunction', library failed to load
implib-gen: libcudart.so.11.0: failed to load library 'libcudart.so.11.0' via callback 'DP_cudart_dlopen'
implib-gen: libcudart.so.11.0: failed to resolve symbol '__cudaRegisterFatBinaryEnd', library failed to load
DeePMD-kit: Cannot find libcudart.so.11.0
implib-gen: libcudart.so.11.0: failed to load library 'libcudart.so.11.0' via callback 'DP_cudart_dlopen'
implib-gen: libcudart.so.11.0: failed to resolve symbol '__cudaRegisterFatBinary', library failed to load
implib-gen: libcudart.so.11.0: failed to load library 'libcudart.so.11.0' via callback 'DP_cudart_dlopen'
implib-gen: libcudart.so.11.0: failed to resolve symbol '__cudaRegisterFunction', library failed to load
implib-gen: libcudart.so.11.0: failed to load library 'libcudart.so.11.0' via callback 'DP_cudart_dlopen'
implib-gen: libcudart.so.11.0: failed to resolve symbol '__cudaRegisterFatBinaryEnd', library failed to load
DeePMD-kit: Cannot find libcudart.so.11.0
implib-gen: libcudart.so.11.0: failed to load library 'libcudart.so.11.0' via callback 'DP_cudart_dlopen'
implib-gen: libcudart.so.11.0: failed to resolve symbol '__cudaRegisterFatBinary', library failed to load
implib-gen: libcudart.so.11.0: failed to load library 'libcudart.so.11.0' via callback 'DP_cudart_dlopen'
implib-gen: libcudart.so.11.0: failed to resolve symbol '__cudaRegisterFunction', library failed to load
implib-gen: libcudart.so.11.0: failed to load library 'libcudart.so.11.0' via callback 'DP_cudart_dlopen'
implib-gen: libcudart.so.11.0: failed to resolve symbol '__cudaRegisterFatBinaryEnd', library failed to load
DeePMD-kit: Cannot find libcudart.so.11.0
implib-gen: libcudart.so.11.0: failed to load library 'libcudart.so.11.0' via callback 'DP_cudart_dlopen'
implib-gen: libcudart.so.11.0: failed to resolve symbol '__cudaRegisterFatBinary', library failed to load
implib-gen: libcudart.so.11.0: failed to load library 'libcudart.so.11.0' via callback 'DP_cudart_dlopen'
implib-gen: libcudart.so.11.0: failed to resolve symbol '__cudaRegisterFunction', library failed to load
implib-gen: libcudart.so.11.0: failed to load library 'libcudart.so.11.0' via callback 'DP_cudart_dlopen'
implib-gen: libcudart.so.11.0: failed to resolve symbol '__cudaRegisterFatBinaryEnd', library failed to load
2025-03-17 05:22:27.861869: E tensorflow/compiler/xla/stream_executor/cuda/cuda_dnn.cc:9342] Unable to register cuDNN factory: Attempting to register factory for plugin cuDNN when one has already been registered
2025-03-17 05:22:27.861894: E tensorflow/compiler/xla/stream_executor/cuda/cuda_fft.cc:609] Unable to register cuFFT factory: Attempting to register factory for plugin cuFFT when one has already been registered
2025-03-17 05:22:27.861923: E tensorflow/compiler/xla/stream_executor/cuda/cuda_blas.cc:1518] Unable to register cuBLAS factory: Attempting to register factory for plugin cuBLAS when one has already been registered
2025-03-17 05:22:27.861871: E tensorflow/compiler/xla/stream_executor/cuda/cuda_dnn.cc:9342] Unable to register cuDNN factory: Attempting to register factory for plugin cuDNN when one has already been registered
2025-03-17 05:22:27.861894: E tensorflow/compiler/xla/stream_executor/cuda/cuda_fft.cc:609] Unable to register cuFFT factory: Attempting to register factory for plugin cuFFT when one has already been registered
2025-03-17 05:22:27.861923: E tensorflow/compiler/xla/stream_executor/cuda/cuda_blas.cc:1518] Unable to register cuBLAS factory: Attempting to register factory for plugin cuBLAS when one has already been registered
DeePMD-kit: Cannot find libcudart.so.11.0
implib-gen: libcudart.so.11.0: failed to load library 'libcudart.so.11.0' via callback 'DP_cudart_dlopen'
implib-gen: libcudart.so.11.0: failed to resolve symbol '__cudaRegisterFatBinary', library failed to load
implib-gen: libcudart.so.11.0: failed to load library 'libcudart.so.11.0' via callback 'DP_cudart_dlopen'
implib-gen: libcudart.so.11.0: failed to resolve symbol '__cudaRegisterFunction', library failed to load
implib-gen: libcudart.so.11.0: failed to load library 'libcudart.so.11.0' via callback 'DP_cudart_dlopen'
implib-gen: libcudart.so.11.0: failed to resolve symbol '__cudaRegisterFatBinaryEnd', library failed to load
2025-03-17 05:22:27.898925: E tensorflow/compiler/xla/stream_executor/cuda/cuda_dnn.cc:9342] Unable to register cuDNN factory: Attempting to register factory for plugin cuDNN when one has already been registered
2025-03-17 05:22:27.898944: E tensorflow/compiler/xla/stream_executor/cuda/cuda_fft.cc:609] Unable to register cuFFT factory: Attempting to register factory for plugin cuFFT when one has already been registered
2025-03-17 05:22:27.898968: E tensorflow/compiler/xla/stream_executor/cuda/cuda_blas.cc:1518] Unable to register cuBLAS factory: Attempting to register factory for plugin cuBLAS when one has already been registered
2025-03-17 05:22:27.862389: E tensorflow/compiler/xla/stream_executor/cuda/cuda_dnn.cc:9342] Unable to register cuDNN factory: Attempting to register factory for plugin cuDNN when one has already been registered
2025-03-17 05:22:27.862413: E tensorflow/compiler/xla/stream_executor/cuda/cuda_fft.cc:609] Unable to register cuFFT factory: Attempting to register factory for plugin cuFFT when one has already been registered
2025-03-17 05:22:27.862440: E tensorflow/compiler/xla/stream_executor/cuda/cuda_blas.cc:1518] Unable to register cuBLAS factory: Attempting to register factory for plugin cuBLAS when one has already been registered
2025-03-17 05:22:27.862386: E tensorflow/compiler/xla/stream_executor/cuda/cuda_dnn.cc:9342] Unable to register cuDNN factory: Attempting to register factory for plugin cuDNN when one has already been registered
2025-03-17 05:22:27.862413: E tensorflow/compiler/xla/stream_executor/cuda/cuda_fft.cc:609] Unable to register cuFFT factory: Attempting to register factory for plugin cuFFT when one has already been registered
2025-03-17 05:22:27.862439: E tensorflow/compiler/xla/stream_executor/cuda/cuda_blas.cc:1518] Unable to register cuBLAS factory: Attempting to register factory for plugin cuBLAS when one has already been registered
2025-03-17 05:22:27.898923: E tensorflow/compiler/xla/stream_executor/cuda/cuda_dnn.cc:9342] Unable to register cuDNN factory: Attempting to register factory for plugin cuDNN when one has already been registered
2025-03-17 05:22:27.898946: E tensorflow/compiler/xla/stream_executor/cuda/cuda_fft.cc:609] Unable to register cuFFT factory: Attempting to register factory for plugin cuFFT when one has already been registered
2025-03-17 05:22:27.898966: E tensorflow/compiler/xla/stream_executor/cuda/cuda_blas.cc:1518] Unable to register cuBLAS factory: Attempting to register factory for plugin cuBLAS when one has already been registered
DeePMD-kit: Cannot find libcudart.so.11.0
implib-gen: libcudart.so.11.0: failed to load library 'libcudart.so.11.0' via callback 'DP_cudart_dlopen'
implib-gen: libcudart.so.11.0: failed to resolve symbol '__cudaRegisterFatBinary', library failed to load
implib-gen: libcudart.so.11.0: failed to load library 'libcudart.so.11.0' via callback 'DP_cudart_dlopen'
implib-gen: libcudart.so.11.0: failed to resolve symbol '__cudaRegisterFunction', library failed to load
implib-gen: libcudart.so.11.0: failed to load library 'libcudart.so.11.0' via callback 'DP_cudart_dlopen'
implib-gen: libcudart.so.11.0: failed to resolve symbol '__cudaRegisterFatBinaryEnd', library failed to load
DeePMD-kit: Cannot find libcudart.so.11.0
implib-gen: libcudart.so.11.0: failed to load library 'libcudart.so.11.0' via callback 'DP_cudart_dlopen'
implib-gen: libcudart.so.11.0: failed to resolve symbol '__cudaRegisterFatBinary', library failed to load
implib-gen: libcudart.so.11.0: failed to load library 'libcudart.so.11.0' via callback 'DP_cudart_dlopen'
implib-gen: libcudart.so.11.0: failed to resolve symbol '__cudaRegisterFunction', library failed to load
implib-gen: libcudart.so.11.0: failed to load library 'libcudart.so.11.0' via callback 'DP_cudart_dlopen'
implib-gen: libcudart.so.11.0: failed to resolve symbol '__cudaRegisterFatBinaryEnd', library failed to load
2025-03-17 05:22:27.865317: E tensorflow/compiler/xla/stream_executor/cuda/cuda_dnn.cc:9342] Unable to register cuDNN factory: Attempting to register factory for plugin cuDNN when one has already been registered
2025-03-17 05:22:27.865336: E tensorflow/compiler/xla/stream_executor/cuda/cuda_fft.cc:609] Unable to register cuFFT factory: Attempting to register factory for plugin cuFFT when one has already been registered
2025-03-17 05:22:27.865357: E tensorflow/compiler/xla/stream_executor/cuda/cuda_blas.cc:1518] Unable to register cuBLAS factory: Attempting to register factory for plugin cuBLAS when one has already been registered
DeePMD-kit: Cannot find libcudart.so.11.0
DeePMD-kit: Cannot find libcudart.so.11.0
implib-gen: libcudart.so.11.0: failed to load library 'libcudart.so.11.0' via callback 'DP_cudart_dlopen'
implib-gen: libcudart.so.11.0: failed to resolve symbol '__cudaRegisterFatBinary', library failed to load
implib-gen: libcudart.so.11.0: failed to load library 'libcudart.so.11.0' via callback 'DP_cudart_dlopen'
implib-gen: libcudart.so.11.0: failed to resolve symbol '__cudaRegisterFunction', library failed to load
implib-gen: libcudart.so.11.0: failed to load library 'libcudart.so.11.0' via callback 'DP_cudart_dlopen'
implib-gen: libcudart.so.11.0: failed to resolve symbol '__cudaRegisterFatBinaryEnd', library failed to load
implib-gen: libcudart.so.11.0: failed to load library 'libcudart.so.11.0' via callback 'DP_cudart_dlopen'
implib-gen: libcudart.so.11.0: failed to resolve symbol '__cudaRegisterFatBinary', library failed to load
implib-gen: libcudart.so.11.0: failed to load library 'libcudart.so.11.0' via callback 'DP_cudart_dlopen'
implib-gen: libcudart.so.11.0: failed to resolve symbol '__cudaRegisterFunction', library failed to load
implib-gen: libcudart.so.11.0: failed to load library 'libcudart.so.11.0' via callback 'DP_cudart_dlopen'
implib-gen: libcudart.so.11.0: failed to resolve symbol '__cudaRegisterFatBinaryEnd', library failed to load
2025-03-17 05:22:27.866881: E tensorflow/compiler/xla/stream_executor/cuda/cuda_dnn.cc:9342] Unable to register cuDNN factory: Attempting to register factory for plugin cuDNN when one has already been registered
2025-03-17 05:22:27.866900: E tensorflow/compiler/xla/stream_executor/cuda/cuda_fft.cc:609] Unable to register cuFFT factory: Attempting to register factory for plugin cuFFT when one has already been registered
2025-03-17 05:22:27.866921: E tensorflow/compiler/xla/stream_executor/cuda/cuda_blas.cc:1518] Unable to register cuBLAS factory: Attempting to register factory for plugin cuBLAS when one has already been registered
DeePMD-kit: Cannot find libcudart.so.11.0
implib-gen: libcudart.so.11.0: failed to load library 'libcudart.so.11.0' via callback 'DP_cudart_dlopen'
implib-gen: libcudart.so.11.0: failed to resolve symbol '__cudaRegisterFatBinary', library failed to load
implib-gen: libcudart.so.11.0: failed to load library 'libcudart.so.11.0' via callback 'DP_cudart_dlopen'
implib-gen: libcudart.so.11.0: failed to resolve symbol '__cudaRegisterFunction', library failed to load
implib-gen: libcudart.so.11.0: failed to load library 'libcudart.so.11.0' via callback 'DP_cudart_dlopen'
implib-gen: libcudart.so.11.0: failed to resolve symbol '__cudaRegisterFatBinaryEnd', library failed to load
DeePMD-kit: Cannot find libcudart.so.11.0
implib-gen: libcudart.so.11.0: failed to load library 'libcudart.so.11.0' via callback 'DP_cudart_dlopen'
implib-gen: libcudart.so.11.0: failed to resolve symbol '__cudaRegisterFatBinary', library failed to load
implib-gen: libcudart.so.11.0: failed to load library 'libcudart.so.11.0' via callback 'DP_cudart_dlopen'
implib-gen: libcudart.so.11.0: failed to resolve symbol '__cudaRegisterFunction', library failed to load
implib-gen: libcudart.so.11.0: failed to load library 'libcudart.so.11.0' via callback 'DP_cudart_dlopen'
implib-gen: libcudart.so.11.0: failed to resolve symbol '__cudaRegisterFatBinaryEnd', library failed to load
DeePMD-kit: Cannot find libcudart.so.11.0
implib-gen: libcudart.so.11.0: failed to load library 'libcudart.so.11.0' via callback 'DP_cudart_dlopen'
implib-gen: libcudart.so.11.0: failed to resolve symbol '__cudaRegisterFatBinary', library failed to load
implib-gen: libcudart.so.11.0: failed to load library 'libcudart.so.11.0' via callback 'DP_cudart_dlopen'
implib-gen: libcudart.so.11.0: failed to resolve symbol '__cudaRegisterFunction', library failed to load
implib-gen: libcudart.so.11.0: failed to load library 'libcudart.so.11.0' via callback 'DP_cudart_dlopen'
implib-gen: libcudart.so.11.0: failed to resolve symbol '__cudaRegisterFatBinaryEnd', library failed to load
DeePMD-kit: Cannot find libcudart.so.11.0
implib-gen: libcudart.so.11.0: failed to load library 'libcudart.so.11.0' via callback 'DP_cudart_dlopen'
implib-gen: libcudart.so.11.0: failed to resolve symbol '__cudaRegisterFatBinary', library failed to load
implib-gen: libcudart.so.11.0: failed to load library 'libcudart.so.11.0' via callback 'DP_cudart_dlopen'
implib-gen: libcudart.so.11.0: failed to resolve symbol '__cudaRegisterFunction', library failed to load
implib-gen: libcudart.so.11.0: failed to load library 'libcudart.so.11.0' via callback 'DP_cudart_dlopen'
implib-gen: libcudart.so.11.0: failed to resolve symbol '__cudaRegisterFatBinaryEnd', library failed to load
DeePMD-kit: Cannot find libcudart.so.11.0
implib-gen: libcudart.so.11.0: failed to load library 'libcudart.so.11.0' via callback 'DP_cudart_dlopen'
implib-gen: libcudart.so.11.0: failed to resolve symbol '__cudaRegisterFatBinary', library failed to load
implib-gen: libcudart.so.11.0: failed to load library 'libcudart.so.11.0' via callback 'DP_cudart_dlopen'
implib-gen: libcudart.so.11.0: failed to resolve symbol '__cudaRegisterFunction', library failed to load
implib-gen: libcudart.so.11.0: failed to load library 'libcudart.so.11.0' via callback 'DP_cudart_dlopen'
implib-gen: libcudart.so.11.0: failed to resolve symbol '__cudaRegisterFatBinaryEnd', library failed to load
DeePMD-kit: Cannot find libcudart.so.11.0
implib-gen: libcudart.so.11.0: failed to load library 'libcudart.so.11.0' via callback 'DP_cudart_dlopen'
implib-gen: libcudart.so.11.0: failed to resolve symbol '__cudaRegisterFatBinary', library failed to load
implib-gen: libcudart.so.11.0: failed to load library 'libcudart.so.11.0' via callback 'DP_cudart_dlopen'
implib-gen: libcudart.so.11.0: failed to resolve symbol '__cudaRegisterFunction', library failed to load
implib-gen: libcudart.so.11.0: failed to load library 'libcudart.so.11.0' via callback 'DP_cudart_dlopen'
implib-gen: libcudart.so.11.0: failed to resolve symbol '__cudaRegisterFatBinaryEnd', library failed to load
2025-03-17 05:22:27.872168: E tensorflow/compiler/xla/stream_executor/cuda/cuda_dnn.cc:9342] Unable to register cuDNN factory: Attempting to register factory for plugin cuDNN when one has already been registered
2025-03-17 05:22:27.872193: E tensorflow/compiler/xla/stream_executor/cuda/cuda_fft.cc:609] Unable to register cuFFT factory: Attempting to register factory for plugin cuFFT when one has already been registered
2025-03-17 05:22:27.872228: E tensorflow/compiler/xla/stream_executor/cuda/cuda_blas.cc:1518] Unable to register cuBLAS factory: Attempting to register factory for plugin cuBLAS when one has already been registered
2025-03-17 05:22:27.872167: E tensorflow/compiler/xla/stream_executor/cuda/cuda_dnn.cc:9342] Unable to register cuDNN factory: Attempting to register factory for plugin cuDNN when one has already been registered
2025-03-17 05:22:27.872194: E tensorflow/compiler/xla/stream_executor/cuda/cuda_fft.cc:609] Unable to register cuFFT factory: Attempting to register factory for plugin cuFFT when one has already been registered
2025-03-17 05:22:27.872228: E tensorflow/compiler/xla/stream_executor/cuda/cuda_blas.cc:1518] Unable to register cuBLAS factory: Attempting to register factory for plugin cuBLAS when one has already been registered
DeePMD-kit: Cannot find libcudart.so.11.0
implib-gen: libcudart.so.11.0: failed to load library 'libcudart.so.11.0' via callback 'DP_cudart_dlopen'
implib-gen: libcudart.so.11.0: failed to resolve symbol '__cudaRegisterFatBinary', library failed to load
implib-gen: libcudart.so.11.0: failed to load library 'libcudart.so.11.0' via callback 'DP_cudart_dlopen'
implib-gen: libcudart.so.11.0: failed to resolve symbol '__cudaRegisterFunction', library failed to load
implib-gen: libcudart.so.11.0: failed to load library 'libcudart.so.11.0' via callback 'DP_cudart_dlopen'
implib-gen: libcudart.so.11.0: failed to resolve symbol '__cudaRegisterFatBinaryEnd', library failed to load
DeePMD-kit: Cannot find libcudart.so.11.0
implib-gen: libcudart.so.11.0: failed to load library 'libcudart.so.11.0' via callback 'DP_cudart_dlopen'
implib-gen: libcudart.so.11.0: failed to resolve symbol '__cudaRegisterFatBinary', library failed to load
implib-gen: libcudart.so.11.0: failed to load library 'libcudart.so.11.0' via callback 'DP_cudart_dlopen'
implib-gen: libcudart.so.11.0: failed to resolve symbol '__cudaRegisterFunction', library failed to load
implib-gen: libcudart.so.11.0: failed to load library 'libcudart.so.11.0' via callback 'DP_cudart_dlopen'
implib-gen: libcudart.so.11.0: failed to resolve symbol '__cudaRegisterFatBinaryEnd', library failed to load
DeePMD-kit: Cannot find libcudart.so.11.0
implib-gen: libcudart.so.11.0: failed to load library 'libcudart.so.11.0' via callback 'DP_cudart_dlopen'
implib-gen: libcudart.so.11.0: failed to resolve symbol '__cudaRegisterFatBinary', library failed to load
implib-gen: libcudart.so.11.0: failed to load library 'libcudart.so.11.0' via callback 'DP_cudart_dlopen'
implib-gen: libcudart.so.11.0: failed to resolve symbol '__cudaRegisterFunction', library failed to load
implib-gen: libcudart.so.11.0: failed to load library 'libcudart.so.11.0' via callback 'DP_cudart_dlopen'
implib-gen: libcudart.so.11.0: failed to resolve symbol '__cudaRegisterFatBinaryEnd', library failed to load
DeePMD-kit: Cannot find libcudart.so.11.0
implib-gen: libcudart.so.11.0: failed to load library 'libcudart.so.11.0' via callback 'DP_cudart_dlopen'
implib-gen: libcudart.so.11.0: failed to resolve symbol '__cudaRegisterFatBinary', library failed to load
implib-gen: libcudart.so.11.0: failed to load library 'libcudart.so.11.0' via callback 'DP_cudart_dlopen'
implib-gen: libcudart.so.11.0: failed to resolve symbol '__cudaRegisterFunction', library failed to load
implib-gen: libcudart.so.11.0: failed to load library 'libcudart.so.11.0' via callback 'DP_cudart_dlopen'
implib-gen: libcudart.so.11.0: failed to resolve symbol '__cudaRegisterFatBinaryEnd', library failed to load
2025-03-17 05:22:27.902778: E tensorflow/compiler/xla/stream_executor/cuda/cuda_dnn.cc:9342] Unable to register cuDNN factory: Attempting to register factory for plugin cuDNN when one has already been registered
2025-03-17 05:22:27.902799: E tensorflow/compiler/xla/stream_executor/cuda/cuda_fft.cc:609] Unable to register cuFFT factory: Attempting to register factory for plugin cuFFT when one has already been registered
2025-03-17 05:22:27.902832: E tensorflow/compiler/xla/stream_executor/cuda/cuda_blas.cc:1518] Unable to register cuBLAS factory: Attempting to register factory for plugin cuBLAS when one has already been registered
2025-03-17 05:22:27.903413: E tensorflow/compiler/xla/stream_executor/cuda/cuda_dnn.cc:9342] Unable to register cuDNN factory: Attempting to register factory for plugin cuDNN when one has already been registered
2025-03-17 05:22:27.903434: E tensorflow/compiler/xla/stream_executor/cuda/cuda_fft.cc:609] Unable to register cuFFT factory: Attempting to register factory for plugin cuFFT when one has already been registered
2025-03-17 05:22:27.903459: E tensorflow/compiler/xla/stream_executor/cuda/cuda_blas.cc:1518] Unable to register cuBLAS factory: Attempting to register factory for plugin cuBLAS when one has already been registered
2025-03-17 05:22:27.903641: E tensorflow/compiler/xla/stream_executor/cuda/cuda_dnn.cc:9342] Unable to register cuDNN factory: Attempting to register factory for plugin cuDNN when one has already been registered
2025-03-17 05:22:27.903662: E tensorflow/compiler/xla/stream_executor/cuda/cuda_fft.cc:609] Unable to register cuFFT factory: Attempting to register factory for plugin cuFFT when one has already been registered
2025-03-17 05:22:27.903684: E tensorflow/compiler/xla/stream_executor/cuda/cuda_blas.cc:1518] Unable to register cuBLAS factory: Attempting to register factory for plugin cuBLAS when one has already been registered
2025-03-17 05:22:27.903641: E tensorflow/compiler/xla/stream_executor/cuda/cuda_dnn.cc:9342] Unable to register cuDNN factory: Attempting to register factory for plugin cuDNN when one has already been registered
2025-03-17 05:22:27.903662: E tensorflow/compiler/xla/stream_executor/cuda/cuda_fft.cc:609] Unable to register cuFFT factory: Attempting to register factory for plugin cuFFT when one has already been registered
2025-03-17 05:22:27.903684: E tensorflow/compiler/xla/stream_executor/cuda/cuda_blas.cc:1518] Unable to register cuBLAS factory: Attempting to register factory for plugin cuBLAS when one has already been registered
2025-03-17 05:22:27.903774: E tensorflow/compiler/xla/stream_executor/cuda/cuda_dnn.cc:9342] Unable to register cuDNN factory: Attempting to register factory for plugin cuDNN when one has already been registered
2025-03-17 05:22:27.903794: E tensorflow/compiler/xla/stream_executor/cuda/cuda_fft.cc:609] Unable to register cuFFT factory: Attempting to register factory for plugin cuFFT when one has already been registered
2025-03-17 05:22:27.903826: E tensorflow/compiler/xla/stream_executor/cuda/cuda_blas.cc:1518] Unable to register cuBLAS factory: Attempting to register factory for plugin cuBLAS when one has already been registered
2025-03-17 05:22:27.903776: E tensorflow/compiler/xla/stream_executor/cuda/cuda_dnn.cc:9342] Unable to register cuDNN factory: Attempting to register factory for plugin cuDNN when one has already been registered
2025-03-17 05:22:27.903796: E tensorflow/compiler/xla/stream_executor/cuda/cuda_fft.cc:609] Unable to register cuFFT factory: Attempting to register factory for plugin cuFFT when one has already been registered
2025-03-17 05:22:27.903826: E tensorflow/compiler/xla/stream_executor/cuda/cuda_blas.cc:1518] Unable to register cuBLAS factory: Attempting to register factory for plugin cuBLAS when one has already been registered
2025-03-17 05:22:27.904157: E tensorflow/compiler/xla/stream_executor/cuda/cuda_dnn.cc:9342] Unable to register cuDNN factory: Attempting to register factory for plugin cuDNN when one has already been registered
2025-03-17 05:22:27.904177: E tensorflow/compiler/xla/stream_executor/cuda/cuda_fft.cc:609] Unable to register cuFFT factory: Attempting to register factory for plugin cuFFT when one has already been registered
2025-03-17 05:22:27.904198: E tensorflow/compiler/xla/stream_executor/cuda/cuda_blas.cc:1518] Unable to register cuBLAS factory: Attempting to register factory for plugin cuBLAS when one has already been registered
2025-03-17 05:22:27.905510: E tensorflow/compiler/xla/stream_executor/cuda/cuda_dnn.cc:9342] Unable to register cuDNN factory: Attempting to register factory for plugin cuDNN when one has already been registered
2025-03-17 05:22:27.905530: E tensorflow/compiler/xla/stream_executor/cuda/cuda_fft.cc:609] Unable to register cuFFT factory: Attempting to register factory for plugin cuFFT when one has already been registered
2025-03-17 05:22:27.905554: E tensorflow/compiler/xla/stream_executor/cuda/cuda_blas.cc:1518] Unable to register cuBLAS factory: Attempting to register factory for plugin cuBLAS when one has already been registered
2025-03-17 05:22:27.906358: E tensorflow/compiler/xla/stream_executor/cuda/cuda_dnn.cc:9342] Unable to register cuDNN factory: Attempting to register factory for plugin cuDNN when one has already been registered
2025-03-17 05:22:27.906379: E tensorflow/compiler/xla/stream_executor/cuda/cuda_fft.cc:609] Unable to register cuFFT factory: Attempting to register factory for plugin cuFFT when one has already been registered
2025-03-17 05:22:27.906405: E tensorflow/compiler/xla/stream_executor/cuda/cuda_blas.cc:1518] Unable to register cuBLAS factory: Attempting to register factory for plugin cuBLAS when one has already been registered
2025-03-17 05:22:27.907696: E tensorflow/compiler/xla/stream_executor/cuda/cuda_dnn.cc:9342] Unable to register cuDNN factory: Attempting to register factory for plugin cuDNN when one has already been registered
2025-03-17 05:22:27.907719: E tensorflow/compiler/xla/stream_executor/cuda/cuda_fft.cc:609] Unable to register cuFFT factory: Attempting to register factory for plugin cuFFT when one has already been registered
2025-03-17 05:22:27.907740: E tensorflow/compiler/xla/stream_executor/cuda/cuda_blas.cc:1518] Unable to register cuBLAS factory: Attempting to register factory for plugin cuBLAS when one has already been registered
2025-03-17 05:22:27.910733: E tensorflow/compiler/xla/stream_executor/cuda/cuda_dnn.cc:9342] Unable to register cuDNN factory: Attempting to register factory for plugin cuDNN when one has already been registered
2025-03-17 05:22:27.910752: E tensorflow/compiler/xla/stream_executor/cuda/cuda_fft.cc:609] Unable to register cuFFT factory: Attempting to register factory for plugin cuFFT when one has already been registered
2025-03-17 05:22:27.910777: E tensorflow/compiler/xla/stream_executor/cuda/cuda_blas.cc:1518] Unable to register cuBLAS factory: Attempting to register factory for plugin cuBLAS when one has already been registered
2025-03-17 05:22:27.910849: E tensorflow/compiler/xla/stream_executor/cuda/cuda_dnn.cc:9342] Unable to register cuDNN factory: Attempting to register factory for plugin cuDNN when one has already been registered
2025-03-17 05:22:27.910872: E tensorflow/compiler/xla/stream_executor/cuda/cuda_fft.cc:609] Unable to register cuFFT factory: Attempting to register factory for plugin cuFFT when one has already been registered
2025-03-17 05:22:27.910893: E tensorflow/compiler/xla/stream_executor/cuda/cuda_blas.cc:1518] Unable to register cuBLAS factory: Attempting to register factory for plugin cuBLAS when one has already been registered
2025-03-17 05:22:27.910846: E tensorflow/compiler/xla/stream_executor/cuda/cuda_dnn.cc:9342] Unable to register cuDNN factory: Attempting to register factory for plugin cuDNN when one has already been registered
2025-03-17 05:22:27.910870: E tensorflow/compiler/xla/stream_executor/cuda/cuda_fft.cc:609] Unable to register cuFFT factory: Attempting to register factory for plugin cuFFT when one has already been registered
2025-03-17 05:22:27.910895: E tensorflow/compiler/xla/stream_executor/cuda/cuda_blas.cc:1518] Unable to register cuBLAS factory: Attempting to register factory for plugin cuBLAS when one has already been registered
2025-03-17 05:22:27.911366: E tensorflow/compiler/xla/stream_executor/cuda/cuda_dnn.cc:9342] Unable to register cuDNN factory: Attempting to register factory for plugin cuDNN when one has already been registered
2025-03-17 05:22:27.911386: E tensorflow/compiler/xla/stream_executor/cuda/cuda_fft.cc:609] Unable to register cuFFT factory: Attempting to register factory for plugin cuFFT when one has already been registered
2025-03-17 05:22:27.911414: E tensorflow/compiler/xla/stream_executor/cuda/cuda_blas.cc:1518] Unable to register cuBLAS factory: Attempting to register factory for plugin cuBLAS when one has already been registered
2025-03-17 05:22:27.911365: E tensorflow/compiler/xla/stream_executor/cuda/cuda_dnn.cc:9342] Unable to register cuDNN factory: Attempting to register factory for plugin cuDNN when one has already been registered
2025-03-17 05:22:27.911384: E tensorflow/compiler/xla/stream_executor/cuda/cuda_fft.cc:609] Unable to register cuFFT factory: Attempting to register factory for plugin cuFFT when one has already been registered
2025-03-17 05:22:27.911412: E tensorflow/compiler/xla/stream_executor/cuda/cuda_blas.cc:1518] Unable to register cuBLAS factory: Attempting to register factory for plugin cuBLAS when one has already been registered
2025-03-17 05:22:27.911967: E tensorflow/compiler/xla/stream_executor/cuda/cuda_dnn.cc:9342] Unable to register cuDNN factory: Attempting to register factory for plugin cuDNN when one has already been registered
2025-03-17 05:22:27.911982: E tensorflow/compiler/xla/stream_executor/cuda/cuda_fft.cc:609] Unable to register cuFFT factory: Attempting to register factory for plugin cuFFT when one has already been registered
2025-03-17 05:22:27.912007: E tensorflow/compiler/xla/stream_executor/cuda/cuda_blas.cc:1518] Unable to register cuBLAS factory: Attempting to register factory for plugin cuBLAS when one has already been registered
2025-03-17 05:22:27.911962: E tensorflow/compiler/xla/stream_executor/cuda/cuda_dnn.cc:9342] Unable to register cuDNN factory: Attempting to register factory for plugin cuDNN when one has already been registered
2025-03-17 05:22:27.911980: E tensorflow/compiler/xla/stream_executor/cuda/cuda_fft.cc:609] Unable to register cuFFT factory: Attempting to register factory for plugin cuFFT when one has already been registered
2025-03-17 05:22:27.912007: E tensorflow/compiler/xla/stream_executor/cuda/cuda_blas.cc:1518] Unable to register cuBLAS factory: Attempting to register factory for plugin cuBLAS when one has already been registered
2025-03-17 05:22:27.912549: E tensorflow/compiler/xla/stream_executor/cuda/cuda_dnn.cc:9342] Unable to register cuDNN factory: Attempting to register factory for plugin cuDNN when one has already been registered
2025-03-17 05:22:27.912566: E tensorflow/compiler/xla/stream_executor/cuda/cuda_fft.cc:609] Unable to register cuFFT factory: Attempting to register factory for plugin cuFFT when one has already been registered
2025-03-17 05:22:27.912587: E tensorflow/compiler/xla/stream_executor/cuda/cuda_blas.cc:1518] Unable to register cuBLAS factory: Attempting to register factory for plugin cuBLAS when one has already been registered
DeePMD-kit: Cannot find libcudart.so.11.0
implib-gen: libcudart.so.11.0: failed to load library 'libcudart.so.11.0' via callback 'DP_cudart_dlopen'
implib-gen: libcudart.so.11.0: failed to resolve symbol '__cudaRegisterFatBinary', library failed to load
implib-gen: libcudart.so.11.0: failed to load library 'libcudart.so.11.0' via callback 'DP_cudart_dlopen'
implib-gen: libcudart.so.11.0: failed to resolve symbol '__cudaRegisterFunction', library failed to load
implib-gen: libcudart.so.11.0: failed to load library 'libcudart.so.11.0' via callback 'DP_cudart_dlopen'
implib-gen: libcudart.so.11.0: failed to resolve symbol '__cudaRegisterFatBinaryEnd', library failed to load
DeePMD-kit: Cannot find libcudart.so.11.0
implib-gen: libcudart.so.11.0: failed to load library 'libcudart.so.11.0' via callback 'DP_cudart_dlopen'
implib-gen: libcudart.so.11.0: failed to resolve symbol '__cudaRegisterFatBinary', library failed to load
implib-gen: libcudart.so.11.0: failed to load library 'libcudart.so.11.0' via callback 'DP_cudart_dlopen'
implib-gen: libcudart.so.11.0: failed to resolve symbol '__cudaRegisterFunction', library failed to load
implib-gen: libcudart.so.11.0: failed to load library 'libcudart.so.11.0' via callback 'DP_cudart_dlopen'
implib-gen: libcudart.so.11.0: failed to resolve symbol '__cudaRegisterFatBinaryEnd', library failed to load
DeePMD-kit: Cannot find libcudart.so.11.0
implib-gen: libcudart.so.11.0: failed to load library 'libcudart.so.11.0' via callback 'DP_cudart_dlopen'
implib-gen: libcudart.so.11.0: failed to resolve symbol '__cudaRegisterFatBinary', library failed to load
implib-gen: libcudart.so.11.0: failed to load library 'libcudart.so.11.0' via callback 'DP_cudart_dlopen'
implib-gen: libcudart.so.11.0: failed to resolve symbol '__cudaRegisterFunction', library failed to load
implib-gen: libcudart.so.11.0: failed to load library 'libcudart.so.11.0' via callback 'DP_cudart_dlopen'
implib-gen: libcudart.so.11.0: failed to resolve symbol '__cudaRegisterFatBinaryEnd', library failed to load
DeePMD-kit: Cannot find libcudart.so.11.0
implib-gen: libcudart.so.11.0: failed to load library 'libcudart.so.11.0' via callback 'DP_cudart_dlopen'
implib-gen: libcudart.so.11.0: failed to resolve symbol '__cudaRegisterFatBinary', library failed to load
implib-gen: libcudart.so.11.0: failed to load library 'libcudart.so.11.0' via callback 'DP_cudart_dlopen'
implib-gen: libcudart.so.11.0: failed to resolve symbol '__cudaRegisterFunction', library failed to load
implib-gen: libcudart.so.11.0: failed to load library 'libcudart.so.11.0' via callback 'DP_cudart_dlopen'
implib-gen: libcudart.so.11.0: failed to resolve symbol '__cudaRegisterFatBinaryEnd', library failed to load
DeePMD-kit: Cannot find libcudart.so.11.0
implib-gen: libcudart.so.11.0: failed to load library 'libcudart.so.11.0' via callback 'DP_cudart_dlopen'
implib-gen: libcudart.so.11.0: failed to resolve symbol '__cudaRegisterFatBinary', library failed to load
implib-gen: libcudart.so.11.0: failed to load library 'libcudart.so.11.0' via callback 'DP_cudart_dlopen'
implib-gen: libcudart.so.11.0: failed to resolve symbol '__cudaRegisterFunction', library failed to load
implib-gen: libcudart.so.11.0: failed to load library 'libcudart.so.11.0' via callback 'DP_cudart_dlopen'
implib-gen: libcudart.so.11.0: failed to resolve symbol '__cudaRegisterFatBinaryEnd', library failed to load
DeePMD-kit: Cannot find libcudart.so.11.0
implib-gen: libcudart.so.11.0: failed to load library 'libcudart.so.11.0' via callback 'DP_cudart_dlopen'
implib-gen: libcudart.so.11.0: failed to resolve symbol '__cudaRegisterFatBinary', library failed to load
implib-gen: libcudart.so.11.0: failed to load library 'libcudart.so.11.0' via callback 'DP_cudart_dlopen'
implib-gen: libcudart.so.11.0: failed to resolve symbol '__cudaRegisterFunction', library failed to load
implib-gen: libcudart.so.11.0: failed to load library 'libcudart.so.11.0' via callback 'DP_cudart_dlopen'
implib-gen: libcudart.so.11.0: failed to resolve symbol '__cudaRegisterFatBinaryEnd', library failed to load
DeePMD-kit: Cannot find libcudart.so.11.0
implib-gen: libcudart.so.11.0: failed to load library 'libcudart.so.11.0' via callback 'DP_cudart_dlopen'
implib-gen: libcudart.so.11.0: failed to resolve symbol '__cudaRegisterFatBinary', library failed to load
implib-gen: libcudart.so.11.0: failed to load library 'libcudart.so.11.0' via callback 'DP_cudart_dlopen'
implib-gen: libcudart.so.11.0: failed to resolve symbol '__cudaRegisterFunction', library failed to load
implib-gen: libcudart.so.11.0: failed to load library 'libcudart.so.11.0' via callback 'DP_cudart_dlopen'
implib-gen: libcudart.so.11.0: failed to resolve symbol '__cudaRegisterFatBinaryEnd', library failed to load
DeePMD-kit: Cannot find libcudart.so.11.0
implib-gen: libcudart.so.11.0: failed to load library 'libcudart.so.11.0' via callback 'DP_cudart_dlopen'
implib-gen: libcudart.so.11.0: failed to resolve symbol '__cudaRegisterFatBinary', library failed to load
implib-gen: libcudart.so.11.0: failed to load library 'libcudart.so.11.0' via callback 'DP_cudart_dlopen'
implib-gen: libcudart.so.11.0: failed to resolve symbol '__cudaRegisterFunction', library failed to load
implib-gen: libcudart.so.11.0: failed to load library 'libcudart.so.11.0' via callback 'DP_cudart_dlopen'
implib-gen: libcudart.so.11.0: failed to resolve symbol '__cudaRegisterFatBinaryEnd', library failed to load
DeePMD-kit: Cannot find libcudart.so.11.0
implib-gen: libcudart.so.11.0: failed to load library 'libcudart.so.11.0' via callback 'DP_cudart_dlopen'
implib-gen: libcudart.so.11.0: failed to resolve symbol '__cudaRegisterFatBinary', library failed to load
implib-gen: libcudart.so.11.0: failed to load library 'libcudart.so.11.0' via callback 'DP_cudart_dlopen'
implib-gen: libcudart.so.11.0: failed to resolve symbol '__cudaRegisterFunction', library failed to load
implib-gen: libcudart.so.11.0: failed to load library 'libcudart.so.11.0' via callback 'DP_cudart_dlopen'
implib-gen: libcudart.so.11.0: failed to resolve symbol '__cudaRegisterFatBinaryEnd', library failed to load
DeePMD-kit: Cannot find libcudart.so.11.0
implib-gen: libcudart.so.11.0: failed to load library 'libcudart.so.11.0' via callback 'DP_cudart_dlopen'
implib-gen: libcudart.so.11.0: failed to resolve symbol '__cudaRegisterFatBinary', library failed to load
implib-gen: libcudart.so.11.0: failed to load library 'libcudart.so.11.0' via callback 'DP_cudart_dlopen'
implib-gen: libcudart.so.11.0: failed to resolve symbol '__cudaRegisterFunction', library failed to load
implib-gen: libcudart.so.11.0: failed to load library 'libcudart.so.11.0' via callback 'DP_cudart_dlopen'
implib-gen: libcudart.so.11.0: failed to resolve symbol '__cudaRegisterFatBinaryEnd', library failed to load
DeePMD-kit: Cannot find libcudart.so.11.0
implib-gen: libcudart.so.11.0: failed to load library 'libcudart.so.11.0' via callback 'DP_cudart_dlopen'
implib-gen: libcudart.so.11.0: failed to resolve symbol '__cudaRegisterFatBinary', library failed to load
implib-gen: libcudart.so.11.0: failed to load library 'libcudart.so.11.0' via callback 'DP_cudart_dlopen'
implib-gen: libcudart.so.11.0: failed to resolve symbol '__cudaRegisterFunction', library failed to load
implib-gen: libcudart.so.11.0: failed to load library 'libcudart.so.11.0' via callback 'DP_cudart_dlopen'
implib-gen: libcudart.so.11.0: failed to resolve symbol '__cudaRegisterFatBinaryEnd', library failed to load
DeePMD-kit: Cannot find libcudart.so.11.0
implib-gen: libcudart.so.11.0: failed to load library 'libcudart.so.11.0' via callback 'DP_cudart_dlopen'
implib-gen: libcudart.so.11.0: failed to resolve symbol '__cudaRegisterFatBinary', library failed to load
implib-gen: libcudart.so.11.0: failed to load library 'libcudart.so.11.0' via callback 'DP_cudart_dlopen'
implib-gen: libcudart.so.11.0: failed to resolve symbol '__cudaRegisterFunction', library failed to load
implib-gen: libcudart.so.11.0: failed to load library 'libcudart.so.11.0' via callback 'DP_cudart_dlopen'
implib-gen: libcudart.so.11.0: failed to resolve symbol '__cudaRegisterFatBinaryEnd', library failed to load
DeePMD-kit: Cannot find libcudart.so.11.0
implib-gen: libcudart.so.11.0: failed to load library 'libcudart.so.11.0' via callback 'DP_cudart_dlopen'
implib-gen: libcudart.so.11.0: failed to resolve symbol '__cudaRegisterFatBinary', library failed to load
implib-gen: libcudart.so.11.0: failed to load library 'libcudart.so.11.0' via callback 'DP_cudart_dlopen'
implib-gen: libcudart.so.11.0: failed to resolve symbol '__cudaRegisterFunction', library failed to load
implib-gen: libcudart.so.11.0: failed to load library 'libcudart.so.11.0' via callback 'DP_cudart_dlopen'
implib-gen: libcudart.so.11.0: failed to resolve symbol '__cudaRegisterFatBinaryEnd', library failed to load
DeePMD-kit: Cannot find libcudart.so.11.0
implib-gen: libcudart.so.11.0: failed to load library 'libcudart.so.11.0' via callback 'DP_cudart_dlopen'
implib-gen: libcudart.so.11.0: failed to resolve symbol '__cudaRegisterFatBinary', library failed to load
implib-gen: libcudart.so.11.0: failed to load library 'libcudart.so.11.0' via callback 'DP_cudart_dlopen'
implib-gen: libcudart.so.11.0: failed to resolve symbol '__cudaRegisterFunction', library failed to load
implib-gen: libcudart.so.11.0: failed to load library 'libcudart.so.11.0' via callback 'DP_cudart_dlopen'
implib-gen: libcudart.so.11.0: failed to resolve symbol '__cudaRegisterFatBinaryEnd', library failed to load
DeePMD-kit: Cannot find libcudart.so.11.0
implib-gen: libcudart.so.11.0: failed to load library 'libcudart.so.11.0' via callback 'DP_cudart_dlopen'
implib-gen: libcudart.so.11.0: failed to resolve symbol '__cudaRegisterFatBinary', library failed to load
implib-gen: libcudart.so.11.0: failed to load library 'libcudart.so.11.0' via callback 'DP_cudart_dlopen'
implib-gen: libcudart.so.11.0: failed to resolve symbol '__cudaRegisterFunction', library failed to load
implib-gen: libcudart.so.11.0: failed to load library 'libcudart.so.11.0' via callback 'DP_cudart_dlopen'
implib-gen: libcudart.so.11.0: failed to resolve symbol '__cudaRegisterFatBinaryEnd', library failed to load
DeePMD-kit: Cannot find libcudart.so.11.0
implib-gen: libcudart.so.11.0: failed to load library 'libcudart.so.11.0' via callback 'DP_cudart_dlopen'
implib-gen: libcudart.so.11.0: failed to resolve symbol '__cudaRegisterFatBinary', library failed to load
implib-gen: libcudart.so.11.0: failed to load library 'libcudart.so.11.0' via callback 'DP_cudart_dlopen'
implib-gen: libcudart.so.11.0: failed to resolve symbol '__cudaRegisterFunction', library failed to load
implib-gen: libcudart.so.11.0: failed to load library 'libcudart.so.11.0' via callback 'DP_cudart_dlopen'
implib-gen: libcudart.so.11.0: failed to resolve symbol '__cudaRegisterFatBinaryEnd', library failed to load
2025-03-17 05:22:27.916998: E tensorflow/compiler/xla/stream_executor/cuda/cuda_dnn.cc:9342] Unable to register cuDNN factory: Attempting to register factory for plugin cuDNN when one has already been registered
2025-03-17 05:22:27.917019: E tensorflow/compiler/xla/stream_executor/cuda/cuda_fft.cc:609] Unable to register cuFFT factory: Attempting to register factory for plugin cuFFT when one has already been registered
2025-03-17 05:22:27.917045: E tensorflow/compiler/xla/stream_executor/cuda/cuda_blas.cc:1518] Unable to register cuBLAS factory: Attempting to register factory for plugin cuBLAS when one has already been registered
2025-03-17 05:22:27.917000: E tensorflow/compiler/xla/stream_executor/cuda/cuda_dnn.cc:9342] Unable to register cuDNN factory: Attempting to register factory for plugin cuDNN when one has already been registered
2025-03-17 05:22:27.917018: E tensorflow/compiler/xla/stream_executor/cuda/cuda_fft.cc:609] Unable to register cuFFT factory: Attempting to register factory for plugin cuFFT when one has already been registered
2025-03-17 05:22:27.917045: E tensorflow/compiler/xla/stream_executor/cuda/cuda_blas.cc:1518] Unable to register cuBLAS factory: Attempting to register factory for plugin cuBLAS when one has already been registered
DeePMD-kit: Cannot find libcudart.so.11.0
implib-gen: libcudart.so.11.0: failed to load library 'libcudart.so.11.0' via callback 'DP_cudart_dlopen'
implib-gen: libcudart.so.11.0: failed to resolve symbol '__cudaRegisterFatBinary', library failed to load
implib-gen: libcudart.so.11.0: failed to load library 'libcudart.so.11.0' via callback 'DP_cudart_dlopen'
implib-gen: libcudart.so.11.0: failed to resolve symbol '__cudaRegisterFunction', library failed to load
implib-gen: libcudart.so.11.0: failed to load library 'libcudart.so.11.0' via callback 'DP_cudart_dlopen'
implib-gen: libcudart.so.11.0: failed to resolve symbol '__cudaRegisterFatBinaryEnd', library failed to load
DeePMD-kit: Cannot find libcudart.so.11.0
implib-gen: libcudart.so.11.0: failed to load library 'libcudart.so.11.0' via callback 'DP_cudart_dlopen'
implib-gen: libcudart.so.11.0: failed to resolve symbol '__cudaRegisterFatBinary', library failed to load
implib-gen: libcudart.so.11.0: failed to load library 'libcudart.so.11.0' via callback 'DP_cudart_dlopen'
implib-gen: libcudart.so.11.0: failed to resolve symbol '__cudaRegisterFunction', library failed to load
implib-gen: libcudart.so.11.0: failed to load library 'libcudart.so.11.0' via callback 'DP_cudart_dlopen'
implib-gen: libcudart.so.11.0: failed to resolve symbol '__cudaRegisterFatBinaryEnd', library failed to load
DeePMD-kit: Cannot find libcudart.so.11.0
implib-gen: libcudart.so.11.0: failed to load library 'libcudart.so.11.0' via callback 'DP_cudart_dlopen'
implib-gen: libcudart.so.11.0: failed to resolve symbol '__cudaRegisterFatBinary', library failed to load
implib-gen: libcudart.so.11.0: failed to load library 'libcudart.so.11.0' via callback 'DP_cudart_dlopen'
implib-gen: libcudart.so.11.0: failed to resolve symbol '__cudaRegisterFunction', library failed to load
implib-gen: libcudart.so.11.0: failed to load library 'libcudart.so.11.0' via callback 'DP_cudart_dlopen'
implib-gen: libcudart.so.11.0: failed to resolve symbol '__cudaRegisterFatBinaryEnd', library failed to load
2025-03-17 05:22:27.919632: E tensorflow/compiler/xla/stream_executor/cuda/cuda_dnn.cc:9342] Unable to register cuDNN factory: Attempting to register factory for plugin cuDNN when one has already been registered
2025-03-17 05:22:27.919651: E tensorflow/compiler/xla/stream_executor/cuda/cuda_fft.cc:609] Unable to register cuFFT factory: Attempting to register factory for plugin cuFFT when one has already been registered
2025-03-17 05:22:27.919682: E tensorflow/compiler/xla/stream_executor/cuda/cuda_blas.cc:1518] Unable to register cuBLAS factory: Attempting to register factory for plugin cuBLAS when one has already been registered
2025-03-17 05:22:27.919634: E tensorflow/compiler/xla/stream_executor/cuda/cuda_dnn.cc:9342] Unable to register cuDNN factory: Attempting to register factory for plugin cuDNN when one has already been registered
2025-03-17 05:22:27.919654: E tensorflow/compiler/xla/stream_executor/cuda/cuda_fft.cc:609] Unable to register cuFFT factory: Attempting to register factory for plugin cuFFT when one has already been registered
2025-03-17 05:22:27.919682: E tensorflow/compiler/xla/stream_executor/cuda/cuda_blas.cc:1518] Unable to register cuBLAS factory: Attempting to register factory for plugin cuBLAS when one has already been registered
2025-03-17 05:22:27.919634: E tensorflow/compiler/xla/stream_executor/cuda/cuda_dnn.cc:9342] Unable to register cuDNN factory: Attempting to register factory for plugin cuDNN when one has already been registered
2025-03-17 05:22:27.919652: E tensorflow/compiler/xla/stream_executor/cuda/cuda_fft.cc:609] Unable to register cuFFT factory: Attempting to register factory for plugin cuFFT when one has already been registered
2025-03-17 05:22:27.919682: E tensorflow/compiler/xla/stream_executor/cuda/cuda_blas.cc:1518] Unable to register cuBLAS factory: Attempting to register factory for plugin cuBLAS when one has already been registered
2025-03-17 05:22:27.919634: E tensorflow/compiler/xla/stream_executor/cuda/cuda_dnn.cc:9342] Unable to register cuDNN factory: Attempting to register factory for plugin cuDNN when one has already been registered
2025-03-17 05:22:27.919652: E tensorflow/compiler/xla/stream_executor/cuda/cuda_fft.cc:609] Unable to register cuFFT factory: Attempting to register factory for plugin cuFFT when one has already been registered
2025-03-17 05:22:27.919681: E tensorflow/compiler/xla/stream_executor/cuda/cuda_blas.cc:1518] Unable to register cuBLAS factory: Attempting to register factory for plugin cuBLAS when one has already been registered
DeePMD-kit: Cannot find libcudart.so.11.0
implib-gen: libcudart.so.11.0: failed to load library 'libcudart.so.11.0' via callback 'DP_cudart_dlopen'
implib-gen: libcudart.so.11.0: failed to resolve symbol '__cudaRegisterFatBinary', library failed to load
implib-gen: libcudart.so.11.0: failed to load library 'libcudart.so.11.0' via callback 'DP_cudart_dlopen'
implib-gen: libcudart.so.11.0: failed to resolve symbol '__cudaRegisterFunction', library failed to load
implib-gen: libcudart.so.11.0: failed to load library 'libcudart.so.11.0' via callback 'DP_cudart_dlopen'
implib-gen: libcudart.so.11.0: failed to resolve symbol '__cudaRegisterFatBinaryEnd', library failed to load
DeePMD-kit: Cannot find libcudart.so.11.0
implib-gen: libcudart.so.11.0: failed to load library 'libcudart.so.11.0' via callback 'DP_cudart_dlopen'
implib-gen: libcudart.so.11.0: failed to resolve symbol '__cudaRegisterFatBinary', library failed to load
implib-gen: libcudart.so.11.0: failed to load library 'libcudart.so.11.0' via callback 'DP_cudart_dlopen'
implib-gen: libcudart.so.11.0: failed to resolve symbol '__cudaRegisterFunction', library failed to load
implib-gen: libcudart.so.11.0: failed to load library 'libcudart.so.11.0' via callback 'DP_cudart_dlopen'
implib-gen: libcudart.so.11.0: failed to resolve symbol '__cudaRegisterFatBinaryEnd', library failed to load
DeePMD-kit: Cannot find libcudart.so.11.0
implib-gen: libcudart.so.11.0: failed to load library 'libcudart.so.11.0' via callback 'DP_cudart_dlopen'
implib-gen: libcudart.so.11.0: failed to resolve symbol '__cudaRegisterFatBinary', library failed to load
implib-gen: libcudart.so.11.0: failed to load library 'libcudart.so.11.0' via callback 'DP_cudart_dlopen'
implib-gen: libcudart.so.11.0: failed to resolve symbol '__cudaRegisterFunction', library failed to load
implib-gen: libcudart.so.11.0: failed to load library 'libcudart.so.11.0' via callback 'DP_cudart_dlopen'
implib-gen: libcudart.so.11.0: failed to resolve symbol '__cudaRegisterFatBinaryEnd', library failed to load
DeePMD-kit: Cannot find libcudart.so.11.0
implib-gen: libcudart.so.11.0: failed to load library 'libcudart.so.11.0' via callback 'DP_cudart_dlopen'
implib-gen: libcudart.so.11.0: failed to resolve symbol '__cudaRegisterFatBinary', library failed to load
implib-gen: libcudart.so.11.0: failed to load library 'libcudart.so.11.0' via callback 'DP_cudart_dlopen'
implib-gen: libcudart.so.11.0: failed to resolve symbol '__cudaRegisterFunction', library failed to load
implib-gen: libcudart.so.11.0: failed to load library 'libcudart.so.11.0' via callback 'DP_cudart_dlopen'
implib-gen: libcudart.so.11.0: failed to resolve symbol '__cudaRegisterFatBinaryEnd', library failed to load
DeePMD-kit: Cannot find libcudart.so.11.0
implib-gen: libcudart.so.11.0: failed to load library 'libcudart.so.11.0' via callback 'DP_cudart_dlopen'
implib-gen: libcudart.so.11.0: failed to resolve symbol '__cudaRegisterFatBinary', library failed to load
implib-gen: libcudart.so.11.0: failed to load library 'libcudart.so.11.0' via callback 'DP_cudart_dlopen'
implib-gen: libcudart.so.11.0: failed to resolve symbol '__cudaRegisterFunction', library failed to load
implib-gen: libcudart.so.11.0: failed to load library 'libcudart.so.11.0' via callback 'DP_cudart_dlopen'
implib-gen: libcudart.so.11.0: failed to resolve symbol '__cudaRegisterFatBinaryEnd', library failed to load
DeePMD-kit: Cannot find libcudart.so.11.0
implib-gen: libcudart.so.11.0: failed to load library 'libcudart.so.11.0' via callback 'DP_cudart_dlopen'
implib-gen: libcudart.so.11.0: failed to resolve symbol '__cudaRegisterFatBinary', library failed to load
implib-gen: libcudart.so.11.0: failed to load library 'libcudart.so.11.0' via callback 'DP_cudart_dlopen'
implib-gen: libcudart.so.11.0: failed to resolve symbol '__cudaRegisterFunction', library failed to load
implib-gen: libcudart.so.11.0: failed to load library 'libcudart.so.11.0' via callback 'DP_cudart_dlopen'
implib-gen: libcudart.so.11.0: failed to resolve symbol '__cudaRegisterFatBinaryEnd', library failed to load
DeePMD-kit: Cannot find libcudart.so.11.0
implib-gen: libcudart.so.11.0: failed to load library 'libcudart.so.11.0' via callback 'DP_cudart_dlopen'
implib-gen: libcudart.so.11.0: failed to resolve symbol '__cudaRegisterFatBinary', library failed to load
implib-gen: libcudart.so.11.0: failed to load library 'libcudart.so.11.0' via callback 'DP_cudart_dlopen'
implib-gen: libcudart.so.11.0: failed to resolve symbol '__cudaRegisterFunction', library failed to load
implib-gen: libcudart.so.11.0: failed to load library 'libcudart.so.11.0' via callback 'DP_cudart_dlopen'
implib-gen: libcudart.so.11.0: failed to resolve symbol '__cudaRegisterFatBinaryEnd', library failed to load
2025-03-17 05:22:27.926036: E tensorflow/compiler/xla/stream_executor/cuda/cuda_dnn.cc:9342] Unable to register cuDNN factory: Attempting to register factory for plugin cuDNN when one has already been registered
2025-03-17 05:22:27.926053: E tensorflow/compiler/xla/stream_executor/cuda/cuda_fft.cc:609] Unable to register cuFFT factory: Attempting to register factory for plugin cuFFT when one has already been registered
2025-03-17 05:22:27.926081: E tensorflow/compiler/xla/stream_executor/cuda/cuda_blas.cc:1518] Unable to register cuBLAS factory: Attempting to register factory for plugin cuBLAS when one has already been registered
2025-03-17 05:22:27.926038: E tensorflow/compiler/xla/stream_executor/cuda/cuda_dnn.cc:9342] Unable to register cuDNN factory: Attempting to register factory for plugin cuDNN when one has already been registered
2025-03-17 05:22:27.926056: E tensorflow/compiler/xla/stream_executor/cuda/cuda_fft.cc:609] Unable to register cuFFT factory: Attempting to register factory for plugin cuFFT when one has already been registered
2025-03-17 05:22:27.926080: E tensorflow/compiler/xla/stream_executor/cuda/cuda_blas.cc:1518] Unable to register cuBLAS factory: Attempting to register factory for plugin cuBLAS when one has already been registered
DeePMD-kit: Cannot find libcudart.so.11.0
implib-gen: libcudart.so.11.0: failed to load library 'libcudart.so.11.0' via callback 'DP_cudart_dlopen'
implib-gen: libcudart.so.11.0: failed to resolve symbol '__cudaRegisterFatBinary', library failed to load
implib-gen: libcudart.so.11.0: failed to load library 'libcudart.so.11.0' via callback 'DP_cudart_dlopen'
implib-gen: libcudart.so.11.0: failed to resolve symbol '__cudaRegisterFunction', library failed to load
implib-gen: libcudart.so.11.0: failed to load library 'libcudart.so.11.0' via callback 'DP_cudart_dlopen'
implib-gen: libcudart.so.11.0: failed to resolve symbol '__cudaRegisterFatBinaryEnd', library failed to load
DeePMD-kit: Cannot find libcudart.so.11.0
implib-gen: libcudart.so.11.0: failed to load library 'libcudart.so.11.0' via callback 'DP_cudart_dlopen'
implib-gen: libcudart.so.11.0: failed to resolve symbol '__cudaRegisterFatBinary', library failed to load
implib-gen: libcudart.so.11.0: failed to load library 'libcudart.so.11.0' via callback 'DP_cudart_dlopen'
implib-gen: libcudart.so.11.0: failed to resolve symbol '__cudaRegisterFunction', library failed to load
implib-gen: libcudart.so.11.0: failed to load library 'libcudart.so.11.0' via callback 'DP_cudart_dlopen'
implib-gen: libcudart.so.11.0: failed to resolve symbol '__cudaRegisterFatBinaryEnd', library failed to load
DeePMD-kit: Cannot find libcudart.so.11.0
implib-gen: libcudart.so.11.0: failed to load library 'libcudart.so.11.0' via callback 'DP_cudart_dlopen'
implib-gen: libcudart.so.11.0: failed to resolve symbol '__cudaRegisterFatBinary', library failed to load
implib-gen: libcudart.so.11.0: failed to load library 'libcudart.so.11.0' via callback 'DP_cudart_dlopen'
implib-gen: libcudart.so.11.0: failed to resolve symbol '__cudaRegisterFunction', library failed to load
implib-gen: libcudart.so.11.0: failed to load library 'libcudart.so.11.0' via callback 'DP_cudart_dlopen'
implib-gen: libcudart.so.11.0: failed to resolve symbol '__cudaRegisterFatBinaryEnd', library failed to load
DeePMD-kit: Cannot find libcudart.so.11.0
implib-gen: libcudart.so.11.0: failed to load library 'libcudart.so.11.0' via callback 'DP_cudart_dlopen'
implib-gen: libcudart.so.11.0: failed to resolve symbol '__cudaRegisterFatBinary', library failed to load
implib-gen: libcudart.so.11.0: failed to load library 'libcudart.so.11.0' via callback 'DP_cudart_dlopen'
implib-gen: libcudart.so.11.0: failed to resolve symbol '__cudaRegisterFunction', library failed to load
implib-gen: libcudart.so.11.0: failed to load library 'libcudart.so.11.0' via callback 'DP_cudart_dlopen'
implib-gen: libcudart.so.11.0: failed to resolve symbol '__cudaRegisterFatBinaryEnd', library failed to load
DeePMD-kit: Cannot find libcudart.so.11.0
implib-gen: libcudart.so.11.0: failed to load library 'libcudart.so.11.0' via callback 'DP_cudart_dlopen'
implib-gen: libcudart.so.11.0: failed to resolve symbol '__cudaRegisterFatBinary', library failed to load
implib-gen: libcudart.so.11.0: failed to load library 'libcudart.so.11.0' via callback 'DP_cudart_dlopen'
implib-gen: libcudart.so.11.0: failed to resolve symbol '__cudaRegisterFunction', library failed to load
implib-gen: libcudart.so.11.0: failed to load library 'libcudart.so.11.0' via callback 'DP_cudart_dlopen'
implib-gen: libcudart.so.11.0: failed to resolve symbol '__cudaRegisterFatBinaryEnd', library failed to load
DeePMD-kit: Cannot find libcudart.so.11.0
implib-gen: libcudart.so.11.0: failed to load library 'libcudart.so.11.0' via callback 'DP_cudart_dlopen'
implib-gen: libcudart.so.11.0: failed to resolve symbol '__cudaRegisterFatBinary', library failed to load
implib-gen: libcudart.so.11.0: failed to load library 'libcudart.so.11.0' via callback 'DP_cudart_dlopen'
implib-gen: libcudart.so.11.0: failed to resolve symbol '__cudaRegisterFunction', library failed to load
implib-gen: libcudart.so.11.0: failed to load library 'libcudart.so.11.0' via callback 'DP_cudart_dlopen'
implib-gen: libcudart.so.11.0: failed to resolve symbol '__cudaRegisterFatBinaryEnd', library failed to load
[n2cn0723:173977] MCW rank 10 bound to socket 0[core 40[hwt 0]]: [././././././././././././././././././././././././././././././././././././././././B/././././././././././././././././././././././.][./././././././././././././././././././././././././././././././././././././././././././././././././././././././././././././././.]
[n2cn0723:173977] MCW rank 10 bound to socket 0[core 40[hwt 0]]: [././././././././././././././././././././././././././././././././././././././././B/././././././././././././././././././././././.][./././././././././././././././././././././././././././././././././././././././././././././././././././././././././././././././.]
[n2cn0723:173981] MCW rank 14 bound to socket 0[core 56[hwt 0]]: [././././././././././././././././././././././././././././././././././././././././././././././././././././././././B/././././././.][./././././././././././././././././././././././././././././././././././././././././././././././././././././././././././././././.]
[n2cn0723:173971] MCW rank 4 bound to socket 0[core 16[hwt 0]]: [././././././././././././././././B/././././././././././././././././././././././././././././././././././././././././././././././.][./././././././././././././././././././././././././././././././././././././././././././././././././././././././././././././././.]
[n2cn0723:173981] MCW rank 14 bound to socket 0[core 56[hwt 0]]: [././././././././././././././././././././././././././././././././././././././././././././././././././././././././B/././././././.][./././././././././././././././././././././././././././././././././././././././././././././././././././././././././././././././.]
[n2cn0723:173971] MCW rank 4 bound to socket 0[core 16[hwt 0]]: [././././././././././././././././B/././././././././././././././././././././././././././././././././././././././././././././././.][./././././././././././././././././././././././././././././././././././././././././././././././././././././././././././././././.]
[n2cn0735:252243] MCW rank 52 bound to socket 1[core 80[hwt 0]]: [./././././././././././././././././././././././././././././././././././././././././././././././././././././././././././././././.][././././././././././././././././B/././././././././././././././././././././././././././././././././././././././././././././././.]
[n2cn0735:252243] MCW rank 52 bound to socket 1[core 80[hwt 0]]: [./././././././././././././././././././././././././././././././././././././././././././././././././././././././././././././././.][././././././././././././././././B/././././././././././././././././././././././././././././././././././././././././././././././.]
[n2cn0723:173975] MCW rank 8 bound to socket 0[core 32[hwt 0]]: [././././././././././././././././././././././././././././././././B/././././././././././././././././././././././././././././././.][./././././././././././././././././././././././././././././././././././././././././././././././././././././././././././././././.]
[n2cn0723:173973] MCW rank 6 bound to socket 0[core 24[hwt 0]]: [././././././././././././././././././././././././B/././././././././././././././././././././././././././././././././././././././.][./././././././././././././././././././././././././././././././././././././././././././././././././././././././././././././././.]
[n2cn0723:173974] MCW rank 7 bound to socket 0[core 28[hwt 0]]: [././././././././././././././././././././././././././././B/././././././././././././././././././././././././././././././././././.][./././././././././././././././././././././././././././././././././././././././././././././././././././././././././././././././.]
[n2cn0723:173975] MCW rank 8 bound to socket 0[core 32[hwt 0]]: [././././././././././././././././././././././././././././././././B/././././././././././././././././././././././././././././././.][./././././././././././././././././././././././././././././././././././././././././././././././././././././././././././././././.]
[n2cn0723:173974] MCW rank 7 bound to socket 0[core 28[hwt 0]]: [././././././././././././././././././././././././././././B/././././././././././././././././././././././././././././././././././.][./././././././././././././././././././././././././././././././././././././././././././././././././././././././././././././././.]
[n2cn0723:173973] MCW rank 6 bound to socket 0[core 24[hwt 0]]: [././././././././././././././././././././././././B/././././././././././././././././././././././././././././././././././././././.][./././././././././././././././././././././././././././././././././././././././././././././././././././././././././././././././.]
[n2cn0723:173972] MCW rank 5 bound to socket 0[core 20[hwt 0]]: [././././././././././././././././././././B/././././././././././././././././././././././././././././././././././././././././././.][./././././././././././././././././././././././././././././././././././././././././././././././././././././././././././././././.]
[n2cn0723:173976] MCW rank 9 bound to socket 0[core 36[hwt 0]]: [././././././././././././././././././././././././././././././././././././B/././././././././././././././././././././././././././.][./././././././././././././././././././././././././././././././././././././././././././././././././././././././././././././././.]
[n2cn0723:173972] MCW rank 5 bound to socket 0[core 20[hwt 0]]: [././././././././././././././././././././B/././././././././././././././././././././././././././././././././././././././././././.][./././././././././././././././././././././././././././././././././././././././././././././././././././././././././././././././.]
[n2cn0723:173976] MCW rank 9 bound to socket 0[core 36[hwt 0]]: [././././././././././././././././././././././././././././././././././././B/././././././././././././././././././././././././././.][./././././././././././././././././././././././././././././././././././././././././././././././././././././././././././././././.]
[n2cn0723:173978] MCW rank 11 bound to socket 0[core 44[hwt 0]]: [././././././././././././././././././././././././././././././././././././././././././././B/././././././././././././././././././.][./././././././././././././././././././././././././././././././././././././././././././././././././././././././././././././././.]
[n2cn0723:173978] MCW rank 11 bound to socket 0[core 44[hwt 0]]: [././././././././././././././././././././././././././././././././././././././././././././B/././././././././././././././././././.][./././././././././././././././././././././././././././././././././././././././././././././././././././././././././././././././.]
[n2cn0723:173990] MCW rank 23 bound to socket 1[core 92[hwt 0]]: [./././././././././././././././././././././././././././././././././././././././././././././././././././././././././././././././.][././././././././././././././././././././././././././././B/././././././././././././././././././././././././././././././././././.]
[n2cn0723:173990] MCW rank 23 bound to socket 1[core 92[hwt 0]]: [./././././././././././././././././././././././././././././././././././././././././././././././././././././././././././././././.][././././././././././././././././././././././././././././B/././././././././././././././././././././././././././././././././././.]
[n2cn0723:173985] MCW rank 18 bound to socket 1[core 72[hwt 0]]: [./././././././././././././././././././././././././././././././././././././././././././././././././././././././././././././././.][././././././././B/././././././././././././././././././././././././././././././././././././././././././././././././././././././.]
[n2cn0723:173985] MCW rank 18 bound to socket 1[core 72[hwt 0]]: [./././././././././././././././././././././././././././././././././././././././././././././././././././././././././././././././.][././././././././B/././././././././././././././././././././././././././././././././././././././././././././././././././././././.]
[n2cn0723:173970] MCW rank 3 bound to socket 0[core 12[hwt 0]]: [././././././././././././B/././././././././././././././././././././././././././././././././././././././././././././././././././.][./././././././././././././././././././././././././././././././././././././././././././././././././././././././././././././././.]
[n2cn0723:173970] MCW rank 3 bound to socket 0[core 12[hwt 0]]: [././././././././././././B/././././././././././././././././././././././././././././././././././././././././././././././././././.][./././././././././././././././././././././././././././././././././././././././././././././././././././././././././././././././.]
[n2cn0723:173967] MCW rank 0 bound to socket 0[core 0[hwt 0]]: [B/././././././././././././././././././././././././././././././././././././././././././././././././././././././././././././././.][./././././././././././././././././././././././././././././././././././././././././././././././././././././././././././././././.]
[n2cn0723:173967] MCW rank 0 bound to socket 0[core 0[hwt 0]]: [B/././././././././././././././././././././././././././././././././././././././././././././././././././././././././././././././.][./././././././././././././././././././././././././././././././././././././././././././././././././././././././././././././././.]
[n2cn0735:252230] MCW rank 39 bound to socket 0[core 28[hwt 0]]: [././././././././././././././././././././././././././././B/././././././././././././././././././././././././././././././././././.][./././././././././././././././././././././././././././././././././././././././././././././././././././././././././././././././.]
[n2cn0735:252234] MCW rank 43 bound to socket 0[core 44[hwt 0]]: [././././././././././././././././././././././././././././././././././././././././././././B/././././././././././././././././././.][./././././././././././././././././././././././././././././././././././././././././././././././././././././././././././././././.]
[n2cn0735:252230] MCW rank 39 bound to socket 0[core 28[hwt 0]]: [././././././././././././././././././././././././././././B/././././././././././././././././././././././././././././././././././.][./././././././././././././././././././././././././././././././././././././././././././././././././././././././././././././././.]
[n2cn0735:252234] MCW rank 43 bound to socket 0[core 44[hwt 0]]: [././././././././././././././././././././././././././././././././././././././././././././B/././././././././././././././././././.][./././././././././././././././././././././././././././././././././././././././././././././././././././././././././././././././.]
[n2cn0723:173980] MCW rank 13 bound to socket 0[core 52[hwt 0]]: [././././././././././././././././././././././././././././././././././././././././././././././././././././B/././././././././././.][./././././././././././././././././././././././././././././././././././././././././././././././././././././././././././././././.]
[n2cn0723:173979] MCW rank 12 bound to socket 0[core 48[hwt 0]]: [././././././././././././././././././././././././././././././././././././././././././././././././B/././././././././././././././.][./././././././././././././././././././././././././././././././././././././././././././././././././././././././././././././././.]
[n2cn0723:173980] MCW rank 13 bound to socket 0[core 52[hwt 0]]: [././././././././././././././././././././././././././././././././././././././././././././././././././././B/././././././././././.][./././././././././././././././././././././././././././././././././././././././././././././././././././././././././././././././.]
[n2cn0723:173979] MCW rank 12 bound to socket 0[core 48[hwt 0]]: [././././././././././././././././././././././././././././././././././././././././././././././././B/././././././././././././././.][./././././././././././././././././././././././././././././././././././././././././././././././././././././././././././././././.]
[n2cn0723:173982] MCW rank 15 bound to socket 0[core 60[hwt 0]]: [././././././././././././././././././././././././././././././././././././././././././././././././././././././././././././B/././.][./././././././././././././././././././././././././././././././././././././././././././././././././././././././././././././././.]
[n2cn0723:173991] MCW rank 24 bound to socket 1[core 96[hwt 0]]: [./././././././././././././././././././././././././././././././././././././././././././././././././././././././././././././././.][././././././././././././././././././././././././././././././././B/././././././././././././././././././././././././././././././.]
[n2cn0723:173982] MCW rank 15 bound to socket 0[core 60[hwt 0]]: [././././././././././././././././././././././././././././././././././././././././././././././././././././././././././././B/././.][./././././././././././././././././././././././././././././././././././././././././././././././././././././././././././././././.]
[n2cn0723:173991] MCW rank 24 bound to socket 1[core 96[hwt 0]]: [./././././././././././././././././././././././././././././././././././././././././././././././././././././././././././././././.][././././././././././././././././././././././././././././././././B/././././././././././././././././././././././././././././././.]
[n2cn0723:173992] MCW rank 25 bound to socket 1[core 100[hwt 0]]: [./././././././././././././././././././././././././././././././././././././././././././././././././././././././././././././././.][././././././././././././././././././././././././././././././././././././B/././././././././././././././././././././././././././.]
[n2cn0723:173984] MCW rank 17 bound to socket 1[core 68[hwt 0]]: [./././././././././././././././././././././././././././././././././././././././././././././././././././././././././././././././.][././././B/././././././././././././././././././././././././././././././././././././././././././././././././././././././././././.]
[n2cn0723:173995] MCW rank 28 bound to socket 1[core 112[hwt 0]]: [./././././././././././././././././././././././././././././././././././././././././././././././././././././././././././././././.][././././././././././././././././././././././././././././././././././././././././././././././././B/././././././././././././././.]
[n2cn0723:173996] MCW rank 29 bound to socket 1[core 116[hwt 0]]: [./././././././././././././././././././././././././././././././././././././././././././././././././././././././././././././././.][././././././././././././././././././././././././././././././././././././././././././././././././././././B/././././././././././.]
[n2cn0723:173992] MCW rank 25 bound to socket 1[core 100[hwt 0]]: [./././././././././././././././././././././././././././././././././././././././././././././././././././././././././././././././.][././././././././././././././././././././././././././././././././././././B/././././././././././././././././././././././././././.]
[n2cn0723:173995] MCW rank 28 bound to socket 1[core 112[hwt 0]]: [./././././././././././././././././././././././././././././././././././././././././././././././././././././././././././././././.][././././././././././././././././././././././././././././././././././././././././././././././././B/././././././././././././././.]
[n2cn0723:173996] MCW rank 29 bound to socket 1[core 116[hwt 0]]: [./././././././././././././././././././././././././././././././././././././././././././././././././././././././././././././././.][././././././././././././././././././././././././././././././././././././././././././././././././././././B/././././././././././.]
[n2cn0723:173984] MCW rank 17 bound to socket 1[core 68[hwt 0]]: [./././././././././././././././././././././././././././././././././././././././././././././././././././././././././././././././.][././././B/././././././././././././././././././././././././././././././././././././././././././././././././././././././././././.]
[n2cn0723:173998] MCW rank 31 bound to socket 1[core 124[hwt 0]]: [./././././././././././././././././././././././././././././././././././././././././././././././././././././././././././././././.][././././././././././././././././././././././././././././././././././././././././././././././././././././././././././././B/././.]
[n2cn0723:173997] MCW rank 30 bound to socket 1[core 120[hwt 0]]: [./././././././././././././././././././././././././././././././././././././././././././././././././././././././././././././././.][././././././././././././././././././././././././././././././././././././././././././././././././././././././././B/././././././.]
[n2cn0723:173998] MCW rank 31 bound to socket 1[core 124[hwt 0]]: [./././././././././././././././././././././././././././././././././././././././././././././././././././././././././././././././.][././././././././././././././././././././././././././././././././././././././././././././././././././././././././././././B/././.]
[n2cn0723:173997] MCW rank 30 bound to socket 1[core 120[hwt 0]]: [./././././././././././././././././././././././././././././././././././././././././././././././././././././././././././././././.][././././././././././././././././././././././././././././././././././././././././././././././././././././././././B/././././././.]
[n2cn0723:173993] MCW rank 26 bound to socket 1[core 104[hwt 0]]: [./././././././././././././././././././././././././././././././././././././././././././././././././././././././././././././././.][././././././././././././././././././././././././././././././././././././././././B/././././././././././././././././././././././.]
[n2cn0723:173994] MCW rank 27 bound to socket 1[core 108[hwt 0]]: [./././././././././././././././././././././././././././././././././././././././././././././././././././././././././././././././.][././././././././././././././././././././././././././././././././././././././././././././B/././././././././././././././././././.]
[n2cn0723:173993] MCW rank 26 bound to socket 1[core 104[hwt 0]]: [./././././././././././././././././././././././././././././././././././././././././././././././././././././././././././././././.][././././././././././././././././././././././././././././././././././././././././B/././././././././././././././././././././././.]
[n2cn0723:173994] MCW rank 27 bound to socket 1[core 108[hwt 0]]: [./././././././././././././././././././././././././././././././././././././././././././././././././././././././././././././././.][././././././././././././././././././././././././././././././././././././././././././././B/././././././././././././././././././.]
[n2cn0723:173987] MCW rank 20 bound to socket 1[core 80[hwt 0]]: [./././././././././././././././././././././././././././././././././././././././././././././././././././././././././././././././.][././././././././././././././././B/././././././././././././././././././././././././././././././././././././././././././././././.]
[n2cn0723:173987] MCW rank 20 bound to socket 1[core 80[hwt 0]]: [./././././././././././././././././././././././././././././././././././././././././././././././././././././././././././././././.][././././././././././././././././B/././././././././././././././././././././././././././././././././././././././././././././././.]
[n2cn0723:173983] MCW rank 16 bound to socket 1[core 64[hwt 0]]: [./././././././././././././././././././././././././././././././././././././././././././././././././././././././././././././././.][B/././././././././././././././././././././././././././././././././././././././././././././././././././././././././././././././.]
[n2cn0723:173983] MCW rank 16 bound to socket 1[core 64[hwt 0]]: [./././././././././././././././././././././././././././././././././././././././././././././././././././././././././././././././.][B/././././././././././././././././././././././././././././././././././././././././././././././././././././././././././././././.]
[n2cn0723:173989] MCW rank 22 bound to socket 1[core 88[hwt 0]]: [./././././././././././././././././././././././././././././././././././././././././././././././././././././././././././././././.][././././././././././././././././././././././././B/././././././././././././././././././././././././././././././././././././././.]
[n2cn0723:173986] MCW rank 19 bound to socket 1[core 76[hwt 0]]: [./././././././././././././././././././././././././././././././././././././././././././././././././././././././././././././././.][././././././././././././B/././././././././././././././././././././././././././././././././././././././././././././././././././.]
[n2cn0723:173989] MCW rank 22 bound to socket 1[core 88[hwt 0]]: [./././././././././././././././././././././././././././././././././././././././././././././././././././././././././././././././.][././././././././././././././././././././././././B/././././././././././././././././././././././././././././././././././././././.]
[n2cn0723:173986] MCW rank 19 bound to socket 1[core 76[hwt 0]]: [./././././././././././././././././././././././././././././././././././././././././././././././././././././././././././././././.][././././././././././././B/././././././././././././././././././././././././././././././././././././././././././././././././././.]
[n2cn0723:173969] MCW rank 2 bound to socket 0[core 8[hwt 0]]: [././././././././B/././././././././././././././././././././././././././././././././././././././././././././././././././././././.][./././././././././././././././././././././././././././././././././././././././././././././././././././././././././././././././.]
[n2cn0723:173968] MCW rank 1 bound to socket 0[core 4[hwt 0]]: [././././B/././././././././././././././././././././././././././././././././././././././././././././././././././././././././././.][./././././././././././././././././././././././././././././././././././././././././././././././././././././././././././././././.]
[n2cn0723:173969] MCW rank 2 bound to socket 0[core 8[hwt 0]]: [././././././././B/././././././././././././././././././././././././././././././././././././././././././././././././././././././.][./././././././././././././././././././././././././././././././././././././././././././././././././././././././././././././././.]
[n2cn0723:173988] MCW rank 21 bound to socket 1[core 84[hwt 0]]: [./././././././././././././././././././././././././././././././././././././././././././././././././././././././././././././././.][././././././././././././././././././././B/././././././././././././././././././././././././././././././././././././././././././.]
[n2cn0723:173968] MCW rank 1 bound to socket 0[core 4[hwt 0]]: [././././B/././././././././././././././././././././././././././././././././././././././././././././././././././././././././././.][./././././././././././././././././././././././././././././././././././././././././././././././././././././././././././././././.]
[n2cn0723:173988] MCW rank 21 bound to socket 1[core 84[hwt 0]]: [./././././././././././././././././././././././././././././././././././././././././././././././././././././././././././././././.][././././././././././././././././././././B/././././././././././././././././././././././././././././././././././././././././././.]
[n2cn0735:252231] MCW rank 40 bound to socket 0[core 32[hwt 0]]: [././././././././././././././././././././././././././././././././B/././././././././././././././././././././././././././././././.][./././././././././././././././././././././././././././././././././././././././././././././././././././././././././././././././.]
[n2cn0735:252231] MCW rank 40 bound to socket 0[core 32[hwt 0]]: [././././././././././././././././././././././././././././././././B/././././././././././././././././././././././././././././././.][./././././././././././././././././././././././././././././././././././././././././././././././././././././././././././././././.]
[n2cn0735:252235] MCW rank 44 bound to socket 0[core 48[hwt 0]]: [././././././././././././././././././././././././././././././././././././././././././././././././B/././././././././././././././.][./././././././././././././././././././././././././././././././././././././././././././././././././././././././././././././././.]
[n2cn0735:252235] MCW rank 44 bound to socket 0[core 48[hwt 0]]: [././././././././././././././././././././././././././././././././././././././././././././././././B/././././././././././././././.][./././././././././././././././././././././././././././././././././././././././././././././././././././././././././././././././.]
[n2cn0735:252236] MCW rank 45 bound to socket 0[core 52[hwt 0]]: [././././././././././././././././././././././././././././././././././././././././././././././././././././B/././././././././././.][./././././././././././././././././././././././././././././././././././././././././././././././././././././././././././././././.]
[n2cn0735:252236] MCW rank 45 bound to socket 0[core 52[hwt 0]]: [././././././././././././././././././././././././././././././././././././././././././././././././././././B/././././././././././.][./././././././././././././././././././././././././././././././././././././././././././././././././././././././././././././././.]
[n2cn0735:252237] MCW rank 46 bound to socket 0[core 56[hwt 0]]: [././././././././././././././././././././././././././././././././././././././././././././././././././././././././B/././././././.][./././././././././././././././././././././././././././././././././././././././././././././././././././././././././././././././.]
[n2cn0735:252237] MCW rank 46 bound to socket 0[core 56[hwt 0]]: [././././././././././././././././././././././././././././././././././././././././././././././././././././././././B/././././././.][./././././././././././././././././././././././././././././././././././././././././././././././././././././././././././././././.]
[n2cn0735:252228] MCW rank 37 bound to socket 0[core 20[hwt 0]]: [././././././././././././././././././././B/././././././././././././././././././././././././././././././././././././././././././.][./././././././././././././././././././././././././././././././././././././././././././././././././././././././././././././././.]
[n2cn0735:252228] MCW rank 37 bound to socket 0[core 20[hwt 0]]: [././././././././././././././././././././B/././././././././././././././././././././././././././././././././././././././././././.][./././././././././././././././././././././././././././././././././././././././././././././././././././././././././././././././.]
[n2cn0735:252229] MCW rank 38 bound to socket 0[core 24[hwt 0]]: [././././././././././././././././././././././././B/././././././././././././././././././././././././././././././././././././././.][./././././././././././././././././././././././././././././././././././././././././././././././././././././././././././././././.]
[n2cn0735:252229] MCW rank 38 bound to socket 0[core 24[hwt 0]]: [././././././././././././././././././././././././B/././././././././././././././././././././././././././././././././././././././.][./././././././././././././././././././././././././././././././././././././././././././././././././././././././././././././././.]
[n2cn0735:252233] MCW rank 42 bound to socket 0[core 40[hwt 0]]: [././././././././././././././././././././././././././././././././././././././././B/././././././././././././././././././././././.][./././././././././././././././././././././././././././././././././././././././././././././././././././././././././././././././.]
[n2cn0735:252233] MCW rank 42 bound to socket 0[core 40[hwt 0]]: [././././././././././././././././././././././././././././././././././././././././B/././././././././././././././././././././././.][./././././././././././././././././././././././././././././././././././././././././././././././././././././././././././././././.]
[n2cn0735:252227] MCW rank 36 bound to socket 0[core 16[hwt 0]]: [././././././././././././././././B/././././././././././././././././././././././././././././././././././././././././././././././.][./././././././././././././././././././././././././././././././././././././././././././././././././././././././././././././././.]
[n2cn0735:252227] MCW rank 36 bound to socket 0[core 16[hwt 0]]: [././././././././././././././././B/././././././././././././././././././././././././././././././././././././././././././././././.][./././././././././././././././././././././././././././././././././././././././././././././././././././././././././././././././.]
[n2cn0735:252232] MCW rank 41 bound to socket 0[core 36[hwt 0]]: [././././././././././././././././././././././././././././././././././././B/././././././././././././././././././././././././././.][./././././././././././././././././././././././././././././././././././././././././././././././././././././././././././././././.]
[n2cn0735:252232] MCW rank 41 bound to socket 0[core 36[hwt 0]]: [././././././././././././././././././././././././././././././././././././B/././././././././././././././././././././././././././.][./././././././././././././././././././././././././././././././././././././././././././././././././././././././././././././././.]
[n2cn0735:252238] MCW rank 47 bound to socket 0[core 60[hwt 0]]: [././././././././././././././././././././././././././././././././././././././././././././././././././././././././././././B/././.][./././././././././././././././././././././././././././././././././././././././././././././././././././././././././././././././.]
[n2cn0735:252238] MCW rank 47 bound to socket 0[core 60[hwt 0]]: [././././././././././././././././././././././././././././././././././././././././././././././././././././././././././././B/././.][./././././././././././././././././././././././././././././././././././././././././././././././././././././././././././././././.]
[n2cn0735:252239] MCW rank 48 bound to socket 1[core 64[hwt 0]]: [./././././././././././././././././././././././././././././././././././././././././././././././././././././././././././././././.][B/././././././././././././././././././././././././././././././././././././././././././././././././././././././././././././././.]
[n2cn0735:252240] MCW rank 49 bound to socket 1[core 68[hwt 0]]: [./././././././././././././././././././././././././././././././././././././././././././././././././././././././././././././././.][././././B/././././././././././././././././././././././././././././././././././././././././././././././././././././././././././.]
[n2cn0735:252251] MCW rank 60 bound to socket 1[core 112[hwt 0]]: [./././././././././././././././././././././././././././././././././././././././././././././././././././././././././././././././.][././././././././././././././././././././././././././././././././././././././././././././././././B/././././././././././././././.]
[n2cn0735:252239] MCW rank 48 bound to socket 1[core 64[hwt 0]]: [./././././././././././././././././././././././././././././././././././././././././././././././././././././././././././././././.][B/././././././././././././././././././././././././././././././././././././././././././././././././././././././././././././././.]
[n2cn0735:252240] MCW rank 49 bound to socket 1[core 68[hwt 0]]: [./././././././././././././././././././././././././././././././././././././././././././././././././././././././././././././././.][././././B/././././././././././././././././././././././././././././././././././././././././././././././././././././././././././.]
[n2cn0735:252251] MCW rank 60 bound to socket 1[core 112[hwt 0]]: [./././././././././././././././././././././././././././././././././././././././././././././././././././././././././././././././.][././././././././././././././././././././././././././././././././././././././././././././././././B/././././././././././././././.]
[n2cn0735:252249] MCW rank 58 bound to socket 1[core 104[hwt 0]]: [./././././././././././././././././././././././././././././././././././././././././././././././././././././././././././././././.][././././././././././././././././././././././././././././././././././././././././B/././././././././././././././././././././././.]
[n2cn0735:252249] MCW rank 58 bound to socket 1[core 104[hwt 0]]: [./././././././././././././././././././././././././././././././././././././././././././././././././././././././././././././././.][././././././././././././././././././././././././././././././././././././././././B/././././././././././././././././././././././.]
[n2cn0735:252250] MCW rank 59 bound to socket 1[core 108[hwt 0]]: [./././././././././././././././././././././././././././././././././././././././././././././././././././././././././././././././.][././././././././././././././././././././././././././././././././././././././././././././B/././././././././././././././././././.]
[n2cn0735:252241] MCW rank 50 bound to socket 1[core 72[hwt 0]]: [./././././././././././././././././././././././././././././././././././././././././././././././././././././././././././././././.][././././././././B/././././././././././././././././././././././././././././././././././././././././././././././././././././././.]
[n2cn0735:252250] MCW rank 59 bound to socket 1[core 108[hwt 0]]: [./././././././././././././././././././././././././././././././././././././././././././././././././././././././././././././././.][././././././././././././././././././././././././././././././././././././././././././././B/././././././././././././././././././.]
[n2cn0735:252241] MCW rank 50 bound to socket 1[core 72[hwt 0]]: [./././././././././././././././././././././././././././././././././././././././././././././././././././././././././././././././.][././././././././B/././././././././././././././././././././././././././././././././././././././././././././././././././././././.]
[n2cn0735:252248] MCW rank 57 bound to socket 1[core 100[hwt 0]]: [./././././././././././././././././././././././././././././././././././././././././././././././././././././././././././././././.][././././././././././././././././././././././././././././././././././././B/././././././././././././././././././././././././././.]
[n2cn0735:252247] MCW rank 56 bound to socket 1[core 96[hwt 0]]: [./././././././././././././././././././././././././././././././././././././././././././././././././././././././././././././././.][././././././././././././././././././././././././././././././././B/././././././././././././././././././././././././././././././.]
[n2cn0735:252248] MCW rank 57 bound to socket 1[core 100[hwt 0]]: [./././././././././././././././././././././././././././././././././././././././././././././././././././././././././././././././.][././././././././././././././././././././././././././././././././././././B/././././././././././././././././././././././././././.]
[n2cn0735:252252] MCW rank 61 bound to socket 1[core 116[hwt 0]]: [./././././././././././././././././././././././././././././././././././././././././././././././././././././././././././././././.][././././././././././././././././././././././././././././././././././././././././././././././././././././B/././././././././././.]
[n2cn0735:252242] MCW rank 51 bound to socket 1[core 76[hwt 0]]: [./././././././././././././././././././././././././././././././././././././././././././././././././././././././././././././././.][././././././././././././B/././././././././././././././././././././././././././././././././././././././././././././././././././.]
[n2cn0735:252247] MCW rank 56 bound to socket 1[core 96[hwt 0]]: [./././././././././././././././././././././././././././././././././././././././././././././././././././././././././././././././.][././././././././././././././././././././././././././././././././B/././././././././././././././././././././././././././././././.]
[n2cn0735:252252] MCW rank 61 bound to socket 1[core 116[hwt 0]]: [./././././././././././././././././././././././././././././././././././././././././././././././././././././././././././././././.][././././././././././././././././././././././././././././././././././././././././././././././././././././B/././././././././././.]
[n2cn0735:252242] MCW rank 51 bound to socket 1[core 76[hwt 0]]: [./././././././././././././././././././././././././././././././././././././././././././././././././././././././././././././././.][././././././././././././B/././././././././././././././././././././././././././././././././././././././././././././././././././.]
[n2cn0735:252244] MCW rank 53 bound to socket 1[core 84[hwt 0]]: [./././././././././././././././././././././././././././././././././././././././././././././././././././././././././././././././.][././././././././././././././././././././B/././././././././././././././././././././././././././././././././././././././././././.]
[n2cn0735:252245] MCW rank 54 bound to socket 1[core 88[hwt 0]]: [./././././././././././././././././././././././././././././././././././././././././././././././././././././././././././././././.][././././././././././././././././././././././././B/././././././././././././././././././././././././././././././././././././././.]
[n2cn0735:252244] MCW rank 53 bound to socket 1[core 84[hwt 0]]: [./././././././././././././././././././././././././././././././././././././././././././././././././././././././././././././././.][././././././././././././././././././././B/././././././././././././././././././././././././././././././././././././././././././.]
[n2cn0735:252246] MCW rank 55 bound to socket 1[core 92[hwt 0]]: [./././././././././././././././././././././././././././././././././././././././././././././././././././././././././././././././.][././././././././././././././././././././././././././././B/././././././././././././././././././././././././././././././././././.]
[n2cn0735:252245] MCW rank 54 bound to socket 1[core 88[hwt 0]]: [./././././././././././././././././././././././././././././././././././././././././././././././././././././././././././././././.][././././././././././././././././././././././././B/././././././././././././././././././././././././././././././././././././././.]
[n2cn0735:252246] MCW rank 55 bound to socket 1[core 92[hwt 0]]: [./././././././././././././././././././././././././././././././././././././././././././././././././././././././././././././././.][././././././././././././././././././././././././././././B/././././././././././././././././././././././././././././././././././.]
[n2cn0735:252223] MCW rank 32 bound to socket 0[core 0[hwt 0]]: [B/././././././././././././././././././././././././././././././././././././././././././././././././././././././././././././././.][./././././././././././././././././././././././././././././././././././././././././././././././././././././././././././././././.]
[n2cn0735:252223] MCW rank 32 bound to socket 0[core 0[hwt 0]]: [B/././././././././././././././././././././././././././././././././././././././././././././././././././././././././././././././.][./././././././././././././././././././././././././././././././././././././././././././././././././././././././././././././././.]
[n2cn0735:252253] MCW rank 62 bound to socket 1[core 120[hwt 0]]: [./././././././././././././././././././././././././././././././././././././././././././././././././././././././././././././././.][././././././././././././././././././././././././././././././././././././././././././././././././././././././././B/././././././.]
[n2cn0735:252254] MCW rank 63 bound to socket 1[core 124[hwt 0]]: [./././././././././././././././././././././././././././././././././././././././././././././././././././././././././././././././.][././././././././././././././././././././././././././././././././././././././././././././././././././././././././././././B/././.]
[n2cn0735:252253] MCW rank 62 bound to socket 1[core 120[hwt 0]]: [./././././././././././././././././././././././././././././././././././././././././././././././././././././././././././././././.][././././././././././././././././././././././././././././././././././././././././././././././././././././././././B/././././././.]
[n2cn0735:252254] MCW rank 63 bound to socket 1[core 124[hwt 0]]: [./././././././././././././././././././././././././././././././././././././././././././././././././././././././././././././././.][././././././././././././././././././././././././././././././././././././././././././././././././././././././././././././B/././.]
[n2cn0735:252224] MCW rank 33 bound to socket 0[core 4[hwt 0]]: [././././B/././././././././././././././././././././././././././././././././././././././././././././././././././././././././././.][./././././././././././././././././././././././././././././././././././././././././././././././././././././././././././././././.]
[n2cn0735:252224] MCW rank 33 bound to socket 0[core 4[hwt 0]]: [././././B/././././././././././././././././././././././././././././././././././././././././././././././././././././././././././.][./././././././././././././././././././././././././././././././././././././././././././././././././././././././././././././././.]
[n2cn0735:252225] MCW rank 34 bound to socket 0[core 8[hwt 0]]: [././././././././B/././././././././././././././././././././././././././././././././././././././././././././././././././././././.][./././././././././././././././././././././././././././././././././././././././././././././././././././././././././././././././.]
[n2cn0735:252226] MCW rank 35 bound to socket 0[core 12[hwt 0]]: [././././././././././././B/././././././././././././././././././././././././././././././././././././././././././././././././././.][./././././././././././././././././././././././././././././././././././././././././././././././././././././././././././././././.]
[n2cn0735:252225] MCW rank 34 bound to socket 0[core 8[hwt 0]]: [././././././././B/././././././././././././././././././././././././././././././././././././././././././././././././././././././.][./././././././././././././././././././././././././././././././././././././././././././././././././././././././././././././././.]
[n2cn0735:252226] MCW rank 35 bound to socket 0[core 12[hwt 0]]: [././././././././././././B/././././././././././././././././././././././././././././././././././././././././././././././././././.][./././././././././././././././././././././././././././././././././././././././././././././././././././././././././././././././.]
implib-gen: libcudart.so.11.0: failed to load library 'libcudart.so.11.0' via callback 'DP_cudart_dlopen'
implib-gen: libcudart.so.11.0: failed to resolve symbol '__cudaUnregisterFatBinary', library failed to load
implib-gen: libcudart.so.11.0: failed to load library 'libcudart.so.11.0' via callback 'DP_cudart_dlopen'
implib-gen: libcudart.so.11.0: failed to resolve symbol '__cudaUnregisterFatBinary', library failed to load
implib-gen: libcudart.so.11.0: failed to load library 'libcudart.so.11.0' via callback 'DP_cudart_dlopen'
implib-gen: libcudart.so.11.0: failed to resolve symbol '__cudaUnregisterFatBinary', library failed to load
implib-gen: libcudart.so.11.0: failed to load library 'libcudart.so.11.0' via callback 'DP_cudart_dlopen'
implib-gen: libcudart.so.11.0: failed to resolve symbol '__cudaUnregisterFatBinary', library failed to load
implib-gen: libcudart.so.11.0: failed to load library 'libcudart.so.11.0' via callback 'DP_cudart_dlopen'
implib-gen: libcudart.so.11.0: failed to resolve symbol '__cudaUnregisterFatBinary', library failed to load
implib-gen: libcudart.so.11.0: failed to load library 'libcudart.so.11.0' via callback 'DP_cudart_dlopen'
implib-gen: libcudart.so.11.0: failed to resolve symbol '__cudaUnregisterFatBinary', library failed to load
implib-gen: libcudart.so.11.0: failed to load library 'libcudart.so.11.0' via callback 'DP_cudart_dlopen'
implib-gen: libcudart.so.11.0: failed to resolve symbol '__cudaUnregisterFatBinary', library failed to load
implib-gen: libcudart.so.11.0: failed to load library 'libcudart.so.11.0' via callback 'DP_cudart_dlopen'
implib-gen: libcudart.so.11.0: failed to resolve symbol '__cudaUnregisterFatBinary', library failed to load
implib-gen: libcudart.so.11.0: failed to load library 'libcudart.so.11.0' via callback 'DP_cudart_dlopen'
implib-gen: libcudart.so.11.0: failed to resolve symbol '__cudaUnregisterFatBinary', library failed to load
implib-gen: libcudart.so.11.0: failed to load library 'libcudart.so.11.0' via callback 'DP_cudart_dlopen'
implib-gen: libcudart.so.11.0: failed to resolve symbol '__cudaUnregisterFatBinary', library failed to load
implib-gen: libcudart.so.11.0: failed to load library 'libcudart.so.11.0' via callback 'DP_cudart_dlopen'
implib-gen: libcudart.so.11.0: failed to resolve symbol '__cudaUnregisterFatBinary', library failed to load
implib-gen: libcudart.so.11.0: failed to load library 'libcudart.so.11.0' via callback 'DP_cudart_dlopen'
implib-gen: libcudart.so.11.0: failed to resolve symbol '__cudaUnregisterFatBinary', library failed to load
implib-gen: libcudart.so.11.0: failed to load library 'libcudart.so.11.0' via callback 'DP_cudart_dlopen'
implib-gen: libcudart.so.11.0: failed to resolve symbol '__cudaUnregisterFatBinary', library failed to load
implib-gen: libcudart.so.11.0: failed to load library 'libcudart.so.11.0' via callback 'DP_cudart_dlopen'
implib-gen: libcudart.so.11.0: failed to resolve symbol '__cudaUnregisterFatBinary', library failed to load
implib-gen: libcudart.so.11.0: failed to load library 'libcudart.so.11.0' via callback 'DP_cudart_dlopen'
implib-gen: libcudart.so.11.0: failed to resolve symbol '__cudaUnregisterFatBinary', library failed to load
implib-gen: libcudart.so.11.0: failed to load library 'libcudart.so.11.0' via callback 'DP_cudart_dlopen'
implib-gen: libcudart.so.11.0: failed to resolve symbol '__cudaUnregisterFatBinary', library failed to load
implib-gen: libcudart.so.11.0: failed to load library 'libcudart.so.11.0' via callback 'DP_cudart_dlopen'
implib-gen: libcudart.so.11.0: failed to resolve symbol '__cudaUnregisterFatBinary', library failed to load
implib-gen: libcudart.so.11.0: failed to load library 'libcudart.so.11.0' via callback 'DP_cudart_dlopen'
implib-gen: libcudart.so.11.0: failed to resolve symbol '__cudaUnregisterFatBinary', library failed to load
implib-gen: libcudart.so.11.0: failed to load library 'libcudart.so.11.0' via callback 'DP_cudart_dlopen'
implib-gen: libcudart.so.11.0: failed to resolve symbol '__cudaUnregisterFatBinary', library failed to load
implib-gen: libcudart.so.11.0: failed to load library 'libcudart.so.11.0' via callback 'DP_cudart_dlopen'
implib-gen: libcudart.so.11.0: failed to resolve symbol '__cudaUnregisterFatBinary', library failed to load
implib-gen: libcudart.so.11.0: failed to load library 'libcudart.so.11.0' via callback 'DP_cudart_dlopen'
implib-gen: libcudart.so.11.0: failed to resolve symbol '__cudaUnregisterFatBinary', library failed to load
implib-gen: libcudart.so.11.0: failed to load library 'libcudart.so.11.0' via callback 'DP_cudart_dlopen'
implib-gen: libcudart.so.11.0: failed to resolve symbol '__cudaUnregisterFatBinary', library failed to load
implib-gen: libcudart.so.11.0: failed to load library 'libcudart.so.11.0' via callback 'DP_cudart_dlopen'
implib-gen: libcudart.so.11.0: failed to resolve symbol '__cudaUnregisterFatBinary', library failed to load
implib-gen: libcudart.so.11.0: failed to load library 'libcudart.so.11.0' via callback 'DP_cudart_dlopen'
implib-gen: libcudart.so.11.0: failed to resolve symbol '__cudaUnregisterFatBinary', library failed to load
implib-gen: libcudart.so.11.0: failed to load library 'libcudart.so.11.0' via callback 'DP_cudart_dlopen'
implib-gen: libcudart.so.11.0: failed to resolve symbol '__cudaUnregisterFatBinary', library failed to load
implib-gen: libcudart.so.11.0: failed to load library 'libcudart.so.11.0' via callback 'DP_cudart_dlopen'
implib-gen: libcudart.so.11.0: failed to resolve symbol '__cudaUnregisterFatBinary', library failed to load
implib-gen: libcudart.so.11.0: failed to load library 'libcudart.so.11.0' via callback 'DP_cudart_dlopen'
implib-gen: libcudart.so.11.0: failed to resolve symbol '__cudaUnregisterFatBinary', library failed to load
implib-gen: libcudart.so.11.0: failed to load library 'libcudart.so.11.0' via callback 'DP_cudart_dlopen'
implib-gen: libcudart.so.11.0: failed to resolve symbol '__cudaUnregisterFatBinary', library failed to load
implib-gen: libcudart.so.11.0: failed to load library 'libcudart.so.11.0' via callback 'DP_cudart_dlopen'
implib-gen: libcudart.so.11.0: failed to resolve symbol '__cudaUnregisterFatBinary', library failed to load
implib-gen: libcudart.so.11.0: failed to load library 'libcudart.so.11.0' via callback 'DP_cudart_dlopen'
implib-gen: libcudart.so.11.0: failed to resolve symbol '__cudaUnregisterFatBinary', library failed to load
implib-gen: libcudart.so.11.0: failed to load library 'libcudart.so.11.0' via callback 'DP_cudart_dlopen'
implib-gen: libcudart.so.11.0: failed to resolve symbol '__cudaUnregisterFatBinary', library failed to load
implib-gen: libcudart.so.11.0: failed to load library 'libcudart.so.11.0' via callback 'DP_cudart_dlopen'
implib-gen: libcudart.so.11.0: failed to resolve symbol '__cudaUnregisterFatBinary', library failed to load
implib-gen: libcudart.so.11.0: failed to load library 'libcudart.so.11.0' via callback 'DP_cudart_dlopen'
implib-gen: libcudart.so.11.0: failed to resolve symbol '__cudaUnregisterFatBinary', library failed to load
implib-gen: libcudart.so.11.0: failed to load library 'libcudart.so.11.0' via callback 'DP_cudart_dlopen'
implib-gen: libcudart.so.11.0: failed to resolve symbol '__cudaUnregisterFatBinary', library failed to load
implib-gen: libcudart.so.11.0: failed to load library 'libcudart.so.11.0' via callback 'DP_cudart_dlopen'
implib-gen: libcudart.so.11.0: failed to resolve symbol '__cudaUnregisterFatBinary', library failed to load
implib-gen: libcudart.so.11.0: failed to load library 'libcudart.so.11.0' via callback 'DP_cudart_dlopen'
implib-gen: libcudart.so.11.0: failed to resolve symbol '__cudaUnregisterFatBinary', library failed to load
implib-gen: libcudart.so.11.0: failed to load library 'libcudart.so.11.0' via callback 'DP_cudart_dlopen'
implib-gen: libcudart.so.11.0: failed to resolve symbol '__cudaUnregisterFatBinary', library failed to load
implib-gen: libcudart.so.11.0: failed to load library 'libcudart.so.11.0' via callback 'DP_cudart_dlopen'
implib-gen: libcudart.so.11.0: failed to resolve symbol '__cudaUnregisterFatBinary', library failed to load
implib-gen: libcudart.so.11.0: failed to load library 'libcudart.so.11.0' via callback 'DP_cudart_dlopen'
implib-gen: libcudart.so.11.0: failed to resolve symbol '__cudaUnregisterFatBinary', library failed to load
implib-gen: libcudart.so.11.0: failed to load library 'libcudart.so.11.0' via callback 'DP_cudart_dlopen'
implib-gen: libcudart.so.11.0: failed to resolve symbol '__cudaUnregisterFatBinary', library failed to load
implib-gen: libcudart.so.11.0: failed to load library 'libcudart.so.11.0' via callback 'DP_cudart_dlopen'
implib-gen: libcudart.so.11.0: failed to resolve symbol '__cudaUnregisterFatBinary', library failed to load
implib-gen: libcudart.so.11.0: failed to load library 'libcudart.so.11.0' via callback 'DP_cudart_dlopen'
implib-gen: libcudart.so.11.0: failed to resolve symbol '__cudaUnregisterFatBinary', library failed to load
implib-gen: libcudart.so.11.0: failed to load library 'libcudart.so.11.0' via callback 'DP_cudart_dlopen'
implib-gen: libcudart.so.11.0: failed to resolve symbol '__cudaUnregisterFatBinary', library failed to load
implib-gen: libcudart.so.11.0: failed to load library 'libcudart.so.11.0' via callback 'DP_cudart_dlopen'
implib-gen: libcudart.so.11.0: failed to resolve symbol '__cudaUnregisterFatBinary', library failed to load
implib-gen: libcudart.so.11.0: failed to load library 'libcudart.so.11.0' via callback 'DP_cudart_dlopen'
implib-gen: libcudart.so.11.0: failed to resolve symbol '__cudaUnregisterFatBinary', library failed to load
implib-gen: libcudart.so.11.0: failed to load library 'libcudart.so.11.0' via callback 'DP_cudart_dlopen'
implib-gen: libcudart.so.11.0: failed to resolve symbol '__cudaUnregisterFatBinary', library failed to load
implib-gen: libcudart.so.11.0: failed to load library 'libcudart.so.11.0' via callback 'DP_cudart_dlopen'
implib-gen: libcudart.so.11.0: failed to resolve symbol '__cudaUnregisterFatBinary', library failed to load
implib-gen: libcudart.so.11.0: failed to load library 'libcudart.so.11.0' via callback 'DP_cudart_dlopen'
implib-gen: libcudart.so.11.0: failed to resolve symbol '__cudaUnregisterFatBinary', library failed to load
implib-gen: libcudart.so.11.0: failed to load library 'libcudart.so.11.0' via callback 'DP_cudart_dlopen'
implib-gen: libcudart.so.11.0: failed to resolve symbol '__cudaUnregisterFatBinary', library failed to load
implib-gen: libcudart.so.11.0: failed to load library 'libcudart.so.11.0' via callback 'DP_cudart_dlopen'
implib-gen: libcudart.so.11.0: failed to resolve symbol '__cudaUnregisterFatBinary', library failed to load
implib-gen: libcudart.so.11.0: failed to load library 'libcudart.so.11.0' via callback 'DP_cudart_dlopen'
implib-gen: libcudart.so.11.0: failed to resolve symbol '__cudaUnregisterFatBinary', library failed to load
implib-gen: libcudart.so.11.0: failed to load library 'libcudart.so.11.0' via callback 'DP_cudart_dlopen'
implib-gen: libcudart.so.11.0: failed to resolve symbol '__cudaUnregisterFatBinary', library failed to load
implib-gen: libcudart.so.11.0: failed to load library 'libcudart.so.11.0' via callback 'DP_cudart_dlopen'
implib-gen: libcudart.so.11.0: failed to resolve symbol '__cudaUnregisterFatBinary', library failed to load
implib-gen: libcudart.so.11.0: failed to load library 'libcudart.so.11.0' via callback 'DP_cudart_dlopen'
implib-gen: libcudart.so.11.0: failed to resolve symbol '__cudaUnregisterFatBinary', library failed to load
implib-gen: libcudart.so.11.0: failed to load library 'libcudart.so.11.0' via callback 'DP_cudart_dlopen'
implib-gen: libcudart.so.11.0: failed to resolve symbol '__cudaUnregisterFatBinary', library failed to load
implib-gen: libcudart.so.11.0: failed to load library 'libcudart.so.11.0' via callback 'DP_cudart_dlopen'
implib-gen: libcudart.so.11.0: failed to resolve symbol '__cudaUnregisterFatBinary', library failed to load
implib-gen: libcudart.so.11.0: failed to load library 'libcudart.so.11.0' via callback 'DP_cudart_dlopen'
implib-gen: libcudart.so.11.0: failed to resolve symbol '__cudaUnregisterFatBinary', library failed to load
implib-gen: libcudart.so.11.0: failed to load library 'libcudart.so.11.0' via callback 'DP_cudart_dlopen'
implib-gen: libcudart.so.11.0: failed to resolve symbol '__cudaUnregisterFatBinary', library failed to load
implib-gen: libcudart.so.11.0: failed to load library 'libcudart.so.11.0' via callback 'DP_cudart_dlopen'
implib-gen: libcudart.so.11.0: failed to resolve symbol '__cudaUnregisterFatBinary', library failed to load
implib-gen: libcudart.so.11.0: failed to load library 'libcudart.so.11.0' via callback 'DP_cudart_dlopen'
implib-gen: libcudart.so.11.0: failed to resolve symbol '__cudaUnregisterFatBinary', library failed to load
implib-gen: libcudart.so.11.0: failed to load library 'libcudart.so.11.0' via callback 'DP_cudart_dlopen'
implib-gen: libcudart.so.11.0: failed to resolve symbol '__cudaUnregisterFatBinary', library failed to load
implib-gen: libcudart.so.11.0: failed to load library 'libcudart.so.11.0' via callback 'DP_cudart_dlopen'
implib-gen: libcudart.so.11.0: failed to resolve symbol '__cudaUnregisterFatBinary', library failed to load
implib-gen: libcudart.so.11.0: failed to load library 'libcudart.so.11.0' via callback 'DP_cudart_dlopen'
implib-gen: libcudart.so.11.0: failed to resolve symbol '__cudaUnregisterFatBinary', library failed to load
implib-gen: libcudart.so.11.0: failed to load library 'libcudart.so.11.0' via callback 'DP_cudart_dlopen'
implib-gen: libcudart.so.11.0: failed to resolve symbol '__cudaUnregisterFatBinary', library failed to load
