cpu-bind=MASK - n2cn0663, task  0  0 [4105752]: mask |BBBBBBBB|BBBBBBBB||BBBBBBBB|BBBBBBBB||BBBBBBBB|BBBBBBBB||BBBBBBBB|BBBBBBBB||||BBBBBBBB|BBBBBBBB||BBBBBBBB|BBBBBBBB||BBBBBBBB|BBBBBBBB||BBBBBBBB|BBBBBBBB|  set
The following modules were not unloaded:
  (Use "module --force purge" to unload all):

  1) pc2fs   2) slurm/23.11.5-1   3) DefaultModules
cpu-bind=MASK - n2cn0663, task  0  0 [4106172]: mask |BBBB----|--------||--------|--------||--------|--------||--------|--------||||--------|--------||--------|--------||--------|--------||--------|--------|  set
cpu-bind=MASK - n2cn1050, task 128  0 [559094]: mask |BBBB----|--------||--------|--------||--------|--------||--------|--------||||--------|--------||--------|--------||--------|--------||--------|--------|  set
cpu-bind=MASK - n2cn0925, task 96  0 [3848771]: mask |BBBB----|--------||--------|--------||--------|--------||--------|--------||||--------|--------||--------|--------||--------|--------||--------|--------|  set
cpu-bind=MASK - n2cn0775, task 32  0 [131723]: mask |BBBB----|--------||--------|--------||--------|--------||--------|--------||||--------|--------||--------|--------||--------|--------||--------|--------|  set
cpu-bind=MASK - n2cn1080, task 160  0 [1002728]: mask |BBBB----|--------||--------|--------||--------|--------||--------|--------||||--------|--------||--------|--------||--------|--------||--------|--------|  set
cpu-bind=MASK - n2cn1050, task 129  1 [559095]: mask |----BBBB|--------||--------|--------||--------|--------||--------|--------||||--------|--------||--------|--------||--------|--------||--------|--------|  set
cpu-bind=MASK - n2cn1050, task 130  2 [559096]: mask |--------|BBBB----||--------|--------||--------|--------||--------|--------||||--------|--------||--------|--------||--------|--------||--------|--------|  set
cpu-bind=MASK - n2cn1050, task 131  3 [559097]: mask |--------|----BBBB||--------|--------||--------|--------||--------|--------||||--------|--------||--------|--------||--------|--------||--------|--------|  set
cpu-bind=MASK - n2cn1050, task 132  4 [559098]: mask |--------|--------||BBBB----|--------||--------|--------||--------|--------||||--------|--------||--------|--------||--------|--------||--------|--------|  set
cpu-bind=MASK - n2cn1050, task 133  5 [559099]: mask |--------|--------||----BBBB|--------||--------|--------||--------|--------||||--------|--------||--------|--------||--------|--------||--------|--------|  set
cpu-bind=MASK - n2cn1050, task 134  6 [559100]: mask |--------|--------||--------|BBBB----||--------|--------||--------|--------||||--------|--------||--------|--------||--------|--------||--------|--------|  set
cpu-bind=MASK - n2cn1050, task 135  7 [559101]: mask |--------|--------||--------|----BBBB||--------|--------||--------|--------||||--------|--------||--------|--------||--------|--------||--------|--------|  set
cpu-bind=MASK - n2cn0925, task 97  1 [3848772]: mask |----BBBB|--------||--------|--------||--------|--------||--------|--------||||--------|--------||--------|--------||--------|--------||--------|--------|  set
cpu-bind=MASK - n2cn0925, task 98  2 [3848773]: mask |--------|BBBB----||--------|--------||--------|--------||--------|--------||||--------|--------||--------|--------||--------|--------||--------|--------|  set
cpu-bind=MASK - n2cn0925, task 99  3 [3848774]: mask |--------|----BBBB||--------|--------||--------|--------||--------|--------||||--------|--------||--------|--------||--------|--------||--------|--------|  set
cpu-bind=MASK - n2cn0925, task 100  4 [3848775]: mask |--------|--------||BBBB----|--------||--------|--------||--------|--------||||--------|--------||--------|--------||--------|--------||--------|--------|  set
cpu-bind=MASK - n2cn0925, task 101  5 [3848776]: mask |--------|--------||----BBBB|--------||--------|--------||--------|--------||||--------|--------||--------|--------||--------|--------||--------|--------|  set
cpu-bind=MASK - n2cn0925, task 102  6 [3848777]: mask |--------|--------||--------|BBBB----||--------|--------||--------|--------||||--------|--------||--------|--------||--------|--------||--------|--------|  set
cpu-bind=MASK - n2cn0925, task 103  7 [3848778]: mask |--------|--------||--------|----BBBB||--------|--------||--------|--------||||--------|--------||--------|--------||--------|--------||--------|--------|  set
cpu-bind=MASK - n2cn0796, task 64  0 [143822]: mask |BBBB----|--------||--------|--------||--------|--------||--------|--------||||--------|--------||--------|--------||--------|--------||--------|--------|  set
cpu-bind=MASK - n2cn1080, task 161  1 [1002729]: mask |----BBBB|--------||--------|--------||--------|--------||--------|--------||||--------|--------||--------|--------||--------|--------||--------|--------|  set
cpu-bind=MASK - n2cn1080, task 162  2 [1002730]: mask |--------|BBBB----||--------|--------||--------|--------||--------|--------||||--------|--------||--------|--------||--------|--------||--------|--------|  set
cpu-bind=MASK - n2cn1080, task 163  3 [1002731]: mask |--------|----BBBB||--------|--------||--------|--------||--------|--------||||--------|--------||--------|--------||--------|--------||--------|--------|  set
cpu-bind=MASK - n2cn1080, task 164  4 [1002732]: mask |--------|--------||BBBB----|--------||--------|--------||--------|--------||||--------|--------||--------|--------||--------|--------||--------|--------|  set
cpu-bind=MASK - n2cn1080, task 165  5 [1002733]: mask |--------|--------||----BBBB|--------||--------|--------||--------|--------||||--------|--------||--------|--------||--------|--------||--------|--------|  set
cpu-bind=MASK - n2cn1080, task 166  6 [1002734]: mask |--------|--------||--------|BBBB----||--------|--------||--------|--------||||--------|--------||--------|--------||--------|--------||--------|--------|  set
cpu-bind=MASK - n2cn0775, task 33  1 [131724]: mask |----BBBB|--------||--------|--------||--------|--------||--------|--------||||--------|--------||--------|--------||--------|--------||--------|--------|  set
cpu-bind=MASK - n2cn0775, task 34  2 [131725]: mask |--------|BBBB----||--------|--------||--------|--------||--------|--------||||--------|--------||--------|--------||--------|--------||--------|--------|  set
cpu-bind=MASK - n2cn0775, task 35  3 [131726]: mask |--------|----BBBB||--------|--------||--------|--------||--------|--------||||--------|--------||--------|--------||--------|--------||--------|--------|  set
cpu-bind=MASK - n2cn0775, task 36  4 [131727]: mask |--------|--------||BBBB----|--------||--------|--------||--------|--------||||--------|--------||--------|--------||--------|--------||--------|--------|  set
cpu-bind=MASK - n2cn0775, task 37  5 [131728]: mask |--------|--------||----BBBB|--------||--------|--------||--------|--------||||--------|--------||--------|--------||--------|--------||--------|--------|  set
cpu-bind=MASK - n2cn0775, task 38  6 [131729]: mask |--------|--------||--------|BBBB----||--------|--------||--------|--------||||--------|--------||--------|--------||--------|--------||--------|--------|  set
cpu-bind=MASK - n2cn0775, task 39  7 [131730]: mask |--------|--------||--------|----BBBB||--------|--------||--------|--------||||--------|--------||--------|--------||--------|--------||--------|--------|  set
cpu-bind=MASK - n2cn1080, task 167  7 [1002735]: mask |--------|--------||--------|----BBBB||--------|--------||--------|--------||||--------|--------||--------|--------||--------|--------||--------|--------|  set
cpu-bind=MASK - n2cn1050, task 136  8 [559102]: mask |--------|--------||--------|--------||BBBB----|--------||--------|--------||||--------|--------||--------|--------||--------|--------||--------|--------|  set
cpu-bind=MASK - n2cn1050, task 137  9 [559103]: mask |--------|--------||--------|--------||----BBBB|--------||--------|--------||||--------|--------||--------|--------||--------|--------||--------|--------|  set
cpu-bind=MASK - n2cn1050, task 138 10 [559104]: mask |--------|--------||--------|--------||--------|BBBB----||--------|--------||||--------|--------||--------|--------||--------|--------||--------|--------|  set
cpu-bind=MASK - n2cn1050, task 139 11 [559105]: mask |--------|--------||--------|--------||--------|----BBBB||--------|--------||||--------|--------||--------|--------||--------|--------||--------|--------|  set
cpu-bind=MASK - n2cn1050, task 140 12 [559106]: mask |--------|--------||--------|--------||--------|--------||BBBB----|--------||||--------|--------||--------|--------||--------|--------||--------|--------|  set
cpu-bind=MASK - n2cn1050, task 141 13 [559107]: mask |--------|--------||--------|--------||--------|--------||----BBBB|--------||||--------|--------||--------|--------||--------|--------||--------|--------|  set
cpu-bind=MASK - n2cn1050, task 142 14 [559108]: mask |--------|--------||--------|--------||--------|--------||--------|BBBB----||||--------|--------||--------|--------||--------|--------||--------|--------|  set
cpu-bind=MASK - n2cn0925, task 104  8 [3848779]: mask |--------|--------||--------|--------||BBBB----|--------||--------|--------||||--------|--------||--------|--------||--------|--------||--------|--------|  set
cpu-bind=MASK - n2cn0925, task 105  9 [3848780]: mask |--------|--------||--------|--------||----BBBB|--------||--------|--------||||--------|--------||--------|--------||--------|--------||--------|--------|  set
cpu-bind=MASK - n2cn0925, task 106 10 [3848781]: mask |--------|--------||--------|--------||--------|BBBB----||--------|--------||||--------|--------||--------|--------||--------|--------||--------|--------|  set
cpu-bind=MASK - n2cn0925, task 107 11 [3848782]: mask |--------|--------||--------|--------||--------|----BBBB||--------|--------||||--------|--------||--------|--------||--------|--------||--------|--------|  set
cpu-bind=MASK - n2cn0925, task 108 12 [3848783]: mask |--------|--------||--------|--------||--------|--------||BBBB----|--------||||--------|--------||--------|--------||--------|--------||--------|--------|  set
cpu-bind=MASK - n2cn0925, task 109 13 [3848784]: mask |--------|--------||--------|--------||--------|--------||----BBBB|--------||||--------|--------||--------|--------||--------|--------||--------|--------|  set
cpu-bind=MASK - n2cn0925, task 110 14 [3848785]: mask |--------|--------||--------|--------||--------|--------||--------|BBBB----||||--------|--------||--------|--------||--------|--------||--------|--------|  set
cpu-bind=MASK - n2cn0796, task 65  1 [143823]: mask |----BBBB|--------||--------|--------||--------|--------||--------|--------||||--------|--------||--------|--------||--------|--------||--------|--------|  set
cpu-bind=MASK - n2cn0796, task 66  2 [143824]: mask |--------|BBBB----||--------|--------||--------|--------||--------|--------||||--------|--------||--------|--------||--------|--------||--------|--------|  set
cpu-bind=MASK - n2cn0796, task 67  3 [143825]: mask |--------|----BBBB||--------|--------||--------|--------||--------|--------||||--------|--------||--------|--------||--------|--------||--------|--------|  set
cpu-bind=MASK - n2cn0796, task 68  4 [143826]: mask |--------|--------||BBBB----|--------||--------|--------||--------|--------||||--------|--------||--------|--------||--------|--------||--------|--------|  set
cpu-bind=MASK - n2cn0796, task 69  5 [143827]: mask |--------|--------||----BBBB|--------||--------|--------||--------|--------||||--------|--------||--------|--------||--------|--------||--------|--------|  set
cpu-bind=MASK - n2cn0796, task 70  6 [143828]: mask |--------|--------||--------|BBBB----||--------|--------||--------|--------||||--------|--------||--------|--------||--------|--------||--------|--------|  set
cpu-bind=MASK - n2cn0796, task 71  7 [143829]: mask |--------|--------||--------|----BBBB||--------|--------||--------|--------||||--------|--------||--------|--------||--------|--------||--------|--------|  set
cpu-bind=MASK - n2cn1080, task 168  8 [1002736]: mask |--------|--------||--------|--------||BBBB----|--------||--------|--------||||--------|--------||--------|--------||--------|--------||--------|--------|  set
cpu-bind=MASK - n2cn1080, task 169  9 [1002737]: mask |--------|--------||--------|--------||----BBBB|--------||--------|--------||||--------|--------||--------|--------||--------|--------||--------|--------|  set
cpu-bind=MASK - n2cn1080, task 170 10 [1002738]: mask |--------|--------||--------|--------||--------|BBBB----||--------|--------||||--------|--------||--------|--------||--------|--------||--------|--------|  set
cpu-bind=MASK - n2cn1080, task 171 11 [1002739]: mask |--------|--------||--------|--------||--------|----BBBB||--------|--------||||--------|--------||--------|--------||--------|--------||--------|--------|  set
cpu-bind=MASK - n2cn1080, task 172 12 [1002740]: mask |--------|--------||--------|--------||--------|--------||BBBB----|--------||||--------|--------||--------|--------||--------|--------||--------|--------|  set
cpu-bind=MASK - n2cn1080, task 173 13 [1002741]: mask |--------|--------||--------|--------||--------|--------||----BBBB|--------||||--------|--------||--------|--------||--------|--------||--------|--------|  set
cpu-bind=MASK - n2cn1080, task 174 14 [1002742]: mask |--------|--------||--------|--------||--------|--------||--------|BBBB----||||--------|--------||--------|--------||--------|--------||--------|--------|  set
cpu-bind=MASK - n2cn0775, task 40  8 [131731]: mask |--------|--------||--------|--------||BBBB----|--------||--------|--------||||--------|--------||--------|--------||--------|--------||--------|--------|  set
cpu-bind=MASK - n2cn0775, task 41  9 [131732]: mask |--------|--------||--------|--------||----BBBB|--------||--------|--------||||--------|--------||--------|--------||--------|--------||--------|--------|  set
cpu-bind=MASK - n2cn0775, task 42 10 [131733]: mask |--------|--------||--------|--------||--------|BBBB----||--------|--------||||--------|--------||--------|--------||--------|--------||--------|--------|  set
cpu-bind=MASK - n2cn0775, task 43 11 [131734]: mask |--------|--------||--------|--------||--------|----BBBB||--------|--------||||--------|--------||--------|--------||--------|--------||--------|--------|  set
cpu-bind=MASK - n2cn0775, task 44 12 [131735]: mask |--------|--------||--------|--------||--------|--------||BBBB----|--------||||--------|--------||--------|--------||--------|--------||--------|--------|  set
cpu-bind=MASK - n2cn0775, task 45 13 [131736]: mask |--------|--------||--------|--------||--------|--------||----BBBB|--------||||--------|--------||--------|--------||--------|--------||--------|--------|  set
cpu-bind=MASK - n2cn0775, task 46 14 [131737]: mask |--------|--------||--------|--------||--------|--------||--------|BBBB----||||--------|--------||--------|--------||--------|--------||--------|--------|  set
cpu-bind=MASK - n2cn1050, task 143 15 [559109]: mask |--------|--------||--------|--------||--------|--------||--------|----BBBB||||--------|--------||--------|--------||--------|--------||--------|--------|  set
cpu-bind=MASK - n2cn1050, task 144 16 [559110]: mask |--------|--------||--------|--------||--------|--------||--------|--------||||BBBB----|--------||--------|--------||--------|--------||--------|--------|  set
cpu-bind=MASK - n2cn1050, task 145 17 [559111]: mask |--------|--------||--------|--------||--------|--------||--------|--------||||----BBBB|--------||--------|--------||--------|--------||--------|--------|  set
cpu-bind=MASK - n2cn1050, task 146 18 [559112]: mask |--------|--------||--------|--------||--------|--------||--------|--------||||--------|BBBB----||--------|--------||--------|--------||--------|--------|  set
cpu-bind=MASK - n2cn1050, task 147 19 [559113]: mask |--------|--------||--------|--------||--------|--------||--------|--------||||--------|----BBBB||--------|--------||--------|--------||--------|--------|  set
cpu-bind=MASK - n2cn1050, task 148 20 [559114]: mask |--------|--------||--------|--------||--------|--------||--------|--------||||--------|--------||BBBB----|--------||--------|--------||--------|--------|  set
cpu-bind=MASK - n2cn1050, task 149 21 [559115]: mask |--------|--------||--------|--------||--------|--------||--------|--------||||--------|--------||----BBBB|--------||--------|--------||--------|--------|  set
cpu-bind=MASK - n2cn0925, task 111 15 [3848786]: mask |--------|--------||--------|--------||--------|--------||--------|----BBBB||||--------|--------||--------|--------||--------|--------||--------|--------|  set
cpu-bind=MASK - n2cn0925, task 112 16 [3848787]: mask |--------|--------||--------|--------||--------|--------||--------|--------||||BBBB----|--------||--------|--------||--------|--------||--------|--------|  set
cpu-bind=MASK - n2cn0925, task 113 17 [3848788]: mask |--------|--------||--------|--------||--------|--------||--------|--------||||----BBBB|--------||--------|--------||--------|--------||--------|--------|  set
cpu-bind=MASK - n2cn0925, task 114 18 [3848789]: mask |--------|--------||--------|--------||--------|--------||--------|--------||||--------|BBBB----||--------|--------||--------|--------||--------|--------|  set
cpu-bind=MASK - n2cn0925, task 115 19 [3848790]: mask |--------|--------||--------|--------||--------|--------||--------|--------||||--------|----BBBB||--------|--------||--------|--------||--------|--------|  set
cpu-bind=MASK - n2cn0925, task 116 20 [3848791]: mask |--------|--------||--------|--------||--------|--------||--------|--------||||--------|--------||BBBB----|--------||--------|--------||--------|--------|  set
cpu-bind=MASK - n2cn0925, task 117 21 [3848792]: mask |--------|--------||--------|--------||--------|--------||--------|--------||||--------|--------||----BBBB|--------||--------|--------||--------|--------|  set
cpu-bind=MASK - n2cn0796, task 72  8 [143830]: mask |--------|--------||--------|--------||BBBB----|--------||--------|--------||||--------|--------||--------|--------||--------|--------||--------|--------|  set
cpu-bind=MASK - n2cn0796, task 73  9 [143831]: mask |--------|--------||--------|--------||----BBBB|--------||--------|--------||||--------|--------||--------|--------||--------|--------||--------|--------|  set
cpu-bind=MASK - n2cn0796, task 74 10 [143832]: mask |--------|--------||--------|--------||--------|BBBB----||--------|--------||||--------|--------||--------|--------||--------|--------||--------|--------|  set
cpu-bind=MASK - n2cn0796, task 75 11 [143833]: mask |--------|--------||--------|--------||--------|----BBBB||--------|--------||||--------|--------||--------|--------||--------|--------||--------|--------|  set
cpu-bind=MASK - n2cn0796, task 76 12 [143834]: mask |--------|--------||--------|--------||--------|--------||BBBB----|--------||||--------|--------||--------|--------||--------|--------||--------|--------|  set
cpu-bind=MASK - n2cn0796, task 77 13 [143835]: mask |--------|--------||--------|--------||--------|--------||----BBBB|--------||||--------|--------||--------|--------||--------|--------||--------|--------|  set
cpu-bind=MASK - n2cn0796, task 78 14 [143836]: mask |--------|--------||--------|--------||--------|--------||--------|BBBB----||||--------|--------||--------|--------||--------|--------||--------|--------|  set
cpu-bind=MASK - n2cn1080, task 175 15 [1002743]: mask |--------|--------||--------|--------||--------|--------||--------|----BBBB||||--------|--------||--------|--------||--------|--------||--------|--------|  set
cpu-bind=MASK - n2cn1080, task 176 16 [1002744]: mask |--------|--------||--------|--------||--------|--------||--------|--------||||BBBB----|--------||--------|--------||--------|--------||--------|--------|  set
cpu-bind=MASK - n2cn1080, task 177 17 [1002745]: mask |--------|--------||--------|--------||--------|--------||--------|--------||||----BBBB|--------||--------|--------||--------|--------||--------|--------|  set
cpu-bind=MASK - n2cn1080, task 178 18 [1002746]: mask |--------|--------||--------|--------||--------|--------||--------|--------||||--------|BBBB----||--------|--------||--------|--------||--------|--------|  set
cpu-bind=MASK - n2cn1080, task 179 19 [1002747]: mask |--------|--------||--------|--------||--------|--------||--------|--------||||--------|----BBBB||--------|--------||--------|--------||--------|--------|  set
cpu-bind=MASK - n2cn1080, task 180 20 [1002748]: mask |--------|--------||--------|--------||--------|--------||--------|--------||||--------|--------||BBBB----|--------||--------|--------||--------|--------|  set
cpu-bind=MASK - n2cn1080, task 181 21 [1002749]: mask |--------|--------||--------|--------||--------|--------||--------|--------||||--------|--------||----BBBB|--------||--------|--------||--------|--------|  set
cpu-bind=MASK - n2cn0775, task 47 15 [131738]: mask |--------|--------||--------|--------||--------|--------||--------|----BBBB||||--------|--------||--------|--------||--------|--------||--------|--------|  set
cpu-bind=MASK - n2cn0775, task 48 16 [131739]: mask |--------|--------||--------|--------||--------|--------||--------|--------||||BBBB----|--------||--------|--------||--------|--------||--------|--------|  set
cpu-bind=MASK - n2cn0775, task 49 17 [131740]: mask |--------|--------||--------|--------||--------|--------||--------|--------||||----BBBB|--------||--------|--------||--------|--------||--------|--------|  set
cpu-bind=MASK - n2cn0775, task 50 18 [131741]: mask |--------|--------||--------|--------||--------|--------||--------|--------||||--------|BBBB----||--------|--------||--------|--------||--------|--------|  set
cpu-bind=MASK - n2cn0775, task 51 19 [131742]: mask |--------|--------||--------|--------||--------|--------||--------|--------||||--------|----BBBB||--------|--------||--------|--------||--------|--------|  set
cpu-bind=MASK - n2cn0775, task 52 20 [131743]: mask |--------|--------||--------|--------||--------|--------||--------|--------||||--------|--------||BBBB----|--------||--------|--------||--------|--------|  set
cpu-bind=MASK - n2cn0775, task 53 21 [131744]: mask |--------|--------||--------|--------||--------|--------||--------|--------||||--------|--------||----BBBB|--------||--------|--------||--------|--------|  set
cpu-bind=MASK - n2cn0663, task  1  1 [4106173]: mask |----BBBB|--------||--------|--------||--------|--------||--------|--------||||--------|--------||--------|--------||--------|--------||--------|--------|  set
cpu-bind=MASK - n2cn0663, task  2  2 [4106174]: mask |--------|BBBB----||--------|--------||--------|--------||--------|--------||||--------|--------||--------|--------||--------|--------||--------|--------|  set
cpu-bind=MASK - n2cn0663, task  3  3 [4106175]: mask |--------|----BBBB||--------|--------||--------|--------||--------|--------||||--------|--------||--------|--------||--------|--------||--------|--------|  set
cpu-bind=MASK - n2cn0663, task  4  4 [4106176]: mask |--------|--------||BBBB----|--------||--------|--------||--------|--------||||--------|--------||--------|--------||--------|--------||--------|--------|  set
cpu-bind=MASK - n2cn0663, task  5  5 [4106177]: mask |--------|--------||----BBBB|--------||--------|--------||--------|--------||||--------|--------||--------|--------||--------|--------||--------|--------|  set
cpu-bind=MASK - n2cn0663, task  6  6 [4106178]: mask |--------|--------||--------|BBBB----||--------|--------||--------|--------||||--------|--------||--------|--------||--------|--------||--------|--------|  set
cpu-bind=MASK - n2cn0663, task  7  7 [4106179]: mask |--------|--------||--------|----BBBB||--------|--------||--------|--------||||--------|--------||--------|--------||--------|--------||--------|--------|  set
cpu-bind=MASK - n2cn0663, task  8  8 [4106180]: mask |--------|--------||--------|--------||BBBB----|--------||--------|--------||||--------|--------||--------|--------||--------|--------||--------|--------|  set
cpu-bind=MASK - n2cn0663, task  9  9 [4106181]: mask |--------|--------||--------|--------||----BBBB|--------||--------|--------||||--------|--------||--------|--------||--------|--------||--------|--------|  set
cpu-bind=MASK - n2cn0663, task 10 10 [4106182]: mask |--------|--------||--------|--------||--------|BBBB----||--------|--------||||--------|--------||--------|--------||--------|--------||--------|--------|  set
cpu-bind=MASK - n2cn0663, task 11 11 [4106183]: mask |--------|--------||--------|--------||--------|----BBBB||--------|--------||||--------|--------||--------|--------||--------|--------||--------|--------|  set
cpu-bind=MASK - n2cn0663, task 12 12 [4106184]: mask |--------|--------||--------|--------||--------|--------||BBBB----|--------||||--------|--------||--------|--------||--------|--------||--------|--------|  set
cpu-bind=MASK - n2cn0663, task 13 13 [4106185]: mask |--------|--------||--------|--------||--------|--------||----BBBB|--------||||--------|--------||--------|--------||--------|--------||--------|--------|  set
cpu-bind=MASK - n2cn0663, task 14 14 [4106186]: mask |--------|--------||--------|--------||--------|--------||--------|BBBB----||||--------|--------||--------|--------||--------|--------||--------|--------|  set
cpu-bind=MASK - n2cn0663, task 15 15 [4106187]: mask |--------|--------||--------|--------||--------|--------||--------|----BBBB||||--------|--------||--------|--------||--------|--------||--------|--------|  set
cpu-bind=MASK - n2cn0663, task 16 16 [4106188]: mask |--------|--------||--------|--------||--------|--------||--------|--------||||BBBB----|--------||--------|--------||--------|--------||--------|--------|  set
cpu-bind=MASK - n2cn0663, task 17 17 [4106189]: mask |--------|--------||--------|--------||--------|--------||--------|--------||||----BBBB|--------||--------|--------||--------|--------||--------|--------|  set
cpu-bind=MASK - n2cn0663, task 18 18 [4106190]: mask |--------|--------||--------|--------||--------|--------||--------|--------||||--------|BBBB----||--------|--------||--------|--------||--------|--------|  set
cpu-bind=MASK - n2cn0663, task 19 19 [4106191]: mask |--------|--------||--------|--------||--------|--------||--------|--------||||--------|----BBBB||--------|--------||--------|--------||--------|--------|  set
cpu-bind=MASK - n2cn0663, task 20 20 [4106192]: mask |--------|--------||--------|--------||--------|--------||--------|--------||||--------|--------||BBBB----|--------||--------|--------||--------|--------|  set
cpu-bind=MASK - n2cn0663, task 21 21 [4106193]: mask |--------|--------||--------|--------||--------|--------||--------|--------||||--------|--------||----BBBB|--------||--------|--------||--------|--------|  set
cpu-bind=MASK - n2cn0663, task 22 22 [4106194]: mask |--------|--------||--------|--------||--------|--------||--------|--------||||--------|--------||--------|BBBB----||--------|--------||--------|--------|  set
cpu-bind=MASK - n2cn0663, task 23 23 [4106195]: mask |--------|--------||--------|--------||--------|--------||--------|--------||||--------|--------||--------|----BBBB||--------|--------||--------|--------|  set
cpu-bind=MASK - n2cn0663, task 24 24 [4106196]: mask |--------|--------||--------|--------||--------|--------||--------|--------||||--------|--------||--------|--------||BBBB----|--------||--------|--------|  set
cpu-bind=MASK - n2cn0663, task 25 25 [4106197]: mask |--------|--------||--------|--------||--------|--------||--------|--------||||--------|--------||--------|--------||----BBBB|--------||--------|--------|  set
cpu-bind=MASK - n2cn0663, task 26 26 [4106198]: mask |--------|--------||--------|--------||--------|--------||--------|--------||||--------|--------||--------|--------||--------|BBBB----||--------|--------|  set
cpu-bind=MASK - n2cn0663, task 27 27 [4106199]: mask |--------|--------||--------|--------||--------|--------||--------|--------||||--------|--------||--------|--------||--------|----BBBB||--------|--------|  set
cpu-bind=MASK - n2cn0663, task 28 28 [4106200]: mask |--------|--------||--------|--------||--------|--------||--------|--------||||--------|--------||--------|--------||--------|--------||BBBB----|--------|  set
cpu-bind=MASK - n2cn0663, task 29 29 [4106201]: mask |--------|--------||--------|--------||--------|--------||--------|--------||||--------|--------||--------|--------||--------|--------||----BBBB|--------|  set
cpu-bind=MASK - n2cn0663, task 30 30 [4106202]: mask |--------|--------||--------|--------||--------|--------||--------|--------||||--------|--------||--------|--------||--------|--------||--------|BBBB----|  set
cpu-bind=MASK - n2cn1050, task 150 22 [559116]: mask |--------|--------||--------|--------||--------|--------||--------|--------||||--------|--------||--------|BBBB----||--------|--------||--------|--------|  set
cpu-bind=MASK - n2cn1050, task 151 23 [559117]: mask |--------|--------||--------|--------||--------|--------||--------|--------||||--------|--------||--------|----BBBB||--------|--------||--------|--------|  set
cpu-bind=MASK - n2cn1050, task 152 24 [559118]: mask |--------|--------||--------|--------||--------|--------||--------|--------||||--------|--------||--------|--------||BBBB----|--------||--------|--------|  set
cpu-bind=MASK - n2cn1050, task 153 25 [559119]: mask |--------|--------||--------|--------||--------|--------||--------|--------||||--------|--------||--------|--------||----BBBB|--------||--------|--------|  set
cpu-bind=MASK - n2cn1050, task 154 26 [559120]: mask |--------|--------||--------|--------||--------|--------||--------|--------||||--------|--------||--------|--------||--------|BBBB----||--------|--------|  set
cpu-bind=MASK - n2cn1050, task 155 27 [559121]: mask |--------|--------||--------|--------||--------|--------||--------|--------||||--------|--------||--------|--------||--------|----BBBB||--------|--------|  set
cpu-bind=MASK - n2cn1050, task 156 28 [559122]: mask |--------|--------||--------|--------||--------|--------||--------|--------||||--------|--------||--------|--------||--------|--------||BBBB----|--------|  set
cpu-bind=MASK - n2cn0796, task 79 15 [143837]: mask |--------|--------||--------|--------||--------|--------||--------|----BBBB||||--------|--------||--------|--------||--------|--------||--------|--------|  set
cpu-bind=MASK - n2cn0796, task 80 16 [143838]: mask |--------|--------||--------|--------||--------|--------||--------|--------||||BBBB----|--------||--------|--------||--------|--------||--------|--------|  set
cpu-bind=MASK - n2cn0796, task 81 17 [143839]: mask |--------|--------||--------|--------||--------|--------||--------|--------||||----BBBB|--------||--------|--------||--------|--------||--------|--------|  set
cpu-bind=MASK - n2cn0796, task 82 18 [143840]: mask |--------|--------||--------|--------||--------|--------||--------|--------||||--------|BBBB----||--------|--------||--------|--------||--------|--------|  set
cpu-bind=MASK - n2cn0796, task 83 19 [143841]: mask |--------|--------||--------|--------||--------|--------||--------|--------||||--------|----BBBB||--------|--------||--------|--------||--------|--------|  set
cpu-bind=MASK - n2cn0796, task 84 20 [143842]: mask |--------|--------||--------|--------||--------|--------||--------|--------||||--------|--------||BBBB----|--------||--------|--------||--------|--------|  set
cpu-bind=MASK - n2cn0796, task 85 21 [143843]: mask |--------|--------||--------|--------||--------|--------||--------|--------||||--------|--------||----BBBB|--------||--------|--------||--------|--------|  set
cpu-bind=MASK - n2cn0925, task 118 22 [3848793]: mask |--------|--------||--------|--------||--------|--------||--------|--------||||--------|--------||--------|BBBB----||--------|--------||--------|--------|  set
cpu-bind=MASK - n2cn0925, task 119 23 [3848794]: mask |--------|--------||--------|--------||--------|--------||--------|--------||||--------|--------||--------|----BBBB||--------|--------||--------|--------|  set
cpu-bind=MASK - n2cn0925, task 120 24 [3848795]: mask |--------|--------||--------|--------||--------|--------||--------|--------||||--------|--------||--------|--------||BBBB----|--------||--------|--------|  set
cpu-bind=MASK - n2cn0925, task 121 25 [3848796]: mask |--------|--------||--------|--------||--------|--------||--------|--------||||--------|--------||--------|--------||----BBBB|--------||--------|--------|  set
cpu-bind=MASK - n2cn0925, task 122 26 [3848797]: mask |--------|--------||--------|--------||--------|--------||--------|--------||||--------|--------||--------|--------||--------|BBBB----||--------|--------|  set
cpu-bind=MASK - n2cn0925, task 123 27 [3848798]: mask |--------|--------||--------|--------||--------|--------||--------|--------||||--------|--------||--------|--------||--------|----BBBB||--------|--------|  set
cpu-bind=MASK - n2cn0925, task 124 28 [3848799]: mask |--------|--------||--------|--------||--------|--------||--------|--------||||--------|--------||--------|--------||--------|--------||BBBB----|--------|  set
cpu-bind=MASK - n2cn1080, task 182 22 [1002750]: mask |--------|--------||--------|--------||--------|--------||--------|--------||||--------|--------||--------|BBBB----||--------|--------||--------|--------|  set
cpu-bind=MASK - n2cn1080, task 183 23 [1002751]: mask |--------|--------||--------|--------||--------|--------||--------|--------||||--------|--------||--------|----BBBB||--------|--------||--------|--------|  set
cpu-bind=MASK - n2cn1080, task 184 24 [1002752]: mask |--------|--------||--------|--------||--------|--------||--------|--------||||--------|--------||--------|--------||BBBB----|--------||--------|--------|  set
cpu-bind=MASK - n2cn1080, task 185 25 [1002753]: mask |--------|--------||--------|--------||--------|--------||--------|--------||||--------|--------||--------|--------||----BBBB|--------||--------|--------|  set
cpu-bind=MASK - n2cn1080, task 186 26 [1002754]: mask |--------|--------||--------|--------||--------|--------||--------|--------||||--------|--------||--------|--------||--------|BBBB----||--------|--------|  set
cpu-bind=MASK - n2cn1080, task 187 27 [1002755]: mask |--------|--------||--------|--------||--------|--------||--------|--------||||--------|--------||--------|--------||--------|----BBBB||--------|--------|  set
cpu-bind=MASK - n2cn1080, task 188 28 [1002756]: mask |--------|--------||--------|--------||--------|--------||--------|--------||||--------|--------||--------|--------||--------|--------||BBBB----|--------|  set
cpu-bind=MASK - n2cn0775, task 54 22 [131745]: mask |--------|--------||--------|--------||--------|--------||--------|--------||||--------|--------||--------|BBBB----||--------|--------||--------|--------|  set
cpu-bind=MASK - n2cn0775, task 55 23 [131746]: mask |--------|--------||--------|--------||--------|--------||--------|--------||||--------|--------||--------|----BBBB||--------|--------||--------|--------|  set
cpu-bind=MASK - n2cn0775, task 56 24 [131747]: mask |--------|--------||--------|--------||--------|--------||--------|--------||||--------|--------||--------|--------||BBBB----|--------||--------|--------|  set
cpu-bind=MASK - n2cn0775, task 57 25 [131748]: mask |--------|--------||--------|--------||--------|--------||--------|--------||||--------|--------||--------|--------||----BBBB|--------||--------|--------|  set
cpu-bind=MASK - n2cn0775, task 58 26 [131749]: mask |--------|--------||--------|--------||--------|--------||--------|--------||||--------|--------||--------|--------||--------|BBBB----||--------|--------|  set
cpu-bind=MASK - n2cn0775, task 59 27 [131750]: mask |--------|--------||--------|--------||--------|--------||--------|--------||||--------|--------||--------|--------||--------|----BBBB||--------|--------|  set
cpu-bind=MASK - n2cn0775, task 60 28 [131751]: mask |--------|--------||--------|--------||--------|--------||--------|--------||||--------|--------||--------|--------||--------|--------||BBBB----|--------|  set
cpu-bind=MASK - n2cn0663, task 31 31 [4106203]: mask |--------|--------||--------|--------||--------|--------||--------|--------||||--------|--------||--------|--------||--------|--------||--------|----BBBB|  set
cpu-bind=MASK - n2cn0796, task 86 22 [143844]: mask |--------|--------||--------|--------||--------|--------||--------|--------||||--------|--------||--------|BBBB----||--------|--------||--------|--------|  set
cpu-bind=MASK - n2cn0796, task 87 23 [143845]: mask |--------|--------||--------|--------||--------|--------||--------|--------||||--------|--------||--------|----BBBB||--------|--------||--------|--------|  set
cpu-bind=MASK - n2cn0796, task 88 24 [143846]: mask |--------|--------||--------|--------||--------|--------||--------|--------||||--------|--------||--------|--------||BBBB----|--------||--------|--------|  set
cpu-bind=MASK - n2cn0796, task 89 25 [143847]: mask |--------|--------||--------|--------||--------|--------||--------|--------||||--------|--------||--------|--------||----BBBB|--------||--------|--------|  set
cpu-bind=MASK - n2cn0796, task 90 26 [143848]: mask |--------|--------||--------|--------||--------|--------||--------|--------||||--------|--------||--------|--------||--------|BBBB----||--------|--------|  set
cpu-bind=MASK - n2cn0796, task 91 27 [143849]: mask |--------|--------||--------|--------||--------|--------||--------|--------||||--------|--------||--------|--------||--------|----BBBB||--------|--------|  set
cpu-bind=MASK - n2cn0796, task 92 28 [143850]: mask |--------|--------||--------|--------||--------|--------||--------|--------||||--------|--------||--------|--------||--------|--------||BBBB----|--------|  set
cpu-bind=MASK - n2cn1050, task 157 29 [559123]: mask |--------|--------||--------|--------||--------|--------||--------|--------||||--------|--------||--------|--------||--------|--------||----BBBB|--------|  set
cpu-bind=MASK - n2cn1050, task 158 30 [559124]: mask |--------|--------||--------|--------||--------|--------||--------|--------||||--------|--------||--------|--------||--------|--------||--------|BBBB----|  set
cpu-bind=MASK - n2cn1050, task 159 31 [559125]: mask |--------|--------||--------|--------||--------|--------||--------|--------||||--------|--------||--------|--------||--------|--------||--------|----BBBB|  set
cpu-bind=MASK - n2cn0925, task 125 29 [3848800]: mask |--------|--------||--------|--------||--------|--------||--------|--------||||--------|--------||--------|--------||--------|--------||----BBBB|--------|  set
cpu-bind=MASK - n2cn0925, task 126 30 [3848801]: mask |--------|--------||--------|--------||--------|--------||--------|--------||||--------|--------||--------|--------||--------|--------||--------|BBBB----|  set
cpu-bind=MASK - n2cn0925, task 127 31 [3848802]: mask |--------|--------||--------|--------||--------|--------||--------|--------||||--------|--------||--------|--------||--------|--------||--------|----BBBB|  set
cpu-bind=MASK - n2cn1080, task 189 29 [1002757]: mask |--------|--------||--------|--------||--------|--------||--------|--------||||--------|--------||--------|--------||--------|--------||----BBBB|--------|  set
cpu-bind=MASK - n2cn1080, task 190 30 [1002758]: mask |--------|--------||--------|--------||--------|--------||--------|--------||||--------|--------||--------|--------||--------|--------||--------|BBBB----|  set
cpu-bind=MASK - n2cn1080, task 191 31 [1002759]: mask |--------|--------||--------|--------||--------|--------||--------|--------||||--------|--------||--------|--------||--------|--------||--------|----BBBB|  set
cpu-bind=MASK - n2cn0775, task 61 29 [131752]: mask |--------|--------||--------|--------||--------|--------||--------|--------||||--------|--------||--------|--------||--------|--------||----BBBB|--------|  set
cpu-bind=MASK - n2cn0775, task 62 30 [131753]: mask |--------|--------||--------|--------||--------|--------||--------|--------||||--------|--------||--------|--------||--------|--------||--------|BBBB----|  set
cpu-bind=MASK - n2cn0775, task 63 31 [131754]: mask |--------|--------||--------|--------||--------|--------||--------|--------||||--------|--------||--------|--------||--------|--------||--------|----BBBB|  set
cpu-bind=MASK - n2cn0796, task 93 29 [143851]: mask |--------|--------||--------|--------||--------|--------||--------|--------||||--------|--------||--------|--------||--------|--------||----BBBB|--------|  set
cpu-bind=MASK - n2cn0796, task 94 30 [143852]: mask |--------|--------||--------|--------||--------|--------||--------|--------||||--------|--------||--------|--------||--------|--------||--------|BBBB----|  set
cpu-bind=MASK - n2cn0796, task 95 31 [143853]: mask |--------|--------||--------|--------||--------|--------||--------|--------||||--------|--------||--------|--------||--------|--------||--------|----BBBB|  set
2025-03-14 05:59:50.967928: I tensorflow/tsl/cuda/cudart_stub.cc:28] Could not find cuda drivers on your machine, GPU will not be used.
2025-03-14 05:59:50.967926: I tensorflow/tsl/cuda/cudart_stub.cc:28] Could not find cuda drivers on your machine, GPU will not be used.
2025-03-14 05:59:50.968266: I tensorflow/tsl/cuda/cudart_stub.cc:28] Could not find cuda drivers on your machine, GPU will not be used.
2025-03-14 05:59:50.973845: I tensorflow/tsl/cuda/cudart_stub.cc:28] Could not find cuda drivers on your machine, GPU will not be used.
2025-03-14 05:59:50.973841: I tensorflow/tsl/cuda/cudart_stub.cc:28] Could not find cuda drivers on your machine, GPU will not be used.
2025-03-14 05:59:50.975420: I tensorflow/tsl/cuda/cudart_stub.cc:28] Could not find cuda drivers on your machine, GPU will not be used.
2025-03-14 05:59:50.975437: I tensorflow/tsl/cuda/cudart_stub.cc:28] Could not find cuda drivers on your machine, GPU will not be used.
2025-03-14 05:59:50.975663: I tensorflow/tsl/cuda/cudart_stub.cc:28] Could not find cuda drivers on your machine, GPU will not be used.
2025-03-14 05:59:50.975659: I tensorflow/tsl/cuda/cudart_stub.cc:28] Could not find cuda drivers on your machine, GPU will not be used.
2025-03-14 05:59:50.975726: I tensorflow/tsl/cuda/cudart_stub.cc:28] Could not find cuda drivers on your machine, GPU will not be used.
2025-03-14 05:59:50.978851: I tensorflow/tsl/cuda/cudart_stub.cc:28] Could not find cuda drivers on your machine, GPU will not be used.
2025-03-14 05:59:50.984683: I tensorflow/tsl/cuda/cudart_stub.cc:28] Could not find cuda drivers on your machine, GPU will not be used.
2025-03-14 05:59:50.986011: I tensorflow/tsl/cuda/cudart_stub.cc:28] Could not find cuda drivers on your machine, GPU will not be used.
2025-03-14 05:59:50.987324: I tensorflow/tsl/cuda/cudart_stub.cc:28] Could not find cuda drivers on your machine, GPU will not be used.
2025-03-14 05:59:50.987319: I tensorflow/tsl/cuda/cudart_stub.cc:28] Could not find cuda drivers on your machine, GPU will not be used.
2025-03-14 05:59:50.987385: I tensorflow/tsl/cuda/cudart_stub.cc:28] Could not find cuda drivers on your machine, GPU will not be used.
2025-03-14 05:59:50.989849: I tensorflow/tsl/cuda/cudart_stub.cc:28] Could not find cuda drivers on your machine, GPU will not be used.
2025-03-14 05:59:50.989858: I tensorflow/tsl/cuda/cudart_stub.cc:28] Could not find cuda drivers on your machine, GPU will not be used.
2025-03-14 05:59:50.991133: I tensorflow/tsl/cuda/cudart_stub.cc:28] Could not find cuda drivers on your machine, GPU will not be used.
2025-03-14 05:59:50.991132: I tensorflow/tsl/cuda/cudart_stub.cc:28] Could not find cuda drivers on your machine, GPU will not be used.
2025-03-14 05:59:50.991456: I tensorflow/tsl/cuda/cudart_stub.cc:28] Could not find cuda drivers on your machine, GPU will not be used.
2025-03-14 05:59:50.995193: I tensorflow/tsl/cuda/cudart_stub.cc:28] Could not find cuda drivers on your machine, GPU will not be used.
2025-03-14 05:59:50.995716: E tensorflow/compiler/xla/stream_executor/cuda/cuda_dnn.cc:9342] Unable to register cuDNN factory: Attempting to register factory for plugin cuDNN when one has already been registered
2025-03-14 05:59:50.995740: E tensorflow/compiler/xla/stream_executor/cuda/cuda_fft.cc:609] Unable to register cuFFT factory: Attempting to register factory for plugin cuFFT when one has already been registered
2025-03-14 05:59:50.995759: E tensorflow/compiler/xla/stream_executor/cuda/cuda_blas.cc:1518] Unable to register cuBLAS factory: Attempting to register factory for plugin cuBLAS when one has already been registered
2025-03-14 05:59:50.995716: E tensorflow/compiler/xla/stream_executor/cuda/cuda_dnn.cc:9342] Unable to register cuDNN factory: Attempting to register factory for plugin cuDNN when one has already been registered
2025-03-14 05:59:50.995737: E tensorflow/compiler/xla/stream_executor/cuda/cuda_fft.cc:609] Unable to register cuFFT factory: Attempting to register factory for plugin cuFFT when one has already been registered
2025-03-14 05:59:50.995764: E tensorflow/compiler/xla/stream_executor/cuda/cuda_blas.cc:1518] Unable to register cuBLAS factory: Attempting to register factory for plugin cuBLAS when one has already been registered
2025-03-14 05:59:50.995855: E tensorflow/compiler/xla/stream_executor/cuda/cuda_dnn.cc:9342] Unable to register cuDNN factory: Attempting to register factory for plugin cuDNN when one has already been registered
2025-03-14 05:59:50.995879: E tensorflow/compiler/xla/stream_executor/cuda/cuda_fft.cc:609] Unable to register cuFFT factory: Attempting to register factory for plugin cuFFT when one has already been registered
2025-03-14 05:59:50.995903: E tensorflow/compiler/xla/stream_executor/cuda/cuda_blas.cc:1518] Unable to register cuBLAS factory: Attempting to register factory for plugin cuBLAS when one has already been registered
2025-03-14 05:59:50.997455: I tensorflow/tsl/cuda/cudart_stub.cc:28] Could not find cuda drivers on your machine, GPU will not be used.
2025-03-14 05:59:50.998416: I tensorflow/tsl/cuda/cudart_stub.cc:28] Could not find cuda drivers on your machine, GPU will not be used.
2025-03-14 05:59:50.998414: I tensorflow/tsl/cuda/cudart_stub.cc:28] Could not find cuda drivers on your machine, GPU will not be used.
2025-03-14 05:59:50.998821: I tensorflow/tsl/cuda/cudart_stub.cc:28] Could not find cuda drivers on your machine, GPU will not be used.
2025-03-14 05:59:51.000674: E tensorflow/compiler/xla/stream_executor/cuda/cuda_dnn.cc:9342] Unable to register cuDNN factory: Attempting to register factory for plugin cuDNN when one has already been registered
2025-03-14 05:59:51.000697: E tensorflow/compiler/xla/stream_executor/cuda/cuda_fft.cc:609] Unable to register cuFFT factory: Attempting to register factory for plugin cuFFT when one has already been registered
2025-03-14 05:59:51.000720: E tensorflow/compiler/xla/stream_executor/cuda/cuda_blas.cc:1518] Unable to register cuBLAS factory: Attempting to register factory for plugin cuBLAS when one has already been registered
2025-03-14 05:59:51.000673: E tensorflow/compiler/xla/stream_executor/cuda/cuda_dnn.cc:9342] Unable to register cuDNN factory: Attempting to register factory for plugin cuDNN when one has already been registered
2025-03-14 05:59:51.000697: E tensorflow/compiler/xla/stream_executor/cuda/cuda_fft.cc:609] Unable to register cuFFT factory: Attempting to register factory for plugin cuFFT when one has already been registered
2025-03-14 05:59:51.000721: E tensorflow/compiler/xla/stream_executor/cuda/cuda_blas.cc:1518] Unable to register cuBLAS factory: Attempting to register factory for plugin cuBLAS when one has already been registered
2025-03-14 05:59:51.003524: E tensorflow/compiler/xla/stream_executor/cuda/cuda_dnn.cc:9342] Unable to register cuDNN factory: Attempting to register factory for plugin cuDNN when one has already been registered
2025-03-14 05:59:51.003550: E tensorflow/compiler/xla/stream_executor/cuda/cuda_fft.cc:609] Unable to register cuFFT factory: Attempting to register factory for plugin cuFFT when one has already been registered
2025-03-14 05:59:51.003578: E tensorflow/compiler/xla/stream_executor/cuda/cuda_blas.cc:1518] Unable to register cuBLAS factory: Attempting to register factory for plugin cuBLAS when one has already been registered
2025-03-14 05:59:51.003524: E tensorflow/compiler/xla/stream_executor/cuda/cuda_dnn.cc:9342] Unable to register cuDNN factory: Attempting to register factory for plugin cuDNN when one has already been registered
2025-03-14 05:59:51.003550: E tensorflow/compiler/xla/stream_executor/cuda/cuda_fft.cc:609] Unable to register cuFFT factory: Attempting to register factory for plugin cuFFT when one has already been registered
2025-03-14 05:59:51.003578: E tensorflow/compiler/xla/stream_executor/cuda/cuda_blas.cc:1518] Unable to register cuBLAS factory: Attempting to register factory for plugin cuBLAS when one has already been registered
2025-03-14 05:59:51.003621: E tensorflow/compiler/xla/stream_executor/cuda/cuda_dnn.cc:9342] Unable to register cuDNN factory: Attempting to register factory for plugin cuDNN when one has already been registered
2025-03-14 05:59:51.003582: E tensorflow/compiler/xla/stream_executor/cuda/cuda_dnn.cc:9342] Unable to register cuDNN factory: Attempting to register factory for plugin cuDNN when one has already been registered
2025-03-14 05:59:51.003598: E tensorflow/compiler/xla/stream_executor/cuda/cuda_fft.cc:609] Unable to register cuFFT factory: Attempting to register factory for plugin cuFFT when one has already been registered
2025-03-14 05:59:51.003623: E tensorflow/compiler/xla/stream_executor/cuda/cuda_blas.cc:1518] Unable to register cuBLAS factory: Attempting to register factory for plugin cuBLAS when one has already been registered
2025-03-14 05:59:51.003646: E tensorflow/compiler/xla/stream_executor/cuda/cuda_fft.cc:609] Unable to register cuFFT factory: Attempting to register factory for plugin cuFFT when one has already been registered
2025-03-14 05:59:51.003672: E tensorflow/compiler/xla/stream_executor/cuda/cuda_blas.cc:1518] Unable to register cuBLAS factory: Attempting to register factory for plugin cuBLAS when one has already been registered
2025-03-14 05:59:51.003754: I tensorflow/tsl/cuda/cudart_stub.cc:28] Could not find cuda drivers on your machine, GPU will not be used.
2025-03-14 05:59:51.003937: E tensorflow/compiler/xla/stream_executor/cuda/cuda_dnn.cc:9342] Unable to register cuDNN factory: Attempting to register factory for plugin cuDNN when one has already been registered
2025-03-14 05:59:51.003954: E tensorflow/compiler/xla/stream_executor/cuda/cuda_fft.cc:609] Unable to register cuFFT factory: Attempting to register factory for plugin cuFFT when one has already been registered
2025-03-14 05:59:51.003981: E tensorflow/compiler/xla/stream_executor/cuda/cuda_blas.cc:1518] Unable to register cuBLAS factory: Attempting to register factory for plugin cuBLAS when one has already been registered
2025-03-14 05:59:51.005227: E tensorflow/compiler/xla/stream_executor/cuda/cuda_dnn.cc:9342] Unable to register cuDNN factory: Attempting to register factory for plugin cuDNN when one has already been registered
2025-03-14 05:59:51.005256: E tensorflow/compiler/xla/stream_executor/cuda/cuda_fft.cc:609] Unable to register cuFFT factory: Attempting to register factory for plugin cuFFT when one has already been registered
2025-03-14 05:59:51.005280: E tensorflow/compiler/xla/stream_executor/cuda/cuda_blas.cc:1518] Unable to register cuBLAS factory: Attempting to register factory for plugin cuBLAS when one has already been registered
DeePMD-kit: Cannot find libcudart.so.11.0
implib-gen: libcudart.so.11.0: failed to load library 'libcudart.so.11.0' via callback 'DP_cudart_dlopen'
implib-gen: libcudart.so.11.0: failed to resolve symbol '__cudaRegisterFatBinary', library failed to load
implib-gen: libcudart.so.11.0: failed to load library 'libcudart.so.11.0' via callback 'DP_cudart_dlopen'
implib-gen: libcudart.so.11.0: failed to resolve symbol '__cudaRegisterFunction', library failed to load
implib-gen: libcudart.so.11.0: failed to load library 'libcudart.so.11.0' via callback 'DP_cudart_dlopen'
implib-gen: libcudart.so.11.0: failed to resolve symbol '__cudaRegisterFatBinaryEnd', library failed to load
DeePMD-kit: Cannot find libcudart.so.11.0
implib-gen: libcudart.so.11.0: failed to load library 'libcudart.so.11.0' via callback 'DP_cudart_dlopen'
implib-gen: libcudart.so.11.0: failed to resolve symbol '__cudaRegisterFatBinary', library failed to load
implib-gen: libcudart.so.11.0: failed to load library 'libcudart.so.11.0' via callback 'DP_cudart_dlopen'
implib-gen: libcudart.so.11.0: failed to resolve symbol '__cudaRegisterFunction', library failed to load
implib-gen: libcudart.so.11.0: failed to load library 'libcudart.so.11.0' via callback 'DP_cudart_dlopen'
implib-gen: libcudart.so.11.0: failed to resolve symbol '__cudaRegisterFatBinaryEnd', library failed to load
DeePMD-kit: Cannot find libcudart.so.11.0
implib-gen: libcudart.so.11.0: failed to load library 'libcudart.so.11.0' via callback 'DP_cudart_dlopen'
implib-gen: libcudart.so.11.0: failed to resolve symbol '__cudaRegisterFatBinary', library failed to load
implib-gen: libcudart.so.11.0: failed to load library 'libcudart.so.11.0' via callback 'DP_cudart_dlopen'
implib-gen: libcudart.so.11.0: failed to resolve symbol '__cudaRegisterFunction', library failed to load
implib-gen: libcudart.so.11.0: failed to load library 'libcudart.so.11.0' via callback 'DP_cudart_dlopen'
implib-gen: libcudart.so.11.0: failed to resolve symbol '__cudaRegisterFatBinaryEnd', library failed to load
DeePMD-kit: Cannot find libcudart.so.11.0
implib-gen: libcudart.so.11.0: failed to load library 'libcudart.so.11.0' via callback 'DP_cudart_dlopen'
implib-gen: libcudart.so.11.0: failed to resolve symbol '__cudaRegisterFatBinary', library failed to load
implib-gen: libcudart.so.11.0: failed to load library 'libcudart.so.11.0' via callback 'DP_cudart_dlopen'
implib-gen: libcudart.so.11.0: failed to resolve symbol '__cudaRegisterFunction', library failed to load
implib-gen: libcudart.so.11.0: failed to load library 'libcudart.so.11.0' via callback 'DP_cudart_dlopen'
implib-gen: libcudart.so.11.0: failed to resolve symbol '__cudaRegisterFatBinaryEnd', library failed to load
DeePMD-kit: Cannot find libcudart.so.11.0
implib-gen: libcudart.so.11.0: failed to load library 'libcudart.so.11.0' via callback 'DP_cudart_dlopen'
implib-gen: libcudart.so.11.0: failed to resolve symbol '__cudaRegisterFatBinary', library failed to load
implib-gen: libcudart.so.11.0: failed to load library 'libcudart.so.11.0' via callback 'DP_cudart_dlopen'
implib-gen: libcudart.so.11.0: failed to resolve symbol '__cudaRegisterFunction', library failed to load
implib-gen: libcudart.so.11.0: failed to load library 'libcudart.so.11.0' via callback 'DP_cudart_dlopen'
implib-gen: libcudart.so.11.0: failed to resolve symbol '__cudaRegisterFatBinaryEnd', library failed to load
2025-03-14 05:59:51.011487: I tensorflow/tsl/cuda/cudart_stub.cc:28] Could not find cuda drivers on your machine, GPU will not be used.
2025-03-14 05:59:51.012483: I tensorflow/tsl/cuda/cudart_stub.cc:28] Could not find cuda drivers on your machine, GPU will not be used.
DeePMD-kit: Cannot find libcudart.so.11.0
DeePMD-kit: Cannot find libcudart.so.11.0
implib-gen: libcudart.so.11.0: failed to load library 'libcudart.so.11.0' via callback 'DP_cudart_dlopen'
implib-gen: libcudart.so.11.0: failed to load library 'libcudart.so.11.0' via callback 'DP_cudart_dlopen'
implib-gen: libcudart.so.11.0: failed to resolve symbol '__cudaRegisterFatBinary', library failed to load
implib-gen: libcudart.so.11.0: failed to load library 'libcudart.so.11.0' via callback 'DP_cudart_dlopen'
implib-gen: libcudart.so.11.0: failed to resolve symbol '__cudaRegisterFunction', library failed to load
implib-gen: libcudart.so.11.0: failed to load library 'libcudart.so.11.0' via callback 'DP_cudart_dlopen'
implib-gen: libcudart.so.11.0: failed to resolve symbol '__cudaRegisterFatBinaryEnd', library failed to load
implib-gen: libcudart.so.11.0: failed to resolve symbol '__cudaRegisterFatBinary', library failed to load
implib-gen: libcudart.so.11.0: failed to load library 'libcudart.so.11.0' via callback 'DP_cudart_dlopen'
implib-gen: libcudart.so.11.0: failed to resolve symbol '__cudaRegisterFunction', library failed to load
implib-gen: libcudart.so.11.0: failed to load library 'libcudart.so.11.0' via callback 'DP_cudart_dlopen'
implib-gen: libcudart.so.11.0: failed to resolve symbol '__cudaRegisterFatBinaryEnd', library failed to load
DeePMD-kit: Cannot find libcudart.so.11.0
implib-gen: libcudart.so.11.0: failed to load library 'libcudart.so.11.0' via callback 'DP_cudart_dlopen'
implib-gen: libcudart.so.11.0: failed to resolve symbol '__cudaRegisterFatBinary', library failed to load
implib-gen: libcudart.so.11.0: failed to load library 'libcudart.so.11.0' via callback 'DP_cudart_dlopen'
implib-gen: libcudart.so.11.0: failed to resolve symbol '__cudaRegisterFunction', library failed to load
implib-gen: libcudart.so.11.0: failed to load library 'libcudart.so.11.0' via callback 'DP_cudart_dlopen'
implib-gen: libcudart.so.11.0: failed to resolve symbol '__cudaRegisterFatBinaryEnd', library failed to load
DeePMD-kit: Cannot find libcudart.so.11.0
implib-gen: libcudart.so.11.0: failed to load library 'libcudart.so.11.0' via callback 'DP_cudart_dlopen'
implib-gen: libcudart.so.11.0: failed to resolve symbol '__cudaRegisterFatBinary', library failed to load
implib-gen: libcudart.so.11.0: failed to load library 'libcudart.so.11.0' via callback 'DP_cudart_dlopen'
implib-gen: libcudart.so.11.0: failed to resolve symbol '__cudaRegisterFunction', library failed to load
implib-gen: libcudart.so.11.0: failed to load library 'libcudart.so.11.0' via callback 'DP_cudart_dlopen'
implib-gen: libcudart.so.11.0: failed to resolve symbol '__cudaRegisterFatBinaryEnd', library failed to load
2025-03-14 05:59:51.013095: E tensorflow/compiler/xla/stream_executor/cuda/cuda_dnn.cc:9342] Unable to register cuDNN factory: Attempting to register factory for plugin cuDNN when one has already been registered
DeePMD-kit: Cannot find libcudart.so.11.0
implib-gen: libcudart.so.11.0: failed to load library 'libcudart.so.11.0' via callback 'DP_cudart_dlopen'
implib-gen: libcudart.so.11.0: failed to resolve symbol '__cudaRegisterFatBinary', library failed to load
implib-gen: libcudart.so.11.0: failed to load library 'libcudart.so.11.0' via callback 'DP_cudart_dlopen'
2025-03-14 05:59:51.013118: E tensorflow/compiler/xla/stream_executor/cuda/cuda_fft.cc:609] Unable to register cuFFT factory: Attempting to register factory for plugin cuFFT when one has already been registered
implib-gen: libcudart.so.11.0: failed to resolve symbol '__cudaRegisterFunction', library failed to load
implib-gen: libcudart.so.11.0: failed to load library 'libcudart.so.11.0' via callback 'DP_cudart_dlopen'
implib-gen: libcudart.so.11.0: failed to resolve symbol '__cudaRegisterFatBinaryEnd', library failed to load
2025-03-14 05:59:51.013142: E tensorflow/compiler/xla/stream_executor/cuda/cuda_blas.cc:1518] Unable to register cuBLAS factory: Attempting to register factory for plugin cuBLAS when one has already been registered
2025-03-14 05:59:51.035524: I tensorflow/tsl/cuda/cudart_stub.cc:28] Could not find cuda drivers on your machine, GPU will not be used.
2025-03-14 05:59:51.035524: I tensorflow/tsl/cuda/cudart_stub.cc:28] Could not find cuda drivers on your machine, GPU will not be used.
2025-03-14 05:59:51.039248: I tensorflow/tsl/cuda/cudart_stub.cc:28] Could not find cuda drivers on your machine, GPU will not be used.
2025-03-14 05:59:51.039246: I tensorflow/tsl/cuda/cudart_stub.cc:28] Could not find cuda drivers on your machine, GPU will not be used.
2025-03-14 05:59:51.039242: I tensorflow/tsl/cuda/cudart_stub.cc:28] Could not find cuda drivers on your machine, GPU will not be used.
2025-03-14 05:59:51.039250: I tensorflow/tsl/cuda/cudart_stub.cc:28] Could not find cuda drivers on your machine, GPU will not be used.
2025-03-14 05:59:51.040871: I tensorflow/tsl/cuda/cudart_stub.cc:28] Could not find cuda drivers on your machine, GPU will not be used.
2025-03-14 05:59:51.046016: I tensorflow/tsl/cuda/cudart_stub.cc:28] Could not find cuda drivers on your machine, GPU will not be used.
2025-03-14 05:59:51.046021: I tensorflow/tsl/cuda/cudart_stub.cc:28] Could not find cuda drivers on your machine, GPU will not be used.
2025-03-14 05:59:51.047690: I tensorflow/tsl/cuda/cudart_stub.cc:28] Could not find cuda drivers on your machine, GPU will not be used.
2025-03-14 05:59:51.047645: I tensorflow/tsl/cuda/cudart_stub.cc:28] Could not find cuda drivers on your machine, GPU will not be used.
2025-03-14 05:59:51.047656: I tensorflow/tsl/cuda/cudart_stub.cc:28] Could not find cuda drivers on your machine, GPU will not be used.
2025-03-14 05:59:51.048964: I tensorflow/tsl/cuda/cudart_stub.cc:28] Could not find cuda drivers on your machine, GPU will not be used.
2025-03-14 05:59:51.048972: I tensorflow/tsl/cuda/cudart_stub.cc:28] Could not find cuda drivers on your machine, GPU will not be used.
2025-03-14 05:59:51.050264: I tensorflow/tsl/cuda/cudart_stub.cc:28] Could not find cuda drivers on your machine, GPU will not be used.
2025-03-14 05:59:51.050263: I tensorflow/tsl/cuda/cudart_stub.cc:28] Could not find cuda drivers on your machine, GPU will not be used.
2025-03-14 05:59:51.050920: I tensorflow/tsl/cuda/cudart_stub.cc:28] Could not find cuda drivers on your machine, GPU will not be used.
2025-03-14 05:59:51.052723: I tensorflow/tsl/cuda/cudart_stub.cc:28] Could not find cuda drivers on your machine, GPU will not be used.
DeePMD-kit: Cannot find libcudart.so.11.0
implib-gen: libcudart.so.11.0: failed to load library 'libcudart.so.11.0' via callback 'DP_cudart_dlopen'
implib-gen: libcudart.so.11.0: failed to resolve symbol '__cudaRegisterFatBinary', library failed to load
implib-gen: libcudart.so.11.0: failed to load library 'libcudart.so.11.0' via callback 'DP_cudart_dlopen'
implib-gen: libcudart.so.11.0: failed to resolve symbol '__cudaRegisterFunction', library failed to load
implib-gen: libcudart.so.11.0: failed to load library 'libcudart.so.11.0' via callback 'DP_cudart_dlopen'
implib-gen: libcudart.so.11.0: failed to resolve symbol '__cudaRegisterFatBinaryEnd', library failed to load
2025-03-14 05:59:51.013445: I tensorflow/tsl/cuda/cudart_stub.cc:28] Could not find cuda drivers on your machine, GPU will not be used.
2025-03-14 05:59:51.013914: E tensorflow/compiler/xla/stream_executor/cuda/cuda_dnn.cc:9342] Unable to register cuDNN factory: Attempting to register factory for plugin cuDNN when one has already been registered
2025-03-14 05:59:51.013934: E tensorflow/compiler/xla/stream_executor/cuda/cuda_fft.cc:609] Unable to register cuFFT factory: Attempting to register factory for plugin cuFFT when one has already been registered
2025-03-14 05:59:51.013959: E tensorflow/compiler/xla/stream_executor/cuda/cuda_blas.cc:1518] Unable to register cuBLAS factory: Attempting to register factory for plugin cuBLAS when one has already been registered
2025-03-14 05:59:51.053113: I tensorflow/tsl/cuda/cudart_stub.cc:28] Could not find cuda drivers on your machine, GPU will not be used.
2025-03-14 05:59:51.014803: E tensorflow/compiler/xla/stream_executor/cuda/cuda_dnn.cc:9342] Unable to register cuDNN factory: Attempting to register factory for plugin cuDNN when one has already been registered
2025-03-14 05:59:51.014832: E tensorflow/compiler/xla/stream_executor/cuda/cuda_fft.cc:609] Unable to register cuFFT factory: Attempting to register factory for plugin cuFFT when one has already been registered
2025-03-14 05:59:51.014857: E tensorflow/compiler/xla/stream_executor/cuda/cuda_blas.cc:1518] Unable to register cuBLAS factory: Attempting to register factory for plugin cuBLAS when one has already been registered
2025-03-14 05:59:51.014803: E tensorflow/compiler/xla/stream_executor/cuda/cuda_dnn.cc:9342] Unable to register cuDNN factory: Attempting to register factory for plugin cuDNN when one has already been registered
2025-03-14 05:59:51.014832: E tensorflow/compiler/xla/stream_executor/cuda/cuda_fft.cc:609] Unable to register cuFFT factory: Attempting to register factory for plugin cuFFT when one has already been registered
2025-03-14 05:59:51.014858: E tensorflow/compiler/xla/stream_executor/cuda/cuda_blas.cc:1518] Unable to register cuBLAS factory: Attempting to register factory for plugin cuBLAS when one has already been registered
2025-03-14 05:59:51.015039: E tensorflow/compiler/xla/stream_executor/cuda/cuda_dnn.cc:9342] Unable to register cuDNN factory: Attempting to register factory for plugin cuDNN when one has already been registered
2025-03-14 05:59:51.015058: E tensorflow/compiler/xla/stream_executor/cuda/cuda_fft.cc:609] Unable to register cuFFT factory: Attempting to register factory for plugin cuFFT when one has already been registered
2025-03-14 05:59:51.015082: E tensorflow/compiler/xla/stream_executor/cuda/cuda_blas.cc:1518] Unable to register cuBLAS factory: Attempting to register factory for plugin cuBLAS when one has already been registered
2025-03-14 05:59:51.017846: E tensorflow/compiler/xla/stream_executor/cuda/cuda_dnn.cc:9342] Unable to register cuDNN factory: Attempting to register factory for plugin cuDNN when one has already been registered
2025-03-14 05:59:51.017866: E tensorflow/compiler/xla/stream_executor/cuda/cuda_fft.cc:609] Unable to register cuFFT factory: Attempting to register factory for plugin cuFFT when one has already been registered
2025-03-14 05:59:51.017891: E tensorflow/compiler/xla/stream_executor/cuda/cuda_blas.cc:1518] Unable to register cuBLAS factory: Attempting to register factory for plugin cuBLAS when one has already been registered
2025-03-14 05:59:51.017848: E tensorflow/compiler/xla/stream_executor/cuda/cuda_dnn.cc:9342] Unable to register cuDNN factory: Attempting to register factory for plugin cuDNN when one has already been registered
2025-03-14 05:59:51.017866: E tensorflow/compiler/xla/stream_executor/cuda/cuda_fft.cc:609] Unable to register cuFFT factory: Attempting to register factory for plugin cuFFT when one has already been registered
2025-03-14 05:59:51.017890: E tensorflow/compiler/xla/stream_executor/cuda/cuda_blas.cc:1518] Unable to register cuBLAS factory: Attempting to register factory for plugin cuBLAS when one has already been registered
2025-03-14 05:59:51.018019: I tensorflow/tsl/cuda/cudart_stub.cc:28] Could not find cuda drivers on your machine, GPU will not be used.
2025-03-14 05:59:51.018019: I tensorflow/tsl/cuda/cudart_stub.cc:28] Could not find cuda drivers on your machine, GPU will not be used.
2025-03-14 05:59:51.019337: E tensorflow/compiler/xla/stream_executor/cuda/cuda_dnn.cc:9342] Unable to register cuDNN factory: Attempting to register factory for plugin cuDNN when one has already been registered
2025-03-14 05:59:51.019356: E tensorflow/compiler/xla/stream_executor/cuda/cuda_fft.cc:609] Unable to register cuFFT factory: Attempting to register factory for plugin cuFFT when one has already been registered
2025-03-14 05:59:51.019378: E tensorflow/compiler/xla/stream_executor/cuda/cuda_blas.cc:1518] Unable to register cuBLAS factory: Attempting to register factory for plugin cuBLAS when one has already been registered
2025-03-14 05:59:51.019334: E tensorflow/compiler/xla/stream_executor/cuda/cuda_dnn.cc:9342] Unable to register cuDNN factory: Attempting to register factory for plugin cuDNN when one has already been registered
2025-03-14 05:59:51.019354: E tensorflow/compiler/xla/stream_executor/cuda/cuda_fft.cc:609] Unable to register cuFFT factory: Attempting to register factory for plugin cuFFT when one has already been registered
2025-03-14 05:59:51.019378: E tensorflow/compiler/xla/stream_executor/cuda/cuda_blas.cc:1518] Unable to register cuBLAS factory: Attempting to register factory for plugin cuBLAS when one has already been registered
2025-03-14 05:59:51.019513: E tensorflow/compiler/xla/stream_executor/cuda/cuda_dnn.cc:9342] Unable to register cuDNN factory: Attempting to register factory for plugin cuDNN when one has already been registered
2025-03-14 05:59:51.019535: E tensorflow/compiler/xla/stream_executor/cuda/cuda_fft.cc:609] Unable to register cuFFT factory: Attempting to register factory for plugin cuFFT when one has already been registered
2025-03-14 05:59:51.019553: E tensorflow/compiler/xla/stream_executor/cuda/cuda_blas.cc:1518] Unable to register cuBLAS factory: Attempting to register factory for plugin cuBLAS when one has already been registered
2025-03-14 05:59:51.021973: E tensorflow/compiler/xla/stream_executor/cuda/cuda_dnn.cc:9342] Unable to register cuDNN factory: Attempting to register factory for plugin cuDNN when one has already been registered
2025-03-14 05:59:51.021991: E tensorflow/compiler/xla/stream_executor/cuda/cuda_fft.cc:609] Unable to register cuFFT factory: Attempting to register factory for plugin cuFFT when one has already been registered
2025-03-14 05:59:51.022015: E tensorflow/compiler/xla/stream_executor/cuda/cuda_blas.cc:1518] Unable to register cuBLAS factory: Attempting to register factory for plugin cuBLAS when one has already been registered
DeePMD-kit: Cannot find libcudart.so.11.0
implib-gen: libcudart.so.11.0: failed to load library 'libcudart.so.11.0' via callback 'DP_cudart_dlopen'
implib-gen: libcudart.so.11.0: failed to resolve symbol '__cudaRegisterFatBinary', library failed to load
implib-gen: libcudart.so.11.0: failed to load library 'libcudart.so.11.0' via callback 'DP_cudart_dlopen'
implib-gen: libcudart.so.11.0: failed to resolve symbol '__cudaRegisterFunction', library failed to load
implib-gen: libcudart.so.11.0: failed to load library 'libcudart.so.11.0' via callback 'DP_cudart_dlopen'
implib-gen: libcudart.so.11.0: failed to resolve symbol '__cudaRegisterFatBinaryEnd', library failed to load
DeePMD-kit: Cannot find libcudart.so.11.0
implib-gen: libcudart.so.11.0: failed to load library 'libcudart.so.11.0' via callback 'DP_cudart_dlopen'
implib-gen: libcudart.so.11.0: failed to resolve symbol '__cudaRegisterFatBinary', library failed to load
implib-gen: libcudart.so.11.0: failed to load library 'libcudart.so.11.0' via callback 'DP_cudart_dlopen'
implib-gen: libcudart.so.11.0: failed to resolve symbol '__cudaRegisterFunction', library failed to load
implib-gen: libcudart.so.11.0: failed to load library 'libcudart.so.11.0' via callback 'DP_cudart_dlopen'
implib-gen: libcudart.so.11.0: failed to resolve symbol '__cudaRegisterFatBinaryEnd', library failed to load
DeePMD-kit: Cannot find libcudart.so.11.0
implib-gen: libcudart.so.11.0: failed to load library 'libcudart.so.11.0' via callback 'DP_cudart_dlopen'
implib-gen: libcudart.so.11.0: failed to resolve symbol '__cudaRegisterFatBinary', library failed to load
implib-gen: libcudart.so.11.0: failed to load library 'libcudart.so.11.0' via callback 'DP_cudart_dlopen'
implib-gen: libcudart.so.11.0: failed to resolve symbol '__cudaRegisterFunction', library failed to load
implib-gen: libcudart.so.11.0: failed to load library 'libcudart.so.11.0' via callback 'DP_cudart_dlopen'
implib-gen: libcudart.so.11.0: failed to resolve symbol '__cudaRegisterFatBinaryEnd', library failed to load
DeePMD-kit: Cannot find libcudart.so.11.0
implib-gen: libcudart.so.11.0: failed to load library 'libcudart.so.11.0' via callback 'DP_cudart_dlopen'
implib-gen: libcudart.so.11.0: failed to resolve symbol '__cudaRegisterFatBinary', library failed to load
implib-gen: libcudart.so.11.0: failed to load library 'libcudart.so.11.0' via callback 'DP_cudart_dlopen'
implib-gen: libcudart.so.11.0: failed to resolve symbol '__cudaRegisterFunction', library failed to load
implib-gen: libcudart.so.11.0: failed to load library 'libcudart.so.11.0' via callback 'DP_cudart_dlopen'
implib-gen: libcudart.so.11.0: failed to resolve symbol '__cudaRegisterFatBinaryEnd', library failed to load
DeePMD-kit: Cannot find libcudart.so.11.0
implib-gen: libcudart.so.11.0: failed to load library 'libcudart.so.11.0' via callback 'DP_cudart_dlopen'
implib-gen: libcudart.so.11.0: failed to resolve symbol '__cudaRegisterFatBinary', library failed to load
implib-gen: libcudart.so.11.0: failed to load library 'libcudart.so.11.0' via callback 'DP_cudart_dlopen'
implib-gen: libcudart.so.11.0: failed to resolve symbol '__cudaRegisterFunction', library failed to load
implib-gen: libcudart.so.11.0: failed to load library 'libcudart.so.11.0' via callback 'DP_cudart_dlopen'
implib-gen: libcudart.so.11.0: failed to resolve symbol '__cudaRegisterFatBinaryEnd', library failed to load
2025-03-14 05:59:51.025513: E tensorflow/compiler/xla/stream_executor/cuda/cuda_dnn.cc:9342] Unable to register cuDNN factory: Attempting to register factory for plugin cuDNN when one has already been registered
2025-03-14 05:59:51.025531: E tensorflow/compiler/xla/stream_executor/cuda/cuda_fft.cc:609] Unable to register cuFFT factory: Attempting to register factory for plugin cuFFT when one has already been registered
2025-03-14 05:59:51.025557: E tensorflow/compiler/xla/stream_executor/cuda/cuda_blas.cc:1518] Unable to register cuBLAS factory: Attempting to register factory for plugin cuBLAS when one has already been registered
2025-03-14 05:59:51.025683: E tensorflow/compiler/xla/stream_executor/cuda/cuda_dnn.cc:9342] Unable to register cuDNN factory: Attempting to register factory for plugin cuDNN when one has already been registered
2025-03-14 05:59:51.025705: E tensorflow/compiler/xla/stream_executor/cuda/cuda_fft.cc:609] Unable to register cuFFT factory: Attempting to register factory for plugin cuFFT when one has already been registered
2025-03-14 05:59:51.025730: E tensorflow/compiler/xla/stream_executor/cuda/cuda_blas.cc:1518] Unable to register cuBLAS factory: Attempting to register factory for plugin cuBLAS when one has already been registered
2025-03-14 05:59:51.025683: E tensorflow/compiler/xla/stream_executor/cuda/cuda_dnn.cc:9342] Unable to register cuDNN factory: Attempting to register factory for plugin cuDNN when one has already been registered
2025-03-14 05:59:51.025705: E tensorflow/compiler/xla/stream_executor/cuda/cuda_fft.cc:609] Unable to register cuFFT factory: Attempting to register factory for plugin cuFFT when one has already been registered
2025-03-14 05:59:51.025729: E tensorflow/compiler/xla/stream_executor/cuda/cuda_blas.cc:1518] Unable to register cuBLAS factory: Attempting to register factory for plugin cuBLAS when one has already been registered
2025-03-14 05:59:51.026331: E tensorflow/compiler/xla/stream_executor/cuda/cuda_dnn.cc:9342] Unable to register cuDNN factory: Attempting to register factory for plugin cuDNN when one has already been registered
2025-03-14 05:59:51.026350: E tensorflow/compiler/xla/stream_executor/cuda/cuda_fft.cc:609] Unable to register cuFFT factory: Attempting to register factory for plugin cuFFT when one has already been registered
2025-03-14 05:59:51.026370: E tensorflow/compiler/xla/stream_executor/cuda/cuda_blas.cc:1518] Unable to register cuBLAS factory: Attempting to register factory for plugin cuBLAS when one has already been registered
DeePMD-kit: Cannot find libcudart.so.11.0
implib-gen: libcudart.so.11.0: failed to load library 'libcudart.so.11.0' via callback 'DP_cudart_dlopen'
implib-gen: libcudart.so.11.0: failed to resolve symbol '__cudaRegisterFatBinary', library failed to load
implib-gen: libcudart.so.11.0: failed to load library 'libcudart.so.11.0' via callback 'DP_cudart_dlopen'
implib-gen: libcudart.so.11.0: failed to resolve symbol '__cudaRegisterFunction', library failed to load
implib-gen: libcudart.so.11.0: failed to load library 'libcudart.so.11.0' via callback 'DP_cudart_dlopen'
implib-gen: libcudart.so.11.0: failed to resolve symbol '__cudaRegisterFatBinaryEnd', library failed to load
DeePMD-kit: Cannot find libcudart.so.11.0
implib-gen: libcudart.so.11.0: failed to load library 'libcudart.so.11.0' via callback 'DP_cudart_dlopen'
implib-gen: libcudart.so.11.0: failed to resolve symbol '__cudaRegisterFatBinary', library failed to load
implib-gen: libcudart.so.11.0: failed to load library 'libcudart.so.11.0' via callback 'DP_cudart_dlopen'
implib-gen: libcudart.so.11.0: failed to resolve symbol '__cudaRegisterFunction', library failed to load
implib-gen: libcudart.so.11.0: failed to load library 'libcudart.so.11.0' via callback 'DP_cudart_dlopen'
implib-gen: libcudart.so.11.0: failed to resolve symbol '__cudaRegisterFatBinaryEnd', library failed to load
DeePMD-kit: Cannot find libcudart.so.11.0
implib-gen: libcudart.so.11.0: failed to load library 'libcudart.so.11.0' via callback 'DP_cudart_dlopen'
implib-gen: libcudart.so.11.0: failed to resolve symbol '__cudaRegisterFatBinary', library failed to load
implib-gen: libcudart.so.11.0: failed to load library 'libcudart.so.11.0' via callback 'DP_cudart_dlopen'
implib-gen: libcudart.so.11.0: failed to resolve symbol '__cudaRegisterFunction', library failed to load
implib-gen: libcudart.so.11.0: failed to load library 'libcudart.so.11.0' via callback 'DP_cudart_dlopen'
implib-gen: libcudart.so.11.0: failed to resolve symbol '__cudaRegisterFatBinaryEnd', library failed to load
DeePMD-kit: Cannot find libcudart.so.11.0
implib-gen: libcudart.so.11.0: failed to load library 'libcudart.so.11.0' via callback 'DP_cudart_dlopen'
implib-gen: libcudart.so.11.0: failed to resolve symbol '__cudaRegisterFatBinary', library failed to load
implib-gen: libcudart.so.11.0: failed to load library 'libcudart.so.11.0' via callback 'DP_cudart_dlopen'
implib-gen: libcudart.so.11.0: failed to resolve symbol '__cudaRegisterFunction', library failed to load
implib-gen: libcudart.so.11.0: failed to load library 'libcudart.so.11.0' via callback 'DP_cudart_dlopen'
implib-gen: libcudart.so.11.0: failed to resolve symbol '__cudaRegisterFatBinaryEnd', library failed to load
DeePMD-kit: Cannot find libcudart.so.11.0
implib-gen: libcudart.so.11.0: failed to load library 'libcudart.so.11.0' via callback 'DP_cudart_dlopen'
implib-gen: libcudart.so.11.0: failed to resolve symbol '__cudaRegisterFatBinary', library failed to load
implib-gen: libcudart.so.11.0: failed to load library 'libcudart.so.11.0' via callback 'DP_cudart_dlopen'
implib-gen: libcudart.so.11.0: failed to resolve symbol '__cudaRegisterFunction', library failed to load
implib-gen: libcudart.so.11.0: failed to load library 'libcudart.so.11.0' via callback 'DP_cudart_dlopen'
implib-gen: libcudart.so.11.0: failed to resolve symbol '__cudaRegisterFatBinaryEnd', library failed to load
DeePMD-kit: Cannot find libcudart.so.11.0
implib-gen: libcudart.so.11.0: failed to load library 'libcudart.so.11.0' via callback 'DP_cudart_dlopen'
implib-gen: libcudart.so.11.0: failed to resolve symbol '__cudaRegisterFatBinary', library failed to load
implib-gen: libcudart.so.11.0: failed to load library 'libcudart.so.11.0' via callback 'DP_cudart_dlopen'
implib-gen: libcudart.so.11.0: failed to resolve symbol '__cudaRegisterFunction', library failed to load
implib-gen: libcudart.so.11.0: failed to load library 'libcudart.so.11.0' via callback 'DP_cudart_dlopen'
implib-gen: libcudart.so.11.0: failed to resolve symbol '__cudaRegisterFatBinaryEnd', library failed to load
2025-03-14 05:59:51.033431: E tensorflow/compiler/xla/stream_executor/cuda/cuda_dnn.cc:9342] Unable to register cuDNN factory: Attempting to register factory for plugin cuDNN when one has already been registered
2025-03-14 05:59:51.033450: E tensorflow/compiler/xla/stream_executor/cuda/cuda_fft.cc:609] Unable to register cuFFT factory: Attempting to register factory for plugin cuFFT when one has already been registered
2025-03-14 05:59:51.033474: E tensorflow/compiler/xla/stream_executor/cuda/cuda_blas.cc:1518] Unable to register cuBLAS factory: Attempting to register factory for plugin cuBLAS when one has already been registered
DeePMD-kit: Cannot find libcudart.so.11.0
implib-gen: libcudart.so.11.0: failed to load library 'libcudart.so.11.0' via callback 'DP_cudart_dlopen'
implib-gen: libcudart.so.11.0: failed to resolve symbol '__cudaRegisterFatBinary', library failed to load
implib-gen: libcudart.so.11.0: failed to load library 'libcudart.so.11.0' via callback 'DP_cudart_dlopen'
implib-gen: libcudart.so.11.0: failed to resolve symbol '__cudaRegisterFunction', library failed to load
implib-gen: libcudart.so.11.0: failed to load library 'libcudart.so.11.0' via callback 'DP_cudart_dlopen'
implib-gen: libcudart.so.11.0: failed to resolve symbol '__cudaRegisterFatBinaryEnd', library failed to load
DeePMD-kit: Cannot find libcudart.so.11.0
implib-gen: libcudart.so.11.0: failed to load library 'libcudart.so.11.0' via callback 'DP_cudart_dlopen'
implib-gen: libcudart.so.11.0: failed to resolve symbol '__cudaRegisterFatBinary', library failed to load
implib-gen: libcudart.so.11.0: failed to load library 'libcudart.so.11.0' via callback 'DP_cudart_dlopen'
implib-gen: libcudart.so.11.0: failed to resolve symbol '__cudaRegisterFunction', library failed to load
implib-gen: libcudart.so.11.0: failed to load library 'libcudart.so.11.0' via callback 'DP_cudart_dlopen'
implib-gen: libcudart.so.11.0: failed to resolve symbol '__cudaRegisterFatBinaryEnd', library failed to load
DeePMD-kit: Cannot find libcudart.so.11.0
implib-gen: libcudart.so.11.0: failed to load library 'libcudart.so.11.0' via callback 'DP_cudart_dlopen'
implib-gen: libcudart.so.11.0: failed to resolve symbol '__cudaRegisterFatBinary', library failed to load
implib-gen: libcudart.so.11.0: failed to load library 'libcudart.so.11.0' via callback 'DP_cudart_dlopen'
implib-gen: libcudart.so.11.0: failed to resolve symbol '__cudaRegisterFunction', library failed to load
implib-gen: libcudart.so.11.0: failed to load library 'libcudart.so.11.0' via callback 'DP_cudart_dlopen'
implib-gen: libcudart.so.11.0: failed to resolve symbol '__cudaRegisterFatBinaryEnd', library failed to load
DeePMD-kit: Cannot find libcudart.so.11.0
implib-gen: libcudart.so.11.0: failed to load library 'libcudart.so.11.0' via callback 'DP_cudart_dlopen'
implib-gen: libcudart.so.11.0: failed to resolve symbol '__cudaRegisterFatBinary', library failed to load
implib-gen: libcudart.so.11.0: failed to load library 'libcudart.so.11.0' via callback 'DP_cudart_dlopen'
implib-gen: libcudart.so.11.0: failed to resolve symbol '__cudaRegisterFunction', library failed to load
implib-gen: libcudart.so.11.0: failed to load library 'libcudart.so.11.0' via callback 'DP_cudart_dlopen'
implib-gen: libcudart.so.11.0: failed to resolve symbol '__cudaRegisterFatBinaryEnd', library failed to load
2025-03-14 05:59:51.039674: E tensorflow/compiler/xla/stream_executor/cuda/cuda_dnn.cc:9342] Unable to register cuDNN factory: Attempting to register factory for plugin cuDNN when one has already been registered
2025-03-14 05:59:51.039700: E tensorflow/compiler/xla/stream_executor/cuda/cuda_fft.cc:609] Unable to register cuFFT factory: Attempting to register factory for plugin cuFFT when one has already been registered
2025-03-14 05:59:51.039723: E tensorflow/compiler/xla/stream_executor/cuda/cuda_blas.cc:1518] Unable to register cuBLAS factory: Attempting to register factory for plugin cuBLAS when one has already been registered
2025-03-14 05:59:51.040269: E tensorflow/compiler/xla/stream_executor/cuda/cuda_dnn.cc:9342] Unable to register cuDNN factory: Attempting to register factory for plugin cuDNN when one has already been registered
2025-03-14 05:59:51.040292: E tensorflow/compiler/xla/stream_executor/cuda/cuda_fft.cc:609] Unable to register cuFFT factory: Attempting to register factory for plugin cuFFT when one has already been registered
2025-03-14 05:59:51.040313: E tensorflow/compiler/xla/stream_executor/cuda/cuda_blas.cc:1518] Unable to register cuBLAS factory: Attempting to register factory for plugin cuBLAS when one has already been registered
2025-03-14 05:59:51.041414: E tensorflow/compiler/xla/stream_executor/cuda/cuda_dnn.cc:9342] Unable to register cuDNN factory: Attempting to register factory for plugin cuDNN when one has already been registered
2025-03-14 05:59:51.041433: E tensorflow/compiler/xla/stream_executor/cuda/cuda_fft.cc:609] Unable to register cuFFT factory: Attempting to register factory for plugin cuFFT when one has already been registered
2025-03-14 05:59:51.041460: E tensorflow/compiler/xla/stream_executor/cuda/cuda_blas.cc:1518] Unable to register cuBLAS factory: Attempting to register factory for plugin cuBLAS when one has already been registered
2025-03-14 05:59:51.053999: I tensorflow/tsl/cuda/cudart_stub.cc:28] Could not find cuda drivers on your machine, GPU will not be used.
DeePMD-kit: Cannot find libcudart.so.11.0
implib-gen: libcudart.so.11.0: failed to load library 'libcudart.so.11.0' via callback 'DP_cudart_dlopen'
implib-gen: libcudart.so.11.0: failed to resolve symbol '__cudaRegisterFatBinary', library failed to load
implib-gen: libcudart.so.11.0: failed to load library 'libcudart.so.11.0' via callback 'DP_cudart_dlopen'
implib-gen: libcudart.so.11.0: failed to resolve symbol '__cudaRegisterFunction', library failed to load
implib-gen: libcudart.so.11.0: failed to load library 'libcudart.so.11.0' via callback 'DP_cudart_dlopen'
implib-gen: libcudart.so.11.0: failed to resolve symbol '__cudaRegisterFatBinaryEnd', library failed to load
2025-03-14 05:59:51.045728: E tensorflow/compiler/xla/stream_executor/cuda/cuda_dnn.cc:9342] Unable to register cuDNN factory: Attempting to register factory for plugin cuDNN when one has already been registered
2025-03-14 05:59:51.045745: E tensorflow/compiler/xla/stream_executor/cuda/cuda_fft.cc:609] Unable to register cuFFT factory: Attempting to register factory for plugin cuFFT when one has already been registered
2025-03-14 05:59:51.045770: E tensorflow/compiler/xla/stream_executor/cuda/cuda_blas.cc:1518] Unable to register cuBLAS factory: Attempting to register factory for plugin cuBLAS when one has already been registered
2025-03-14 05:59:51.045723: E tensorflow/compiler/xla/stream_executor/cuda/cuda_dnn.cc:9342] Unable to register cuDNN factory: Attempting to register factory for plugin cuDNN when one has already been registered
2025-03-14 05:59:51.045745: E tensorflow/compiler/xla/stream_executor/cuda/cuda_fft.cc:609] Unable to register cuFFT factory: Attempting to register factory for plugin cuFFT when one has already been registered
2025-03-14 05:59:51.045771: E tensorflow/compiler/xla/stream_executor/cuda/cuda_blas.cc:1518] Unable to register cuBLAS factory: Attempting to register factory for plugin cuBLAS when one has already been registered
DeePMD-kit: Cannot find libcudart.so.11.0
implib-gen: libcudart.so.11.0: failed to load library 'libcudart.so.11.0' via callback 'DP_cudart_dlopen'
implib-gen: libcudart.so.11.0: failed to resolve symbol '__cudaRegisterFatBinary', library failed to load
implib-gen: libcudart.so.11.0: failed to load library 'libcudart.so.11.0' via callback 'DP_cudart_dlopen'
implib-gen: libcudart.so.11.0: failed to resolve symbol '__cudaRegisterFunction', library failed to load
implib-gen: libcudart.so.11.0: failed to load library 'libcudart.so.11.0' via callback 'DP_cudart_dlopen'
implib-gen: libcudart.so.11.0: failed to resolve symbol '__cudaRegisterFatBinaryEnd', library failed to load
DeePMD-kit: Cannot find libcudart.so.11.0
implib-gen: libcudart.so.11.0: failed to load library 'libcudart.so.11.0' via callback 'DP_cudart_dlopen'
implib-gen: libcudart.so.11.0: failed to resolve symbol '__cudaRegisterFatBinary', library failed to load
implib-gen: libcudart.so.11.0: failed to load library 'libcudart.so.11.0' via callback 'DP_cudart_dlopen'
implib-gen: libcudart.so.11.0: failed to resolve symbol '__cudaRegisterFunction', library failed to load
implib-gen: libcudart.so.11.0: failed to load library 'libcudart.so.11.0' via callback 'DP_cudart_dlopen'
implib-gen: libcudart.so.11.0: failed to resolve symbol '__cudaRegisterFatBinaryEnd', library failed to load
DeePMD-kit: Cannot find libcudart.so.11.0
implib-gen: libcudart.so.11.0: failed to load library 'libcudart.so.11.0' via callback 'DP_cudart_dlopen'
implib-gen: libcudart.so.11.0: failed to resolve symbol '__cudaRegisterFatBinary', library failed to load
implib-gen: libcudart.so.11.0: failed to load library 'libcudart.so.11.0' via callback 'DP_cudart_dlopen'
implib-gen: libcudart.so.11.0: failed to resolve symbol '__cudaRegisterFunction', library failed to load
implib-gen: libcudart.so.11.0: failed to load library 'libcudart.so.11.0' via callback 'DP_cudart_dlopen'
implib-gen: libcudart.so.11.0: failed to resolve symbol '__cudaRegisterFatBinaryEnd', library failed to load
2025-03-14 05:59:51.054993: I tensorflow/tsl/cuda/cudart_stub.cc:28] Could not find cuda drivers on your machine, GPU will not be used.
2025-03-14 05:59:51.054995: I tensorflow/tsl/cuda/cudart_stub.cc:28] Could not find cuda drivers on your machine, GPU will not be used.
2025-03-14 05:59:51.055525: I tensorflow/tsl/cuda/cudart_stub.cc:28] Could not find cuda drivers on your machine, GPU will not be used.
2025-03-14 05:59:51.055559: I tensorflow/tsl/cuda/cudart_stub.cc:28] Could not find cuda drivers on your machine, GPU will not be used.
2025-03-14 05:59:51.055566: I tensorflow/tsl/cuda/cudart_stub.cc:28] Could not find cuda drivers on your machine, GPU will not be used.
2025-03-14 05:59:51.056659: I tensorflow/tsl/cuda/cudart_stub.cc:28] Could not find cuda drivers on your machine, GPU will not be used.
2025-03-14 05:59:51.063556: I tensorflow/tsl/cuda/cudart_stub.cc:28] Could not find cuda drivers on your machine, GPU will not be used.
2025-03-14 05:59:51.063562: I tensorflow/tsl/cuda/cudart_stub.cc:28] Could not find cuda drivers on your machine, GPU will not be used.
2025-03-14 05:59:51.063712: I tensorflow/tsl/cuda/cudart_stub.cc:28] Could not find cuda drivers on your machine, GPU will not be used.
2025-03-14 05:59:51.063713: I tensorflow/tsl/cuda/cudart_stub.cc:28] Could not find cuda drivers on your machine, GPU will not be used.
2025-03-14 05:59:51.063922: E tensorflow/compiler/xla/stream_executor/cuda/cuda_dnn.cc:9342] Unable to register cuDNN factory: Attempting to register factory for plugin cuDNN when one has already been registered
2025-03-14 05:59:51.063944: E tensorflow/compiler/xla/stream_executor/cuda/cuda_fft.cc:609] Unable to register cuFFT factory: Attempting to register factory for plugin cuFFT when one has already been registered
2025-03-14 05:59:51.063966: E tensorflow/compiler/xla/stream_executor/cuda/cuda_blas.cc:1518] Unable to register cuBLAS factory: Attempting to register factory for plugin cuBLAS when one has already been registered
2025-03-14 05:59:51.063922: E tensorflow/compiler/xla/stream_executor/cuda/cuda_dnn.cc:9342] Unable to register cuDNN factory: Attempting to register factory for plugin cuDNN when one has already been registered
2025-03-14 05:59:51.063943: E tensorflow/compiler/xla/stream_executor/cuda/cuda_fft.cc:609] Unable to register cuFFT factory: Attempting to register factory for plugin cuFFT when one has already been registered
2025-03-14 05:59:51.063966: E tensorflow/compiler/xla/stream_executor/cuda/cuda_blas.cc:1518] Unable to register cuBLAS factory: Attempting to register factory for plugin cuBLAS when one has already been registered
2025-03-14 05:59:51.064439: I tensorflow/tsl/cuda/cudart_stub.cc:28] Could not find cuda drivers on your machine, GPU will not be used.
2025-03-14 05:59:51.065102: I tensorflow/tsl/cuda/cudart_stub.cc:28] Could not find cuda drivers on your machine, GPU will not be used.
2025-03-14 05:59:51.065536: I tensorflow/tsl/cuda/cudart_stub.cc:28] Could not find cuda drivers on your machine, GPU will not be used.
2025-03-14 05:59:51.066165: I tensorflow/tsl/cuda/cudart_stub.cc:28] Could not find cuda drivers on your machine, GPU will not be used.
2025-03-14 05:59:51.066165: I tensorflow/tsl/cuda/cudart_stub.cc:28] Could not find cuda drivers on your machine, GPU will not be used.
2025-03-14 05:59:51.066929: I tensorflow/tsl/cuda/cudart_stub.cc:28] Could not find cuda drivers on your machine, GPU will not be used.
2025-03-14 05:59:51.067036: E tensorflow/compiler/xla/stream_executor/cuda/cuda_dnn.cc:9342] Unable to register cuDNN factory: Attempting to register factory for plugin cuDNN when one has already been registered
2025-03-14 05:59:51.067068: E tensorflow/compiler/xla/stream_executor/cuda/cuda_fft.cc:609] Unable to register cuFFT factory: Attempting to register factory for plugin cuFFT when one has already been registered
2025-03-14 05:59:51.067095: E tensorflow/compiler/xla/stream_executor/cuda/cuda_blas.cc:1518] Unable to register cuBLAS factory: Attempting to register factory for plugin cuBLAS when one has already been registered
2025-03-14 05:59:51.067036: E tensorflow/compiler/xla/stream_executor/cuda/cuda_dnn.cc:9342] Unable to register cuDNN factory: Attempting to register factory for plugin cuDNN when one has already been registered
2025-03-14 05:59:51.067068: E tensorflow/compiler/xla/stream_executor/cuda/cuda_fft.cc:609] Unable to register cuFFT factory: Attempting to register factory for plugin cuFFT when one has already been registered
2025-03-14 05:59:51.067094: E tensorflow/compiler/xla/stream_executor/cuda/cuda_blas.cc:1518] Unable to register cuBLAS factory: Attempting to register factory for plugin cuBLAS when one has already been registered
2025-03-14 05:59:51.067157: I tensorflow/tsl/cuda/cudart_stub.cc:28] Could not find cuda drivers on your machine, GPU will not be used.
2025-03-14 05:59:51.067205: I tensorflow/tsl/cuda/cudart_stub.cc:28] Could not find cuda drivers on your machine, GPU will not be used.
2025-03-14 05:59:51.067151: I tensorflow/tsl/cuda/cudart_stub.cc:28] Could not find cuda drivers on your machine, GPU will not be used.
2025-03-14 05:59:51.067211: I tensorflow/tsl/cuda/cudart_stub.cc:28] Could not find cuda drivers on your machine, GPU will not be used.
2025-03-14 05:59:51.067489: E tensorflow/compiler/xla/stream_executor/cuda/cuda_dnn.cc:9342] Unable to register cuDNN factory: Attempting to register factory for plugin cuDNN when one has already been registered
2025-03-14 05:59:51.067513: E tensorflow/compiler/xla/stream_executor/cuda/cuda_fft.cc:609] Unable to register cuFFT factory: Attempting to register factory for plugin cuFFT when one has already been registered
2025-03-14 05:59:51.067539: E tensorflow/compiler/xla/stream_executor/cuda/cuda_blas.cc:1518] Unable to register cuBLAS factory: Attempting to register factory for plugin cuBLAS when one has already been registered
2025-03-14 05:59:51.067488: E tensorflow/compiler/xla/stream_executor/cuda/cuda_dnn.cc:9342] Unable to register cuDNN factory: Attempting to register factory for plugin cuDNN when one has already been registered
2025-03-14 05:59:51.067516: E tensorflow/compiler/xla/stream_executor/cuda/cuda_fft.cc:609] Unable to register cuFFT factory: Attempting to register factory for plugin cuFFT when one has already been registered
2025-03-14 05:59:51.067536: E tensorflow/compiler/xla/stream_executor/cuda/cuda_blas.cc:1518] Unable to register cuBLAS factory: Attempting to register factory for plugin cuBLAS when one has already been registered
2025-03-14 05:59:51.068291: I tensorflow/tsl/cuda/cudart_stub.cc:28] Could not find cuda drivers on your machine, GPU will not be used.
2025-03-14 05:59:51.068291: I tensorflow/tsl/cuda/cudart_stub.cc:28] Could not find cuda drivers on your machine, GPU will not be used.
2025-03-14 05:59:51.068324: I tensorflow/tsl/cuda/cudart_stub.cc:28] Could not find cuda drivers on your machine, GPU will not be used.
2025-03-14 05:59:51.069484: E tensorflow/compiler/xla/stream_executor/cuda/cuda_dnn.cc:9342] Unable to register cuDNN factory: Attempting to register factory for plugin cuDNN when one has already been registered
2025-03-14 05:59:51.069508: E tensorflow/compiler/xla/stream_executor/cuda/cuda_fft.cc:609] Unable to register cuFFT factory: Attempting to register factory for plugin cuFFT when one has already been registered
2025-03-14 05:59:51.069535: E tensorflow/compiler/xla/stream_executor/cuda/cuda_blas.cc:1518] Unable to register cuBLAS factory: Attempting to register factory for plugin cuBLAS when one has already been registered
2025-03-14 05:59:51.069568: I tensorflow/tsl/cuda/cudart_stub.cc:28] Could not find cuda drivers on your machine, GPU will not be used.
2025-03-14 05:59:51.069992: I tensorflow/tsl/cuda/cudart_stub.cc:28] Could not find cuda drivers on your machine, GPU will not be used.
2025-03-14 05:59:51.071868: I tensorflow/tsl/cuda/cudart_stub.cc:28] Could not find cuda drivers on your machine, GPU will not be used.
2025-03-14 05:59:51.072516: I tensorflow/tsl/cuda/cudart_stub.cc:28] Could not find cuda drivers on your machine, GPU will not be used.
2025-03-14 05:59:51.072511: I tensorflow/tsl/cuda/cudart_stub.cc:28] Could not find cuda drivers on your machine, GPU will not be used.
2025-03-14 05:59:51.073194: I tensorflow/tsl/cuda/cudart_stub.cc:28] Could not find cuda drivers on your machine, GPU will not be used.
2025-03-14 05:59:51.073941: E tensorflow/compiler/xla/stream_executor/cuda/cuda_dnn.cc:9342] Unable to register cuDNN factory: Attempting to register factory for plugin cuDNN when one has already been registered
2025-03-14 05:59:51.073960: E tensorflow/compiler/xla/stream_executor/cuda/cuda_fft.cc:609] Unable to register cuFFT factory: Attempting to register factory for plugin cuFFT when one has already been registered
2025-03-14 05:59:51.073989: E tensorflow/compiler/xla/stream_executor/cuda/cuda_blas.cc:1518] Unable to register cuBLAS factory: Attempting to register factory for plugin cuBLAS when one has already been registered
2025-03-14 05:59:51.073946: E tensorflow/compiler/xla/stream_executor/cuda/cuda_dnn.cc:9342] Unable to register cuDNN factory: Attempting to register factory for plugin cuDNN when one has already been registered
2025-03-14 05:59:51.073960: E tensorflow/compiler/xla/stream_executor/cuda/cuda_fft.cc:609] Unable to register cuFFT factory: Attempting to register factory for plugin cuFFT when one has already been registered
2025-03-14 05:59:51.073985: E tensorflow/compiler/xla/stream_executor/cuda/cuda_blas.cc:1518] Unable to register cuBLAS factory: Attempting to register factory for plugin cuBLAS when one has already been registered
2025-03-14 05:59:51.074148: I tensorflow/tsl/cuda/cudart_stub.cc:28] Could not find cuda drivers on your machine, GPU will not be used.
2025-03-14 05:59:51.074645: I tensorflow/tsl/cuda/cudart_stub.cc:28] Could not find cuda drivers on your machine, GPU will not be used.
2025-03-14 05:59:51.074641: I tensorflow/tsl/cuda/cudart_stub.cc:28] Could not find cuda drivers on your machine, GPU will not be used.
2025-03-14 05:59:51.074922: I tensorflow/tsl/cuda/cudart_stub.cc:28] Could not find cuda drivers on your machine, GPU will not be used.
2025-03-14 05:59:51.074922: I tensorflow/tsl/cuda/cudart_stub.cc:28] Could not find cuda drivers on your machine, GPU will not be used.
2025-03-14 05:59:51.075929: E tensorflow/compiler/xla/stream_executor/cuda/cuda_dnn.cc:9342] Unable to register cuDNN factory: Attempting to register factory for plugin cuDNN when one has already been registered
2025-03-14 05:59:51.075951: E tensorflow/compiler/xla/stream_executor/cuda/cuda_fft.cc:609] Unable to register cuFFT factory: Attempting to register factory for plugin cuFFT when one has already been registered
2025-03-14 05:59:51.075975: E tensorflow/compiler/xla/stream_executor/cuda/cuda_blas.cc:1518] Unable to register cuBLAS factory: Attempting to register factory for plugin cuBLAS when one has already been registered
2025-03-14 05:59:51.076099: E tensorflow/compiler/xla/stream_executor/cuda/cuda_dnn.cc:9342] Unable to register cuDNN factory: Attempting to register factory for plugin cuDNN when one has already been registered
2025-03-14 05:59:51.076120: E tensorflow/compiler/xla/stream_executor/cuda/cuda_fft.cc:609] Unable to register cuFFT factory: Attempting to register factory for plugin cuFFT when one has already been registered
2025-03-14 05:59:51.076148: E tensorflow/compiler/xla/stream_executor/cuda/cuda_blas.cc:1518] Unable to register cuBLAS factory: Attempting to register factory for plugin cuBLAS when one has already been registered
2025-03-14 05:59:51.076366: E tensorflow/compiler/xla/stream_executor/cuda/cuda_dnn.cc:9342] Unable to register cuDNN factory: Attempting to register factory for plugin cuDNN when one has already been registered
2025-03-14 05:59:51.076390: E tensorflow/compiler/xla/stream_executor/cuda/cuda_fft.cc:609] Unable to register cuFFT factory: Attempting to register factory for plugin cuFFT when one has already been registered
2025-03-14 05:59:51.076417: E tensorflow/compiler/xla/stream_executor/cuda/cuda_blas.cc:1518] Unable to register cuBLAS factory: Attempting to register factory for plugin cuBLAS when one has already been registered
2025-03-14 05:59:51.076651: I tensorflow/tsl/cuda/cudart_stub.cc:28] Could not find cuda drivers on your machine, GPU will not be used.
2025-03-14 05:59:51.076654: I tensorflow/tsl/cuda/cudart_stub.cc:28] Could not find cuda drivers on your machine, GPU will not be used.
2025-03-14 05:59:51.076651: I tensorflow/tsl/cuda/cudart_stub.cc:28] Could not find cuda drivers on your machine, GPU will not be used.
2025-03-14 05:59:51.076650: I tensorflow/tsl/cuda/cudart_stub.cc:28] Could not find cuda drivers on your machine, GPU will not be used.
2025-03-14 05:59:51.076707: I tensorflow/tsl/cuda/cudart_stub.cc:28] Could not find cuda drivers on your machine, GPU will not be used.
2025-03-14 05:59:51.077026: I tensorflow/tsl/cuda/cudart_stub.cc:28] Could not find cuda drivers on your machine, GPU will not be used.
2025-03-14 05:59:51.077024: I tensorflow/tsl/cuda/cudart_stub.cc:28] Could not find cuda drivers on your machine, GPU will not be used.
2025-03-14 05:59:51.077258: E tensorflow/compiler/xla/stream_executor/cuda/cuda_dnn.cc:9342] Unable to register cuDNN factory: Attempting to register factory for plugin cuDNN when one has already been registered
2025-03-14 05:59:51.077281: E tensorflow/compiler/xla/stream_executor/cuda/cuda_fft.cc:609] Unable to register cuFFT factory: Attempting to register factory for plugin cuFFT when one has already been registered
2025-03-14 05:59:51.077302: E tensorflow/compiler/xla/stream_executor/cuda/cuda_blas.cc:1518] Unable to register cuBLAS factory: Attempting to register factory for plugin cuBLAS when one has already been registered
2025-03-14 05:59:51.077262: E tensorflow/compiler/xla/stream_executor/cuda/cuda_dnn.cc:9342] Unable to register cuDNN factory: Attempting to register factory for plugin cuDNN when one has already been registered
2025-03-14 05:59:51.077281: E tensorflow/compiler/xla/stream_executor/cuda/cuda_fft.cc:609] Unable to register cuFFT factory: Attempting to register factory for plugin cuFFT when one has already been registered
2025-03-14 05:59:51.077305: E tensorflow/compiler/xla/stream_executor/cuda/cuda_blas.cc:1518] Unable to register cuBLAS factory: Attempting to register factory for plugin cuBLAS when one has already been registered
2025-03-14 05:59:51.077996: E tensorflow/compiler/xla/stream_executor/cuda/cuda_dnn.cc:9342] Unable to register cuDNN factory: Attempting to register factory for plugin cuDNN when one has already been registered
2025-03-14 05:59:51.078015: E tensorflow/compiler/xla/stream_executor/cuda/cuda_fft.cc:609] Unable to register cuFFT factory: Attempting to register factory for plugin cuFFT when one has already been registered
2025-03-14 05:59:51.078038: E tensorflow/compiler/xla/stream_executor/cuda/cuda_blas.cc:1518] Unable to register cuBLAS factory: Attempting to register factory for plugin cuBLAS when one has already been registered
2025-03-14 05:59:51.077996: E tensorflow/compiler/xla/stream_executor/cuda/cuda_dnn.cc:9342] Unable to register cuDNN factory: Attempting to register factory for plugin cuDNN when one has already been registered
2025-03-14 05:59:51.078015: E tensorflow/compiler/xla/stream_executor/cuda/cuda_fft.cc:609] Unable to register cuFFT factory: Attempting to register factory for plugin cuFFT when one has already been registered
2025-03-14 05:59:51.078038: E tensorflow/compiler/xla/stream_executor/cuda/cuda_blas.cc:1518] Unable to register cuBLAS factory: Attempting to register factory for plugin cuBLAS when one has already been registered
2025-03-14 05:59:51.078939: I tensorflow/tsl/cuda/cudart_stub.cc:28] Could not find cuda drivers on your machine, GPU will not be used.
2025-03-14 05:59:51.079322: E tensorflow/compiler/xla/stream_executor/cuda/cuda_dnn.cc:9342] Unable to register cuDNN factory: Attempting to register factory for plugin cuDNN when one has already been registered
2025-03-14 05:59:51.079343: E tensorflow/compiler/xla/stream_executor/cuda/cuda_fft.cc:609] Unable to register cuFFT factory: Attempting to register factory for plugin cuFFT when one has already been registered
2025-03-14 05:59:51.079369: E tensorflow/compiler/xla/stream_executor/cuda/cuda_blas.cc:1518] Unable to register cuBLAS factory: Attempting to register factory for plugin cuBLAS when one has already been registered
2025-03-14 05:59:51.079563: I tensorflow/tsl/cuda/cudart_stub.cc:28] Could not find cuda drivers on your machine, GPU will not be used.
2025-03-14 05:59:51.080369: I tensorflow/tsl/cuda/cudart_stub.cc:28] Could not find cuda drivers on your machine, GPU will not be used.
2025-03-14 05:59:51.080309: I tensorflow/tsl/cuda/cudart_stub.cc:28] Could not find cuda drivers on your machine, GPU will not be used.
2025-03-14 05:59:51.080316: I tensorflow/tsl/cuda/cudart_stub.cc:28] Could not find cuda drivers on your machine, GPU will not be used.
2025-03-14 05:59:51.080315: I tensorflow/tsl/cuda/cudart_stub.cc:28] Could not find cuda drivers on your machine, GPU will not be used.
2025-03-14 05:59:51.080322: I tensorflow/tsl/cuda/cudart_stub.cc:28] Could not find cuda drivers on your machine, GPU will not be used.
2025-03-14 05:59:51.080723: E tensorflow/compiler/xla/stream_executor/cuda/cuda_dnn.cc:9342] Unable to register cuDNN factory: Attempting to register factory for plugin cuDNN when one has already been registered
2025-03-14 05:59:51.080743: E tensorflow/compiler/xla/stream_executor/cuda/cuda_fft.cc:609] Unable to register cuFFT factory: Attempting to register factory for plugin cuFFT when one has already been registered
2025-03-14 05:59:51.080765: E tensorflow/compiler/xla/stream_executor/cuda/cuda_blas.cc:1518] Unable to register cuBLAS factory: Attempting to register factory for plugin cuBLAS when one has already been registered
2025-03-14 05:59:51.081245: I tensorflow/tsl/cuda/cudart_stub.cc:28] Could not find cuda drivers on your machine, GPU will not be used.
2025-03-14 05:59:51.081242: I tensorflow/tsl/cuda/cudart_stub.cc:28] Could not find cuda drivers on your machine, GPU will not be used.
2025-03-14 05:59:51.081462: I tensorflow/tsl/cuda/cudart_stub.cc:28] Could not find cuda drivers on your machine, GPU will not be used.
2025-03-14 05:59:51.082511: E tensorflow/compiler/xla/stream_executor/cuda/cuda_dnn.cc:9342] Unable to register cuDNN factory: Attempting to register factory for plugin cuDNN when one has already been registered
2025-03-14 05:59:51.082532: E tensorflow/compiler/xla/stream_executor/cuda/cuda_fft.cc:609] Unable to register cuFFT factory: Attempting to register factory for plugin cuFFT when one has already been registered
2025-03-14 05:59:51.082560: E tensorflow/compiler/xla/stream_executor/cuda/cuda_blas.cc:1518] Unable to register cuBLAS factory: Attempting to register factory for plugin cuBLAS when one has already been registered
2025-03-14 05:59:51.082567: I tensorflow/tsl/cuda/cudart_stub.cc:28] Could not find cuda drivers on your machine, GPU will not be used.
2025-03-14 05:59:51.082856: E tensorflow/compiler/xla/stream_executor/cuda/cuda_dnn.cc:9342] Unable to register cuDNN factory: Attempting to register factory for plugin cuDNN when one has already been registered
2025-03-14 05:59:51.082876: E tensorflow/compiler/xla/stream_executor/cuda/cuda_fft.cc:609] Unable to register cuFFT factory: Attempting to register factory for plugin cuFFT when one has already been registered
2025-03-14 05:59:51.082897: E tensorflow/compiler/xla/stream_executor/cuda/cuda_blas.cc:1518] Unable to register cuBLAS factory: Attempting to register factory for plugin cuBLAS when one has already been registered
2025-03-14 05:59:51.082851: E tensorflow/compiler/xla/stream_executor/cuda/cuda_dnn.cc:9342] Unable to register cuDNN factory: Attempting to register factory for plugin cuDNN when one has already been registered
2025-03-14 05:59:51.082870: E tensorflow/compiler/xla/stream_executor/cuda/cuda_fft.cc:609] Unable to register cuFFT factory: Attempting to register factory for plugin cuFFT when one has already been registered
2025-03-14 05:59:51.082898: E tensorflow/compiler/xla/stream_executor/cuda/cuda_blas.cc:1518] Unable to register cuBLAS factory: Attempting to register factory for plugin cuBLAS when one has already been registered
2025-03-14 05:59:51.082938: E tensorflow/compiler/xla/stream_executor/cuda/cuda_dnn.cc:9342] Unable to register cuDNN factory: Attempting to register factory for plugin cuDNN when one has already been registered
2025-03-14 05:59:51.082855: E tensorflow/compiler/xla/stream_executor/cuda/cuda_dnn.cc:9342] Unable to register cuDNN factory: Attempting to register factory for plugin cuDNN when one has already been registered
2025-03-14 05:59:51.082870: E tensorflow/compiler/xla/stream_executor/cuda/cuda_fft.cc:609] Unable to register cuFFT factory: Attempting to register factory for plugin cuFFT when one has already been registered
2025-03-14 05:59:51.082897: E tensorflow/compiler/xla/stream_executor/cuda/cuda_blas.cc:1518] Unable to register cuBLAS factory: Attempting to register factory for plugin cuBLAS when one has already been registered
2025-03-14 05:59:51.082957: E tensorflow/compiler/xla/stream_executor/cuda/cuda_fft.cc:609] Unable to register cuFFT factory: Attempting to register factory for plugin cuFFT when one has already been registered
2025-03-14 05:59:51.082981: E tensorflow/compiler/xla/stream_executor/cuda/cuda_blas.cc:1518] Unable to register cuBLAS factory: Attempting to register factory for plugin cuBLAS when one has already been registered
2025-03-14 05:59:51.083206: E tensorflow/compiler/xla/stream_executor/cuda/cuda_dnn.cc:9342] Unable to register cuDNN factory: Attempting to register factory for plugin cuDNN when one has already been registered
2025-03-14 05:59:51.083227: E tensorflow/compiler/xla/stream_executor/cuda/cuda_fft.cc:609] Unable to register cuFFT factory: Attempting to register factory for plugin cuFFT when one has already been registered
2025-03-14 05:59:51.083247: E tensorflow/compiler/xla/stream_executor/cuda/cuda_blas.cc:1518] Unable to register cuBLAS factory: Attempting to register factory for plugin cuBLAS when one has already been registered
2025-03-14 05:59:51.084774: I tensorflow/tsl/cuda/cudart_stub.cc:28] Could not find cuda drivers on your machine, GPU will not be used.
2025-03-14 05:59:51.085367: E tensorflow/compiler/xla/stream_executor/cuda/cuda_dnn.cc:9342] Unable to register cuDNN factory: Attempting to register factory for plugin cuDNN when one has already been registered
2025-03-14 05:59:51.085391: E tensorflow/compiler/xla/stream_executor/cuda/cuda_fft.cc:609] Unable to register cuFFT factory: Attempting to register factory for plugin cuFFT when one has already been registered
2025-03-14 05:59:51.085414: E tensorflow/compiler/xla/stream_executor/cuda/cuda_blas.cc:1518] Unable to register cuBLAS factory: Attempting to register factory for plugin cuBLAS when one has already been registered
2025-03-14 05:59:51.085772: E tensorflow/compiler/xla/stream_executor/cuda/cuda_dnn.cc:9342] Unable to register cuDNN factory: Attempting to register factory for plugin cuDNN when one has already been registered
2025-03-14 05:59:51.085791: E tensorflow/compiler/xla/stream_executor/cuda/cuda_fft.cc:609] Unable to register cuFFT factory: Attempting to register factory for plugin cuFFT when one has already been registered
2025-03-14 05:59:51.085804: E tensorflow/compiler/xla/stream_executor/cuda/cuda_blas.cc:1518] Unable to register cuBLAS factory: Attempting to register factory for plugin cuBLAS when one has already been registered
2025-03-14 05:59:51.086234: I tensorflow/tsl/cuda/cudart_stub.cc:28] Could not find cuda drivers on your machine, GPU will not be used.
2025-03-14 05:59:51.087067: I tensorflow/tsl/cuda/cudart_stub.cc:28] Could not find cuda drivers on your machine, GPU will not be used.
2025-03-14 05:59:51.087064: I tensorflow/tsl/cuda/cudart_stub.cc:28] Could not find cuda drivers on your machine, GPU will not be used.
2025-03-14 05:59:51.087139: I tensorflow/tsl/cuda/cudart_stub.cc:28] Could not find cuda drivers on your machine, GPU will not be used.
2025-03-14 05:59:51.087138: I tensorflow/tsl/cuda/cudart_stub.cc:28] Could not find cuda drivers on your machine, GPU will not be used.
2025-03-14 05:59:51.087288: I tensorflow/tsl/cuda/cudart_stub.cc:28] Could not find cuda drivers on your machine, GPU will not be used.
2025-03-14 05:59:51.087288: I tensorflow/tsl/cuda/cudart_stub.cc:28] Could not find cuda drivers on your machine, GPU will not be used.
2025-03-14 05:59:51.088119: I tensorflow/tsl/cuda/cudart_stub.cc:28] Could not find cuda drivers on your machine, GPU will not be used.
2025-03-14 05:59:51.088121: I tensorflow/tsl/cuda/cudart_stub.cc:28] Could not find cuda drivers on your machine, GPU will not be used.
2025-03-14 05:59:51.088236: I tensorflow/tsl/cuda/cudart_stub.cc:28] Could not find cuda drivers on your machine, GPU will not be used.
2025-03-14 05:59:51.088261: I tensorflow/tsl/cuda/cudart_stub.cc:28] Could not find cuda drivers on your machine, GPU will not be used.
2025-03-14 05:59:51.088263: I tensorflow/tsl/cuda/cudart_stub.cc:28] Could not find cuda drivers on your machine, GPU will not be used.
2025-03-14 05:59:51.088370: I tensorflow/tsl/cuda/cudart_stub.cc:28] Could not find cuda drivers on your machine, GPU will not be used.
2025-03-14 05:59:51.088367: I tensorflow/tsl/cuda/cudart_stub.cc:28] Could not find cuda drivers on your machine, GPU will not be used.
2025-03-14 05:59:51.089570: I tensorflow/tsl/cuda/cudart_stub.cc:28] Could not find cuda drivers on your machine, GPU will not be used.
2025-03-14 05:59:51.089572: I tensorflow/tsl/cuda/cudart_stub.cc:28] Could not find cuda drivers on your machine, GPU will not be used.
2025-03-14 05:59:51.089573: I tensorflow/tsl/cuda/cudart_stub.cc:28] Could not find cuda drivers on your machine, GPU will not be used.
2025-03-14 05:59:51.089566: I tensorflow/tsl/cuda/cudart_stub.cc:28] Could not find cuda drivers on your machine, GPU will not be used.
2025-03-14 05:59:51.089619: I tensorflow/tsl/cuda/cudart_stub.cc:28] Could not find cuda drivers on your machine, GPU will not be used.
2025-03-14 05:59:51.089625: I tensorflow/tsl/cuda/cudart_stub.cc:28] Could not find cuda drivers on your machine, GPU will not be used.
2025-03-14 05:59:51.090506: I tensorflow/tsl/cuda/cudart_stub.cc:28] Could not find cuda drivers on your machine, GPU will not be used.
2025-03-14 05:59:51.090502: I tensorflow/tsl/cuda/cudart_stub.cc:28] Could not find cuda drivers on your machine, GPU will not be used.
2025-03-14 05:59:51.090817: I tensorflow/tsl/cuda/cudart_stub.cc:28] Could not find cuda drivers on your machine, GPU will not be used.
2025-03-14 05:59:51.090823: I tensorflow/tsl/cuda/cudart_stub.cc:28] Could not find cuda drivers on your machine, GPU will not be used.
2025-03-14 05:59:51.091263: E tensorflow/compiler/xla/stream_executor/cuda/cuda_dnn.cc:9342] Unable to register cuDNN factory: Attempting to register factory for plugin cuDNN when one has already been registered
2025-03-14 05:59:51.091285: E tensorflow/compiler/xla/stream_executor/cuda/cuda_fft.cc:609] Unable to register cuFFT factory: Attempting to register factory for plugin cuFFT when one has already been registered
2025-03-14 05:59:51.091309: E tensorflow/compiler/xla/stream_executor/cuda/cuda_blas.cc:1518] Unable to register cuBLAS factory: Attempting to register factory for plugin cuBLAS when one has already been registered
2025-03-14 05:59:51.091263: E tensorflow/compiler/xla/stream_executor/cuda/cuda_dnn.cc:9342] Unable to register cuDNN factory: Attempting to register factory for plugin cuDNN when one has already been registered
2025-03-14 05:59:51.091285: E tensorflow/compiler/xla/stream_executor/cuda/cuda_fft.cc:609] Unable to register cuFFT factory: Attempting to register factory for plugin cuFFT when one has already been registered
2025-03-14 05:59:51.091306: E tensorflow/compiler/xla/stream_executor/cuda/cuda_blas.cc:1518] Unable to register cuBLAS factory: Attempting to register factory for plugin cuBLAS when one has already been registered
2025-03-14 05:59:51.091923: E tensorflow/compiler/xla/stream_executor/cuda/cuda_dnn.cc:9342] Unable to register cuDNN factory: Attempting to register factory for plugin cuDNN when one has already been registered
2025-03-14 05:59:51.091941: E tensorflow/compiler/xla/stream_executor/cuda/cuda_fft.cc:609] Unable to register cuFFT factory: Attempting to register factory for plugin cuFFT when one has already been registered
2025-03-14 05:59:51.091966: E tensorflow/compiler/xla/stream_executor/cuda/cuda_blas.cc:1518] Unable to register cuBLAS factory: Attempting to register factory for plugin cuBLAS when one has already been registered
2025-03-14 05:59:51.092161: E tensorflow/compiler/xla/stream_executor/cuda/cuda_dnn.cc:9342] Unable to register cuDNN factory: Attempting to register factory for plugin cuDNN when one has already been registered
2025-03-14 05:59:51.092181: E tensorflow/compiler/xla/stream_executor/cuda/cuda_fft.cc:609] Unable to register cuFFT factory: Attempting to register factory for plugin cuFFT when one has already been registered
2025-03-14 05:59:51.092210: E tensorflow/compiler/xla/stream_executor/cuda/cuda_blas.cc:1518] Unable to register cuBLAS factory: Attempting to register factory for plugin cuBLAS when one has already been registered
2025-03-14 05:59:51.092162: E tensorflow/compiler/xla/stream_executor/cuda/cuda_dnn.cc:9342] Unable to register cuDNN factory: Attempting to register factory for plugin cuDNN when one has already been registered
2025-03-14 05:59:51.092183: E tensorflow/compiler/xla/stream_executor/cuda/cuda_fft.cc:609] Unable to register cuFFT factory: Attempting to register factory for plugin cuFFT when one has already been registered
2025-03-14 05:59:51.092207: E tensorflow/compiler/xla/stream_executor/cuda/cuda_blas.cc:1518] Unable to register cuBLAS factory: Attempting to register factory for plugin cuBLAS when one has already been registered
2025-03-14 05:59:51.092582: E tensorflow/compiler/xla/stream_executor/cuda/cuda_dnn.cc:9342] Unable to register cuDNN factory: Attempting to register factory for plugin cuDNN when one has already been registered
2025-03-14 05:59:51.092599: E tensorflow/compiler/xla/stream_executor/cuda/cuda_fft.cc:609] Unable to register cuFFT factory: Attempting to register factory for plugin cuFFT when one has already been registered
2025-03-14 05:59:51.092620: E tensorflow/compiler/xla/stream_executor/cuda/cuda_blas.cc:1518] Unable to register cuBLAS factory: Attempting to register factory for plugin cuBLAS when one has already been registered
2025-03-14 05:59:51.093077: I tensorflow/tsl/cuda/cudart_stub.cc:28] Could not find cuda drivers on your machine, GPU will not be used.
DeePMD-kit: Cannot find libcudart.so.11.0
implib-gen: libcudart.so.11.0: failed to load library 'libcudart.so.11.0' via callback 'DP_cudart_dlopen'
implib-gen: libcudart.so.11.0: failed to resolve symbol '__cudaRegisterFatBinary', library failed to load
implib-gen: libcudart.so.11.0: failed to load library 'libcudart.so.11.0' via callback 'DP_cudart_dlopen'
implib-gen: libcudart.so.11.0: failed to resolve symbol '__cudaRegisterFunction', library failed to load
implib-gen: libcudart.so.11.0: failed to load library 'libcudart.so.11.0' via callback 'DP_cudart_dlopen'
implib-gen: libcudart.so.11.0: failed to resolve symbol '__cudaRegisterFatBinaryEnd', library failed to load
DeePMD-kit: Cannot find libcudart.so.11.0
implib-gen: libcudart.so.11.0: failed to load library 'libcudart.so.11.0' via callback 'DP_cudart_dlopen'
implib-gen: libcudart.so.11.0: failed to resolve symbol '__cudaRegisterFatBinary', library failed to load
implib-gen: libcudart.so.11.0: failed to load library 'libcudart.so.11.0' via callback 'DP_cudart_dlopen'
implib-gen: libcudart.so.11.0: failed to resolve symbol '__cudaRegisterFunction', library failed to load
implib-gen: libcudart.so.11.0: failed to load library 'libcudart.so.11.0' via callback 'DP_cudart_dlopen'
implib-gen: libcudart.so.11.0: failed to resolve symbol '__cudaRegisterFatBinaryEnd', library failed to load
DeePMD-kit: Cannot find libcudart.so.11.0
implib-gen: libcudart.so.11.0: failed to load library 'libcudart.so.11.0' via callback 'DP_cudart_dlopen'
implib-gen: libcudart.so.11.0: failed to resolve symbol '__cudaRegisterFatBinary', library failed to load
implib-gen: libcudart.so.11.0: failed to load library 'libcudart.so.11.0' via callback 'DP_cudart_dlopen'
implib-gen: libcudart.so.11.0: failed to resolve symbol '__cudaRegisterFunction', library failed to load
implib-gen: libcudart.so.11.0: failed to load library 'libcudart.so.11.0' via callback 'DP_cudart_dlopen'
implib-gen: libcudart.so.11.0: failed to resolve symbol '__cudaRegisterFatBinaryEnd', library failed to load
DeePMD-kit: Cannot find libcudart.so.11.0
implib-gen: libcudart.so.11.0: failed to load library 'libcudart.so.11.0' via callback 'DP_cudart_dlopen'
implib-gen: libcudart.so.11.0: failed to resolve symbol '__cudaRegisterFatBinary', library failed to load
implib-gen: libcudart.so.11.0: failed to load library 'libcudart.so.11.0' via callback 'DP_cudart_dlopen'
implib-gen: libcudart.so.11.0: failed to resolve symbol '__cudaRegisterFunction', library failed to load
implib-gen: libcudart.so.11.0: failed to load library 'libcudart.so.11.0' via callback 'DP_cudart_dlopen'
implib-gen: libcudart.so.11.0: failed to resolve symbol '__cudaRegisterFatBinaryEnd', library failed to load
DeePMD-kit: Cannot find libcudart.so.11.0
implib-gen: libcudart.so.11.0: failed to load library 'libcudart.so.11.0' via callback 'DP_cudart_dlopen'
implib-gen: libcudart.so.11.0: failed to resolve symbol '__cudaRegisterFatBinary', library failed to load
implib-gen: libcudart.so.11.0: failed to load library 'libcudart.so.11.0' via callback 'DP_cudart_dlopen'
implib-gen: libcudart.so.11.0: failed to resolve symbol '__cudaRegisterFunction', library failed to load
implib-gen: libcudart.so.11.0: failed to load library 'libcudart.so.11.0' via callback 'DP_cudart_dlopen'
implib-gen: libcudart.so.11.0: failed to resolve symbol '__cudaRegisterFatBinaryEnd', library failed to load
DeePMD-kit: Cannot find libcudart.so.11.0
implib-gen: libcudart.so.11.0: failed to load library 'libcudart.so.11.0' via callback 'DP_cudart_dlopen'
implib-gen: libcudart.so.11.0: failed to resolve symbol '__cudaRegisterFatBinary', library failed to load
implib-gen: libcudart.so.11.0: failed to load library 'libcudart.so.11.0' via callback 'DP_cudart_dlopen'
implib-gen: libcudart.so.11.0: failed to resolve symbol '__cudaRegisterFunction', library failed to load
implib-gen: libcudart.so.11.0: failed to load library 'libcudart.so.11.0' via callback 'DP_cudart_dlopen'
implib-gen: libcudart.so.11.0: failed to resolve symbol '__cudaRegisterFatBinaryEnd', library failed to load
DeePMD-kit: Cannot find libcudart.so.11.0
implib-gen: libcudart.so.11.0: failed to load library 'libcudart.so.11.0' via callback 'DP_cudart_dlopen'
implib-gen: libcudart.so.11.0: failed to resolve symbol '__cudaRegisterFatBinary', library failed to load
implib-gen: libcudart.so.11.0: failed to load library 'libcudart.so.11.0' via callback 'DP_cudart_dlopen'
implib-gen: libcudart.so.11.0: failed to resolve symbol '__cudaRegisterFunction', library failed to load
implib-gen: libcudart.so.11.0: failed to load library 'libcudart.so.11.0' via callback 'DP_cudart_dlopen'
implib-gen: libcudart.so.11.0: failed to resolve symbol '__cudaRegisterFatBinaryEnd', library failed to load
DeePMD-kit: Cannot find libcudart.so.11.0
implib-gen: libcudart.so.11.0: failed to load library 'libcudart.so.11.0' via callback 'DP_cudart_dlopen'
implib-gen: libcudart.so.11.0: failed to resolve symbol '__cudaRegisterFatBinary', library failed to load
implib-gen: libcudart.so.11.0: failed to load library 'libcudart.so.11.0' via callback 'DP_cudart_dlopen'
implib-gen: libcudart.so.11.0: failed to resolve symbol '__cudaRegisterFunction', library failed to load
implib-gen: libcudart.so.11.0: failed to load library 'libcudart.so.11.0' via callback 'DP_cudart_dlopen'
implib-gen: libcudart.so.11.0: failed to resolve symbol '__cudaRegisterFatBinaryEnd', library failed to load
DeePMD-kit: Cannot find libcudart.so.11.0
implib-gen: libcudart.so.11.0: failed to load library 'libcudart.so.11.0' via callback 'DP_cudart_dlopen'
implib-gen: libcudart.so.11.0: failed to resolve symbol '__cudaRegisterFatBinary', library failed to load
implib-gen: libcudart.so.11.0: failed to load library 'libcudart.so.11.0' via callback 'DP_cudart_dlopen'
implib-gen: libcudart.so.11.0: failed to resolve symbol '__cudaRegisterFunction', library failed to load
implib-gen: libcudart.so.11.0: failed to load library 'libcudart.so.11.0' via callback 'DP_cudart_dlopen'
implib-gen: libcudart.so.11.0: failed to resolve symbol '__cudaRegisterFatBinaryEnd', library failed to load
DeePMD-kit: Cannot find libcudart.so.11.0
implib-gen: libcudart.so.11.0: failed to load library 'libcudart.so.11.0' via callback 'DP_cudart_dlopen'
implib-gen: libcudart.so.11.0: failed to resolve symbol '__cudaRegisterFatBinary', library failed to load
implib-gen: libcudart.so.11.0: failed to load library 'libcudart.so.11.0' via callback 'DP_cudart_dlopen'
implib-gen: libcudart.so.11.0: failed to resolve symbol '__cudaRegisterFunction', library failed to load
implib-gen: libcudart.so.11.0: failed to load library 'libcudart.so.11.0' via callback 'DP_cudart_dlopen'
implib-gen: libcudart.so.11.0: failed to resolve symbol '__cudaRegisterFatBinaryEnd', library failed to load
2025-03-14 05:59:51.094408: E tensorflow/compiler/xla/stream_executor/cuda/cuda_dnn.cc:9342] Unable to register cuDNN factory: Attempting to register factory for plugin cuDNN when one has already been registered
2025-03-14 05:59:51.094435: E tensorflow/compiler/xla/stream_executor/cuda/cuda_fft.cc:609] Unable to register cuFFT factory: Attempting to register factory for plugin cuFFT when one has already been registered
2025-03-14 05:59:51.094455: E tensorflow/compiler/xla/stream_executor/cuda/cuda_blas.cc:1518] Unable to register cuBLAS factory: Attempting to register factory for plugin cuBLAS when one has already been registered
2025-03-14 05:59:51.094978: E tensorflow/compiler/xla/stream_executor/cuda/cuda_dnn.cc:9342] Unable to register cuDNN factory: Attempting to register factory for plugin cuDNN when one has already been registered
2025-03-14 05:59:51.094999: E tensorflow/compiler/xla/stream_executor/cuda/cuda_fft.cc:609] Unable to register cuFFT factory: Attempting to register factory for plugin cuFFT when one has already been registered
2025-03-14 05:59:51.095025: E tensorflow/compiler/xla/stream_executor/cuda/cuda_blas.cc:1518] Unable to register cuBLAS factory: Attempting to register factory for plugin cuBLAS when one has already been registered
2025-03-14 05:59:51.094978: E tensorflow/compiler/xla/stream_executor/cuda/cuda_dnn.cc:9342] Unable to register cuDNN factory: Attempting to register factory for plugin cuDNN when one has already been registered
2025-03-14 05:59:51.095000: E tensorflow/compiler/xla/stream_executor/cuda/cuda_fft.cc:609] Unable to register cuFFT factory: Attempting to register factory for plugin cuFFT when one has already been registered
2025-03-14 05:59:51.095021: E tensorflow/compiler/xla/stream_executor/cuda/cuda_blas.cc:1518] Unable to register cuBLAS factory: Attempting to register factory for plugin cuBLAS when one has already been registered
DeePMD-kit: Cannot find libcudart.so.11.0
implib-gen: libcudart.so.11.0: failed to load library 'libcudart.so.11.0' via callback 'DP_cudart_dlopen'
implib-gen: libcudart.so.11.0: failed to resolve symbol '__cudaRegisterFatBinary', library failed to load
implib-gen: libcudart.so.11.0: failed to load library 'libcudart.so.11.0' via callback 'DP_cudart_dlopen'
implib-gen: libcudart.so.11.0: failed to resolve symbol '__cudaRegisterFunction', library failed to load
implib-gen: libcudart.so.11.0: failed to load library 'libcudart.so.11.0' via callback 'DP_cudart_dlopen'
DeePMD-kit: Cannot find libcudart.so.11.0
implib-gen: libcudart.so.11.0: failed to load library 'libcudart.so.11.0' via callback 'DP_cudart_dlopen'
implib-gen: libcudart.so.11.0: failed to resolve symbol '__cudaRegisterFatBinary', library failed to load
implib-gen: libcudart.so.11.0: failed to load library 'libcudart.so.11.0' via callback 'DP_cudart_dlopen'
implib-gen: libcudart.so.11.0: failed to resolve symbol '__cudaRegisterFunction', library failed to load
implib-gen: libcudart.so.11.0: failed to load library 'libcudart.so.11.0' via callback 'DP_cudart_dlopen'
implib-gen: libcudart.so.11.0: failed to resolve symbol '__cudaRegisterFatBinaryEnd', library failed to load
implib-gen: libcudart.so.11.0: failed to resolve symbol '__cudaRegisterFatBinaryEnd', library failed to load
DeePMD-kit: Cannot find libcudart.so.11.0
implib-gen: libcudart.so.11.0: failed to load library 'libcudart.so.11.0' via callback 'DP_cudart_dlopen'
implib-gen: libcudart.so.11.0: failed to resolve symbol '__cudaRegisterFatBinary', library failed to load
implib-gen: libcudart.so.11.0: failed to load library 'libcudart.so.11.0' via callback 'DP_cudart_dlopen'
implib-gen: libcudart.so.11.0: failed to resolve symbol '__cudaRegisterFunction', library failed to load
implib-gen: libcudart.so.11.0: failed to load library 'libcudart.so.11.0' via callback 'DP_cudart_dlopen'
implib-gen: libcudart.so.11.0: failed to resolve symbol '__cudaRegisterFatBinaryEnd', library failed to load
2025-03-14 05:59:51.095138: E tensorflow/compiler/xla/stream_executor/cuda/cuda_dnn.cc:9342] Unable to register cuDNN factory: Attempting to register factory for plugin cuDNN when one has already been registered
2025-03-14 05:59:51.095161: E tensorflow/compiler/xla/stream_executor/cuda/cuda_fft.cc:609] Unable to register cuFFT factory: Attempting to register factory for plugin cuFFT when one has already been registered
2025-03-14 05:59:51.095142: E tensorflow/compiler/xla/stream_executor/cuda/cuda_dnn.cc:9342] Unable to register cuDNN factory: Attempting to register factory for plugin cuDNN when one has already been registered
2025-03-14 05:59:51.095160: E tensorflow/compiler/xla/stream_executor/cuda/cuda_fft.cc:609] Unable to register cuFFT factory: Attempting to register factory for plugin cuFFT when one has already been registered
2025-03-14 05:59:51.095196: E tensorflow/compiler/xla/stream_executor/cuda/cuda_blas.cc:1518] Unable to register cuBLAS factory: Attempting to register factory for plugin cuBLAS when one has already been registered
2025-03-14 05:59:51.095196: E tensorflow/compiler/xla/stream_executor/cuda/cuda_blas.cc:1518] Unable to register cuBLAS factory: Attempting to register factory for plugin cuBLAS when one has already been registered
2025-03-14 05:59:51.095273: E tensorflow/compiler/xla/stream_executor/cuda/cuda_dnn.cc:9342] Unable to register cuDNN factory: Attempting to register factory for plugin cuDNN when one has already been registered
2025-03-14 05:59:51.095292: E tensorflow/compiler/xla/stream_executor/cuda/cuda_fft.cc:609] Unable to register cuFFT factory: Attempting to register factory for plugin cuFFT when one has already been registered
2025-03-14 05:59:51.095317: E tensorflow/compiler/xla/stream_executor/cuda/cuda_blas.cc:1518] Unable to register cuBLAS factory: Attempting to register factory for plugin cuBLAS when one has already been registered
2025-03-14 05:59:51.095233: E tensorflow/compiler/xla/stream_executor/cuda/cuda_dnn.cc:9342] Unable to register cuDNN factory: Attempting to register factory for plugin cuDNN when one has already been registered
2025-03-14 05:59:51.095256: E tensorflow/compiler/xla/stream_executor/cuda/cuda_fft.cc:609] Unable to register cuFFT factory: Attempting to register factory for plugin cuFFT when one has already been registered
2025-03-14 05:59:51.095232: E tensorflow/compiler/xla/stream_executor/cuda/cuda_dnn.cc:9342] Unable to register cuDNN factory: Attempting to register factory for plugin cuDNN when one has already been registered
2025-03-14 05:59:51.095253: E tensorflow/compiler/xla/stream_executor/cuda/cuda_fft.cc:609] Unable to register cuFFT factory: Attempting to register factory for plugin cuFFT when one has already been registered
2025-03-14 05:59:51.095277: E tensorflow/compiler/xla/stream_executor/cuda/cuda_blas.cc:1518] Unable to register cuBLAS factory: Attempting to register factory for plugin cuBLAS when one has already been registered
2025-03-14 05:59:51.095277: E tensorflow/compiler/xla/stream_executor/cuda/cuda_blas.cc:1518] Unable to register cuBLAS factory: Attempting to register factory for plugin cuBLAS when one has already been registered
2025-03-14 05:59:51.095764: I tensorflow/tsl/cuda/cudart_stub.cc:28] Could not find cuda drivers on your machine, GPU will not be used.
2025-03-14 05:59:51.095760: I tensorflow/tsl/cuda/cudart_stub.cc:28] Could not find cuda drivers on your machine, GPU will not be used.
2025-03-14 05:59:51.096643: E tensorflow/compiler/xla/stream_executor/cuda/cuda_dnn.cc:9342] Unable to register cuDNN factory: Attempting to register factory for plugin cuDNN when one has already been registered
2025-03-14 05:59:51.096661: E tensorflow/compiler/xla/stream_executor/cuda/cuda_fft.cc:609] Unable to register cuFFT factory: Attempting to register factory for plugin cuFFT when one has already been registered
2025-03-14 05:59:51.096694: E tensorflow/compiler/xla/stream_executor/cuda/cuda_blas.cc:1518] Unable to register cuBLAS factory: Attempting to register factory for plugin cuBLAS when one has already been registered
2025-03-14 05:59:51.096700: E tensorflow/compiler/xla/stream_executor/cuda/cuda_dnn.cc:9342] Unable to register cuDNN factory: Attempting to register factory for plugin cuDNN when one has already been registered
2025-03-14 05:59:51.096718: E tensorflow/compiler/xla/stream_executor/cuda/cuda_fft.cc:609] Unable to register cuFFT factory: Attempting to register factory for plugin cuFFT when one has already been registered
2025-03-14 05:59:51.096743: E tensorflow/compiler/xla/stream_executor/cuda/cuda_blas.cc:1518] Unable to register cuBLAS factory: Attempting to register factory for plugin cuBLAS when one has already been registered
2025-03-14 05:59:51.096641: E tensorflow/compiler/xla/stream_executor/cuda/cuda_dnn.cc:9342] Unable to register cuDNN factory: Attempting to register factory for plugin cuDNN when one has already been registered
2025-03-14 05:59:51.096661: E tensorflow/compiler/xla/stream_executor/cuda/cuda_fft.cc:609] Unable to register cuFFT factory: Attempting to register factory for plugin cuFFT when one has already been registered
2025-03-14 05:59:51.096692: E tensorflow/compiler/xla/stream_executor/cuda/cuda_blas.cc:1518] Unable to register cuBLAS factory: Attempting to register factory for plugin cuBLAS when one has already been registered
2025-03-14 05:59:51.096927: E tensorflow/compiler/xla/stream_executor/cuda/cuda_dnn.cc:9342] Unable to register cuDNN factory: Attempting to register factory for plugin cuDNN when one has already been registered
2025-03-14 05:59:51.096946: E tensorflow/compiler/xla/stream_executor/cuda/cuda_fft.cc:609] Unable to register cuFFT factory: Attempting to register factory for plugin cuFFT when one has already been registered
2025-03-14 05:59:51.096964: E tensorflow/compiler/xla/stream_executor/cuda/cuda_blas.cc:1518] Unable to register cuBLAS factory: Attempting to register factory for plugin cuBLAS when one has already been registered
2025-03-14 05:59:51.097921: I tensorflow/tsl/cuda/cudart_stub.cc:28] Could not find cuda drivers on your machine, GPU will not be used.
2025-03-14 05:59:51.097950: E tensorflow/compiler/xla/stream_executor/cuda/cuda_dnn.cc:9342] Unable to register cuDNN factory: Attempting to register factory for plugin cuDNN when one has already been registered
2025-03-14 05:59:51.097976: E tensorflow/compiler/xla/stream_executor/cuda/cuda_fft.cc:609] Unable to register cuFFT factory: Attempting to register factory for plugin cuFFT when one has already been registered
2025-03-14 05:59:51.098000: E tensorflow/compiler/xla/stream_executor/cuda/cuda_blas.cc:1518] Unable to register cuBLAS factory: Attempting to register factory for plugin cuBLAS when one has already been registered
2025-03-14 05:59:51.098003: I tensorflow/tsl/cuda/cudart_stub.cc:28] Could not find cuda drivers on your machine, GPU will not be used.
2025-03-14 05:59:51.098006: I tensorflow/tsl/cuda/cudart_stub.cc:28] Could not find cuda drivers on your machine, GPU will not be used.
2025-03-14 05:59:51.098056: I tensorflow/tsl/cuda/cudart_stub.cc:28] Could not find cuda drivers on your machine, GPU will not be used.
2025-03-14 05:59:51.098050: I tensorflow/tsl/cuda/cudart_stub.cc:28] Could not find cuda drivers on your machine, GPU will not be used.
2025-03-14 05:59:51.098910: I tensorflow/tsl/cuda/cudart_stub.cc:28] Could not find cuda drivers on your machine, GPU will not be used.
2025-03-14 05:59:51.098912: I tensorflow/tsl/cuda/cudart_stub.cc:28] Could not find cuda drivers on your machine, GPU will not be used.
2025-03-14 05:59:51.099740: E tensorflow/compiler/xla/stream_executor/cuda/cuda_dnn.cc:9342] Unable to register cuDNN factory: Attempting to register factory for plugin cuDNN when one has already been registered
2025-03-14 05:59:51.099758: E tensorflow/compiler/xla/stream_executor/cuda/cuda_fft.cc:609] Unable to register cuFFT factory: Attempting to register factory for plugin cuFFT when one has already been registered
2025-03-14 05:59:51.099782: E tensorflow/compiler/xla/stream_executor/cuda/cuda_blas.cc:1518] Unable to register cuBLAS factory: Attempting to register factory for plugin cuBLAS when one has already been registered
2025-03-14 05:59:51.100038: E tensorflow/compiler/xla/stream_executor/cuda/cuda_dnn.cc:9342] Unable to register cuDNN factory: Attempting to register factory for plugin cuDNN when one has already been registered
2025-03-14 05:59:51.100056: E tensorflow/compiler/xla/stream_executor/cuda/cuda_fft.cc:609] Unable to register cuFFT factory: Attempting to register factory for plugin cuFFT when one has already been registered
2025-03-14 05:59:51.100077: E tensorflow/compiler/xla/stream_executor/cuda/cuda_blas.cc:1518] Unable to register cuBLAS factory: Attempting to register factory for plugin cuBLAS when one has already been registered
2025-03-14 05:59:51.100043: E tensorflow/compiler/xla/stream_executor/cuda/cuda_dnn.cc:9342] Unable to register cuDNN factory: Attempting to register factory for plugin cuDNN when one has already been registered
2025-03-14 05:59:51.100057: E tensorflow/compiler/xla/stream_executor/cuda/cuda_fft.cc:609] Unable to register cuFFT factory: Attempting to register factory for plugin cuFFT when one has already been registered
2025-03-14 05:59:51.100077: E tensorflow/compiler/xla/stream_executor/cuda/cuda_blas.cc:1518] Unable to register cuBLAS factory: Attempting to register factory for plugin cuBLAS when one has already been registered
DeePMD-kit: Cannot find libcudart.so.11.0
implib-gen: libcudart.so.11.0: failed to load library 'libcudart.so.11.0' via callback 'DP_cudart_dlopen'
implib-gen: libcudart.so.11.0: failed to resolve symbol '__cudaRegisterFatBinary', library failed to load
implib-gen: libcudart.so.11.0: failed to load library 'libcudart.so.11.0' via callback 'DP_cudart_dlopen'
implib-gen: libcudart.so.11.0: failed to resolve symbol '__cudaRegisterFunction', library failed to load
implib-gen: libcudart.so.11.0: failed to load library 'libcudart.so.11.0' via callback 'DP_cudart_dlopen'
implib-gen: libcudart.so.11.0: failed to resolve symbol '__cudaRegisterFatBinaryEnd', library failed to load
2025-03-14 05:59:51.100321: E tensorflow/compiler/xla/stream_executor/cuda/cuda_dnn.cc:9342] Unable to register cuDNN factory: Attempting to register factory for plugin cuDNN when one has already been registered
2025-03-14 05:59:51.100340: E tensorflow/compiler/xla/stream_executor/cuda/cuda_fft.cc:609] Unable to register cuFFT factory: Attempting to register factory for plugin cuFFT when one has already been registered
2025-03-14 05:59:51.100363: E tensorflow/compiler/xla/stream_executor/cuda/cuda_blas.cc:1518] Unable to register cuBLAS factory: Attempting to register factory for plugin cuBLAS when one has already been registered
DeePMD-kit: Cannot find libcudart.so.11.0
implib-gen: libcudart.so.11.0: failed to load library 'libcudart.so.11.0' via callback 'DP_cudart_dlopen'
implib-gen: libcudart.so.11.0: failed to resolve symbol '__cudaRegisterFatBinary', library failed to load
implib-gen: libcudart.so.11.0: failed to load library 'libcudart.so.11.0' via callback 'DP_cudart_dlopen'
implib-gen: libcudart.so.11.0: failed to resolve symbol '__cudaRegisterFunction', library failed to load
implib-gen: libcudart.so.11.0: failed to load library 'libcudart.so.11.0' via callback 'DP_cudart_dlopen'
implib-gen: libcudart.so.11.0: failed to resolve symbol '__cudaRegisterFatBinaryEnd', library failed to load
2025-03-14 05:59:51.100777: I tensorflow/tsl/cuda/cudart_stub.cc:28] Could not find cuda drivers on your machine, GPU will not be used.
2025-03-14 05:59:51.100782: I tensorflow/tsl/cuda/cudart_stub.cc:28] Could not find cuda drivers on your machine, GPU will not be used.
DeePMD-kit: Cannot find libcudart.so.11.0
implib-gen: libcudart.so.11.0: failed to load library 'libcudart.so.11.0' via callback 'DP_cudart_dlopen'
implib-gen: libcudart.so.11.0: failed to resolve symbol '__cudaRegisterFatBinary', library failed to load
implib-gen: libcudart.so.11.0: failed to load library 'libcudart.so.11.0' via callback 'DP_cudart_dlopen'
implib-gen: libcudart.so.11.0: failed to resolve symbol '__cudaRegisterFunction', library failed to load
implib-gen: libcudart.so.11.0: failed to load library 'libcudart.so.11.0' via callback 'DP_cudart_dlopen'
implib-gen: libcudart.so.11.0: failed to resolve symbol '__cudaRegisterFatBinaryEnd', library failed to load
DeePMD-kit: Cannot find libcudart.so.11.0
implib-gen: libcudart.so.11.0: failed to load library 'libcudart.so.11.0' via callback 'DP_cudart_dlopen'
implib-gen: libcudart.so.11.0: failed to resolve symbol '__cudaRegisterFatBinary', library failed to load
implib-gen: libcudart.so.11.0: failed to load library 'libcudart.so.11.0' via callback 'DP_cudart_dlopen'
implib-gen: libcudart.so.11.0: failed to resolve symbol '__cudaRegisterFunction', library failed to load
implib-gen: libcudart.so.11.0: failed to load library 'libcudart.so.11.0' via callback 'DP_cudart_dlopen'
implib-gen: libcudart.so.11.0: failed to resolve symbol '__cudaRegisterFatBinaryEnd', library failed to load
2025-03-14 05:59:51.101124: I tensorflow/tsl/cuda/cudart_stub.cc:28] Could not find cuda drivers on your machine, GPU will not be used.
2025-03-14 05:59:51.101118: I tensorflow/tsl/cuda/cudart_stub.cc:28] Could not find cuda drivers on your machine, GPU will not be used.
DeePMD-kit: Cannot find libcudart.so.11.0
implib-gen: libcudart.so.11.0: failed to load library 'libcudart.so.11.0' via callback 'DP_cudart_dlopen'
implib-gen: libcudart.so.11.0: failed to resolve symbol '__cudaRegisterFatBinary', library failed to load
implib-gen: libcudart.so.11.0: failed to load library 'libcudart.so.11.0' via callback 'DP_cudart_dlopen'
implib-gen: libcudart.so.11.0: failed to resolve symbol '__cudaRegisterFunction', library failed to load
implib-gen: libcudart.so.11.0: failed to load library 'libcudart.so.11.0' via callback 'DP_cudart_dlopen'
implib-gen: libcudart.so.11.0: failed to resolve symbol '__cudaRegisterFatBinaryEnd', library failed to load
DeePMD-kit: Cannot find libcudart.so.11.0
implib-gen: libcudart.so.11.0: failed to load library 'libcudart.so.11.0' via callback 'DP_cudart_dlopen'
implib-gen: libcudart.so.11.0: failed to resolve symbol '__cudaRegisterFatBinary', library failed to load
implib-gen: libcudart.so.11.0: failed to load library 'libcudart.so.11.0' via callback 'DP_cudart_dlopen'
implib-gen: libcudart.so.11.0: failed to resolve symbol '__cudaRegisterFunction', library failed to load
implib-gen: libcudart.so.11.0: failed to load library 'libcudart.so.11.0' via callback 'DP_cudart_dlopen'
implib-gen: libcudart.so.11.0: failed to resolve symbol '__cudaRegisterFatBinaryEnd', library failed to load
DeePMD-kit: Cannot find libcudart.so.11.0
implib-gen: libcudart.so.11.0: failed to load library 'libcudart.so.11.0' via callback 'DP_cudart_dlopen'
implib-gen: libcudart.so.11.0: failed to resolve symbol '__cudaRegisterFatBinary', library failed to load
implib-gen: libcudart.so.11.0: failed to load library 'libcudart.so.11.0' via callback 'DP_cudart_dlopen'
implib-gen: libcudart.so.11.0: failed to resolve symbol '__cudaRegisterFunction', library failed to load
implib-gen: libcudart.so.11.0: failed to load library 'libcudart.so.11.0' via callback 'DP_cudart_dlopen'
implib-gen: libcudart.so.11.0: failed to resolve symbol '__cudaRegisterFatBinaryEnd', library failed to load
DeePMD-kit: Cannot find libcudart.so.11.0
implib-gen: libcudart.so.11.0: failed to load library 'libcudart.so.11.0' via callback 'DP_cudart_dlopen'
implib-gen: libcudart.so.11.0: failed to resolve symbol '__cudaRegisterFatBinary', library failed to load
implib-gen: libcudart.so.11.0: failed to load library 'libcudart.so.11.0' via callback 'DP_cudart_dlopen'
implib-gen: libcudart.so.11.0: failed to resolve symbol '__cudaRegisterFunction', library failed to load
implib-gen: libcudart.so.11.0: failed to load library 'libcudart.so.11.0' via callback 'DP_cudart_dlopen'
implib-gen: libcudart.so.11.0: failed to resolve symbol '__cudaRegisterFatBinaryEnd', library failed to load
DeePMD-kit: Cannot find libcudart.so.11.0
implib-gen: libcudart.so.11.0: failed to load library 'libcudart.so.11.0' via callback 'DP_cudart_dlopen'
implib-gen: libcudart.so.11.0: failed to resolve symbol '__cudaRegisterFatBinary', library failed to load
implib-gen: libcudart.so.11.0: failed to load library 'libcudart.so.11.0' via callback 'DP_cudart_dlopen'
implib-gen: libcudart.so.11.0: failed to resolve symbol '__cudaRegisterFunction', library failed to load
implib-gen: libcudart.so.11.0: failed to load library 'libcudart.so.11.0' via callback 'DP_cudart_dlopen'
implib-gen: libcudart.so.11.0: failed to resolve symbol '__cudaRegisterFatBinaryEnd', library failed to load
DeePMD-kit: Cannot find libcudart.so.11.0
implib-gen: libcudart.so.11.0: failed to load library 'libcudart.so.11.0' via callback 'DP_cudart_dlopen'
implib-gen: libcudart.so.11.0: failed to resolve symbol '__cudaRegisterFatBinary', library failed to load
implib-gen: libcudart.so.11.0: failed to load library 'libcudart.so.11.0' via callback 'DP_cudart_dlopen'
implib-gen: libcudart.so.11.0: failed to resolve symbol '__cudaRegisterFunction', library failed to load
implib-gen: libcudart.so.11.0: failed to load library 'libcudart.so.11.0' via callback 'DP_cudart_dlopen'
implib-gen: libcudart.so.11.0: failed to resolve symbol '__cudaRegisterFatBinaryEnd', library failed to load
DeePMD-kit: Cannot find libcudart.so.11.0
DeePMD-kit: Cannot find libcudart.so.11.0
implib-gen: libcudart.so.11.0: failed to load library 'libcudart.so.11.0' via callback 'DP_cudart_dlopen'
implib-gen: libcudart.so.11.0: failed to resolve symbol '__cudaRegisterFatBinary', library failed to load
implib-gen: libcudart.so.11.0: failed to load library 'libcudart.so.11.0' via callback 'DP_cudart_dlopen'
implib-gen: libcudart.so.11.0: failed to resolve symbol '__cudaRegisterFatBinary', library failed to load
implib-gen: libcudart.so.11.0: failed to load library 'libcudart.so.11.0' via callback 'DP_cudart_dlopen'
implib-gen: libcudart.so.11.0: failed to resolve symbol '__cudaRegisterFunction', library failed to load
implib-gen: libcudart.so.11.0: failed to load library 'libcudart.so.11.0' via callback 'DP_cudart_dlopen'
implib-gen: libcudart.so.11.0: failed to resolve symbol '__cudaRegisterFatBinaryEnd', library failed to load
implib-gen: libcudart.so.11.0: failed to load library 'libcudart.so.11.0' via callback 'DP_cudart_dlopen'
implib-gen: libcudart.so.11.0: failed to resolve symbol '__cudaRegisterFunction', library failed to load
implib-gen: libcudart.so.11.0: failed to load library 'libcudart.so.11.0' via callback 'DP_cudart_dlopen'
implib-gen: libcudart.so.11.0: failed to resolve symbol '__cudaRegisterFatBinaryEnd', library failed to load
DeePMD-kit: Cannot find libcudart.so.11.0
implib-gen: libcudart.so.11.0: failed to load library 'libcudart.so.11.0' via callback 'DP_cudart_dlopen'
implib-gen: libcudart.so.11.0: failed to resolve symbol '__cudaRegisterFatBinary', library failed to load
implib-gen: libcudart.so.11.0: failed to load library 'libcudart.so.11.0' via callback 'DP_cudart_dlopen'
implib-gen: libcudart.so.11.0: failed to resolve symbol '__cudaRegisterFunction', library failed to load
implib-gen: libcudart.so.11.0: failed to load library 'libcudart.so.11.0' via callback 'DP_cudart_dlopen'
implib-gen: libcudart.so.11.0: failed to resolve symbol '__cudaRegisterFatBinaryEnd', library failed to load
DeePMD-kit: Cannot find libcudart.so.11.0
implib-gen: libcudart.so.11.0: failed to load library 'libcudart.so.11.0' via callback 'DP_cudart_dlopen'
implib-gen: libcudart.so.11.0: failed to resolve symbol '__cudaRegisterFatBinary', library failed to load
implib-gen: libcudart.so.11.0: failed to load library 'libcudart.so.11.0' via callback 'DP_cudart_dlopen'
implib-gen: libcudart.so.11.0: failed to resolve symbol '__cudaRegisterFunction', library failed to load
implib-gen: libcudart.so.11.0: failed to load library 'libcudart.so.11.0' via callback 'DP_cudart_dlopen'
implib-gen: libcudart.so.11.0: failed to resolve symbol '__cudaRegisterFatBinaryEnd', library failed to load
DeePMD-kit: Cannot find libcudart.so.11.0
implib-gen: libcudart.so.11.0: failed to load library 'libcudart.so.11.0' via callback 'DP_cudart_dlopen'
implib-gen: libcudart.so.11.0: failed to resolve symbol '__cudaRegisterFatBinary', library failed to load
implib-gen: libcudart.so.11.0: failed to load library 'libcudart.so.11.0' via callback 'DP_cudart_dlopen'
implib-gen: libcudart.so.11.0: failed to resolve symbol '__cudaRegisterFunction', library failed to load
implib-gen: libcudart.so.11.0: failed to load library 'libcudart.so.11.0' via callback 'DP_cudart_dlopen'
implib-gen: libcudart.so.11.0: failed to resolve symbol '__cudaRegisterFatBinaryEnd', library failed to load
DeePMD-kit: Cannot find libcudart.so.11.0
implib-gen: libcudart.so.11.0: failed to load library 'libcudart.so.11.0' via callback 'DP_cudart_dlopen'
implib-gen: libcudart.so.11.0: failed to resolve symbol '__cudaRegisterFatBinary', library failed to load
implib-gen: libcudart.so.11.0: failed to load library 'libcudart.so.11.0' via callback 'DP_cudart_dlopen'
implib-gen: libcudart.so.11.0: failed to resolve symbol '__cudaRegisterFunction', library failed to load
implib-gen: libcudart.so.11.0: failed to load library 'libcudart.so.11.0' via callback 'DP_cudart_dlopen'
implib-gen: libcudart.so.11.0: failed to resolve symbol '__cudaRegisterFatBinaryEnd', library failed to load
DeePMD-kit: Cannot find libcudart.so.11.0
implib-gen: libcudart.so.11.0: failed to load library 'libcudart.so.11.0' via callback 'DP_cudart_dlopen'
implib-gen: libcudart.so.11.0: failed to resolve symbol '__cudaRegisterFatBinary', library failed to load
implib-gen: libcudart.so.11.0: failed to load library 'libcudart.so.11.0' via callback 'DP_cudart_dlopen'
implib-gen: libcudart.so.11.0: failed to resolve symbol '__cudaRegisterFunction', library failed to load
implib-gen: libcudart.so.11.0: failed to load library 'libcudart.so.11.0' via callback 'DP_cudart_dlopen'
implib-gen: libcudart.so.11.0: failed to resolve symbol '__cudaRegisterFatBinaryEnd', library failed to load
DeePMD-kit: Cannot find libcudart.so.11.0
implib-gen: libcudart.so.11.0: failed to load library 'libcudart.so.11.0' via callback 'DP_cudart_dlopen'
implib-gen: libcudart.so.11.0: failed to resolve symbol '__cudaRegisterFatBinary', library failed to load
implib-gen: libcudart.so.11.0: failed to load library 'libcudart.so.11.0' via callback 'DP_cudart_dlopen'
implib-gen: libcudart.so.11.0: failed to resolve symbol '__cudaRegisterFunction', library failed to load
implib-gen: libcudart.so.11.0: failed to load library 'libcudart.so.11.0' via callback 'DP_cudart_dlopen'
implib-gen: libcudart.so.11.0: failed to resolve symbol '__cudaRegisterFatBinaryEnd', library failed to load
DeePMD-kit: Cannot find libcudart.so.11.0
implib-gen: libcudart.so.11.0: failed to load library 'libcudart.so.11.0' via callback 'DP_cudart_dlopen'
implib-gen: libcudart.so.11.0: failed to resolve symbol '__cudaRegisterFatBinary', library failed to load
implib-gen: libcudart.so.11.0: failed to load library 'libcudart.so.11.0' via callback 'DP_cudart_dlopen'
implib-gen: libcudart.so.11.0: failed to resolve symbol '__cudaRegisterFunction', library failed to load
implib-gen: libcudart.so.11.0: failed to load library 'libcudart.so.11.0' via callback 'DP_cudart_dlopen'
implib-gen: libcudart.so.11.0: failed to resolve symbol '__cudaRegisterFatBinaryEnd', library failed to load
DeePMD-kit: Cannot find libcudart.so.11.0
implib-gen: libcudart.so.11.0: failed to load library 'libcudart.so.11.0' via callback 'DP_cudart_dlopen'
implib-gen: libcudart.so.11.0: failed to resolve symbol '__cudaRegisterFatBinary', library failed to load
implib-gen: libcudart.so.11.0: failed to load library 'libcudart.so.11.0' via callback 'DP_cudart_dlopen'
implib-gen: libcudart.so.11.0: failed to resolve symbol '__cudaRegisterFunction', library failed to load
implib-gen: libcudart.so.11.0: failed to load library 'libcudart.so.11.0' via callback 'DP_cudart_dlopen'
implib-gen: libcudart.so.11.0: failed to resolve symbol '__cudaRegisterFatBinaryEnd', library failed to load
DeePMD-kit: Cannot find libcudart.so.11.0
implib-gen: libcudart.so.11.0: failed to load library 'libcudart.so.11.0' via callback 'DP_cudart_dlopen'
implib-gen: libcudart.so.11.0: failed to resolve symbol '__cudaRegisterFatBinary', library failed to load
implib-gen: libcudart.so.11.0: failed to load library 'libcudart.so.11.0' via callback 'DP_cudart_dlopen'
implib-gen: libcudart.so.11.0: failed to resolve symbol '__cudaRegisterFunction', library failed to load
implib-gen: libcudart.so.11.0: failed to load library 'libcudart.so.11.0' via callback 'DP_cudart_dlopen'
implib-gen: libcudart.so.11.0: failed to resolve symbol '__cudaRegisterFatBinaryEnd', library failed to load
2025-03-14 05:59:51.102654: E tensorflow/compiler/xla/stream_executor/cuda/cuda_dnn.cc:9342] Unable to register cuDNN factory: Attempting to register factory for plugin cuDNN when one has already been registered
2025-03-14 05:59:51.102672: E tensorflow/compiler/xla/stream_executor/cuda/cuda_fft.cc:609] Unable to register cuFFT factory: Attempting to register factory for plugin cuFFT when one has already been registered
2025-03-14 05:59:51.102695: E tensorflow/compiler/xla/stream_executor/cuda/cuda_blas.cc:1518] Unable to register cuBLAS factory: Attempting to register factory for plugin cuBLAS when one has already been registered
2025-03-14 05:59:51.102654: E tensorflow/compiler/xla/stream_executor/cuda/cuda_dnn.cc:9342] Unable to register cuDNN factory: Attempting to register factory for plugin cuDNN when one has already been registered
2025-03-14 05:59:51.102675: E tensorflow/compiler/xla/stream_executor/cuda/cuda_fft.cc:609] Unable to register cuFFT factory: Attempting to register factory for plugin cuFFT when one has already been registered
2025-03-14 05:59:51.102695: E tensorflow/compiler/xla/stream_executor/cuda/cuda_blas.cc:1518] Unable to register cuBLAS factory: Attempting to register factory for plugin cuBLAS when one has already been registered
2025-03-14 05:59:51.102882: E tensorflow/compiler/xla/stream_executor/cuda/cuda_dnn.cc:9342] Unable to register cuDNN factory: Attempting to register factory for plugin cuDNN when one has already been registered
2025-03-14 05:59:51.102902: E tensorflow/compiler/xla/stream_executor/cuda/cuda_fft.cc:609] Unable to register cuFFT factory: Attempting to register factory for plugin cuFFT when one has already been registered
2025-03-14 05:59:51.102925: E tensorflow/compiler/xla/stream_executor/cuda/cuda_blas.cc:1518] Unable to register cuBLAS factory: Attempting to register factory for plugin cuBLAS when one has already been registered
2025-03-14 05:59:51.102882: E tensorflow/compiler/xla/stream_executor/cuda/cuda_dnn.cc:9342] Unable to register cuDNN factory: Attempting to register factory for plugin cuDNN when one has already been registered
2025-03-14 05:59:51.102902: E tensorflow/compiler/xla/stream_executor/cuda/cuda_fft.cc:609] Unable to register cuFFT factory: Attempting to register factory for plugin cuFFT when one has already been registered
2025-03-14 05:59:51.102927: E tensorflow/compiler/xla/stream_executor/cuda/cuda_blas.cc:1518] Unable to register cuBLAS factory: Attempting to register factory for plugin cuBLAS when one has already been registered
2025-03-14 05:59:51.102883: E tensorflow/compiler/xla/stream_executor/cuda/cuda_dnn.cc:9342] Unable to register cuDNN factory: Attempting to register factory for plugin cuDNN when one has already been registered
2025-03-14 05:59:51.102902: E tensorflow/compiler/xla/stream_executor/cuda/cuda_fft.cc:609] Unable to register cuFFT factory: Attempting to register factory for plugin cuFFT when one has already been registered
2025-03-14 05:59:51.102926: E tensorflow/compiler/xla/stream_executor/cuda/cuda_blas.cc:1518] Unable to register cuBLAS factory: Attempting to register factory for plugin cuBLAS when one has already been registered
DeePMD-kit: Cannot find libcudart.so.11.0
implib-gen: libcudart.so.11.0: failed to load library 'libcudart.so.11.0' via callback 'DP_cudart_dlopen'
implib-gen: libcudart.so.11.0: failed to resolve symbol '__cudaRegisterFatBinary', library failed to load
implib-gen: libcudart.so.11.0: failed to load library 'libcudart.so.11.0' via callback 'DP_cudart_dlopen'
implib-gen: libcudart.so.11.0: failed to resolve symbol '__cudaRegisterFunction', library failed to load
implib-gen: libcudart.so.11.0: failed to load library 'libcudart.so.11.0' via callback 'DP_cudart_dlopen'
implib-gen: libcudart.so.11.0: failed to resolve symbol '__cudaRegisterFatBinaryEnd', library failed to load
DeePMD-kit: Cannot find libcudart.so.11.0
implib-gen: libcudart.so.11.0: failed to load library 'libcudart.so.11.0' via callback 'DP_cudart_dlopen'
implib-gen: libcudart.so.11.0: failed to resolve symbol '__cudaRegisterFatBinary', library failed to load
implib-gen: libcudart.so.11.0: failed to load library 'libcudart.so.11.0' via callback 'DP_cudart_dlopen'
implib-gen: libcudart.so.11.0: failed to resolve symbol '__cudaRegisterFunction', library failed to load
implib-gen: libcudart.so.11.0: failed to load library 'libcudart.so.11.0' via callback 'DP_cudart_dlopen'
implib-gen: libcudart.so.11.0: failed to resolve symbol '__cudaRegisterFatBinaryEnd', library failed to load
DeePMD-kit: Cannot find libcudart.so.11.0
implib-gen: libcudart.so.11.0: failed to load library 'libcudart.so.11.0' via callback 'DP_cudart_dlopen'
implib-gen: libcudart.so.11.0: failed to resolve symbol '__cudaRegisterFatBinary', library failed to load
implib-gen: libcudart.so.11.0: failed to load library 'libcudart.so.11.0' via callback 'DP_cudart_dlopen'
implib-gen: libcudart.so.11.0: failed to resolve symbol '__cudaRegisterFunction', library failed to load
implib-gen: libcudart.so.11.0: failed to load library 'libcudart.so.11.0' via callback 'DP_cudart_dlopen'
implib-gen: libcudart.so.11.0: failed to resolve symbol '__cudaRegisterFatBinaryEnd', library failed to load
2025-03-14 05:59:51.103929: E tensorflow/compiler/xla/stream_executor/cuda/cuda_dnn.cc:9342] Unable to register cuDNN factory: Attempting to register factory for plugin cuDNN when one has already been registered
2025-03-14 05:59:51.103944: E tensorflow/compiler/xla/stream_executor/cuda/cuda_fft.cc:609] Unable to register cuFFT factory: Attempting to register factory for plugin cuFFT when one has already been registered
2025-03-14 05:59:51.103977: E tensorflow/compiler/xla/stream_executor/cuda/cuda_blas.cc:1518] Unable to register cuBLAS factory: Attempting to register factory for plugin cuBLAS when one has already been registered
2025-03-14 05:59:51.103925: E tensorflow/compiler/xla/stream_executor/cuda/cuda_dnn.cc:9342] Unable to register cuDNN factory: Attempting to register factory for plugin cuDNN when one has already been registered
2025-03-14 05:59:51.103944: E tensorflow/compiler/xla/stream_executor/cuda/cuda_fft.cc:609] Unable to register cuFFT factory: Attempting to register factory for plugin cuFFT when one has already been registered
2025-03-14 05:59:51.103979: E tensorflow/compiler/xla/stream_executor/cuda/cuda_blas.cc:1518] Unable to register cuBLAS factory: Attempting to register factory for plugin cuBLAS when one has already been registered
DeePMD-kit: Cannot find libcudart.so.11.0
implib-gen: libcudart.so.11.0: failed to load library 'libcudart.so.11.0' via callback 'DP_cudart_dlopen'
implib-gen: libcudart.so.11.0: failed to resolve symbol '__cudaRegisterFatBinary', library failed to load
implib-gen: libcudart.so.11.0: failed to load library 'libcudart.so.11.0' via callback 'DP_cudart_dlopen'
implib-gen: libcudart.so.11.0: failed to resolve symbol '__cudaRegisterFunction', library failed to load
implib-gen: libcudart.so.11.0: failed to load library 'libcudart.so.11.0' via callback 'DP_cudart_dlopen'
implib-gen: libcudart.so.11.0: failed to resolve symbol '__cudaRegisterFatBinaryEnd', library failed to load
2025-03-14 05:59:51.103924: E tensorflow/compiler/xla/stream_executor/cuda/cuda_dnn.cc:9342] Unable to register cuDNN factory: Attempting to register factory for plugin cuDNN when one has already been registered
2025-03-14 05:59:51.103944: E tensorflow/compiler/xla/stream_executor/cuda/cuda_fft.cc:609] Unable to register cuFFT factory: Attempting to register factory for plugin cuFFT when one has already been registered
2025-03-14 05:59:51.103979: E tensorflow/compiler/xla/stream_executor/cuda/cuda_blas.cc:1518] Unable to register cuBLAS factory: Attempting to register factory for plugin cuBLAS when one has already been registered
2025-03-14 05:59:51.103929: E tensorflow/compiler/xla/stream_executor/cuda/cuda_dnn.cc:9342] Unable to register cuDNN factory: Attempting to register factory for plugin cuDNN when one has already been registered
2025-03-14 05:59:51.103944: E tensorflow/compiler/xla/stream_executor/cuda/cuda_fft.cc:609] Unable to register cuFFT factory: Attempting to register factory for plugin cuFFT when one has already been registered
2025-03-14 05:59:51.103977: E tensorflow/compiler/xla/stream_executor/cuda/cuda_blas.cc:1518] Unable to register cuBLAS factory: Attempting to register factory for plugin cuBLAS when one has already been registered
DeePMD-kit: Cannot find libcudart.so.11.0
implib-gen: libcudart.so.11.0: failed to load library 'libcudart.so.11.0' via callback 'DP_cudart_dlopen'
implib-gen: libcudart.so.11.0: failed to resolve symbol '__cudaRegisterFatBinary', library failed to load
implib-gen: libcudart.so.11.0: failed to load library 'libcudart.so.11.0' via callback 'DP_cudart_dlopen'
implib-gen: libcudart.so.11.0: failed to resolve symbol '__cudaRegisterFunction', library failed to load
implib-gen: libcudart.so.11.0: failed to load library 'libcudart.so.11.0' via callback 'DP_cudart_dlopen'
implib-gen: libcudart.so.11.0: failed to resolve symbol '__cudaRegisterFatBinaryEnd', library failed to load
DeePMD-kit: Cannot find libcudart.so.11.0
implib-gen: libcudart.so.11.0: failed to load library 'libcudart.so.11.0' via callback 'DP_cudart_dlopen'
implib-gen: libcudart.so.11.0: failed to resolve symbol '__cudaRegisterFatBinary', library failed to load
DeePMD-kit: Cannot find libcudart.so.11.0
implib-gen: libcudart.so.11.0: failed to load library 'libcudart.so.11.0' via callback 'DP_cudart_dlopen'
implib-gen: libcudart.so.11.0: failed to resolve symbol '__cudaRegisterFatBinary', library failed to load
implib-gen: libcudart.so.11.0: failed to load library 'libcudart.so.11.0' via callback 'DP_cudart_dlopen'
implib-gen: libcudart.so.11.0: failed to resolve symbol '__cudaRegisterFunction', library failed to load
implib-gen: libcudart.so.11.0: failed to load library 'libcudart.so.11.0' via callback 'DP_cudart_dlopen'
implib-gen: libcudart.so.11.0: failed to resolve symbol '__cudaRegisterFatBinaryEnd', library failed to load
implib-gen: libcudart.so.11.0: failed to load library 'libcudart.so.11.0' via callback 'DP_cudart_dlopen'
implib-gen: libcudart.so.11.0: failed to resolve symbol '__cudaRegisterFunction', library failed to load
implib-gen: libcudart.so.11.0: failed to load library 'libcudart.so.11.0' via callback 'DP_cudart_dlopen'
implib-gen: libcudart.so.11.0: failed to resolve symbol '__cudaRegisterFatBinaryEnd', library failed to load
DeePMD-kit: Cannot find libcudart.so.11.0
implib-gen: libcudart.so.11.0: failed to load library 'libcudart.so.11.0' via callback 'DP_cudart_dlopen'
implib-gen: libcudart.so.11.0: failed to resolve symbol '__cudaRegisterFatBinary', library failed to load
implib-gen: libcudart.so.11.0: failed to load library 'libcudart.so.11.0' via callback 'DP_cudart_dlopen'
implib-gen: libcudart.so.11.0: failed to resolve symbol '__cudaRegisterFunction', library failed to load
implib-gen: libcudart.so.11.0: failed to load library 'libcudart.so.11.0' via callback 'DP_cudart_dlopen'
implib-gen: libcudart.so.11.0: failed to resolve symbol '__cudaRegisterFatBinaryEnd', library failed to load
2025-03-14 05:59:51.104690: E tensorflow/compiler/xla/stream_executor/cuda/cuda_dnn.cc:9342] Unable to register cuDNN factory: Attempting to register factory for plugin cuDNN when one has already been registered
2025-03-14 05:59:51.104711: E tensorflow/compiler/xla/stream_executor/cuda/cuda_fft.cc:609] Unable to register cuFFT factory: Attempting to register factory for plugin cuFFT when one has already been registered
2025-03-14 05:59:51.104741: E tensorflow/compiler/xla/stream_executor/cuda/cuda_blas.cc:1518] Unable to register cuBLAS factory: Attempting to register factory for plugin cuBLAS when one has already been registered
2025-03-14 05:59:51.104854: I tensorflow/tsl/cuda/cudart_stub.cc:28] Could not find cuda drivers on your machine, GPU will not be used.
2025-03-14 05:59:51.104854: I tensorflow/tsl/cuda/cudart_stub.cc:28] Could not find cuda drivers on your machine, GPU will not be used.
2025-03-14 05:59:51.104918: I tensorflow/tsl/cuda/cudart_stub.cc:28] Could not find cuda drivers on your machine, GPU will not be used.
DeePMD-kit: Cannot find libcudart.so.11.0
implib-gen: libcudart.so.11.0: failed to load library 'libcudart.so.11.0' via callback 'DP_cudart_dlopen'
implib-gen: libcudart.so.11.0: failed to resolve symbol '__cudaRegisterFatBinary', library failed to load
implib-gen: libcudart.so.11.0: failed to load library 'libcudart.so.11.0' via callback 'DP_cudart_dlopen'
implib-gen: libcudart.so.11.0: failed to resolve symbol '__cudaRegisterFunction', library failed to load
implib-gen: libcudart.so.11.0: failed to load library 'libcudart.so.11.0' via callback 'DP_cudart_dlopen'
implib-gen: libcudart.so.11.0: failed to resolve symbol '__cudaRegisterFatBinaryEnd', library failed to load
2025-03-14 05:59:51.104911: I tensorflow/tsl/cuda/cudart_stub.cc:28] Could not find cuda drivers on your machine, GPU will not be used.
2025-03-14 05:59:51.105098: E tensorflow/compiler/xla/stream_executor/cuda/cuda_dnn.cc:9342] Unable to register cuDNN factory: Attempting to register factory for plugin cuDNN when one has already been registered
2025-03-14 05:59:51.105113: E tensorflow/compiler/xla/stream_executor/cuda/cuda_fft.cc:609] Unable to register cuFFT factory: Attempting to register factory for plugin cuFFT when one has already been registered
2025-03-14 05:59:51.105138: E tensorflow/compiler/xla/stream_executor/cuda/cuda_blas.cc:1518] Unable to register cuBLAS factory: Attempting to register factory for plugin cuBLAS when one has already been registered
DeePMD-kit: Cannot find libcudart.so.11.0
implib-gen: libcudart.so.11.0: failed to load library 'libcudart.so.11.0' via callback 'DP_cudart_dlopen'
implib-gen: libcudart.so.11.0: failed to resolve symbol '__cudaRegisterFatBinary', library failed to load
implib-gen: libcudart.so.11.0: failed to load library 'libcudart.so.11.0' via callback 'DP_cudart_dlopen'
implib-gen: libcudart.so.11.0: failed to resolve symbol '__cudaRegisterFunction', library failed to load
DeePMD-kit: Cannot find libcudart.so.11.0
implib-gen: libcudart.so.11.0: failed to load library 'libcudart.so.11.0' via callback 'DP_cudart_dlopen'
implib-gen: libcudart.so.11.0: failed to resolve symbol '__cudaRegisterFatBinary', library failed to load
implib-gen: libcudart.so.11.0: failed to load library 'libcudart.so.11.0' via callback 'DP_cudart_dlopen'
implib-gen: libcudart.so.11.0: failed to resolve symbol '__cudaRegisterFunction', library failed to load
implib-gen: libcudart.so.11.0: failed to load library 'libcudart.so.11.0' via callback 'DP_cudart_dlopen'
implib-gen: libcudart.so.11.0: failed to resolve symbol '__cudaRegisterFatBinaryEnd', library failed to load
implib-gen: libcudart.so.11.0: failed to load library 'libcudart.so.11.0' via callback 'DP_cudart_dlopen'
implib-gen: libcudart.so.11.0: failed to resolve symbol '__cudaRegisterFatBinaryEnd', library failed to load
2025-03-14 05:59:51.105094: E tensorflow/compiler/xla/stream_executor/cuda/cuda_dnn.cc:9342] Unable to register cuDNN factory: Attempting to register factory for plugin cuDNN when one has already been registered
2025-03-14 05:59:51.105113: E tensorflow/compiler/xla/stream_executor/cuda/cuda_fft.cc:609] Unable to register cuFFT factory: Attempting to register factory for plugin cuFFT when one has already been registered
2025-03-14 05:59:51.105138: E tensorflow/compiler/xla/stream_executor/cuda/cuda_blas.cc:1518] Unable to register cuBLAS factory: Attempting to register factory for plugin cuBLAS when one has already been registered
DeePMD-kit: Cannot find libcudart.so.11.0
implib-gen: libcudart.so.11.0: failed to load library 'libcudart.so.11.0' via callback 'DP_cudart_dlopen'
implib-gen: libcudart.so.11.0: failed to resolve symbol '__cudaRegisterFatBinary', library failed to load
implib-gen: libcudart.so.11.0: failed to load library 'libcudart.so.11.0' via callback 'DP_cudart_dlopen'
implib-gen: libcudart.so.11.0: failed to resolve symbol '__cudaRegisterFunction', library failed to load
implib-gen: libcudart.so.11.0: failed to load library 'libcudart.so.11.0' via callback 'DP_cudart_dlopen'
implib-gen: libcudart.so.11.0: failed to resolve symbol '__cudaRegisterFatBinaryEnd', library failed to load
2025-03-14 05:59:51.106144: I tensorflow/tsl/cuda/cudart_stub.cc:28] Could not find cuda drivers on your machine, GPU will not be used.
2025-03-14 05:59:51.106142: I tensorflow/tsl/cuda/cudart_stub.cc:28] Could not find cuda drivers on your machine, GPU will not be used.
2025-03-14 05:59:51.106150: I tensorflow/tsl/cuda/cudart_stub.cc:28] Could not find cuda drivers on your machine, GPU will not be used.
2025-03-14 05:59:51.106148: I tensorflow/tsl/cuda/cudart_stub.cc:28] Could not find cuda drivers on your machine, GPU will not be used.
DeePMD-kit: Cannot find libcudart.so.11.0
implib-gen: libcudart.so.11.0: failed to load library 'libcudart.so.11.0' via callback 'DP_cudart_dlopen'
implib-gen: libcudart.so.11.0: failed to resolve symbol '__cudaRegisterFatBinary', library failed to load
implib-gen: libcudart.so.11.0: failed to load library 'libcudart.so.11.0' via callback 'DP_cudart_dlopen'
implib-gen: libcudart.so.11.0: failed to resolve symbol '__cudaRegisterFunction', library failed to load
implib-gen: libcudart.so.11.0: failed to load library 'libcudart.so.11.0' via callback 'DP_cudart_dlopen'
implib-gen: libcudart.so.11.0: failed to resolve symbol '__cudaRegisterFatBinaryEnd', library failed to load
2025-03-14 05:59:51.106552: E tensorflow/compiler/xla/stream_executor/cuda/cuda_dnn.cc:9342] Unable to register cuDNN factory: Attempting to register factory for plugin cuDNN when one has already been registered
2025-03-14 05:59:51.106571: E tensorflow/compiler/xla/stream_executor/cuda/cuda_fft.cc:609] Unable to register cuFFT factory: Attempting to register factory for plugin cuFFT when one has already been registered
2025-03-14 05:59:51.106596: E tensorflow/compiler/xla/stream_executor/cuda/cuda_blas.cc:1518] Unable to register cuBLAS factory: Attempting to register factory for plugin cuBLAS when one has already been registered
2025-03-14 05:59:51.107922: E tensorflow/compiler/xla/stream_executor/cuda/cuda_dnn.cc:9342] Unable to register cuDNN factory: Attempting to register factory for plugin cuDNN when one has already been registered
2025-03-14 05:59:51.107941: E tensorflow/compiler/xla/stream_executor/cuda/cuda_fft.cc:609] Unable to register cuFFT factory: Attempting to register factory for plugin cuFFT when one has already been registered
2025-03-14 05:59:51.107966: E tensorflow/compiler/xla/stream_executor/cuda/cuda_blas.cc:1518] Unable to register cuBLAS factory: Attempting to register factory for plugin cuBLAS when one has already been registered
DeePMD-kit: Cannot find libcudart.so.11.0
implib-gen: libcudart.so.11.0: failed to load library 'libcudart.so.11.0' via callback 'DP_cudart_dlopen'
implib-gen: libcudart.so.11.0: failed to resolve symbol '__cudaRegisterFatBinary', library failed to load
implib-gen: libcudart.so.11.0: failed to load library 'libcudart.so.11.0' via callback 'DP_cudart_dlopen'
implib-gen: libcudart.so.11.0: failed to resolve symbol '__cudaRegisterFunction', library failed to load
implib-gen: libcudart.so.11.0: failed to load library 'libcudart.so.11.0' via callback 'DP_cudart_dlopen'
implib-gen: libcudart.so.11.0: failed to resolve symbol '__cudaRegisterFatBinaryEnd', library failed to load
2025-03-14 05:59:51.108076: E tensorflow/compiler/xla/stream_executor/cuda/cuda_dnn.cc:9342] Unable to register cuDNN factory: Attempting to register factory for plugin cuDNN when one has already been registered
2025-03-14 05:59:51.108094: E tensorflow/compiler/xla/stream_executor/cuda/cuda_fft.cc:609] Unable to register cuFFT factory: Attempting to register factory for plugin cuFFT when one has already been registered
2025-03-14 05:59:51.108119: E tensorflow/compiler/xla/stream_executor/cuda/cuda_blas.cc:1518] Unable to register cuBLAS factory: Attempting to register factory for plugin cuBLAS when one has already been registered
2025-03-14 05:59:51.108464: E tensorflow/compiler/xla/stream_executor/cuda/cuda_dnn.cc:9342] Unable to register cuDNN factory: Attempting to register factory for plugin cuDNN when one has already been registered
2025-03-14 05:59:51.108484: E tensorflow/compiler/xla/stream_executor/cuda/cuda_fft.cc:609] Unable to register cuFFT factory: Attempting to register factory for plugin cuFFT when one has already been registered
2025-03-14 05:59:51.108510: E tensorflow/compiler/xla/stream_executor/cuda/cuda_blas.cc:1518] Unable to register cuBLAS factory: Attempting to register factory for plugin cuBLAS when one has already been registered
DeePMD-kit: Cannot find libcudart.so.11.0
implib-gen: libcudart.so.11.0: failed to load library 'libcudart.so.11.0' via callback 'DP_cudart_dlopen'
implib-gen: libcudart.so.11.0: failed to resolve symbol '__cudaRegisterFatBinary', library failed to load
implib-gen: libcudart.so.11.0: failed to load library 'libcudart.so.11.0' via callback 'DP_cudart_dlopen'
implib-gen: libcudart.so.11.0: failed to resolve symbol '__cudaRegisterFunction', library failed to load
implib-gen: libcudart.so.11.0: failed to load library 'libcudart.so.11.0' via callback 'DP_cudart_dlopen'
implib-gen: libcudart.so.11.0: failed to resolve symbol '__cudaRegisterFatBinaryEnd', library failed to load
DeePMD-kit: Cannot find libcudart.so.11.0
implib-gen: libcudart.so.11.0: failed to load library 'libcudart.so.11.0' via callback 'DP_cudart_dlopen'
implib-gen: libcudart.so.11.0: failed to resolve symbol '__cudaRegisterFatBinary', library failed to load
implib-gen: libcudart.so.11.0: failed to load library 'libcudart.so.11.0' via callback 'DP_cudart_dlopen'
implib-gen: libcudart.so.11.0: failed to resolve symbol '__cudaRegisterFunction', library failed to load
implib-gen: libcudart.so.11.0: failed to load library 'libcudart.so.11.0' via callback 'DP_cudart_dlopen'
implib-gen: libcudart.so.11.0: failed to resolve symbol '__cudaRegisterFatBinaryEnd', library failed to load
DeePMD-kit: Cannot find libcudart.so.11.0
implib-gen: libcudart.so.11.0: failed to load library 'libcudart.so.11.0' via callback 'DP_cudart_dlopen'
implib-gen: libcudart.so.11.0: failed to resolve symbol '__cudaRegisterFatBinary', library failed to load
implib-gen: libcudart.so.11.0: failed to load library 'libcudart.so.11.0' via callback 'DP_cudart_dlopen'
implib-gen: libcudart.so.11.0: failed to resolve symbol '__cudaRegisterFunction', library failed to load
implib-gen: libcudart.so.11.0: failed to load library 'libcudart.so.11.0' via callback 'DP_cudart_dlopen'
implib-gen: libcudart.so.11.0: failed to resolve symbol '__cudaRegisterFatBinaryEnd', library failed to load
2025-03-14 05:59:51.109068: E tensorflow/compiler/xla/stream_executor/cuda/cuda_dnn.cc:9342] Unable to register cuDNN factory: Attempting to register factory for plugin cuDNN when one has already been registered
2025-03-14 05:59:51.109092: E tensorflow/compiler/xla/stream_executor/cuda/cuda_fft.cc:609] Unable to register cuFFT factory: Attempting to register factory for plugin cuFFT when one has already been registered
2025-03-14 05:59:51.109113: E tensorflow/compiler/xla/stream_executor/cuda/cuda_blas.cc:1518] Unable to register cuBLAS factory: Attempting to register factory for plugin cuBLAS when one has already been registered
2025-03-14 05:59:51.109066: E tensorflow/compiler/xla/stream_executor/cuda/cuda_dnn.cc:9342] Unable to register cuDNN factory: Attempting to register factory for plugin cuDNN when one has already been registered
2025-03-14 05:59:51.109084: E tensorflow/compiler/xla/stream_executor/cuda/cuda_fft.cc:609] Unable to register cuFFT factory: Attempting to register factory for plugin cuFFT when one has already been registered
2025-03-14 05:59:51.109112: E tensorflow/compiler/xla/stream_executor/cuda/cuda_blas.cc:1518] Unable to register cuBLAS factory: Attempting to register factory for plugin cuBLAS when one has already been registered
2025-03-14 05:59:51.109069: E tensorflow/compiler/xla/stream_executor/cuda/cuda_dnn.cc:9342] Unable to register cuDNN factory: Attempting to register factory for plugin cuDNN when one has already been registered
2025-03-14 05:59:51.109086: E tensorflow/compiler/xla/stream_executor/cuda/cuda_fft.cc:609] Unable to register cuFFT factory: Attempting to register factory for plugin cuFFT when one has already been registered
2025-03-14 05:59:51.109112: E tensorflow/compiler/xla/stream_executor/cuda/cuda_blas.cc:1518] Unable to register cuBLAS factory: Attempting to register factory for plugin cuBLAS when one has already been registered
2025-03-14 05:59:51.109232: E tensorflow/compiler/xla/stream_executor/cuda/cuda_dnn.cc:9342] Unable to register cuDNN factory: Attempting to register factory for plugin cuDNN when one has already been registered
2025-03-14 05:59:51.109249: E tensorflow/compiler/xla/stream_executor/cuda/cuda_fft.cc:609] Unable to register cuFFT factory: Attempting to register factory for plugin cuFFT when one has already been registered
2025-03-14 05:59:51.109253: E tensorflow/compiler/xla/stream_executor/cuda/cuda_dnn.cc:9342] Unable to register cuDNN factory: Attempting to register factory for plugin cuDNN when one has already been registered
2025-03-14 05:59:51.109271: E tensorflow/compiler/xla/stream_executor/cuda/cuda_fft.cc:609] Unable to register cuFFT factory: Attempting to register factory for plugin cuFFT when one has already been registered
2025-03-14 05:59:51.109293: E tensorflow/compiler/xla/stream_executor/cuda/cuda_blas.cc:1518] Unable to register cuBLAS factory: Attempting to register factory for plugin cuBLAS when one has already been registered
2025-03-14 05:59:51.109275: E tensorflow/compiler/xla/stream_executor/cuda/cuda_blas.cc:1518] Unable to register cuBLAS factory: Attempting to register factory for plugin cuBLAS when one has already been registered
2025-03-14 05:59:51.109253: E tensorflow/compiler/xla/stream_executor/cuda/cuda_dnn.cc:9342] Unable to register cuDNN factory: Attempting to register factory for plugin cuDNN when one has already been registered
2025-03-14 05:59:51.109271: E tensorflow/compiler/xla/stream_executor/cuda/cuda_fft.cc:609] Unable to register cuFFT factory: Attempting to register factory for plugin cuFFT when one has already been registered
2025-03-14 05:59:51.109295: E tensorflow/compiler/xla/stream_executor/cuda/cuda_blas.cc:1518] Unable to register cuBLAS factory: Attempting to register factory for plugin cuBLAS when one has already been registered
2025-03-14 05:59:51.109645: E tensorflow/compiler/xla/stream_executor/cuda/cuda_dnn.cc:9342] Unable to register cuDNN factory: Attempting to register factory for plugin cuDNN when one has already been registered
2025-03-14 05:59:51.109663: E tensorflow/compiler/xla/stream_executor/cuda/cuda_fft.cc:609] Unable to register cuFFT factory: Attempting to register factory for plugin cuFFT when one has already been registered
2025-03-14 05:59:51.109686: E tensorflow/compiler/xla/stream_executor/cuda/cuda_blas.cc:1518] Unable to register cuBLAS factory: Attempting to register factory for plugin cuBLAS when one has already been registered
2025-03-14 05:59:51.111517: I tensorflow/tsl/cuda/cudart_stub.cc:28] Could not find cuda drivers on your machine, GPU will not be used.
2025-03-14 05:59:51.111516: I tensorflow/tsl/cuda/cudart_stub.cc:28] Could not find cuda drivers on your machine, GPU will not be used.
DeePMD-kit: Cannot find libcudart.so.11.0
implib-gen: libcudart.so.11.0: failed to load library 'libcudart.so.11.0' via callback 'DP_cudart_dlopen'
implib-gen: libcudart.so.11.0: failed to resolve symbol '__cudaRegisterFatBinary', library failed to load
implib-gen: libcudart.so.11.0: failed to load library 'libcudart.so.11.0' via callback 'DP_cudart_dlopen'
implib-gen: libcudart.so.11.0: failed to resolve symbol '__cudaRegisterFunction', library failed to load
implib-gen: libcudart.so.11.0: failed to load library 'libcudart.so.11.0' via callback 'DP_cudart_dlopen'
implib-gen: libcudart.so.11.0: failed to resolve symbol '__cudaRegisterFatBinaryEnd', library failed to load
DeePMD-kit: Cannot find libcudart.so.11.0
implib-gen: libcudart.so.11.0: failed to load library 'libcudart.so.11.0' via callback 'DP_cudart_dlopen'
implib-gen: libcudart.so.11.0: failed to resolve symbol '__cudaRegisterFatBinary', library failed to load
implib-gen: libcudart.so.11.0: failed to load library 'libcudart.so.11.0' via callback 'DP_cudart_dlopen'
implib-gen: libcudart.so.11.0: failed to resolve symbol '__cudaRegisterFunction', library failed to load
DeePMD-kit: Cannot find libcudart.so.11.0
implib-gen: libcudart.so.11.0: failed to load library 'libcudart.so.11.0' via callback 'DP_cudart_dlopen'
implib-gen: libcudart.so.11.0: failed to resolve symbol '__cudaRegisterFatBinary', library failed to load
implib-gen: libcudart.so.11.0: failed to load library 'libcudart.so.11.0' via callback 'DP_cudart_dlopen'
implib-gen: libcudart.so.11.0: failed to resolve symbol '__cudaRegisterFunction', library failed to load
implib-gen: libcudart.so.11.0: failed to load library 'libcudart.so.11.0' via callback 'DP_cudart_dlopen'
implib-gen: libcudart.so.11.0: failed to resolve symbol '__cudaRegisterFatBinaryEnd', library failed to load
implib-gen: libcudart.so.11.0: failed to load library 'libcudart.so.11.0' via callback 'DP_cudart_dlopen'
implib-gen: libcudart.so.11.0: failed to resolve symbol '__cudaRegisterFatBinaryEnd', library failed to load
2025-03-14 05:59:51.112274: I tensorflow/tsl/cuda/cudart_stub.cc:28] Could not find cuda drivers on your machine, GPU will not be used.
2025-03-14 05:59:51.112348: I tensorflow/tsl/cuda/cudart_stub.cc:28] Could not find cuda drivers on your machine, GPU will not be used.
2025-03-14 05:59:51.112350: I tensorflow/tsl/cuda/cudart_stub.cc:28] Could not find cuda drivers on your machine, GPU will not be used.
DeePMD-kit: Cannot find libcudart.so.11.0
implib-gen: libcudart.so.11.0: failed to load library 'libcudart.so.11.0' via callback 'DP_cudart_dlopen'
implib-gen: libcudart.so.11.0: failed to resolve symbol '__cudaRegisterFatBinary', library failed to load
implib-gen: libcudart.so.11.0: failed to load library 'libcudart.so.11.0' via callback 'DP_cudart_dlopen'
implib-gen: libcudart.so.11.0: failed to resolve symbol '__cudaRegisterFunction', library failed to load
DeePMD-kit: Cannot find libcudart.so.11.0
implib-gen: libcudart.so.11.0: failed to load library 'libcudart.so.11.0' via callback 'DP_cudart_dlopen'
implib-gen: libcudart.so.11.0: failed to resolve symbol '__cudaRegisterFatBinary', library failed to load
implib-gen: libcudart.so.11.0: failed to load library 'libcudart.so.11.0' via callback 'DP_cudart_dlopen'
implib-gen: libcudart.so.11.0: failed to resolve symbol '__cudaRegisterFunction', library failed to load
implib-gen: libcudart.so.11.0: failed to load library 'libcudart.so.11.0' via callback 'DP_cudart_dlopen'
implib-gen: libcudart.so.11.0: failed to resolve symbol '__cudaRegisterFatBinaryEnd', library failed to load
implib-gen: libcudart.so.11.0: failed to load library 'libcudart.so.11.0' via callback 'DP_cudart_dlopen'
implib-gen: libcudart.so.11.0: failed to resolve symbol '__cudaRegisterFatBinaryEnd', library failed to load
2025-03-14 05:59:51.113114: E tensorflow/compiler/xla/stream_executor/cuda/cuda_dnn.cc:9342] Unable to register cuDNN factory: Attempting to register factory for plugin cuDNN when one has already been registered
2025-03-14 05:59:51.113137: E tensorflow/compiler/xla/stream_executor/cuda/cuda_fft.cc:609] Unable to register cuFFT factory: Attempting to register factory for plugin cuFFT when one has already been registered
2025-03-14 05:59:51.113157: E tensorflow/compiler/xla/stream_executor/cuda/cuda_blas.cc:1518] Unable to register cuBLAS factory: Attempting to register factory for plugin cuBLAS when one has already been registered
2025-03-14 05:59:51.113915: E tensorflow/compiler/xla/stream_executor/cuda/cuda_dnn.cc:9342] Unable to register cuDNN factory: Attempting to register factory for plugin cuDNN when one has already been registered
2025-03-14 05:59:51.113946: E tensorflow/compiler/xla/stream_executor/cuda/cuda_fft.cc:609] Unable to register cuFFT factory: Attempting to register factory for plugin cuFFT when one has already been registered
2025-03-14 05:59:51.113972: E tensorflow/compiler/xla/stream_executor/cuda/cuda_blas.cc:1518] Unable to register cuBLAS factory: Attempting to register factory for plugin cuBLAS when one has already been registered
2025-03-14 05:59:51.113920: E tensorflow/compiler/xla/stream_executor/cuda/cuda_dnn.cc:9342] Unable to register cuDNN factory: Attempting to register factory for plugin cuDNN when one has already been registered
2025-03-14 05:59:51.113946: E tensorflow/compiler/xla/stream_executor/cuda/cuda_fft.cc:609] Unable to register cuFFT factory: Attempting to register factory for plugin cuFFT when one has already been registered
2025-03-14 05:59:51.113970: E tensorflow/compiler/xla/stream_executor/cuda/cuda_blas.cc:1518] Unable to register cuBLAS factory: Attempting to register factory for plugin cuBLAS when one has already been registered
2025-03-14 05:59:51.114087: E tensorflow/compiler/xla/stream_executor/cuda/cuda_dnn.cc:9342] Unable to register cuDNN factory: Attempting to register factory for plugin cuDNN when one has already been registered
2025-03-14 05:59:51.114087: E tensorflow/compiler/xla/stream_executor/cuda/cuda_dnn.cc:9342] Unable to register cuDNN factory: Attempting to register factory for plugin cuDNN when one has already been registered
2025-03-14 05:59:51.114111: E tensorflow/compiler/xla/stream_executor/cuda/cuda_fft.cc:609] Unable to register cuFFT factory: Attempting to register factory for plugin cuFFT when one has already been registered
2025-03-14 05:59:51.114109: E tensorflow/compiler/xla/stream_executor/cuda/cuda_fft.cc:609] Unable to register cuFFT factory: Attempting to register factory for plugin cuFFT when one has already been registered
2025-03-14 05:59:51.114135: E tensorflow/compiler/xla/stream_executor/cuda/cuda_blas.cc:1518] Unable to register cuBLAS factory: Attempting to register factory for plugin cuBLAS when one has already been registered
DeePMD-kit: Cannot find libcudart.so.11.0
implib-gen: libcudart.so.11.0: failed to load library 'libcudart.so.11.0' via callback 'DP_cudart_dlopen'
implib-gen: libcudart.so.11.0: failed to resolve symbol '__cudaRegisterFatBinary', library failed to load
implib-gen: libcudart.so.11.0: failed to load library 'libcudart.so.11.0' via callback 'DP_cudart_dlopen'
implib-gen: libcudart.so.11.0: failed to resolve symbol '__cudaRegisterFunction', library failed to load
implib-gen: libcudart.so.11.0: failed to load library 'libcudart.so.11.0' via callback 'DP_cudart_dlopen'
implib-gen: libcudart.so.11.0: failed to resolve symbol '__cudaRegisterFatBinaryEnd', library failed to load
2025-03-14 05:59:51.114147: E tensorflow/compiler/xla/stream_executor/cuda/cuda_blas.cc:1518] Unable to register cuBLAS factory: Attempting to register factory for plugin cuBLAS when one has already been registered
DeePMD-kit: Cannot find libcudart.so.11.0
implib-gen: libcudart.so.11.0: failed to load library 'libcudart.so.11.0' via callback 'DP_cudart_dlopen'
implib-gen: libcudart.so.11.0: failed to resolve symbol '__cudaRegisterFatBinary', library failed to load
implib-gen: libcudart.so.11.0: failed to load library 'libcudart.so.11.0' via callback 'DP_cudart_dlopen'
implib-gen: libcudart.so.11.0: failed to resolve symbol '__cudaRegisterFunction', library failed to load
implib-gen: libcudart.so.11.0: failed to load library 'libcudart.so.11.0' via callback 'DP_cudart_dlopen'
implib-gen: libcudart.so.11.0: failed to resolve symbol '__cudaRegisterFatBinaryEnd', library failed to load
2025-03-14 05:59:51.114894: E tensorflow/compiler/xla/stream_executor/cuda/cuda_dnn.cc:9342] Unable to register cuDNN factory: Attempting to register factory for plugin cuDNN when one has already been registered
2025-03-14 05:59:51.114916: E tensorflow/compiler/xla/stream_executor/cuda/cuda_fft.cc:609] Unable to register cuFFT factory: Attempting to register factory for plugin cuFFT when one has already been registered
2025-03-14 05:59:51.114947: E tensorflow/compiler/xla/stream_executor/cuda/cuda_blas.cc:1518] Unable to register cuBLAS factory: Attempting to register factory for plugin cuBLAS when one has already been registered
2025-03-14 05:59:51.114980: E tensorflow/compiler/xla/stream_executor/cuda/cuda_dnn.cc:9342] Unable to register cuDNN factory: Attempting to register factory for plugin cuDNN when one has already been registered
2025-03-14 05:59:51.115007: E tensorflow/compiler/xla/stream_executor/cuda/cuda_fft.cc:609] Unable to register cuFFT factory: Attempting to register factory for plugin cuFFT when one has already been registered
2025-03-14 05:59:51.115030: E tensorflow/compiler/xla/stream_executor/cuda/cuda_blas.cc:1518] Unable to register cuBLAS factory: Attempting to register factory for plugin cuBLAS when one has already been registered
2025-03-14 05:59:51.114982: E tensorflow/compiler/xla/stream_executor/cuda/cuda_dnn.cc:9342] Unable to register cuDNN factory: Attempting to register factory for plugin cuDNN when one has already been registered
2025-03-14 05:59:51.115007: E tensorflow/compiler/xla/stream_executor/cuda/cuda_fft.cc:609] Unable to register cuFFT factory: Attempting to register factory for plugin cuFFT when one has already been registered
2025-03-14 05:59:51.115030: E tensorflow/compiler/xla/stream_executor/cuda/cuda_blas.cc:1518] Unable to register cuBLAS factory: Attempting to register factory for plugin cuBLAS when one has already been registered
DeePMD-kit: Cannot find libcudart.so.11.0
implib-gen: libcudart.so.11.0: failed to load library 'libcudart.so.11.0' via callback 'DP_cudart_dlopen'
implib-gen: libcudart.so.11.0: failed to resolve symbol '__cudaRegisterFatBinary', library failed to load
implib-gen: libcudart.so.11.0: failed to load library 'libcudart.so.11.0' via callback 'DP_cudart_dlopen'
implib-gen: libcudart.so.11.0: failed to resolve symbol '__cudaRegisterFunction', library failed to load
implib-gen: libcudart.so.11.0: failed to load library 'libcudart.so.11.0' via callback 'DP_cudart_dlopen'
implib-gen: libcudart.so.11.0: failed to resolve symbol '__cudaRegisterFatBinaryEnd', library failed to load
2025-03-14 05:59:51.115600: E tensorflow/compiler/xla/stream_executor/cuda/cuda_dnn.cc:9342] Unable to register cuDNN factory: Attempting to register factory for plugin cuDNN when one has already been registered
2025-03-14 05:59:51.115620: E tensorflow/compiler/xla/stream_executor/cuda/cuda_fft.cc:609] Unable to register cuFFT factory: Attempting to register factory for plugin cuFFT when one has already been registered
2025-03-14 05:59:51.115644: E tensorflow/compiler/xla/stream_executor/cuda/cuda_blas.cc:1518] Unable to register cuBLAS factory: Attempting to register factory for plugin cuBLAS when one has already been registered
2025-03-14 05:59:51.115666: E tensorflow/compiler/xla/stream_executor/cuda/cuda_dnn.cc:9342] Unable to register cuDNN factory: Attempting to register factory for plugin cuDNN when one has already been registered
2025-03-14 05:59:51.115684: E tensorflow/compiler/xla/stream_executor/cuda/cuda_fft.cc:609] Unable to register cuFFT factory: Attempting to register factory for plugin cuFFT when one has already been registered
2025-03-14 05:59:51.115666: E tensorflow/compiler/xla/stream_executor/cuda/cuda_dnn.cc:9342] Unable to register cuDNN factory: Attempting to register factory for plugin cuDNN when one has already been registered
2025-03-14 05:59:51.115684: E tensorflow/compiler/xla/stream_executor/cuda/cuda_fft.cc:609] Unable to register cuFFT factory: Attempting to register factory for plugin cuFFT when one has already been registered
2025-03-14 05:59:51.115712: E tensorflow/compiler/xla/stream_executor/cuda/cuda_blas.cc:1518] Unable to register cuBLAS factory: Attempting to register factory for plugin cuBLAS when one has already been registered
2025-03-14 05:59:51.115709: E tensorflow/compiler/xla/stream_executor/cuda/cuda_blas.cc:1518] Unable to register cuBLAS factory: Attempting to register factory for plugin cuBLAS when one has already been registered
2025-03-14 05:59:51.116261: E tensorflow/compiler/xla/stream_executor/cuda/cuda_dnn.cc:9342] Unable to register cuDNN factory: Attempting to register factory for plugin cuDNN when one has already been registered
2025-03-14 05:59:51.116281: E tensorflow/compiler/xla/stream_executor/cuda/cuda_fft.cc:609] Unable to register cuFFT factory: Attempting to register factory for plugin cuFFT when one has already been registered
2025-03-14 05:59:51.116308: E tensorflow/compiler/xla/stream_executor/cuda/cuda_blas.cc:1518] Unable to register cuBLAS factory: Attempting to register factory for plugin cuBLAS when one has already been registered
2025-03-14 05:59:51.116261: E tensorflow/compiler/xla/stream_executor/cuda/cuda_dnn.cc:9342] Unable to register cuDNN factory: Attempting to register factory for plugin cuDNN when one has already been registered
2025-03-14 05:59:51.116284: E tensorflow/compiler/xla/stream_executor/cuda/cuda_fft.cc:609] Unable to register cuFFT factory: Attempting to register factory for plugin cuFFT when one has already been registered
2025-03-14 05:59:51.116302: E tensorflow/compiler/xla/stream_executor/cuda/cuda_blas.cc:1518] Unable to register cuBLAS factory: Attempting to register factory for plugin cuBLAS when one has already been registered
2025-03-14 05:59:51.116105: E tensorflow/compiler/xla/stream_executor/cuda/cuda_dnn.cc:9342] Unable to register cuDNN factory: Attempting to register factory for plugin cuDNN when one has already been registered
2025-03-14 05:59:51.116128: E tensorflow/compiler/xla/stream_executor/cuda/cuda_fft.cc:609] Unable to register cuFFT factory: Attempting to register factory for plugin cuFFT when one has already been registered
2025-03-14 05:59:51.116151: E tensorflow/compiler/xla/stream_executor/cuda/cuda_blas.cc:1518] Unable to register cuBLAS factory: Attempting to register factory for plugin cuBLAS when one has already been registered
2025-03-14 05:59:51.116105: E tensorflow/compiler/xla/stream_executor/cuda/cuda_dnn.cc:9342] Unable to register cuDNN factory: Attempting to register factory for plugin cuDNN when one has already been registered
2025-03-14 05:59:51.116125: E tensorflow/compiler/xla/stream_executor/cuda/cuda_fft.cc:609] Unable to register cuFFT factory: Attempting to register factory for plugin cuFFT when one has already been registered
2025-03-14 05:59:51.116152: E tensorflow/compiler/xla/stream_executor/cuda/cuda_blas.cc:1518] Unable to register cuBLAS factory: Attempting to register factory for plugin cuBLAS when one has already been registered
DeePMD-kit: Cannot find libcudart.so.11.0
implib-gen: libcudart.so.11.0: failed to load library 'libcudart.so.11.0' via callback 'DP_cudart_dlopen'
implib-gen: libcudart.so.11.0: failed to resolve symbol '__cudaRegisterFatBinary', library failed to load
implib-gen: libcudart.so.11.0: failed to load library 'libcudart.so.11.0' via callback 'DP_cudart_dlopen'
implib-gen: libcudart.so.11.0: failed to resolve symbol '__cudaRegisterFunction', library failed to load
implib-gen: libcudart.so.11.0: failed to load library 'libcudart.so.11.0' via callback 'DP_cudart_dlopen'
implib-gen: libcudart.so.11.0: failed to resolve symbol '__cudaRegisterFatBinaryEnd', library failed to load
DeePMD-kit: Cannot find libcudart.so.11.0
implib-gen: libcudart.so.11.0: failed to load library 'libcudart.so.11.0' via callback 'DP_cudart_dlopen'
implib-gen: libcudart.so.11.0: failed to resolve symbol '__cudaRegisterFatBinary', library failed to load
implib-gen: libcudart.so.11.0: failed to load library 'libcudart.so.11.0' via callback 'DP_cudart_dlopen'
implib-gen: libcudart.so.11.0: failed to resolve symbol '__cudaRegisterFunction', library failed to load
implib-gen: libcudart.so.11.0: failed to load library 'libcudart.so.11.0' via callback 'DP_cudart_dlopen'
implib-gen: libcudart.so.11.0: failed to resolve symbol '__cudaRegisterFatBinaryEnd', library failed to load
2025-03-14 05:59:51.117129: E tensorflow/compiler/xla/stream_executor/cuda/cuda_dnn.cc:9342] Unable to register cuDNN factory: Attempting to register factory for plugin cuDNN when one has already been registered
2025-03-14 05:59:51.117152: E tensorflow/compiler/xla/stream_executor/cuda/cuda_fft.cc:609] Unable to register cuFFT factory: Attempting to register factory for plugin cuFFT when one has already been registered
2025-03-14 05:59:51.117179: E tensorflow/compiler/xla/stream_executor/cuda/cuda_blas.cc:1518] Unable to register cuBLAS factory: Attempting to register factory for plugin cuBLAS when one has already been registered
2025-03-14 05:59:51.117129: E tensorflow/compiler/xla/stream_executor/cuda/cuda_dnn.cc:9342] Unable to register cuDNN factory: Attempting to register factory for plugin cuDNN when one has already been registered
2025-03-14 05:59:51.117152: E tensorflow/compiler/xla/stream_executor/cuda/cuda_fft.cc:609] Unable to register cuFFT factory: Attempting to register factory for plugin cuFFT when one has already been registered
2025-03-14 05:59:51.117181: E tensorflow/compiler/xla/stream_executor/cuda/cuda_blas.cc:1518] Unable to register cuBLAS factory: Attempting to register factory for plugin cuBLAS when one has already been registered
2025-03-14 05:59:51.117251: E tensorflow/compiler/xla/stream_executor/cuda/cuda_dnn.cc:9342] Unable to register cuDNN factory: Attempting to register factory for plugin cuDNN when one has already been registered
2025-03-14 05:59:51.117268: E tensorflow/compiler/xla/stream_executor/cuda/cuda_fft.cc:609] Unable to register cuFFT factory: Attempting to register factory for plugin cuFFT when one has already been registered
2025-03-14 05:59:51.117257: E tensorflow/compiler/xla/stream_executor/cuda/cuda_dnn.cc:9342] Unable to register cuDNN factory: Attempting to register factory for plugin cuDNN when one has already been registered
2025-03-14 05:59:51.117276: E tensorflow/compiler/xla/stream_executor/cuda/cuda_fft.cc:609] Unable to register cuFFT factory: Attempting to register factory for plugin cuFFT when one has already been registered
2025-03-14 05:59:51.117296: E tensorflow/compiler/xla/stream_executor/cuda/cuda_blas.cc:1518] Unable to register cuBLAS factory: Attempting to register factory for plugin cuBLAS when one has already been registered
2025-03-14 05:59:51.117296: E tensorflow/compiler/xla/stream_executor/cuda/cuda_blas.cc:1518] Unable to register cuBLAS factory: Attempting to register factory for plugin cuBLAS when one has already been registered
2025-03-14 05:59:51.117286: E tensorflow/compiler/xla/stream_executor/cuda/cuda_dnn.cc:9342] Unable to register cuDNN factory: Attempting to register factory for plugin cuDNN when one has already been registered
2025-03-14 05:59:51.117309: E tensorflow/compiler/xla/stream_executor/cuda/cuda_fft.cc:609] Unable to register cuFFT factory: Attempting to register factory for plugin cuFFT when one has already been registered
2025-03-14 05:59:51.117286: E tensorflow/compiler/xla/stream_executor/cuda/cuda_dnn.cc:9342] Unable to register cuDNN factory: Attempting to register factory for plugin cuDNN when one has already been registered
2025-03-14 05:59:51.117310: E tensorflow/compiler/xla/stream_executor/cuda/cuda_fft.cc:609] Unable to register cuFFT factory: Attempting to register factory for plugin cuFFT when one has already been registered
2025-03-14 05:59:51.117337: E tensorflow/compiler/xla/stream_executor/cuda/cuda_blas.cc:1518] Unable to register cuBLAS factory: Attempting to register factory for plugin cuBLAS when one has already been registered
2025-03-14 05:59:51.117338: E tensorflow/compiler/xla/stream_executor/cuda/cuda_blas.cc:1518] Unable to register cuBLAS factory: Attempting to register factory for plugin cuBLAS when one has already been registered
2025-03-14 05:59:51.118022: E tensorflow/compiler/xla/stream_executor/cuda/cuda_dnn.cc:9342] Unable to register cuDNN factory: Attempting to register factory for plugin cuDNN when one has already been registered
2025-03-14 05:59:51.118053: E tensorflow/compiler/xla/stream_executor/cuda/cuda_fft.cc:609] Unable to register cuFFT factory: Attempting to register factory for plugin cuFFT when one has already been registered
2025-03-14 05:59:51.118082: E tensorflow/compiler/xla/stream_executor/cuda/cuda_blas.cc:1518] Unable to register cuBLAS factory: Attempting to register factory for plugin cuBLAS when one has already been registered
2025-03-14 05:59:51.118022: E tensorflow/compiler/xla/stream_executor/cuda/cuda_dnn.cc:9342] Unable to register cuDNN factory: Attempting to register factory for plugin cuDNN when one has already been registered
2025-03-14 05:59:51.118053: E tensorflow/compiler/xla/stream_executor/cuda/cuda_fft.cc:609] Unable to register cuFFT factory: Attempting to register factory for plugin cuFFT when one has already been registered
2025-03-14 05:59:51.118080: E tensorflow/compiler/xla/stream_executor/cuda/cuda_blas.cc:1518] Unable to register cuBLAS factory: Attempting to register factory for plugin cuBLAS when one has already been registered
DeePMD-kit: Cannot find libcudart.so.11.0
implib-gen: libcudart.so.11.0: failed to load library 'libcudart.so.11.0' via callback 'DP_cudart_dlopen'
implib-gen: libcudart.so.11.0: failed to resolve symbol '__cudaRegisterFatBinary', library failed to load
implib-gen: libcudart.so.11.0: failed to load library 'libcudart.so.11.0' via callback 'DP_cudart_dlopen'
implib-gen: libcudart.so.11.0: failed to resolve symbol '__cudaRegisterFunction', library failed to load
implib-gen: libcudart.so.11.0: failed to load library 'libcudart.so.11.0' via callback 'DP_cudart_dlopen'
implib-gen: libcudart.so.11.0: failed to resolve symbol '__cudaRegisterFatBinaryEnd', library failed to load
DeePMD-kit: Cannot find libcudart.so.11.0
implib-gen: libcudart.so.11.0: failed to load library 'libcudart.so.11.0' via callback 'DP_cudart_dlopen'
implib-gen: libcudart.so.11.0: failed to resolve symbol '__cudaRegisterFatBinary', library failed to load
implib-gen: libcudart.so.11.0: failed to load library 'libcudart.so.11.0' via callback 'DP_cudart_dlopen'
implib-gen: libcudart.so.11.0: failed to resolve symbol '__cudaRegisterFunction', library failed to load
implib-gen: libcudart.so.11.0: failed to load library 'libcudart.so.11.0' via callback 'DP_cudart_dlopen'
implib-gen: libcudart.so.11.0: failed to resolve symbol '__cudaRegisterFatBinaryEnd', library failed to load
2025-03-14 05:59:51.118307: E tensorflow/compiler/xla/stream_executor/cuda/cuda_dnn.cc:9342] Unable to register cuDNN factory: Attempting to register factory for plugin cuDNN when one has already been registered
2025-03-14 05:59:51.118333: E tensorflow/compiler/xla/stream_executor/cuda/cuda_fft.cc:609] Unable to register cuFFT factory: Attempting to register factory for plugin cuFFT when one has already been registered
2025-03-14 05:59:51.118362: E tensorflow/compiler/xla/stream_executor/cuda/cuda_blas.cc:1518] Unable to register cuBLAS factory: Attempting to register factory for plugin cuBLAS when one has already been registered
2025-03-14 05:59:51.118304: E tensorflow/compiler/xla/stream_executor/cuda/cuda_dnn.cc:9342] Unable to register cuDNN factory: Attempting to register factory for plugin cuDNN when one has already been registered
2025-03-14 05:59:51.118333: E tensorflow/compiler/xla/stream_executor/cuda/cuda_fft.cc:609] Unable to register cuFFT factory: Attempting to register factory for plugin cuFFT when one has already been registered
2025-03-14 05:59:51.118362: E tensorflow/compiler/xla/stream_executor/cuda/cuda_blas.cc:1518] Unable to register cuBLAS factory: Attempting to register factory for plugin cuBLAS when one has already been registered
2025-03-14 05:59:51.121181: E tensorflow/compiler/xla/stream_executor/cuda/cuda_dnn.cc:9342] Unable to register cuDNN factory: Attempting to register factory for plugin cuDNN when one has already been registered
2025-03-14 05:59:51.121198: E tensorflow/compiler/xla/stream_executor/cuda/cuda_fft.cc:609] Unable to register cuFFT factory: Attempting to register factory for plugin cuFFT when one has already been registered
2025-03-14 05:59:51.121136: I tensorflow/tsl/cuda/cudart_stub.cc:28] Could not find cuda drivers on your machine, GPU will not be used.
2025-03-14 05:59:51.121131: I tensorflow/tsl/cuda/cudart_stub.cc:28] Could not find cuda drivers on your machine, GPU will not be used.
2025-03-14 05:59:51.121227: E tensorflow/compiler/xla/stream_executor/cuda/cuda_blas.cc:1518] Unable to register cuBLAS factory: Attempting to register factory for plugin cuBLAS when one has already been registered
DeePMD-kit: Cannot find libcudart.so.11.0
implib-gen: libcudart.so.11.0: failed to load library 'libcudart.so.11.0' via callback 'DP_cudart_dlopen'
implib-gen: libcudart.so.11.0: failed to resolve symbol '__cudaRegisterFatBinary', library failed to load
implib-gen: libcudart.so.11.0: failed to load library 'libcudart.so.11.0' via callback 'DP_cudart_dlopen'
implib-gen: libcudart.so.11.0: failed to resolve symbol '__cudaRegisterFunction', library failed to load
implib-gen: libcudart.so.11.0: failed to load library 'libcudart.so.11.0' via callback 'DP_cudart_dlopen'
implib-gen: libcudart.so.11.0: failed to resolve symbol '__cudaRegisterFatBinaryEnd', library failed to load
2025-03-14 05:59:51.122376: I tensorflow/tsl/cuda/cudart_stub.cc:28] Could not find cuda drivers on your machine, GPU will not be used.
2025-03-14 05:59:51.122523: E tensorflow/compiler/xla/stream_executor/cuda/cuda_dnn.cc:9342] Unable to register cuDNN factory: Attempting to register factory for plugin cuDNN when one has already been registered
2025-03-14 05:59:51.122542: E tensorflow/compiler/xla/stream_executor/cuda/cuda_fft.cc:609] Unable to register cuFFT factory: Attempting to register factory for plugin cuFFT when one has already been registered
2025-03-14 05:59:51.122373: I tensorflow/tsl/cuda/cudart_stub.cc:28] Could not find cuda drivers on your machine, GPU will not be used.
2025-03-14 05:59:51.122523: E tensorflow/compiler/xla/stream_executor/cuda/cuda_dnn.cc:9342] Unable to register cuDNN factory: Attempting to register factory for plugin cuDNN when one has already been registered
2025-03-14 05:59:51.122542: E tensorflow/compiler/xla/stream_executor/cuda/cuda_fft.cc:609] Unable to register cuFFT factory: Attempting to register factory for plugin cuFFT when one has already been registered
2025-03-14 05:59:51.122566: E tensorflow/compiler/xla/stream_executor/cuda/cuda_blas.cc:1518] Unable to register cuBLAS factory: Attempting to register factory for plugin cuBLAS when one has already been registered
2025-03-14 05:59:51.122571: E tensorflow/compiler/xla/stream_executor/cuda/cuda_blas.cc:1518] Unable to register cuBLAS factory: Attempting to register factory for plugin cuBLAS when one has already been registered
DeePMD-kit: Cannot find libcudart.so.11.0
implib-gen: libcudart.so.11.0: failed to load library 'libcudart.so.11.0' via callback 'DP_cudart_dlopen'
implib-gen: libcudart.so.11.0: failed to resolve symbol '__cudaRegisterFatBinary', library failed to load
implib-gen: libcudart.so.11.0: failed to load library 'libcudart.so.11.0' via callback 'DP_cudart_dlopen'
implib-gen: libcudart.so.11.0: failed to resolve symbol '__cudaRegisterFunction', library failed to load
implib-gen: libcudart.so.11.0: failed to load library 'libcudart.so.11.0' via callback 'DP_cudart_dlopen'
implib-gen: libcudart.so.11.0: failed to resolve symbol '__cudaRegisterFatBinaryEnd', library failed to load
DeePMD-kit: Cannot find libcudart.so.11.0
implib-gen: libcudart.so.11.0: failed to load library 'libcudart.so.11.0' via callback 'DP_cudart_dlopen'
implib-gen: libcudart.so.11.0: failed to resolve symbol '__cudaRegisterFatBinary', library failed to load
implib-gen: libcudart.so.11.0: failed to load library 'libcudart.so.11.0' via callback 'DP_cudart_dlopen'
implib-gen: libcudart.so.11.0: failed to resolve symbol '__cudaRegisterFunction', library failed to load
implib-gen: libcudart.so.11.0: failed to load library 'libcudart.so.11.0' via callback 'DP_cudart_dlopen'
implib-gen: libcudart.so.11.0: failed to resolve symbol '__cudaRegisterFatBinaryEnd', library failed to load
DeePMD-kit: Cannot find libcudart.so.11.0
implib-gen: libcudart.so.11.0: failed to load library 'libcudart.so.11.0' via callback 'DP_cudart_dlopen'
implib-gen: libcudart.so.11.0: failed to resolve symbol '__cudaRegisterFatBinary', library failed to load
implib-gen: libcudart.so.11.0: failed to load library 'libcudart.so.11.0' via callback 'DP_cudart_dlopen'
implib-gen: libcudart.so.11.0: failed to resolve symbol '__cudaRegisterFunction', library failed to load
implib-gen: libcudart.so.11.0: failed to load library 'libcudart.so.11.0' via callback 'DP_cudart_dlopen'
implib-gen: libcudart.so.11.0: failed to resolve symbol '__cudaRegisterFatBinaryEnd', library failed to load
DeePMD-kit: Cannot find libcudart.so.11.0
implib-gen: libcudart.so.11.0: failed to load library 'libcudart.so.11.0' via callback 'DP_cudart_dlopen'
implib-gen: libcudart.so.11.0: failed to resolve symbol '__cudaRegisterFatBinary', library failed to load
implib-gen: libcudart.so.11.0: failed to load library 'libcudart.so.11.0' via callback 'DP_cudart_dlopen'
implib-gen: libcudart.so.11.0: failed to resolve symbol '__cudaRegisterFunction', library failed to load
implib-gen: libcudart.so.11.0: failed to load library 'libcudart.so.11.0' via callback 'DP_cudart_dlopen'
implib-gen: libcudart.so.11.0: failed to resolve symbol '__cudaRegisterFatBinaryEnd', library failed to load
DeePMD-kit: Cannot find libcudart.so.11.0
implib-gen: libcudart.so.11.0: failed to load library 'libcudart.so.11.0' via callback 'DP_cudart_dlopen'
implib-gen: libcudart.so.11.0: failed to resolve symbol '__cudaRegisterFatBinary', library failed to load
implib-gen: libcudart.so.11.0: failed to load library 'libcudart.so.11.0' via callback 'DP_cudart_dlopen'
implib-gen: libcudart.so.11.0: failed to resolve symbol '__cudaRegisterFunction', library failed to load
implib-gen: libcudart.so.11.0: failed to load library 'libcudart.so.11.0' via callback 'DP_cudart_dlopen'
implib-gen: libcudart.so.11.0: failed to resolve symbol '__cudaRegisterFatBinaryEnd', library failed to load
DeePMD-kit: Cannot find libcudart.so.11.0
implib-gen: libcudart.so.11.0: failed to load library 'libcudart.so.11.0' via callback 'DP_cudart_dlopen'
implib-gen: libcudart.so.11.0: failed to resolve symbol '__cudaRegisterFatBinary', library failed to load
implib-gen: libcudart.so.11.0: failed to load library 'libcudart.so.11.0' via callback 'DP_cudart_dlopen'
implib-gen: libcudart.so.11.0: failed to resolve symbol '__cudaRegisterFunction', library failed to load
implib-gen: libcudart.so.11.0: failed to load library 'libcudart.so.11.0' via callback 'DP_cudart_dlopen'
implib-gen: libcudart.so.11.0: failed to resolve symbol '__cudaRegisterFatBinaryEnd', library failed to load
DeePMD-kit: Cannot find libcudart.so.11.0
implib-gen: libcudart.so.11.0: failed to load library 'libcudart.so.11.0' via callback 'DP_cudart_dlopen'
DeePMD-kit: Cannot find libcudart.so.11.0
implib-gen: libcudart.so.11.0: failed to load library 'libcudart.so.11.0' via callback 'DP_cudart_dlopen'
implib-gen: libcudart.so.11.0: failed to resolve symbol '__cudaRegisterFatBinary', library failed to load
implib-gen: libcudart.so.11.0: failed to load library 'libcudart.so.11.0' via callback 'DP_cudart_dlopen'
implib-gen: libcudart.so.11.0: failed to resolve symbol '__cudaRegisterFunction', library failed to load
implib-gen: libcudart.so.11.0: failed to load library 'libcudart.so.11.0' via callback 'DP_cudart_dlopen'
implib-gen: libcudart.so.11.0: failed to resolve symbol '__cudaRegisterFatBinaryEnd', library failed to load
implib-gen: libcudart.so.11.0: failed to resolve symbol '__cudaRegisterFatBinary', library failed to load
implib-gen: libcudart.so.11.0: failed to load library 'libcudart.so.11.0' via callback 'DP_cudart_dlopen'
implib-gen: libcudart.so.11.0: failed to resolve symbol '__cudaRegisterFunction', library failed to load
implib-gen: libcudart.so.11.0: failed to load library 'libcudart.so.11.0' via callback 'DP_cudart_dlopen'
implib-gen: libcudart.so.11.0: failed to resolve symbol '__cudaRegisterFatBinaryEnd', library failed to load
2025-03-14 05:59:51.124653: E tensorflow/compiler/xla/stream_executor/cuda/cuda_dnn.cc:9342] Unable to register cuDNN factory: Attempting to register factory for plugin cuDNN when one has already been registered
2025-03-14 05:59:51.124670: E tensorflow/compiler/xla/stream_executor/cuda/cuda_fft.cc:609] Unable to register cuFFT factory: Attempting to register factory for plugin cuFFT when one has already been registered
2025-03-14 05:59:51.124695: E tensorflow/compiler/xla/stream_executor/cuda/cuda_blas.cc:1518] Unable to register cuBLAS factory: Attempting to register factory for plugin cuBLAS when one has already been registered
DeePMD-kit: Cannot find libcudart.so.11.0
implib-gen: libcudart.so.11.0: failed to load library 'libcudart.so.11.0' via callback 'DP_cudart_dlopen'
implib-gen: libcudart.so.11.0: failed to resolve symbol '__cudaRegisterFatBinary', library failed to load
implib-gen: libcudart.so.11.0: failed to load library 'libcudart.so.11.0' via callback 'DP_cudart_dlopen'
implib-gen: libcudart.so.11.0: failed to resolve symbol '__cudaRegisterFunction', library failed to load
implib-gen: libcudart.so.11.0: failed to load library 'libcudart.so.11.0' via callback 'DP_cudart_dlopen'
implib-gen: libcudart.so.11.0: failed to resolve symbol '__cudaRegisterFatBinaryEnd', library failed to load
DeePMD-kit: Cannot find libcudart.so.11.0
implib-gen: libcudart.so.11.0: failed to load library 'libcudart.so.11.0' via callback 'DP_cudart_dlopen'
implib-gen: libcudart.so.11.0: failed to resolve symbol '__cudaRegisterFatBinary', library failed to load
implib-gen: libcudart.so.11.0: failed to load library 'libcudart.so.11.0' via callback 'DP_cudart_dlopen'
implib-gen: libcudart.so.11.0: failed to resolve symbol '__cudaRegisterFunction', library failed to load
implib-gen: libcudart.so.11.0: failed to load library 'libcudart.so.11.0' via callback 'DP_cudart_dlopen'
implib-gen: libcudart.so.11.0: failed to resolve symbol '__cudaRegisterFatBinaryEnd', library failed to load
DeePMD-kit: Cannot find libcudart.so.11.0
implib-gen: libcudart.so.11.0: failed to load library 'libcudart.so.11.0' via callback 'DP_cudart_dlopen'
implib-gen: libcudart.so.11.0: failed to resolve symbol '__cudaRegisterFatBinary', library failed to load
implib-gen: libcudart.so.11.0: failed to load library 'libcudart.so.11.0' via callback 'DP_cudart_dlopen'
implib-gen: libcudart.so.11.0: failed to resolve symbol '__cudaRegisterFunction', library failed to load
implib-gen: libcudart.so.11.0: failed to load library 'libcudart.so.11.0' via callback 'DP_cudart_dlopen'
implib-gen: libcudart.so.11.0: failed to resolve symbol '__cudaRegisterFatBinaryEnd', library failed to load
DeePMD-kit: Cannot find libcudart.so.11.0
implib-gen: libcudart.so.11.0: failed to load library 'libcudart.so.11.0' via callback 'DP_cudart_dlopen'
implib-gen: libcudart.so.11.0: failed to resolve symbol '__cudaRegisterFatBinary', library failed to load
implib-gen: libcudart.so.11.0: failed to load library 'libcudart.so.11.0' via callback 'DP_cudart_dlopen'
implib-gen: libcudart.so.11.0: failed to resolve symbol '__cudaRegisterFunction', library failed to load
implib-gen: libcudart.so.11.0: failed to load library 'libcudart.so.11.0' via callback 'DP_cudart_dlopen'
implib-gen: libcudart.so.11.0: failed to resolve symbol '__cudaRegisterFatBinaryEnd', library failed to load
DeePMD-kit: Cannot find libcudart.so.11.0
implib-gen: libcudart.so.11.0: failed to load library 'libcudart.so.11.0' via callback 'DP_cudart_dlopen'
implib-gen: libcudart.so.11.0: failed to resolve symbol '__cudaRegisterFatBinary', library failed to load
implib-gen: libcudart.so.11.0: failed to load library 'libcudart.so.11.0' via callback 'DP_cudart_dlopen'
implib-gen: libcudart.so.11.0: failed to resolve symbol '__cudaRegisterFunction', library failed to load
implib-gen: libcudart.so.11.0: failed to load library 'libcudart.so.11.0' via callback 'DP_cudart_dlopen'
implib-gen: libcudart.so.11.0: failed to resolve symbol '__cudaRegisterFatBinaryEnd', library failed to load
DeePMD-kit: Cannot find libcudart.so.11.0
implib-gen: libcudart.so.11.0: failed to load library 'libcudart.so.11.0' via callback 'DP_cudart_dlopen'
implib-gen: libcudart.so.11.0: failed to resolve symbol '__cudaRegisterFatBinary', library failed to load
implib-gen: libcudart.so.11.0: failed to load library 'libcudart.so.11.0' via callback 'DP_cudart_dlopen'
implib-gen: libcudart.so.11.0: failed to resolve symbol '__cudaRegisterFunction', library failed to load
implib-gen: libcudart.so.11.0: failed to load library 'libcudart.so.11.0' via callback 'DP_cudart_dlopen'
implib-gen: libcudart.so.11.0: failed to resolve symbol '__cudaRegisterFatBinaryEnd', library failed to load
DeePMD-kit: Cannot find libcudart.so.11.0
implib-gen: libcudart.so.11.0: failed to load library 'libcudart.so.11.0' via callback 'DP_cudart_dlopen'
implib-gen: libcudart.so.11.0: failed to resolve symbol '__cudaRegisterFatBinary', library failed to load
implib-gen: libcudart.so.11.0: failed to load library 'libcudart.so.11.0' via callback 'DP_cudart_dlopen'
implib-gen: libcudart.so.11.0: failed to resolve symbol '__cudaRegisterFunction', library failed to load
implib-gen: libcudart.so.11.0: failed to load library 'libcudart.so.11.0' via callback 'DP_cudart_dlopen'
implib-gen: libcudart.so.11.0: failed to resolve symbol '__cudaRegisterFatBinaryEnd', library failed to load
DeePMD-kit: Cannot find libcudart.so.11.0
implib-gen: libcudart.so.11.0: failed to load library 'libcudart.so.11.0' via callback 'DP_cudart_dlopen'
implib-gen: libcudart.so.11.0: failed to resolve symbol '__cudaRegisterFatBinary', library failed to load
implib-gen: libcudart.so.11.0: failed to load library 'libcudart.so.11.0' via callback 'DP_cudart_dlopen'
implib-gen: libcudart.so.11.0: failed to resolve symbol '__cudaRegisterFunction', library failed to load
implib-gen: libcudart.so.11.0: failed to load library 'libcudart.so.11.0' via callback 'DP_cudart_dlopen'
implib-gen: libcudart.so.11.0: failed to resolve symbol '__cudaRegisterFatBinaryEnd', library failed to load
DeePMD-kit: Cannot find libcudart.so.11.0
implib-gen: libcudart.so.11.0: failed to load library 'libcudart.so.11.0' via callback 'DP_cudart_dlopen'
implib-gen: libcudart.so.11.0: failed to resolve symbol '__cudaRegisterFatBinary', library failed to load
implib-gen: libcudart.so.11.0: failed to load library 'libcudart.so.11.0' via callback 'DP_cudart_dlopen'
implib-gen: libcudart.so.11.0: failed to resolve symbol '__cudaRegisterFunction', library failed to load
implib-gen: libcudart.so.11.0: failed to load library 'libcudart.so.11.0' via callback 'DP_cudart_dlopen'
implib-gen: libcudart.so.11.0: failed to resolve symbol '__cudaRegisterFatBinaryEnd', library failed to load
DeePMD-kit: Cannot find libcudart.so.11.0
implib-gen: libcudart.so.11.0: failed to load library 'libcudart.so.11.0' via callback 'DP_cudart_dlopen'
implib-gen: libcudart.so.11.0: failed to resolve symbol '__cudaRegisterFatBinary', library failed to load
implib-gen: libcudart.so.11.0: failed to load library 'libcudart.so.11.0' via callback 'DP_cudart_dlopen'
implib-gen: libcudart.so.11.0: failed to resolve symbol '__cudaRegisterFunction', library failed to load
implib-gen: libcudart.so.11.0: failed to load library 'libcudart.so.11.0' via callback 'DP_cudart_dlopen'
implib-gen: libcudart.so.11.0: failed to resolve symbol '__cudaRegisterFatBinaryEnd', library failed to load
2025-03-14 05:59:51.125728: E tensorflow/compiler/xla/stream_executor/cuda/cuda_dnn.cc:9342] Unable to register cuDNN factory: Attempting to register factory for plugin cuDNN when one has already been registered
2025-03-14 05:59:51.125756: E tensorflow/compiler/xla/stream_executor/cuda/cuda_fft.cc:609] Unable to register cuFFT factory: Attempting to register factory for plugin cuFFT when one has already been registered
2025-03-14 05:59:51.125782: E tensorflow/compiler/xla/stream_executor/cuda/cuda_blas.cc:1518] Unable to register cuBLAS factory: Attempting to register factory for plugin cuBLAS when one has already been registered
DeePMD-kit: Cannot find libcudart.so.11.0
implib-gen: libcudart.so.11.0: failed to load library 'libcudart.so.11.0' via callback 'DP_cudart_dlopen'
implib-gen: libcudart.so.11.0: failed to resolve symbol '__cudaRegisterFatBinary', library failed to load
implib-gen: libcudart.so.11.0: failed to load library 'libcudart.so.11.0' via callback 'DP_cudart_dlopen'
implib-gen: libcudart.so.11.0: failed to resolve symbol '__cudaRegisterFunction', library failed to load
implib-gen: libcudart.so.11.0: failed to load library 'libcudart.so.11.0' via callback 'DP_cudart_dlopen'
implib-gen: libcudart.so.11.0: failed to resolve symbol '__cudaRegisterFatBinaryEnd', library failed to load
2025-03-14 05:59:51.125731: E tensorflow/compiler/xla/stream_executor/cuda/cuda_dnn.cc:9342] Unable to register cuDNN factory: Attempting to register factory for plugin cuDNN when one has already been registered
2025-03-14 05:59:51.125756: E tensorflow/compiler/xla/stream_executor/cuda/cuda_fft.cc:609] Unable to register cuFFT factory: Attempting to register factory for plugin cuFFT when one has already been registered
2025-03-14 05:59:51.125784: E tensorflow/compiler/xla/stream_executor/cuda/cuda_blas.cc:1518] Unable to register cuBLAS factory: Attempting to register factory for plugin cuBLAS when one has already been registered
DeePMD-kit: Cannot find libcudart.so.11.0
implib-gen: libcudart.so.11.0: failed to load library 'libcudart.so.11.0' via callback 'DP_cudart_dlopen'
implib-gen: libcudart.so.11.0: failed to resolve symbol '__cudaRegisterFatBinary', library failed to load
implib-gen: libcudart.so.11.0: failed to load library 'libcudart.so.11.0' via callback 'DP_cudart_dlopen'
implib-gen: libcudart.so.11.0: failed to resolve symbol '__cudaRegisterFunction', library failed to load
implib-gen: libcudart.so.11.0: failed to load library 'libcudart.so.11.0' via callback 'DP_cudart_dlopen'
implib-gen: libcudart.so.11.0: failed to resolve symbol '__cudaRegisterFatBinaryEnd', library failed to load
DeePMD-kit: Cannot find libcudart.so.11.0
implib-gen: libcudart.so.11.0: failed to load library 'libcudart.so.11.0' via callback 'DP_cudart_dlopen'
implib-gen: libcudart.so.11.0: failed to resolve symbol '__cudaRegisterFatBinary', library failed to load
implib-gen: libcudart.so.11.0: failed to load library 'libcudart.so.11.0' via callback 'DP_cudart_dlopen'
implib-gen: libcudart.so.11.0: failed to resolve symbol '__cudaRegisterFunction', library failed to load
implib-gen: libcudart.so.11.0: failed to load library 'libcudart.so.11.0' via callback 'DP_cudart_dlopen'
implib-gen: libcudart.so.11.0: failed to resolve symbol '__cudaRegisterFatBinaryEnd', library failed to load
DeePMD-kit: Cannot find libcudart.so.11.0
implib-gen: libcudart.so.11.0: failed to load library 'libcudart.so.11.0' via callback 'DP_cudart_dlopen'
implib-gen: libcudart.so.11.0: failed to resolve symbol '__cudaRegisterFatBinary', library failed to load
implib-gen: libcudart.so.11.0: failed to load library 'libcudart.so.11.0' via callback 'DP_cudart_dlopen'
implib-gen: libcudart.so.11.0: failed to resolve symbol '__cudaRegisterFunction', library failed to load
implib-gen: libcudart.so.11.0: failed to load library 'libcudart.so.11.0' via callback 'DP_cudart_dlopen'
implib-gen: libcudart.so.11.0: failed to resolve symbol '__cudaRegisterFatBinaryEnd', library failed to load
2025-03-14 05:59:51.126083: E tensorflow/compiler/xla/stream_executor/cuda/cuda_dnn.cc:9342] Unable to register cuDNN factory: Attempting to register factory for plugin cuDNN when one has already been registered
2025-03-14 05:59:51.126112: E tensorflow/compiler/xla/stream_executor/cuda/cuda_fft.cc:609] Unable to register cuFFT factory: Attempting to register factory for plugin cuFFT when one has already been registered
2025-03-14 05:59:51.126145: E tensorflow/compiler/xla/stream_executor/cuda/cuda_blas.cc:1518] Unable to register cuBLAS factory: Attempting to register factory for plugin cuBLAS when one has already been registered
DeePMD-kit: Cannot find libcudart.so.11.0
implib-gen: libcudart.so.11.0: failed to load library 'libcudart.so.11.0' via callback 'DP_cudart_dlopen'
implib-gen: libcudart.so.11.0: failed to resolve symbol '__cudaRegisterFatBinary', library failed to load
implib-gen: libcudart.so.11.0: failed to load library 'libcudart.so.11.0' via callback 'DP_cudart_dlopen'
implib-gen: libcudart.so.11.0: failed to resolve symbol '__cudaRegisterFunction', library failed to load
implib-gen: libcudart.so.11.0: failed to load library 'libcudart.so.11.0' via callback 'DP_cudart_dlopen'
implib-gen: libcudart.so.11.0: failed to resolve symbol '__cudaRegisterFatBinaryEnd', library failed to load
2025-03-14 05:59:51.126083: E tensorflow/compiler/xla/stream_executor/cuda/cuda_dnn.cc:9342] Unable to register cuDNN factory: Attempting to register factory for plugin cuDNN when one has already been registered
2025-03-14 05:59:51.126112: E tensorflow/compiler/xla/stream_executor/cuda/cuda_fft.cc:609] Unable to register cuFFT factory: Attempting to register factory for plugin cuFFT when one has already been registered
2025-03-14 05:59:51.126145: E tensorflow/compiler/xla/stream_executor/cuda/cuda_blas.cc:1518] Unable to register cuBLAS factory: Attempting to register factory for plugin cuBLAS when one has already been registered
DeePMD-kit: Cannot find libcudart.so.11.0
implib-gen: libcudart.so.11.0: failed to load library 'libcudart.so.11.0' via callback 'DP_cudart_dlopen'
implib-gen: libcudart.so.11.0: failed to resolve symbol '__cudaRegisterFatBinary', library failed to load
implib-gen: libcudart.so.11.0: failed to load library 'libcudart.so.11.0' via callback 'DP_cudart_dlopen'
implib-gen: libcudart.so.11.0: failed to resolve symbol '__cudaRegisterFunction', library failed to load
implib-gen: libcudart.so.11.0: failed to load library 'libcudart.so.11.0' via callback 'DP_cudart_dlopen'
implib-gen: libcudart.so.11.0: failed to resolve symbol '__cudaRegisterFatBinaryEnd', library failed to load
2025-03-14 05:59:51.126623: E tensorflow/compiler/xla/stream_executor/cuda/cuda_dnn.cc:9342] Unable to register cuDNN factory: Attempting to register factory for plugin cuDNN when one has already been registered
2025-03-14 05:59:51.126650: E tensorflow/compiler/xla/stream_executor/cuda/cuda_fft.cc:609] Unable to register cuFFT factory: Attempting to register factory for plugin cuFFT when one has already been registered
2025-03-14 05:59:51.126673: E tensorflow/compiler/xla/stream_executor/cuda/cuda_blas.cc:1518] Unable to register cuBLAS factory: Attempting to register factory for plugin cuBLAS when one has already been registered
2025-03-14 05:59:51.126623: E tensorflow/compiler/xla/stream_executor/cuda/cuda_dnn.cc:9342] Unable to register cuDNN factory: Attempting to register factory for plugin cuDNN when one has already been registered
2025-03-14 05:59:51.126650: E tensorflow/compiler/xla/stream_executor/cuda/cuda_fft.cc:609] Unable to register cuFFT factory: Attempting to register factory for plugin cuFFT when one has already been registered
2025-03-14 05:59:51.126674: E tensorflow/compiler/xla/stream_executor/cuda/cuda_blas.cc:1518] Unable to register cuBLAS factory: Attempting to register factory for plugin cuBLAS when one has already been registered
2025-03-14 05:59:51.128058: E tensorflow/compiler/xla/stream_executor/cuda/cuda_dnn.cc:9342] Unable to register cuDNN factory: Attempting to register factory for plugin cuDNN when one has already been registered
2025-03-14 05:59:51.128084: E tensorflow/compiler/xla/stream_executor/cuda/cuda_fft.cc:609] Unable to register cuFFT factory: Attempting to register factory for plugin cuFFT when one has already been registered
2025-03-14 05:59:51.128109: E tensorflow/compiler/xla/stream_executor/cuda/cuda_blas.cc:1518] Unable to register cuBLAS factory: Attempting to register factory for plugin cuBLAS when one has already been registered
2025-03-14 05:59:51.128058: E tensorflow/compiler/xla/stream_executor/cuda/cuda_dnn.cc:9342] Unable to register cuDNN factory: Attempting to register factory for plugin cuDNN when one has already been registered
2025-03-14 05:59:51.128084: E tensorflow/compiler/xla/stream_executor/cuda/cuda_fft.cc:609] Unable to register cuFFT factory: Attempting to register factory for plugin cuFFT when one has already been registered
2025-03-14 05:59:51.128108: E tensorflow/compiler/xla/stream_executor/cuda/cuda_blas.cc:1518] Unable to register cuBLAS factory: Attempting to register factory for plugin cuBLAS when one has already been registered
2025-03-14 05:59:51.128174: E tensorflow/compiler/xla/stream_executor/cuda/cuda_dnn.cc:9342] Unable to register cuDNN factory: Attempting to register factory for plugin cuDNN when one has already been registered
2025-03-14 05:59:51.128196: E tensorflow/compiler/xla/stream_executor/cuda/cuda_fft.cc:609] Unable to register cuFFT factory: Attempting to register factory for plugin cuFFT when one has already been registered
2025-03-14 05:59:51.128174: E tensorflow/compiler/xla/stream_executor/cuda/cuda_dnn.cc:9342] Unable to register cuDNN factory: Attempting to register factory for plugin cuDNN when one has already been registered
2025-03-14 05:59:51.128196: E tensorflow/compiler/xla/stream_executor/cuda/cuda_fft.cc:609] Unable to register cuFFT factory: Attempting to register factory for plugin cuFFT when one has already been registered
2025-03-14 05:59:51.128220: E tensorflow/compiler/xla/stream_executor/cuda/cuda_blas.cc:1518] Unable to register cuBLAS factory: Attempting to register factory for plugin cuBLAS when one has already been registered
2025-03-14 05:59:51.128222: E tensorflow/compiler/xla/stream_executor/cuda/cuda_blas.cc:1518] Unable to register cuBLAS factory: Attempting to register factory for plugin cuBLAS when one has already been registered
DeePMD-kit: Cannot find libcudart.so.11.0
implib-gen: libcudart.so.11.0: failed to load library 'libcudart.so.11.0' via callback 'DP_cudart_dlopen'
implib-gen: libcudart.so.11.0: failed to resolve symbol '__cudaRegisterFatBinary', library failed to load
implib-gen: libcudart.so.11.0: failed to load library 'libcudart.so.11.0' via callback 'DP_cudart_dlopen'
implib-gen: libcudart.so.11.0: failed to resolve symbol '__cudaRegisterFunction', library failed to load
implib-gen: libcudart.so.11.0: failed to load library 'libcudart.so.11.0' via callback 'DP_cudart_dlopen'
implib-gen: libcudart.so.11.0: failed to resolve symbol '__cudaRegisterFatBinaryEnd', library failed to load
DeePMD-kit: Cannot find libcudart.so.11.0
implib-gen: libcudart.so.11.0: failed to load library 'libcudart.so.11.0' via callback 'DP_cudart_dlopen'
implib-gen: libcudart.so.11.0: failed to resolve symbol '__cudaRegisterFatBinary', library failed to load
implib-gen: libcudart.so.11.0: failed to load library 'libcudart.so.11.0' via callback 'DP_cudart_dlopen'
implib-gen: libcudart.so.11.0: failed to resolve symbol '__cudaRegisterFunction', library failed to load
implib-gen: libcudart.so.11.0: failed to load library 'libcudart.so.11.0' via callback 'DP_cudart_dlopen'
implib-gen: libcudart.so.11.0: failed to resolve symbol '__cudaRegisterFatBinaryEnd', library failed to load
DeePMD-kit: Cannot find libcudart.so.11.0
implib-gen: libcudart.so.11.0: failed to load library 'libcudart.so.11.0' via callback 'DP_cudart_dlopen'
DeePMD-kit: Cannot find libcudart.so.11.0
implib-gen: libcudart.so.11.0: failed to load library 'libcudart.so.11.0' via callback 'DP_cudart_dlopen'
implib-gen: libcudart.so.11.0: failed to resolve symbol '__cudaRegisterFatBinary', library failed to load
implib-gen: libcudart.so.11.0: failed to load library 'libcudart.so.11.0' via callback 'DP_cudart_dlopen'
implib-gen: libcudart.so.11.0: failed to resolve symbol '__cudaRegisterFunction', library failed to load
implib-gen: libcudart.so.11.0: failed to load library 'libcudart.so.11.0' via callback 'DP_cudart_dlopen'
implib-gen: libcudart.so.11.0: failed to resolve symbol '__cudaRegisterFatBinaryEnd', library failed to load
implib-gen: libcudart.so.11.0: failed to resolve symbol '__cudaRegisterFatBinary', library failed to load
implib-gen: libcudart.so.11.0: failed to load library 'libcudart.so.11.0' via callback 'DP_cudart_dlopen'
implib-gen: libcudart.so.11.0: failed to resolve symbol '__cudaRegisterFunction', library failed to load
implib-gen: libcudart.so.11.0: failed to load library 'libcudart.so.11.0' via callback 'DP_cudart_dlopen'
implib-gen: libcudart.so.11.0: failed to resolve symbol '__cudaRegisterFatBinaryEnd', library failed to load
DeePMD-kit: Cannot find libcudart.so.11.0
implib-gen: libcudart.so.11.0: failed to load library 'libcudart.so.11.0' via callback 'DP_cudart_dlopen'
implib-gen: libcudart.so.11.0: failed to resolve symbol '__cudaRegisterFatBinary', library failed to load
DeePMD-kit: Cannot find libcudart.so.11.0
implib-gen: libcudart.so.11.0: failed to load library 'libcudart.so.11.0' via callback 'DP_cudart_dlopen'
implib-gen: libcudart.so.11.0: failed to resolve symbol '__cudaRegisterFatBinary', library failed to load
implib-gen: libcudart.so.11.0: failed to load library 'libcudart.so.11.0' via callback 'DP_cudart_dlopen'
implib-gen: libcudart.so.11.0: failed to resolve symbol '__cudaRegisterFunction', library failed to load
implib-gen: libcudart.so.11.0: failed to load library 'libcudart.so.11.0' via callback 'DP_cudart_dlopen'
implib-gen: libcudart.so.11.0: failed to resolve symbol '__cudaRegisterFunction', library failed to load
implib-gen: libcudart.so.11.0: failed to load library 'libcudart.so.11.0' via callback 'DP_cudart_dlopen'
implib-gen: libcudart.so.11.0: failed to resolve symbol '__cudaRegisterFatBinaryEnd', library failed to load
implib-gen: libcudart.so.11.0: failed to load library 'libcudart.so.11.0' via callback 'DP_cudart_dlopen'
implib-gen: libcudart.so.11.0: failed to resolve symbol '__cudaRegisterFatBinaryEnd', library failed to load
DeePMD-kit: Cannot find libcudart.so.11.0
implib-gen: libcudart.so.11.0: failed to load library 'libcudart.so.11.0' via callback 'DP_cudart_dlopen'
implib-gen: libcudart.so.11.0: failed to resolve symbol '__cudaRegisterFatBinary', library failed to load
implib-gen: libcudart.so.11.0: failed to load library 'libcudart.so.11.0' via callback 'DP_cudart_dlopen'
DeePMD-kit: Cannot find libcudart.so.11.0
implib-gen: libcudart.so.11.0: failed to load library 'libcudart.so.11.0' via callback 'DP_cudart_dlopen'
implib-gen: libcudart.so.11.0: failed to resolve symbol '__cudaRegisterFatBinary', library failed to load
implib-gen: libcudart.so.11.0: failed to load library 'libcudart.so.11.0' via callback 'DP_cudart_dlopen'
implib-gen: libcudart.so.11.0: failed to resolve symbol '__cudaRegisterFunction', library failed to load
DeePMD-kit: Cannot find libcudart.so.11.0
implib-gen: libcudart.so.11.0: failed to load library 'libcudart.so.11.0' via callback 'DP_cudart_dlopen'
implib-gen: libcudart.so.11.0: failed to resolve symbol '__cudaRegisterFatBinary', library failed to load
implib-gen: libcudart.so.11.0: failed to load library 'libcudart.so.11.0' via callback 'DP_cudart_dlopen'
implib-gen: libcudart.so.11.0: failed to resolve symbol '__cudaRegisterFunction', library failed to load
implib-gen: libcudart.so.11.0: failed to load library 'libcudart.so.11.0' via callback 'DP_cudart_dlopen'
implib-gen: libcudart.so.11.0: failed to resolve symbol '__cudaRegisterFatBinaryEnd', library failed to load
DeePMD-kit: Cannot find libcudart.so.11.0
implib-gen: libcudart.so.11.0: failed to load library 'libcudart.so.11.0' via callback 'DP_cudart_dlopen'
implib-gen: libcudart.so.11.0: failed to resolve symbol '__cudaRegisterFatBinary', library failed to load
implib-gen: libcudart.so.11.0: failed to load library 'libcudart.so.11.0' via callback 'DP_cudart_dlopen'
implib-gen: libcudart.so.11.0: failed to resolve symbol '__cudaRegisterFunction', library failed to load
implib-gen: libcudart.so.11.0: failed to load library 'libcudart.so.11.0' via callback 'DP_cudart_dlopen'
implib-gen: libcudart.so.11.0: failed to resolve symbol '__cudaRegisterFatBinaryEnd', library failed to load
DeePMD-kit: Cannot find libcudart.so.11.0
implib-gen: libcudart.so.11.0: failed to load library 'libcudart.so.11.0' via callback 'DP_cudart_dlopen'
implib-gen: libcudart.so.11.0: failed to resolve symbol '__cudaRegisterFatBinary', library failed to load
implib-gen: libcudart.so.11.0: failed to load library 'libcudart.so.11.0' via callback 'DP_cudart_dlopen'
implib-gen: libcudart.so.11.0: failed to resolve symbol '__cudaRegisterFunction', library failed to load
implib-gen: libcudart.so.11.0: failed to load library 'libcudart.so.11.0' via callback 'DP_cudart_dlopen'
implib-gen: libcudart.so.11.0: failed to resolve symbol '__cudaRegisterFatBinaryEnd', library failed to load
DeePMD-kit: Cannot find libcudart.so.11.0
implib-gen: libcudart.so.11.0: failed to load library 'libcudart.so.11.0' via callback 'DP_cudart_dlopen'
implib-gen: libcudart.so.11.0: failed to resolve symbol '__cudaRegisterFatBinary', library failed to load
implib-gen: libcudart.so.11.0: failed to load library 'libcudart.so.11.0' via callback 'DP_cudart_dlopen'
implib-gen: libcudart.so.11.0: failed to resolve symbol '__cudaRegisterFunction', library failed to load
implib-gen: libcudart.so.11.0: failed to load library 'libcudart.so.11.0' via callback 'DP_cudart_dlopen'
implib-gen: libcudart.so.11.0: failed to resolve symbol '__cudaRegisterFatBinaryEnd', library failed to load
implib-gen: libcudart.so.11.0: failed to resolve symbol '__cudaRegisterFunction', library failed to load
implib-gen: libcudart.so.11.0: failed to load library 'libcudart.so.11.0' via callback 'DP_cudart_dlopen'
implib-gen: libcudart.so.11.0: failed to resolve symbol '__cudaRegisterFatBinaryEnd', library failed to load
implib-gen: libcudart.so.11.0: failed to load library 'libcudart.so.11.0' via callback 'DP_cudart_dlopen'
implib-gen: libcudart.so.11.0: failed to resolve symbol '__cudaRegisterFatBinaryEnd', library failed to load
DeePMD-kit: Cannot find libcudart.so.11.0
implib-gen: libcudart.so.11.0: failed to load library 'libcudart.so.11.0' via callback 'DP_cudart_dlopen'
implib-gen: libcudart.so.11.0: failed to resolve symbol '__cudaRegisterFatBinary', library failed to load
implib-gen: libcudart.so.11.0: failed to load library 'libcudart.so.11.0' via callback 'DP_cudart_dlopen'
implib-gen: libcudart.so.11.0: failed to resolve symbol '__cudaRegisterFunction', library failed to load
implib-gen: libcudart.so.11.0: failed to load library 'libcudart.so.11.0' via callback 'DP_cudart_dlopen'
implib-gen: libcudart.so.11.0: failed to resolve symbol '__cudaRegisterFatBinaryEnd', library failed to load
2025-03-14 05:59:51.132357: E tensorflow/compiler/xla/stream_executor/cuda/cuda_dnn.cc:9342] Unable to register cuDNN factory: Attempting to register factory for plugin cuDNN when one has already been registered
2025-03-14 05:59:51.132386: E tensorflow/compiler/xla/stream_executor/cuda/cuda_fft.cc:609] Unable to register cuFFT factory: Attempting to register factory for plugin cuFFT when one has already been registered
2025-03-14 05:59:51.132410: E tensorflow/compiler/xla/stream_executor/cuda/cuda_blas.cc:1518] Unable to register cuBLAS factory: Attempting to register factory for plugin cuBLAS when one has already been registered
2025-03-14 05:59:51.132356: E tensorflow/compiler/xla/stream_executor/cuda/cuda_dnn.cc:9342] Unable to register cuDNN factory: Attempting to register factory for plugin cuDNN when one has already been registered
2025-03-14 05:59:51.132386: E tensorflow/compiler/xla/stream_executor/cuda/cuda_fft.cc:609] Unable to register cuFFT factory: Attempting to register factory for plugin cuFFT when one has already been registered
2025-03-14 05:59:51.132410: E tensorflow/compiler/xla/stream_executor/cuda/cuda_blas.cc:1518] Unable to register cuBLAS factory: Attempting to register factory for plugin cuBLAS when one has already been registered
2025-03-14 05:59:51.133188: E tensorflow/compiler/xla/stream_executor/cuda/cuda_dnn.cc:9342] Unable to register cuDNN factory: Attempting to register factory for plugin cuDNN when one has already been registered
2025-03-14 05:59:51.133207: E tensorflow/compiler/xla/stream_executor/cuda/cuda_fft.cc:609] Unable to register cuFFT factory: Attempting to register factory for plugin cuFFT when one has already been registered
2025-03-14 05:59:51.133232: E tensorflow/compiler/xla/stream_executor/cuda/cuda_blas.cc:1518] Unable to register cuBLAS factory: Attempting to register factory for plugin cuBLAS when one has already been registered
2025-03-14 05:59:51.133187: E tensorflow/compiler/xla/stream_executor/cuda/cuda_dnn.cc:9342] Unable to register cuDNN factory: Attempting to register factory for plugin cuDNN when one has already been registered
2025-03-14 05:59:51.133206: E tensorflow/compiler/xla/stream_executor/cuda/cuda_fft.cc:609] Unable to register cuFFT factory: Attempting to register factory for plugin cuFFT when one has already been registered
2025-03-14 05:59:51.133235: E tensorflow/compiler/xla/stream_executor/cuda/cuda_blas.cc:1518] Unable to register cuBLAS factory: Attempting to register factory for plugin cuBLAS when one has already been registered
DeePMD-kit: Cannot find libcudart.so.11.0
implib-gen: libcudart.so.11.0: failed to load library 'libcudart.so.11.0' via callback 'DP_cudart_dlopen'
implib-gen: libcudart.so.11.0: failed to resolve symbol '__cudaRegisterFatBinary', library failed to load
implib-gen: libcudart.so.11.0: failed to load library 'libcudart.so.11.0' via callback 'DP_cudart_dlopen'
implib-gen: libcudart.so.11.0: failed to resolve symbol '__cudaRegisterFunction', library failed to load
implib-gen: libcudart.so.11.0: failed to load library 'libcudart.so.11.0' via callback 'DP_cudart_dlopen'
implib-gen: libcudart.so.11.0: failed to resolve symbol '__cudaRegisterFatBinaryEnd', library failed to load
2025-03-14 05:59:51.134184: E tensorflow/compiler/xla/stream_executor/cuda/cuda_dnn.cc:9342] Unable to register cuDNN factory: Attempting to register factory for plugin cuDNN when one has already been registered
2025-03-14 05:59:51.134207: E tensorflow/compiler/xla/stream_executor/cuda/cuda_fft.cc:609] Unable to register cuFFT factory: Attempting to register factory for plugin cuFFT when one has already been registered
2025-03-14 05:59:51.134234: E tensorflow/compiler/xla/stream_executor/cuda/cuda_blas.cc:1518] Unable to register cuBLAS factory: Attempting to register factory for plugin cuBLAS when one has already been registered
2025-03-14 05:59:51.134184: E tensorflow/compiler/xla/stream_executor/cuda/cuda_dnn.cc:9342] Unable to register cuDNN factory: Attempting to register factory for plugin cuDNN when one has already been registered
2025-03-14 05:59:51.134207: E tensorflow/compiler/xla/stream_executor/cuda/cuda_fft.cc:609] Unable to register cuFFT factory: Attempting to register factory for plugin cuFFT when one has already been registered
2025-03-14 05:59:51.134231: E tensorflow/compiler/xla/stream_executor/cuda/cuda_blas.cc:1518] Unable to register cuBLAS factory: Attempting to register factory for plugin cuBLAS when one has already been registered
2025-03-14 05:59:51.134266: E tensorflow/compiler/xla/stream_executor/cuda/cuda_dnn.cc:9342] Unable to register cuDNN factory: Attempting to register factory for plugin cuDNN when one has already been registered
2025-03-14 05:59:51.134285: E tensorflow/compiler/xla/stream_executor/cuda/cuda_fft.cc:609] Unable to register cuFFT factory: Attempting to register factory for plugin cuFFT when one has already been registered
2025-03-14 05:59:51.134308: E tensorflow/compiler/xla/stream_executor/cuda/cuda_blas.cc:1518] Unable to register cuBLAS factory: Attempting to register factory for plugin cuBLAS when one has already been registered
2025-03-14 05:59:51.134267: E tensorflow/compiler/xla/stream_executor/cuda/cuda_dnn.cc:9342] Unable to register cuDNN factory: Attempting to register factory for plugin cuDNN when one has already been registered
2025-03-14 05:59:51.134285: E tensorflow/compiler/xla/stream_executor/cuda/cuda_fft.cc:609] Unable to register cuFFT factory: Attempting to register factory for plugin cuFFT when one has already been registered
2025-03-14 05:59:51.134307: E tensorflow/compiler/xla/stream_executor/cuda/cuda_blas.cc:1518] Unable to register cuBLAS factory: Attempting to register factory for plugin cuBLAS when one has already been registered
DeePMD-kit: Cannot find libcudart.so.11.0
implib-gen: libcudart.so.11.0: failed to load library 'libcudart.so.11.0' via callback 'DP_cudart_dlopen'
implib-gen: libcudart.so.11.0: failed to resolve symbol '__cudaRegisterFatBinary', library failed to load
implib-gen: libcudart.so.11.0: failed to load library 'libcudart.so.11.0' via callback 'DP_cudart_dlopen'
implib-gen: libcudart.so.11.0: failed to resolve symbol '__cudaRegisterFunction', library failed to load
DeePMD-kit: Cannot find libcudart.so.11.0
implib-gen: libcudart.so.11.0: failed to load library 'libcudart.so.11.0' via callback 'DP_cudart_dlopen'
implib-gen: libcudart.so.11.0: failed to resolve symbol '__cudaRegisterFatBinary', library failed to load
implib-gen: libcudart.so.11.0: failed to load library 'libcudart.so.11.0' via callback 'DP_cudart_dlopen'
implib-gen: libcudart.so.11.0: failed to resolve symbol '__cudaRegisterFunction', library failed to load
implib-gen: libcudart.so.11.0: failed to load library 'libcudart.so.11.0' via callback 'DP_cudart_dlopen'
implib-gen: libcudart.so.11.0: failed to resolve symbol '__cudaRegisterFatBinaryEnd', library failed to load
implib-gen: libcudart.so.11.0: failed to load library 'libcudart.so.11.0' via callback 'DP_cudart_dlopen'
implib-gen: libcudart.so.11.0: failed to resolve symbol '__cudaRegisterFatBinaryEnd', library failed to load
DeePMD-kit: Cannot find libcudart.so.11.0
implib-gen: libcudart.so.11.0: failed to load library 'libcudart.so.11.0' via callback 'DP_cudart_dlopen'
implib-gen: libcudart.so.11.0: failed to resolve symbol '__cudaRegisterFatBinary', library failed to load
implib-gen: libcudart.so.11.0: failed to load library 'libcudart.so.11.0' via callback 'DP_cudart_dlopen'
implib-gen: libcudart.so.11.0: failed to resolve symbol '__cudaRegisterFunction', library failed to load
DeePMD-kit: Cannot find libcudart.so.11.0
implib-gen: libcudart.so.11.0: failed to load library 'libcudart.so.11.0' via callback 'DP_cudart_dlopen'
implib-gen: libcudart.so.11.0: failed to resolve symbol '__cudaRegisterFatBinary', library failed to load
implib-gen: libcudart.so.11.0: failed to load library 'libcudart.so.11.0' via callback 'DP_cudart_dlopen'
implib-gen: libcudart.so.11.0: failed to resolve symbol '__cudaRegisterFunction', library failed to load
implib-gen: libcudart.so.11.0: failed to load library 'libcudart.so.11.0' via callback 'DP_cudart_dlopen'
implib-gen: libcudart.so.11.0: failed to resolve symbol '__cudaRegisterFatBinaryEnd', library failed to load
implib-gen: libcudart.so.11.0: failed to load library 'libcudart.so.11.0' via callback 'DP_cudart_dlopen'
implib-gen: libcudart.so.11.0: failed to resolve symbol '__cudaRegisterFatBinaryEnd', library failed to load
DeePMD-kit: Cannot find libcudart.so.11.0
DeePMD-kit: Cannot find libcudart.so.11.0
implib-gen: libcudart.so.11.0: failed to load library 'libcudart.so.11.0' via callback 'DP_cudart_dlopen'
implib-gen: libcudart.so.11.0: failed to resolve symbol '__cudaRegisterFatBinary', library failed to load
implib-gen: libcudart.so.11.0: failed to load library 'libcudart.so.11.0' via callback 'DP_cudart_dlopen'
implib-gen: libcudart.so.11.0: failed to resolve symbol '__cudaRegisterFatBinary', library failed to load
implib-gen: libcudart.so.11.0: failed to load library 'libcudart.so.11.0' via callback 'DP_cudart_dlopen'
implib-gen: libcudart.so.11.0: failed to resolve symbol '__cudaRegisterFunction', library failed to load
implib-gen: libcudart.so.11.0: failed to load library 'libcudart.so.11.0' via callback 'DP_cudart_dlopen'
implib-gen: libcudart.so.11.0: failed to resolve symbol '__cudaRegisterFunction', library failed to load
implib-gen: libcudart.so.11.0: failed to load library 'libcudart.so.11.0' via callback 'DP_cudart_dlopen'
implib-gen: libcudart.so.11.0: failed to resolve symbol '__cudaRegisterFatBinaryEnd', library failed to load
implib-gen: libcudart.so.11.0: failed to load library 'libcudart.so.11.0' via callback 'DP_cudart_dlopen'
implib-gen: libcudart.so.11.0: failed to resolve symbol '__cudaRegisterFatBinaryEnd', library failed to load
DeePMD-kit: Cannot find libcudart.so.11.0
implib-gen: libcudart.so.11.0: failed to load library 'libcudart.so.11.0' via callback 'DP_cudart_dlopen'
implib-gen: libcudart.so.11.0: failed to resolve symbol '__cudaRegisterFatBinary', library failed to load
implib-gen: libcudart.so.11.0: failed to load library 'libcudart.so.11.0' via callback 'DP_cudart_dlopen'
implib-gen: libcudart.so.11.0: failed to resolve symbol '__cudaRegisterFunction', library failed to load
implib-gen: libcudart.so.11.0: failed to load library 'libcudart.so.11.0' via callback 'DP_cudart_dlopen'
implib-gen: libcudart.so.11.0: failed to resolve symbol '__cudaRegisterFatBinaryEnd', library failed to load
DeePMD-kit: Cannot find libcudart.so.11.0
implib-gen: libcudart.so.11.0: failed to load library 'libcudart.so.11.0' via callback 'DP_cudart_dlopen'
implib-gen: libcudart.so.11.0: failed to resolve symbol '__cudaRegisterFatBinary', library failed to load
implib-gen: libcudart.so.11.0: failed to load library 'libcudart.so.11.0' via callback 'DP_cudart_dlopen'
implib-gen: libcudart.so.11.0: failed to resolve symbol '__cudaRegisterFunction', library failed to load
implib-gen: libcudart.so.11.0: failed to load library 'libcudart.so.11.0' via callback 'DP_cudart_dlopen'
implib-gen: libcudart.so.11.0: failed to resolve symbol '__cudaRegisterFatBinaryEnd', library failed to load
DeePMD-kit: Cannot find libcudart.so.11.0
implib-gen: libcudart.so.11.0: failed to load library 'libcudart.so.11.0' via callback 'DP_cudart_dlopen'
implib-gen: libcudart.so.11.0: failed to resolve symbol '__cudaRegisterFatBinary', library failed to load
implib-gen: libcudart.so.11.0: failed to load library 'libcudart.so.11.0' via callback 'DP_cudart_dlopen'
implib-gen: libcudart.so.11.0: failed to resolve symbol '__cudaRegisterFunction', library failed to load
implib-gen: libcudart.so.11.0: failed to load library 'libcudart.so.11.0' via callback 'DP_cudart_dlopen'
implib-gen: libcudart.so.11.0: failed to resolve symbol '__cudaRegisterFatBinaryEnd', library failed to load
DeePMD-kit: Cannot find libcudart.so.11.0
implib-gen: libcudart.so.11.0: failed to load library 'libcudart.so.11.0' via callback 'DP_cudart_dlopen'
implib-gen: libcudart.so.11.0: failed to resolve symbol '__cudaRegisterFatBinary', library failed to load
implib-gen: libcudart.so.11.0: failed to load library 'libcudart.so.11.0' via callback 'DP_cudart_dlopen'
implib-gen: libcudart.so.11.0: failed to resolve symbol '__cudaRegisterFunction', library failed to load
implib-gen: libcudart.so.11.0: failed to load library 'libcudart.so.11.0' via callback 'DP_cudart_dlopen'
implib-gen: libcudart.so.11.0: failed to resolve symbol '__cudaRegisterFatBinaryEnd', library failed to load
2025-03-14 05:59:51.139343: E tensorflow/compiler/xla/stream_executor/cuda/cuda_dnn.cc:9342] Unable to register cuDNN factory: Attempting to register factory for plugin cuDNN when one has already been registered
2025-03-14 05:59:51.139363: E tensorflow/compiler/xla/stream_executor/cuda/cuda_fft.cc:609] Unable to register cuFFT factory: Attempting to register factory for plugin cuFFT when one has already been registered
2025-03-14 05:59:51.139387: E tensorflow/compiler/xla/stream_executor/cuda/cuda_blas.cc:1518] Unable to register cuBLAS factory: Attempting to register factory for plugin cuBLAS when one has already been registered
2025-03-14 05:59:51.139343: E tensorflow/compiler/xla/stream_executor/cuda/cuda_dnn.cc:9342] Unable to register cuDNN factory: Attempting to register factory for plugin cuDNN when one has already been registered
2025-03-14 05:59:51.139363: E tensorflow/compiler/xla/stream_executor/cuda/cuda_fft.cc:609] Unable to register cuFFT factory: Attempting to register factory for plugin cuFFT when one has already been registered
2025-03-14 05:59:51.139387: E tensorflow/compiler/xla/stream_executor/cuda/cuda_blas.cc:1518] Unable to register cuBLAS factory: Attempting to register factory for plugin cuBLAS when one has already been registered
2025-03-14 05:59:51.140174: E tensorflow/compiler/xla/stream_executor/cuda/cuda_dnn.cc:9342] Unable to register cuDNN factory: Attempting to register factory for plugin cuDNN when one has already been registered
2025-03-14 05:59:51.140194: E tensorflow/compiler/xla/stream_executor/cuda/cuda_fft.cc:609] Unable to register cuFFT factory: Attempting to register factory for plugin cuFFT when one has already been registered
2025-03-14 05:59:51.140223: E tensorflow/compiler/xla/stream_executor/cuda/cuda_blas.cc:1518] Unable to register cuBLAS factory: Attempting to register factory for plugin cuBLAS when one has already been registered
DeePMD-kit: Cannot find libcudart.so.11.0
implib-gen: libcudart.so.11.0: failed to load library 'libcudart.so.11.0' via callback 'DP_cudart_dlopen'
implib-gen: libcudart.so.11.0: failed to resolve symbol '__cudaRegisterFatBinary', library failed to load
implib-gen: libcudart.so.11.0: failed to load library 'libcudart.so.11.0' via callback 'DP_cudart_dlopen'
implib-gen: libcudart.so.11.0: failed to resolve symbol '__cudaRegisterFunction', library failed to load
implib-gen: libcudart.so.11.0: failed to load library 'libcudart.so.11.0' via callback 'DP_cudart_dlopen'
implib-gen: libcudart.so.11.0: failed to resolve symbol '__cudaRegisterFatBinaryEnd', library failed to load
DeePMD-kit: Cannot find libcudart.so.11.0
implib-gen: libcudart.so.11.0: failed to load library 'libcudart.so.11.0' via callback 'DP_cudart_dlopen'
implib-gen: libcudart.so.11.0: failed to resolve symbol '__cudaRegisterFatBinary', library failed to load
implib-gen: libcudart.so.11.0: failed to load library 'libcudart.so.11.0' via callback 'DP_cudart_dlopen'
implib-gen: libcudart.so.11.0: failed to resolve symbol '__cudaRegisterFunction', library failed to load
implib-gen: libcudart.so.11.0: failed to load library 'libcudart.so.11.0' via callback 'DP_cudart_dlopen'
implib-gen: libcudart.so.11.0: failed to resolve symbol '__cudaRegisterFatBinaryEnd', library failed to load
2025-03-14 05:59:51.140844: E tensorflow/compiler/xla/stream_executor/cuda/cuda_dnn.cc:9342] Unable to register cuDNN factory: Attempting to register factory for plugin cuDNN when one has already been registered
2025-03-14 05:59:51.140863: E tensorflow/compiler/xla/stream_executor/cuda/cuda_fft.cc:609] Unable to register cuFFT factory: Attempting to register factory for plugin cuFFT when one has already been registered
2025-03-14 05:59:51.140890: E tensorflow/compiler/xla/stream_executor/cuda/cuda_blas.cc:1518] Unable to register cuBLAS factory: Attempting to register factory for plugin cuBLAS when one has already been registered
2025-03-14 05:59:51.140844: E tensorflow/compiler/xla/stream_executor/cuda/cuda_dnn.cc:9342] Unable to register cuDNN factory: Attempting to register factory for plugin cuDNN when one has already been registered
2025-03-14 05:59:51.140865: E tensorflow/compiler/xla/stream_executor/cuda/cuda_fft.cc:609] Unable to register cuFFT factory: Attempting to register factory for plugin cuFFT when one has already been registered
2025-03-14 05:59:51.140888: E tensorflow/compiler/xla/stream_executor/cuda/cuda_blas.cc:1518] Unable to register cuBLAS factory: Attempting to register factory for plugin cuBLAS when one has already been registered
DeePMD-kit: Cannot find libcudart.so.11.0
implib-gen: libcudart.so.11.0: failed to load library 'libcudart.so.11.0' via callback 'DP_cudart_dlopen'
implib-gen: libcudart.so.11.0: failed to resolve symbol '__cudaRegisterFatBinary', library failed to load
implib-gen: libcudart.so.11.0: failed to load library 'libcudart.so.11.0' via callback 'DP_cudart_dlopen'
implib-gen: libcudart.so.11.0: failed to resolve symbol '__cudaRegisterFunction', library failed to load
DeePMD-kit: Cannot find libcudart.so.11.0
implib-gen: libcudart.so.11.0: failed to load library 'libcudart.so.11.0' via callback 'DP_cudart_dlopen'
implib-gen: libcudart.so.11.0: failed to resolve symbol '__cudaRegisterFatBinary', library failed to load
implib-gen: libcudart.so.11.0: failed to load library 'libcudart.so.11.0' via callback 'DP_cudart_dlopen'
implib-gen: libcudart.so.11.0: failed to resolve symbol '__cudaRegisterFunction', library failed to load
implib-gen: libcudart.so.11.0: failed to load library 'libcudart.so.11.0' via callback 'DP_cudart_dlopen'
implib-gen: libcudart.so.11.0: failed to resolve symbol '__cudaRegisterFatBinaryEnd', library failed to load
implib-gen: libcudart.so.11.0: failed to load library 'libcudart.so.11.0' via callback 'DP_cudart_dlopen'
implib-gen: libcudart.so.11.0: failed to resolve symbol '__cudaRegisterFatBinaryEnd', library failed to load
DeePMD-kit: Cannot find libcudart.so.11.0
implib-gen: libcudart.so.11.0: failed to load library 'libcudart.so.11.0' via callback 'DP_cudart_dlopen'
implib-gen: libcudart.so.11.0: failed to resolve symbol '__cudaRegisterFatBinary', library failed to load
implib-gen: libcudart.so.11.0: failed to load library 'libcudart.so.11.0' via callback 'DP_cudart_dlopen'
implib-gen: libcudart.so.11.0: failed to resolve symbol '__cudaRegisterFunction', library failed to load
implib-gen: libcudart.so.11.0: failed to load library 'libcudart.so.11.0' via callback 'DP_cudart_dlopen'
implib-gen: libcudart.so.11.0: failed to resolve symbol '__cudaRegisterFatBinaryEnd', library failed to load
DeePMD-kit: Cannot find libcudart.so.11.0
implib-gen: libcudart.so.11.0: failed to load library 'libcudart.so.11.0' via callback 'DP_cudart_dlopen'
implib-gen: libcudart.so.11.0: failed to resolve symbol '__cudaRegisterFatBinary', library failed to load
implib-gen: libcudart.so.11.0: failed to load library 'libcudart.so.11.0' via callback 'DP_cudart_dlopen'
implib-gen: libcudart.so.11.0: failed to resolve symbol '__cudaRegisterFunction', library failed to load
implib-gen: libcudart.so.11.0: failed to load library 'libcudart.so.11.0' via callback 'DP_cudart_dlopen'
implib-gen: libcudart.so.11.0: failed to resolve symbol '__cudaRegisterFatBinaryEnd', library failed to load
DeePMD-kit: Cannot find libcudart.so.11.0
DeePMD-kit: Cannot find libcudart.so.11.0
implib-gen: libcudart.so.11.0: failed to load library 'libcudart.so.11.0' via callback 'DP_cudart_dlopen'
implib-gen: libcudart.so.11.0: failed to resolve symbol '__cudaRegisterFatBinary', library failed to load
implib-gen: libcudart.so.11.0: failed to load library 'libcudart.so.11.0' via callback 'DP_cudart_dlopen'
implib-gen: libcudart.so.11.0: failed to resolve symbol '__cudaRegisterFatBinary', library failed to load
implib-gen: libcudart.so.11.0: failed to load library 'libcudart.so.11.0' via callback 'DP_cudart_dlopen'
implib-gen: libcudart.so.11.0: failed to resolve symbol '__cudaRegisterFunction', library failed to load
implib-gen: libcudart.so.11.0: failed to load library 'libcudart.so.11.0' via callback 'DP_cudart_dlopen'
implib-gen: libcudart.so.11.0: failed to resolve symbol '__cudaRegisterFatBinaryEnd', library failed to load
implib-gen: libcudart.so.11.0: failed to load library 'libcudart.so.11.0' via callback 'DP_cudart_dlopen'
implib-gen: libcudart.so.11.0: failed to resolve symbol '__cudaRegisterFunction', library failed to load
implib-gen: libcudart.so.11.0: failed to load library 'libcudart.so.11.0' via callback 'DP_cudart_dlopen'
implib-gen: libcudart.so.11.0: failed to resolve symbol '__cudaRegisterFatBinaryEnd', library failed to load
DeePMD-kit: Cannot find libcudart.so.11.0
implib-gen: libcudart.so.11.0: failed to load library 'libcudart.so.11.0' via callback 'DP_cudart_dlopen'
implib-gen: libcudart.so.11.0: failed to resolve symbol '__cudaRegisterFatBinary', library failed to load
implib-gen: libcudart.so.11.0: failed to load library 'libcudart.so.11.0' via callback 'DP_cudart_dlopen'
implib-gen: libcudart.so.11.0: failed to resolve symbol '__cudaRegisterFunction', library failed to load
implib-gen: libcudart.so.11.0: failed to load library 'libcudart.so.11.0' via callback 'DP_cudart_dlopen'
implib-gen: libcudart.so.11.0: failed to resolve symbol '__cudaRegisterFatBinaryEnd', library failed to load
DeePMD-kit: Cannot find libcudart.so.11.0
implib-gen: libcudart.so.11.0: failed to load library 'libcudart.so.11.0' via callback 'DP_cudart_dlopen'
implib-gen: libcudart.so.11.0: failed to resolve symbol '__cudaRegisterFatBinary', library failed to load
implib-gen: libcudart.so.11.0: failed to load library 'libcudart.so.11.0' via callback 'DP_cudart_dlopen'
implib-gen: libcudart.so.11.0: failed to resolve symbol '__cudaRegisterFunction', library failed to load
implib-gen: libcudart.so.11.0: failed to load library 'libcudart.so.11.0' via callback 'DP_cudart_dlopen'
implib-gen: libcudart.so.11.0: failed to resolve symbol '__cudaRegisterFatBinaryEnd', library failed to load
DeePMD-kit: Cannot find libcudart.so.11.0
implib-gen: libcudart.so.11.0: failed to load library 'libcudart.so.11.0' via callback 'DP_cudart_dlopen'
implib-gen: libcudart.so.11.0: failed to resolve symbol '__cudaRegisterFatBinary', library failed to load
implib-gen: libcudart.so.11.0: failed to load library 'libcudart.so.11.0' via callback 'DP_cudart_dlopen'
implib-gen: libcudart.so.11.0: failed to resolve symbol '__cudaRegisterFunction', library failed to load
implib-gen: libcudart.so.11.0: failed to load library 'libcudart.so.11.0' via callback 'DP_cudart_dlopen'
implib-gen: libcudart.so.11.0: failed to resolve symbol '__cudaRegisterFatBinaryEnd', library failed to load
2025-03-14 05:59:51.148567: E tensorflow/compiler/xla/stream_executor/cuda/cuda_dnn.cc:9342] Unable to register cuDNN factory: Attempting to register factory for plugin cuDNN when one has already been registered
2025-03-14 05:59:51.148591: E tensorflow/compiler/xla/stream_executor/cuda/cuda_fft.cc:609] Unable to register cuFFT factory: Attempting to register factory for plugin cuFFT when one has already been registered
2025-03-14 05:59:51.148568: E tensorflow/compiler/xla/stream_executor/cuda/cuda_dnn.cc:9342] Unable to register cuDNN factory: Attempting to register factory for plugin cuDNN when one has already been registered
2025-03-14 05:59:51.148591: E tensorflow/compiler/xla/stream_executor/cuda/cuda_fft.cc:609] Unable to register cuFFT factory: Attempting to register factory for plugin cuFFT when one has already been registered
2025-03-14 05:59:51.148616: E tensorflow/compiler/xla/stream_executor/cuda/cuda_blas.cc:1518] Unable to register cuBLAS factory: Attempting to register factory for plugin cuBLAS when one has already been registered
2025-03-14 05:59:51.148619: E tensorflow/compiler/xla/stream_executor/cuda/cuda_blas.cc:1518] Unable to register cuBLAS factory: Attempting to register factory for plugin cuBLAS when one has already been registered
2025-03-14 05:59:51.149458: E tensorflow/compiler/xla/stream_executor/cuda/cuda_dnn.cc:9342] Unable to register cuDNN factory: Attempting to register factory for plugin cuDNN when one has already been registered
2025-03-14 05:59:51.149483: E tensorflow/compiler/xla/stream_executor/cuda/cuda_fft.cc:609] Unable to register cuFFT factory: Attempting to register factory for plugin cuFFT when one has already been registered
2025-03-14 05:59:51.149509: E tensorflow/compiler/xla/stream_executor/cuda/cuda_blas.cc:1518] Unable to register cuBLAS factory: Attempting to register factory for plugin cuBLAS when one has already been registered
2025-03-14 05:59:51.149456: E tensorflow/compiler/xla/stream_executor/cuda/cuda_dnn.cc:9342] Unable to register cuDNN factory: Attempting to register factory for plugin cuDNN when one has already been registered
2025-03-14 05:59:51.149483: E tensorflow/compiler/xla/stream_executor/cuda/cuda_fft.cc:609] Unable to register cuFFT factory: Attempting to register factory for plugin cuFFT when one has already been registered
2025-03-14 05:59:51.149513: E tensorflow/compiler/xla/stream_executor/cuda/cuda_blas.cc:1518] Unable to register cuBLAS factory: Attempting to register factory for plugin cuBLAS when one has already been registered
DeePMD-kit: Cannot find libcudart.so.11.0
implib-gen: libcudart.so.11.0: failed to load library 'libcudart.so.11.0' via callback 'DP_cudart_dlopen'
implib-gen: libcudart.so.11.0: failed to resolve symbol '__cudaRegisterFatBinary', library failed to load
implib-gen: libcudart.so.11.0: failed to load library 'libcudart.so.11.0' via callback 'DP_cudart_dlopen'
implib-gen: libcudart.so.11.0: failed to resolve symbol '__cudaRegisterFunction', library failed to load
implib-gen: libcudart.so.11.0: failed to load library 'libcudart.so.11.0' via callback 'DP_cudart_dlopen'
implib-gen: libcudart.so.11.0: failed to resolve symbol '__cudaRegisterFatBinaryEnd', library failed to load
DeePMD-kit: Cannot find libcudart.so.11.0
implib-gen: libcudart.so.11.0: failed to load library 'libcudart.so.11.0' via callback 'DP_cudart_dlopen'
implib-gen: libcudart.so.11.0: failed to resolve symbol '__cudaRegisterFatBinary', library failed to load
implib-gen: libcudart.so.11.0: failed to load library 'libcudart.so.11.0' via callback 'DP_cudart_dlopen'
implib-gen: libcudart.so.11.0: failed to resolve symbol '__cudaRegisterFunction', library failed to load
implib-gen: libcudart.so.11.0: failed to load library 'libcudart.so.11.0' via callback 'DP_cudart_dlopen'
implib-gen: libcudart.so.11.0: failed to resolve symbol '__cudaRegisterFatBinaryEnd', library failed to load
DeePMD-kit: Cannot find libcudart.so.11.0
implib-gen: libcudart.so.11.0: failed to load library 'libcudart.so.11.0' via callback 'DP_cudart_dlopen'
implib-gen: libcudart.so.11.0: failed to resolve symbol '__cudaRegisterFatBinary', library failed to load
implib-gen: libcudart.so.11.0: failed to load library 'libcudart.so.11.0' via callback 'DP_cudart_dlopen'
implib-gen: libcudart.so.11.0: failed to resolve symbol '__cudaRegisterFunction', library failed to load
implib-gen: libcudart.so.11.0: failed to load library 'libcudart.so.11.0' via callback 'DP_cudart_dlopen'
implib-gen: libcudart.so.11.0: failed to resolve symbol '__cudaRegisterFatBinaryEnd', library failed to load
DeePMD-kit: Cannot find libcudart.so.11.0
implib-gen: libcudart.so.11.0: failed to load library 'libcudart.so.11.0' via callback 'DP_cudart_dlopen'
implib-gen: libcudart.so.11.0: failed to resolve symbol '__cudaRegisterFatBinary', library failed to load
implib-gen: libcudart.so.11.0: failed to load library 'libcudart.so.11.0' via callback 'DP_cudart_dlopen'
implib-gen: libcudart.so.11.0: failed to resolve symbol '__cudaRegisterFunction', library failed to load
implib-gen: libcudart.so.11.0: failed to load library 'libcudart.so.11.0' via callback 'DP_cudart_dlopen'
implib-gen: libcudart.so.11.0: failed to resolve symbol '__cudaRegisterFatBinaryEnd', library failed to load
DeePMD-kit: Cannot find libcudart.so.11.0
implib-gen: libcudart.so.11.0: failed to load library 'libcudart.so.11.0' via callback 'DP_cudart_dlopen'
implib-gen: libcudart.so.11.0: failed to resolve symbol '__cudaRegisterFatBinary', library failed to load
implib-gen: libcudart.so.11.0: failed to load library 'libcudart.so.11.0' via callback 'DP_cudart_dlopen'
implib-gen: libcudart.so.11.0: failed to resolve symbol '__cudaRegisterFunction', library failed to load
implib-gen: libcudart.so.11.0: failed to load library 'libcudart.so.11.0' via callback 'DP_cudart_dlopen'
implib-gen: libcudart.so.11.0: failed to resolve symbol '__cudaRegisterFatBinaryEnd', library failed to load
DeePMD-kit: Cannot find libcudart.so.11.0
implib-gen: libcudart.so.11.0: failed to load library 'libcudart.so.11.0' via callback 'DP_cudart_dlopen'
implib-gen: libcudart.so.11.0: failed to resolve symbol '__cudaRegisterFatBinary', library failed to load
implib-gen: libcudart.so.11.0: failed to load library 'libcudart.so.11.0' via callback 'DP_cudart_dlopen'
DeePMD-kit: Cannot find libcudart.so.11.0
implib-gen: libcudart.so.11.0: failed to load library 'libcudart.so.11.0' via callback 'DP_cudart_dlopen'
implib-gen: libcudart.so.11.0: failed to resolve symbol '__cudaRegisterFatBinary', library failed to load
implib-gen: libcudart.so.11.0: failed to load library 'libcudart.so.11.0' via callback 'DP_cudart_dlopen'
implib-gen: libcudart.so.11.0: failed to resolve symbol '__cudaRegisterFunction', library failed to load
implib-gen: libcudart.so.11.0: failed to load library 'libcudart.so.11.0' via callback 'DP_cudart_dlopen'
implib-gen: libcudart.so.11.0: failed to resolve symbol '__cudaRegisterFatBinaryEnd', library failed to load
implib-gen: libcudart.so.11.0: failed to resolve symbol '__cudaRegisterFunction', library failed to load
implib-gen: libcudart.so.11.0: failed to load library 'libcudart.so.11.0' via callback 'DP_cudart_dlopen'
implib-gen: libcudart.so.11.0: failed to resolve symbol '__cudaRegisterFatBinaryEnd', library failed to load
[n2cn0663:4106183] MCW rank 11 bound to socket 0[core 44[hwt 0]]: [././././././././././././././././././././././././././././././././././././././././././././B/././././././././././././././././././.][./././././././././././././././././././././././././././././././././././././././././././././././././././././././././././././././.]
[n2cn0663:4106180] MCW rank 8 bound to socket 0[core 32[hwt 0]]: [././././././././././././././././././././././././././././././././B/././././././././././././././././././././././././././././././.][./././././././././././././././././././././././././././././././././././././././././././././././././././././././././././././././.]
[n2cn0663:4106183] MCW rank 11 bound to socket 0[core 44[hwt 0]]: [././././././././././././././././././././././././././././././././././././././././././././B/././././././././././././././././././.][./././././././././././././././././././././././././././././././././././././././././././././././././././././././././././././././.]
[n2cn0663:4106193] MCW rank 21 bound to socket 1[core 84[hwt 0]]: [./././././././././././././././././././././././././././././././././././././././././././././././././././././././././././././././.][././././././././././././././././././././B/././././././././././././././././././././././././././././././././././././././././././.]
[n2cn0663:4106180] MCW rank 8 bound to socket 0[core 32[hwt 0]]: [././././././././././././././././././././././././././././././././B/././././././././././././././././././././././././././././././.][./././././././././././././././././././././././././././././././././././././././././././././././././././././././././././././././.]
[n2cn0663:4106192] MCW rank 20 bound to socket 1[core 80[hwt 0]]: [./././././././././././././././././././././././././././././././././././././././././././././././././././././././././././././././.][././././././././././././././././B/././././././././././././././././././././././././././././././././././././././././././././././.]
[n2cn0663:4106193] MCW rank 21 bound to socket 1[core 84[hwt 0]]: [./././././././././././././././././././././././././././././././././././././././././././././././././././././././././././././././.][././././././././././././././././././././B/././././././././././././././././././././././././././././././././././././././././././.]
[n2cn0663:4106192] MCW rank 20 bound to socket 1[core 80[hwt 0]]: [./././././././././././././././././././././././././././././././././././././././././././././././././././././././././././././././.][././././././././././././././././B/././././././././././././././././././././././././././././././././././././././././././././././.]
[n2cn1050:559107] MCW rank 141 bound to socket 0[core 52[hwt 0]]: [././././././././././././././././././././././././././././././././././././././././././././././././././././B/././././././././././.][./././././././././././././././././././././././././././././././././././././././././././././././././././././././././././././././.]
[n2cn1050:559107] MCW rank 141 bound to socket 0[core 52[hwt 0]]: [././././././././././././././././././././././././././././././././././././././././././././././././././././B/././././././././././.][./././././././././././././././././././././././././././././././././././././././././././././././././././././././././././././././.]
[n2cn0663:4106191] MCW rank 19 bound to socket 1[core 76[hwt 0]]: [./././././././././././././././././././././././././././././././././././././././././././././././././././././././././././././././.][././././././././././././B/././././././././././././././././././././././././././././././././././././././././././././././././././.]
[n2cn0925:3848777] MCW rank 102 bound to socket 0[core 24[hwt 0]]: [././././././././././././././././././././././././B/././././././././././././././././././././././././././././././././././././././.][./././././././././././././././././././././././././././././././././././././././././././././././././././././././././././././././.]
[n2cn0663:4106191] MCW rank 19 bound to socket 1[core 76[hwt 0]]: [./././././././././././././././././././././././././././././././././././././././././././././././././././././././././././././././.][././././././././././././B/././././././././././././././././././././././././././././././././././././././././././././././././././.]
[n2cn0925:3848777] MCW rank 102 bound to socket 0[core 24[hwt 0]]: [././././././././././././././././././././././././B/././././././././././././././././././././././././././././././././././././././.][./././././././././././././././././././././././././././././././././././././././././././././././././././././././././././././././.]
[n2cn0663:4106179] MCW rank 7 bound to socket 0[core 28[hwt 0]]: [././././././././././././././././././././././././././././B/././././././././././././././././././././././././././././././././././.][./././././././././././././././././././././././././././././././././././././././././././././././././././././././././././././././.]
[n2cn0663:4106179] MCW rank 7 bound to socket 0[core 28[hwt 0]]: [././././././././././././././././././././././././././././B/././././././././././././././././././././././././././././././././././.][./././././././././././././././././././././././././././././././././././././././././././././././././././././././././././././././.]
[n2cn0663:4106187] MCW rank 15 bound to socket 0[core 60[hwt 0]]: [././././././././././././././././././././././././././././././././././././././././././././././././././././././././././././B/././.][./././././././././././././././././././././././././././././././././././././././././././././././././././././././././././././././.]
[n2cn0663:4106178] MCW rank 6 bound to socket 0[core 24[hwt 0]]: [././././././././././././././././././././././././B/././././././././././././././././././././././././././././././././././././././.][./././././././././././././././././././././././././././././././././././././././././././././././././././././././././././././././.]
[n2cn0663:4106187] MCW rank 15 bound to socket 0[core 60[hwt 0]]: [././././././././././././././././././././././././././././././././././././././././././././././././././././././././././././B/././.][./././././././././././././././././././././././././././././././././././././././././././././././././././././././././././././././.]
[n2cn0663:4106178] MCW rank 6 bound to socket 0[core 24[hwt 0]]: [././././././././././././././././././././././././B/././././././././././././././././././././././././././././././././././././././.][./././././././././././././././././././././././././././././././././././././././././././././././././././././././././././././././.]
[n2cn0663:4106190] MCW rank 18 bound to socket 1[core 72[hwt 0]]: [./././././././././././././././././././././././././././././././././././././././././././././././././././././././././././././././.][././././././././B/././././././././././././././././././././././././././././././././././././././././././././././././././././././.]
[n2cn0663:4106190] MCW rank 18 bound to socket 1[core 72[hwt 0]]: [./././././././././././././././././././././././././././././././././././././././././././././././././././././././././././././././.][././././././././B/././././././././././././././././././././././././././././././././././././././././././././././././././././././.]
[n2cn0925:3848778] MCW rank 103 bound to socket 0[core 28[hwt 0]]: [././././././././././././././././././././././././././././B/././././././././././././././././././././././././././././././././././.][./././././././././././././././././././././././././././././././././././././././././././././././././././././././././././././././.]
[n2cn0925:3848778] MCW rank 103 bound to socket 0[core 28[hwt 0]]: [././././././././././././././././././././././././././././B/././././././././././././././././././././././././././././././././././.][./././././././././././././././././././././././././././././././././././././././././././././././././././././././././././././././.]
[n2cn0663:4106177] MCW rank 5 bound to socket 0[core 20[hwt 0]]: [././././././././././././././././././././B/././././././././././././././././././././././././././././././././././././././././././.][./././././././././././././././././././././././././././././././././././././././././././././././././././././././././././././././.]
[n2cn0663:4106177] MCW rank 5 bound to socket 0[core 20[hwt 0]]: [././././././././././././././././././././B/././././././././././././././././././././././././././././././././././././././././././.][./././././././././././././././././././././././././././././././././././././././././././././././././././././././././././././././.]
[n2cn0663:4106185] MCW rank 13 bound to socket 0[core 52[hwt 0]]: [././././././././././././././././././././././././././././././././././././././././././././././././././././B/././././././././././.][./././././././././././././././././././././././././././././././././././././././././././././././././././././././././././././././.]
[n2cn0663:4106199] MCW rank 27 bound to socket 1[core 108[hwt 0]]: [./././././././././././././././././././././././././././././././././././././././././././././././././././././././././././././././.][././././././././././././././././././././././././././././././././././././././././././././B/././././././././././././././././././.]
[n2cn1080:1002747] MCW rank 179 bound to socket 1[core 76[hwt 0]]: [./././././././././././././././././././././././././././././././././././././././././././././././././././././././././././././././.][././././././././././././B/././././././././././././././././././././././././././././././././././././././././././././././././././.]
[n2cn0663:4106185] MCW rank 13 bound to socket 0[core 52[hwt 0]]: [././././././././././././././././././././././././././././././././././././././././././././././././././././B/././././././././././.][./././././././././././././././././././././././././././././././././././././././././././././././././././././././././././././././.]
[n2cn0663:4106199] MCW rank 27 bound to socket 1[core 108[hwt 0]]: [./././././././././././././././././././././././././././././././././././././././././././././././././././././././././././././././.][././././././././././././././././././././././././././././././././././././././././././././B/././././././././././././././././././.]
[n2cn1080:1002747] MCW rank 179 bound to socket 1[core 76[hwt 0]]: [./././././././././././././././././././././././././././././././././././././././././././././././././././././././././././././././.][././././././././././././B/././././././././././././././././././././././././././././././././././././././././././././././././././.]
[n2cn1080:1002746] MCW rank 178 bound to socket 1[core 72[hwt 0]]: [./././././././././././././././././././././././././././././././././././././././././././././././././././././././././././././././.][././././././././B/././././././././././././././././././././././././././././././././././././././././././././././././././././././.]
[n2cn1080:1002746] MCW rank 178 bound to socket 1[core 72[hwt 0]]: [./././././././././././././././././././././././././././././././././././././././././././././././././././././././././././././././.][././././././././B/././././././././././././././././././././././././././././././././././././././././././././././././././././././.]
[n2cn0663:4106195] MCW rank 23 bound to socket 1[core 92[hwt 0]]: [./././././././././././././././././././././././././././././././././././././././././././././././././././././././././././././././.][././././././././././././././././././././././././././././B/././././././././././././././././././././././././././././././././././.]
[n2cn0663:4106189] MCW rank 17 bound to socket 1[core 68[hwt 0]]: [./././././././././././././././././././././././././././././././././././././././././././././././././././././././././././././././.][././././B/././././././././././././././././././././././././././././././././././././././././././././././././././././././././././.]
[n2cn0663:4106197] MCW rank 25 bound to socket 1[core 100[hwt 0]]: [./././././././././././././././././././././././././././././././././././././././././././././././././././././././././././././././.][././././././././././././././././././././././././././././././././././././B/././././././././././././././././././././././././././.]
[n2cn0663:4106203] MCW rank 31 bound to socket 1[core 124[hwt 0]]: [./././././././././././././././././././././././././././././././././././././././././././././././././././././././././././././././.][././././././././././././././././././././././././././././././././././././././././././././././././././././././././././././B/././.]
[n2cn0663:4106195] MCW rank 23 bound to socket 1[core 92[hwt 0]]: [./././././././././././././././././././././././././././././././././././././././././././././././././././././././././././././././.][././././././././././././././././././././././././././././B/././././././././././././././././././././././././././././././././././.]
[n2cn0663:4106189] MCW rank 17 bound to socket 1[core 68[hwt 0]]: [./././././././././././././././././././././././././././././././././././././././././././././././././././././././././././././././.][././././B/././././././././././././././././././././././././././././././././././././././././././././././././././././././././././.]
[n2cn0663:4106197] MCW rank 25 bound to socket 1[core 100[hwt 0]]: [./././././././././././././././././././././././././././././././././././././././././././././././././././././././././././././././.][././././././././././././././././././././././././././././././././././././B/././././././././././././././././././././././././././.]
[n2cn0663:4106203] MCW rank 31 bound to socket 1[core 124[hwt 0]]: [./././././././././././././././././././././././././././././././././././././././././././././././././././././././././././././././.][././././././././././././././././././././././././././././././././././././././././././././././././././././././././././././B/././.]
[n2cn0663:4106201] MCW rank 29 bound to socket 1[core 116[hwt 0]]: [./././././././././././././././././././././././././././././././././././././././././././././././././././././././././././././././.][././././././././././././././././././././././././././././././././././././././././././././././././././././B/././././././././././.]
[n2cn0663:4106201] MCW rank 29 bound to socket 1[core 116[hwt 0]]: [./././././././././././././././././././././././././././././././././././././././././././././././././././././././././././././././.][././././././././././././././././././././././././././././././././././././././././././././././././././././B/././././././././././.]
[n2cn0663:4106181] MCW rank 9 bound to socket 0[core 36[hwt 0]]: [././././././././././././././././././././././././././././././././././././B/././././././././././././././././././././././././././.][./././././././././././././././././././././././././././././././././././././././././././././././././././././././././././././././.]
[n2cn0663:4106181] MCW rank 9 bound to socket 0[core 36[hwt 0]]: [././././././././././././././././././././././././././././././././././././B/././././././././././././././././././././././././././.][./././././././././././././././././././././././././././././././././././././././././././././././././././././././././././././././.]
[n2cn0925:3848790] MCW rank 115 bound to socket 1[core 76[hwt 0]]: [./././././././././././././././././././././././././././././././././././././././././././././././././././././././././././././././.][././././././././././././B/././././././././././././././././././././././././././././././././././././././././././././././././././.]
[n2cn0925:3848790] MCW rank 115 bound to socket 1[core 76[hwt 0]]: [./././././././././././././././././././././././././././././././././././././././././././././././././././././././././././././././.][././././././././././././B/././././././././././././././././././././././././././././././././././././././././././././././././././.]
[n2cn0925:3848789] MCW rank 114 bound to socket 1[core 72[hwt 0]]: [./././././././././././././././././././././././././././././././././././././././././././././././././././././././././././././././.][././././././././B/././././././././././././././././././././././././././././././././././././././././././././././././././././././.]
[n2cn0925:3848789] MCW rank 114 bound to socket 1[core 72[hwt 0]]: [./././././././././././././././././././././././././././././././././././././././././././././././././././././././././././././././.][././././././././B/././././././././././././././././././././././././././././././././././././././././././././././././././././././.]
[n2cn0663:4106194] MCW rank 22 bound to socket 1[core 88[hwt 0]]: [./././././././././././././././././././././././././././././././././././././././././././././././././././././././././././././././.][././././././././././././././././././././././././B/././././././././././././././././././././././././././././././././././././././.]
[n2cn0663:4106176] MCW rank 4 bound to socket 0[core 16[hwt 0]]: [././././././././././././././././B/././././././././././././././././././././././././././././././././././././././././././././././.][./././././././././././././././././././././././././././././././././././././././././././././././././././././././././././././././.]
[n2cn0663:4106172] MCW rank 0 bound to socket 0[core 0[hwt 0]]: [B/././././././././././././././././././././././././././././././././././././././././././././././././././././././././././././././.][./././././././././././././././././././././././././././././././././././././././././././././././././././././././././././././././.]
[n2cn0663:4106184] MCW rank 12 bound to socket 0[core 48[hwt 0]]: [././././././././././././././././././././././././././././././././././././././././././././././././B/././././././././././././././.][./././././././././././././././././././././././././././././././././././././././././././././././././././././././././././././././.]
[n2cn0663:4106194] MCW rank 22 bound to socket 1[core 88[hwt 0]]: [./././././././././././././././././././././././././././././././././././././././././././././././././././././././././././././././.][././././././././././././././././././././././././B/././././././././././././././././././././././././././././././././././././././.]
[n2cn0663:4106176] MCW rank 4 bound to socket 0[core 16[hwt 0]]: [././././././././././././././././B/././././././././././././././././././././././././././././././././././././././././././././././.][./././././././././././././././././././././././././././././././././././././././././././././././././././././././././././././././.]
[n2cn0663:4106200] MCW rank 28 bound to socket 1[core 112[hwt 0]]: [./././././././././././././././././././././././././././././././././././././././././././././././././././././././././././././././.][././././././././././././././././././././././././././././././././././././././././././././././././B/././././././././././././././.]
[n2cn0663:4106172] MCW rank 0 bound to socket 0[core 0[hwt 0]]: [B/././././././././././././././././././././././././././././././././././././././././././././././././././././././././././././././.][./././././././././././././././././././././././././././././././././././././././././././././././././././././././././././././././.]
[n2cn0663:4106184] MCW rank 12 bound to socket 0[core 48[hwt 0]]: [././././././././././././././././././././././././././././././././././././././././././././././././B/././././././././././././././.][./././././././././././././././././././././././././././././././././././././././././././././././././././././././././././././././.]
[n2cn0663:4106188] MCW rank 16 bound to socket 1[core 64[hwt 0]]: [./././././././././././././././././././././././././././././././././././././././././././././././././././././././././././././././.][B/././././././././././././././././././././././././././././././././././././././././././././././././././././././././././././././.]
[n2cn0925:3848775] MCW rank 100 bound to socket 0[core 16[hwt 0]]: [././././././././././././././././B/././././././././././././././././././././././././././././././././././././././././././././././.][./././././././././././././././././././././././././././././././././././././././././././././././././././././././././././././././.]
[n2cn0663:4106200] MCW rank 28 bound to socket 1[core 112[hwt 0]]: [./././././././././././././././././././././././././././././././././././././././././././././././././././././././././././././././.][././././././././././././././././././././././././././././././././././././././././././././././././B/././././././././././././././.]
[n2cn0925:3848783] MCW rank 108 bound to socket 0[core 48[hwt 0]]: [././././././././././././././././././././././././././././././././././././././././././././././././B/././././././././././././././.][./././././././././././././././././././././././././././././././././././././././././././././././././././././././././././././././.]
[n2cn0925:3848775] MCW rank 100 bound to socket 0[core 16[hwt 0]]: [././././././././././././././././B/././././././././././././././././././././././././././././././././././././././././././././././.][./././././././././././././././././././././././././././././././././././././././././././././././././././././././././././././././.]
[n2cn0925:3848783] MCW rank 108 bound to socket 0[core 48[hwt 0]]: [././././././././././././././././././././././././././././././././././././././././././././././././B/././././././././././././././.][./././././././././././././././././././././././././././././././././././././././././././././././././././././././././././././././.]
[n2cn0663:4106188] MCW rank 16 bound to socket 1[core 64[hwt 0]]: [./././././././././././././././././././././././././././././././././././././././././././././././././././././././././././././././.][B/././././././././././././././././././././././././././././././././././././././././././././././././././././././././././././././.]
[n2cn0663:4106196] MCW rank 24 bound to socket 1[core 96[hwt 0]]: [./././././././././././././././././././././././././././././././././././././././././././././././././././././././././././././././.][././././././././././././././././././././././././././././././././B/././././././././././././././././././././././././././././././.]
[n2cn0663:4106182] MCW rank 10 bound to socket 0[core 40[hwt 0]]: [././././././././././././././././././././././././././././././././././././././././B/././././././././././././././././././././././.][./././././././././././././././././././././././././././././././././././././././././././././././././././././././././././././././.]
[n2cn0663:4106186] MCW rank 14 bound to socket 0[core 56[hwt 0]]: [././././././././././././././././././././././././././././././././././././././././././././././././././././././././B/././././././.][./././././././././././././././././././././././././././././././././././././././././././././././././././././././././././././././.]
[n2cn0663:4106202] MCW rank 30 bound to socket 1[core 120[hwt 0]]: [./././././././././././././././././././././././././././././././././././././././././././././././././././././././././././././././.][././././././././././././././././././././././././././././././././././././././././././././././././././././././././B/././././././.]
[n2cn0663:4106196] MCW rank 24 bound to socket 1[core 96[hwt 0]]: [./././././././././././././././././././././././././././././././././././././././././././././././././././././././././././././././.][././././././././././././././././././././././././././././././././B/././././././././././././././././././././././././././././././.]
[n2cn0663:4106186] MCW rank 14 bound to socket 0[core 56[hwt 0]]: [././././././././././././././././././././././././././././././././././././././././././././././././././././././././B/././././././.][./././././././././././././././././././././././././././././././././././././././././././././././././././././././././././././././.]
[n2cn0663:4106182] MCW rank 10 bound to socket 0[core 40[hwt 0]]: [././././././././././././././././././././././././././././././././././././././././B/././././././././././././././././././././././.][./././././././././././././././././././././././././././././././././././././././././././././././././././././././././././././././.]
[n2cn0663:4106202] MCW rank 30 bound to socket 1[core 120[hwt 0]]: [./././././././././././././././././././././././././././././././././././././././././././././././././././././././././././././././.][././././././././././././././././././././././././././././././././././././././././././././././././././././././././B/././././././.]
[n2cn0925:3848781] MCW rank 106 bound to socket 0[core 40[hwt 0]]: [././././././././././././././././././././././././././././././././././././././././B/././././././././././././././././././././././.][./././././././././././././././././././././././././././././././././././././././././././././././././././././././././././././././.]
[n2cn0663:4106173] MCW rank 1 bound to socket 0[core 4[hwt 0]]: [././././B/././././././././././././././././././././././././././././././././././././././././././././././././././././././././././.][./././././././././././././././././././././././././././././././././././././././././././././././././././././././././././././././.]
[n2cn0663:4106198] MCW rank 26 bound to socket 1[core 104[hwt 0]]: [./././././././././././././././././././././././././././././././././././././././././././././././././././././././././././././././.][././././././././././././././././././././././././././././././././././././././././B/././././././././././././././././././././././.]
[n2cn0925:3848786] MCW rank 111 bound to socket 0[core 60[hwt 0]]: [././././././././././././././././././././././././././././././././././././././././././././././././././././././././././././B/././.][./././././././././././././././././././././././././././././././././././././././././././././././././././././././././././././././.]
[n2cn0663:4106173] MCW rank 1 bound to socket 0[core 4[hwt 0]]: [././././B/././././././././././././././././././././././././././././././././././././././././././././././././././././././././././.][./././././././././././././././././././././././././././././././././././././././././././././././././././././././././././././././.]
[n2cn0925:3848781] MCW rank 106 bound to socket 0[core 40[hwt 0]]: [././././././././././././././././././././././././././././././././././././././././B/././././././././././././././././././././././.][./././././././././././././././././././././././././././././././././././././././././././././././././././././././././././././././.]
[n2cn0925:3848794] MCW rank 119 bound to socket 1[core 92[hwt 0]]: [./././././././././././././././././././././././././././././././././././././././././././././././././././././././././././././././.][././././././././././././././././././././././././././././B/././././././././././././././././././././././././././././././././././.]
[n2cn0925:3848786] MCW rank 111 bound to socket 0[core 60[hwt 0]]: [././././././././././././././././././././././././././././././././././././././././././././././././././././././././././././B/././.][./././././././././././././././././././././././././././././././././././././././././././././././././././././././././././././././.]
[n2cn0663:4106198] MCW rank 26 bound to socket 1[core 104[hwt 0]]: [./././././././././././././././././././././././././././././././././././././././././././././././././././././././././././././././.][././././././././././././././././././././././././././././././././././././././././B/././././././././././././././././././././././.]
[n2cn0925:3848794] MCW rank 119 bound to socket 1[core 92[hwt 0]]: [./././././././././././././././././././././././././././././././././././././././././././././././././././././././././././././././.][././././././././././././././././././././././././././././B/././././././././././././././././././././././././././././././././././.]
[n2cn1080:1002734] MCW rank 166 bound to socket 0[core 24[hwt 0]]: [././././././././././././././././././././././././B/././././././././././././././././././././././././././././././././././././././.][./././././././././././././././././././././././././././././././././././././././././././././././././././././././././././././././.]
[n2cn1080:1002734] MCW rank 166 bound to socket 0[core 24[hwt 0]]: [././././././././././././././././././././././././B/././././././././././././././././././././././././././././././././././././././.][./././././././././././././././././././././././././././././././././././././././././././././././././././././././././././././././.]
[n2cn1080:1002741] MCW rank 173 bound to socket 0[core 52[hwt 0]]: [././././././././././././././././././././././././././././././././././././././././././././././././././././B/././././././././././.][./././././././././././././././././././././././././././././././././././././././././././././././././././././././././././././././.]
[n2cn0663:4106174] MCW rank 2 bound to socket 0[core 8[hwt 0]]: [././././././././B/././././././././././././././././././././././././././././././././././././././././././././././././././././././.][./././././././././././././././././././././././././././././././././././././././././././././././././././././././././././././././.]
[n2cn0663:4106175] MCW rank 3 bound to socket 0[core 12[hwt 0]]: [././././././././././././B/././././././././././././././././././././././././././././././././././././././././././././././././././.][./././././././././././././././././././././././././././././././././././././././././././././././././././././././././././././././.]
[n2cn1080:1002741] MCW rank 173 bound to socket 0[core 52[hwt 0]]: [././././././././././././././././././././././././././././././././././././././././././././././././././././B/././././././././././.][./././././././././././././././././././././././././././././././././././././././././././././././././././././././././././././././.]
[n2cn0663:4106174] MCW rank 2 bound to socket 0[core 8[hwt 0]]: [././././././././B/././././././././././././././././././././././././././././././././././././././././././././././././././././././.][./././././././././././././././././././././././././././././././././././././././././././././././././././././././././././././././.]
[n2cn0663:4106175] MCW rank 3 bound to socket 0[core 12[hwt 0]]: [././././././././././././B/././././././././././././././././././././././././././././././././././././././././././././././././././.][./././././././././././././././././././././././././././././././././././././././././././././././././././././././././././././././.]
[n2cn1050:559098] MCW rank 132 bound to socket 0[core 16[hwt 0]]: [././././././././././././././././B/././././././././././././././././././././././././././././././././././././././././././././././.][./././././././././././././././././././././././././././././././././././././././././././././././././././././././././././././././.]
[n2cn1050:559098] MCW rank 132 bound to socket 0[core 16[hwt 0]]: [././././././././././././././././B/././././././././././././././././././././././././././././././././././././././././././././././.][./././././././././././././././././././././././././././././././././././././././././././././././././././././././././././././././.]
[n2cn1050:559099] MCW rank 133 bound to socket 0[core 20[hwt 0]]: [././././././././././././././././././././B/././././././././././././././././././././././././././././././././././././././././././.][./././././././././././././././././././././././././././././././././././././././././././././././././././././././././././././././.]
[n2cn1050:559099] MCW rank 133 bound to socket 0[core 20[hwt 0]]: [././././././././././././././././././././B/././././././././././././././././././././././././././././././././././././././././././.][./././././././././././././././././././././././././././././././././././././././././././././././././././././././././././././././.]
[n2cn1050:559104] MCW rank 138 bound to socket 0[core 40[hwt 0]]: [././././././././././././././././././././././././././././././././././././././././B/././././././././././././././././././././././.][./././././././././././././././././././././././././././././././././././././././././././././././././././././././././././././././.]
[n2cn1050:559104] MCW rank 138 bound to socket 0[core 40[hwt 0]]: [././././././././././././././././././././././././././././././././././././././././B/././././././././././././././././././././././.][./././././././././././././././././././././././././././././././././././././././././././././././././././././././././././././././.]
[n2cn1050:559105] MCW rank 139 bound to socket 0[core 44[hwt 0]]: [././././././././././././././././././././././././././././././././././././././././././././B/././././././././././././././././././.][./././././././././././././././././././././././././././././././././././././././././././././././././././././././././././././././.]
[n2cn1050:559101] MCW rank 135 bound to socket 0[core 28[hwt 0]]: [././././././././././././././././././././././././././././B/././././././././././././././././././././././././././././././././././.][./././././././././././././././././././././././././././././././././././././././././././././././././././././././././././././././.]
[n2cn1050:559105] MCW rank 139 bound to socket 0[core 44[hwt 0]]: [././././././././././././././././././././././././././././././././././././././././././././B/././././././././././././././././././.][./././././././././././././././././././././././././././././././././././././././././././././././././././././././././././././././.]
[n2cn1050:559106] MCW rank 140 bound to socket 0[core 48[hwt 0]]: [././././././././././././././././././././././././././././././././././././././././././././././././B/././././././././././././././.][./././././././././././././././././././././././././././././././././././././././././././././././././././././././././././././././.]
[n2cn1050:559101] MCW rank 135 bound to socket 0[core 28[hwt 0]]: [././././././././././././././././././././././././././././B/././././././././././././././././././././././././././././././././././.][./././././././././././././././././././././././././././././././././././././././././././././././././././././././././././././././.]
[n2cn1050:559106] MCW rank 140 bound to socket 0[core 48[hwt 0]]: [././././././././././././././././././././././././././././././././././././././././././././././././B/././././././././././././././.][./././././././././././././././././././././././././././././././././././././././././././././././././././././././././././././././.]
[n2cn1050:559100] MCW rank 134 bound to socket 0[core 24[hwt 0]]: [././././././././././././././././././././././././B/././././././././././././././././././././././././././././././././././././././.][./././././././././././././././././././././././././././././././././././././././././././././././././././././././././././././././.]
[n2cn1050:559100] MCW rank 134 bound to socket 0[core 24[hwt 0]]: [././././././././././././././././././././././././B/././././././././././././././././././././././././././././././././././././././.][./././././././././././././././././././././././././././././././././././././././././././././././././././././././././././././././.]
[n2cn1050:559102] MCW rank 136 bound to socket 0[core 32[hwt 0]]: [././././././././././././././././././././././././././././././././B/././././././././././././././././././././././././././././././.][./././././././././././././././././././././././././././././././././././././././././././././././././././././././././././././././.]
[n2cn1050:559102] MCW rank 136 bound to socket 0[core 32[hwt 0]]: [././././././././././././././././././././././././././././././././B/././././././././././././././././././././././././././././././.][./././././././././././././././././././././././././././././././././././././././././././././././././././././././././././././././.]
[n2cn1050:559108] MCW rank 142 bound to socket 0[core 56[hwt 0]]: [././././././././././././././././././././././././././././././././././././././././././././././././././././././././B/././././././.][./././././././././././././././././././././././././././././././././././././././././././././././././././././././././././././././.]
[n2cn1050:559108] MCW rank 142 bound to socket 0[core 56[hwt 0]]: [././././././././././././././././././././././././././././././././././././././././././././././././././././././././B/././././././.][./././././././././././././././././././././././././././././././././././././././././././././././././././././././././././././././.]
[n2cn1050:559118] MCW rank 152 bound to socket 1[core 96[hwt 0]]: [./././././././././././././././././././././././././././././././././././././././././././././././././././././././././././././././.][././././././././././././././././././././././././././././././././B/././././././././././././././././././././././././././././././.]
[n2cn1050:559118] MCW rank 152 bound to socket 1[core 96[hwt 0]]: [./././././././././././././././././././././././././././././././././././././././././././././././././././././././././././././././.][././././././././././././././././././././././././././././././././B/././././././././././././././././././././././././././././././.]
[n2cn1050:559119] MCW rank 153 bound to socket 1[core 100[hwt 0]]: [./././././././././././././././././././././././././././././././././././././././././././././././././././././././././././././././.][././././././././././././././././././././././././././././././././././././B/././././././././././././././././././././././././././.]
[n2cn1050:559119] MCW rank 153 bound to socket 1[core 100[hwt 0]]: [./././././././././././././././././././././././././././././././././././././././././././././././././././././././././././././././.][././././././././././././././././././././././././././././././././././././B/././././././././././././././././././././././././././.]
[n2cn1050:559120] MCW rank 154 bound to socket 1[core 104[hwt 0]]: [./././././././././././././././././././././././././././././././././././././././././././././././././././././././././././././././.][././././././././././././././././././././././././././././././././././././././././B/././././././././././././././././././././././.]
[n2cn1050:559115] MCW rank 149 bound to socket 1[core 84[hwt 0]]: [./././././././././././././././././././././././././././././././././././././././././././././././././././././././././././././././.][././././././././././././././././././././B/././././././././././././././././././././././././././././././././././././././././././.]
[n2cn1050:559120] MCW rank 154 bound to socket 1[core 104[hwt 0]]: [./././././././././././././././././././././././././././././././././././././././././././././././././././././././././././././././.][././././././././././././././././././././././././././././././././././././././././B/././././././././././././././././././././././.]
[n2cn1050:559115] MCW rank 149 bound to socket 1[core 84[hwt 0]]: [./././././././././././././././././././././././././././././././././././././././././././././././././././././././././././././././.][././././././././././././././././././././B/././././././././././././././././././././././././././././././././././././././././././.]
[n2cn1050:559103] MCW rank 137 bound to socket 0[core 36[hwt 0]]: [././././././././././././././././././././././././././././././././././././B/././././././././././././././././././././././././././.][./././././././././././././././././././././././././././././././././././././././././././././././././././././././././././././././.]
[n2cn1050:559103] MCW rank 137 bound to socket 0[core 36[hwt 0]]: [././././././././././././././././././././././././././././././././././././B/././././././././././././././././././././././././././.][./././././././././././././././././././././././././././././././././././././././././././././././././././././././././././././././.]
[n2cn1050:559121] MCW rank 155 bound to socket 1[core 108[hwt 0]]: [./././././././././././././././././././././././././././././././././././././././././././././././././././././././././././././././.][././././././././././././././././././././././././././././././././././././././././././././B/././././././././././././././././././.]
[n2cn1050:559121] MCW rank 155 bound to socket 1[core 108[hwt 0]]: [./././././././././././././././././././././././././././././././././././././././././././././././././././././././././././././././.][././././././././././././././././././././././././././././././././././././././././././././B/././././././././././././././././././.]
[n2cn1050:559124] MCW rank 158 bound to socket 1[core 120[hwt 0]]: [./././././././././././././././././././././././././././././././././././././././././././././././././././././././././././././././.][././././././././././././././././././././././././././././././././././././././././././././././././././././././././B/././././././.]
[n2cn1050:559125] MCW rank 159 bound to socket 1[core 124[hwt 0]]: [./././././././././././././././././././././././././././././././././././././././././././././././././././././././././././././././.][././././././././././././././././././././././././././././././././././././././././././././././././././././././././././././B/././.]
[n2cn1050:559123] MCW rank 157 bound to socket 1[core 116[hwt 0]]: [./././././././././././././././././././././././././././././././././././././././././././././././././././././././././././././././.][././././././././././././././././././././././././././././././././././././././././././././././././././././B/././././././././././.]
[n2cn1050:559109] MCW rank 143 bound to socket 0[core 60[hwt 0]]: [././././././././././././././././././././././././././././././././././././././././././././././././././././././././././././B/././.][./././././././././././././././././././././././././././././././././././././././././././././././././././././././././././././././.]
[n2cn1050:559124] MCW rank 158 bound to socket 1[core 120[hwt 0]]: [./././././././././././././././././././././././././././././././././././././././././././././././././././././././././././././././.][././././././././././././././././././././././././././././././././././././././././././././././././././././././././B/././././././.]
[n2cn1050:559125] MCW rank 159 bound to socket 1[core 124[hwt 0]]: [./././././././././././././././././././././././././././././././././././././././././././././././././././././././././././././././.][././././././././././././././././././././././././././././././././././././././././././././././././././././././././././././B/././.]
[n2cn1050:559123] MCW rank 157 bound to socket 1[core 116[hwt 0]]: [./././././././././././././././././././././././././././././././././././././././././././././././././././././././././././././././.][././././././././././././././././././././././././././././././././././././././././././././././././././././B/././././././././././.]
[n2cn1050:559109] MCW rank 143 bound to socket 0[core 60[hwt 0]]: [././././././././././././././././././././././././././././././././././././././././././././././././././././././././././././B/././.][./././././././././././././././././././././././././././././././././././././././././././././././././././././././././././././././.]
[n2cn1050:559122] MCW rank 156 bound to socket 1[core 112[hwt 0]]: [./././././././././././././././././././././././././././././././././././././././././././././././././././././././././././././././.][././././././././././././././././././././././././././././././././././././././././././././././././B/././././././././././././././.]
[n2cn1050:559122] MCW rank 156 bound to socket 1[core 112[hwt 0]]: [./././././././././././././././././././././././././././././././././././././././././././././././././././././././././././././././.][././././././././././././././././././././././././././././././././././././././././././././././././B/././././././././././././././.]
[n2cn1050:559095] MCW rank 129 bound to socket 0[core 4[hwt 0]]: [././././B/././././././././././././././././././././././././././././././././././././././././././././././././././././././././././.][./././././././././././././././././././././././././././././././././././././././././././././././././././././././././././././././.]
[n2cn1050:559095] MCW rank 129 bound to socket 0[core 4[hwt 0]]: [././././B/././././././././././././././././././././././././././././././././././././././././././././././././././././././././././.][./././././././././././././././././././././././././././././././././././././././././././././././././././././././././././././././.]
[n2cn1050:559094] MCW rank 128 bound to socket 0[core 0[hwt 0]]: [B/././././././././././././././././././././././././././././././././././././././././././././././././././././././././././././././.][./././././././././././././././././././././././././././././././././././././././././././././././././././././././././././././././.]
[n2cn1050:559094] MCW rank 128 bound to socket 0[core 0[hwt 0]]: [B/././././././././././././././././././././././././././././././././././././././././././././././././././././././././././././././.][./././././././././././././././././././././././././././././././././././././././././././././././././././././././././././././././.]
[n2cn1050:559114] MCW rank 148 bound to socket 1[core 80[hwt 0]]: [./././././././././././././././././././././././././././././././././././././././././././././././././././././././././././././././.][././././././././././././././././B/././././././././././././././././././././././././././././././././././././././././././././././.]
[n2cn1050:559114] MCW rank 148 bound to socket 1[core 80[hwt 0]]: [./././././././././././././././././././././././././././././././././././././././././././././././././././././././././././././././.][././././././././././././././././B/././././././././././././././././././././././././././././././././././././././././././././././.]
[n2cn1050:559116] MCW rank 150 bound to socket 1[core 88[hwt 0]]: [./././././././././././././././././././././././././././././././././././././././././././././././././././././././././././././././.][././././././././././././././././././././././././B/././././././././././././././././././././././././././././././././././././././.]
[n2cn1050:559117] MCW rank 151 bound to socket 1[core 92[hwt 0]]: [./././././././././././././././././././././././././././././././././././././././././././././././././././././././././././././././.][././././././././././././././././././././././././././././B/././././././././././././././././././././././././././././././././././.]
[n2cn1050:559116] MCW rank 150 bound to socket 1[core 88[hwt 0]]: [./././././././././././././././././././././././././././././././././././././././././././././././././././././././././././././././.][././././././././././././././././././././././././B/././././././././././././././././././././././././././././././././././././././.]
[n2cn1050:559117] MCW rank 151 bound to socket 1[core 92[hwt 0]]: [./././././././././././././././././././././././././././././././././././././././././././././././././././././././././././././././.][././././././././././././././././././././././././././././B/././././././././././././././././././././././././././././././././././.]
[n2cn1050:559112] MCW rank 146 bound to socket 1[core 72[hwt 0]]: [./././././././././././././././././././././././././././././././././././././././././././././././././././././././././././././././.][././././././././B/././././././././././././././././././././././././././././././././././././././././././././././././././././././.]
[n2cn1050:559112] MCW rank 146 bound to socket 1[core 72[hwt 0]]: [./././././././././././././././././././././././././././././././././././././././././././././././././././././././././././././././.][././././././././B/././././././././././././././././././././././././././././././././././././././././././././././././././././././.]
[n2cn1050:559111] MCW rank 145 bound to socket 1[core 68[hwt 0]]: [./././././././././././././././././././././././././././././././././././././././././././././././././././././././././././././././.][././././B/././././././././././././././././././././././././././././././././././././././././././././././././././././././././././.]
[n2cn1050:559111] MCW rank 145 bound to socket 1[core 68[hwt 0]]: [./././././././././././././././././././././././././././././././././././././././././././././././././././././././././././././././.][././././B/././././././././././././././././././././././././././././././././././././././././././././././././././././././././././.]
[n2cn1050:559110] MCW rank 144 bound to socket 1[core 64[hwt 0]]: [./././././././././././././././././././././././././././././././././././././././././././././././././././././././././././././././.][B/././././././././././././././././././././././././././././././././././././././././././././././././././././././././././././././.]
[n2cn1050:559113] MCW rank 147 bound to socket 1[core 76[hwt 0]]: [./././././././././././././././././././././././././././././././././././././././././././././././././././././././././././././././.][././././././././././././B/././././././././././././././././././././././././././././././././././././././././././././././././././.]
[n2cn1050:559110] MCW rank 144 bound to socket 1[core 64[hwt 0]]: [./././././././././././././././././././././././././././././././././././././././././././././././././././././././././././././././.][B/././././././././././././././././././././././././././././././././././././././././././././././././././././././././././././././.]
[n2cn1050:559113] MCW rank 147 bound to socket 1[core 76[hwt 0]]: [./././././././././././././././././././././././././././././././././././././././././././././././././././././././././././././././.][././././././././././././B/././././././././././././././././././././././././././././././././././././././././././././././././././.]
[n2cn1050:559096] MCW rank 130 bound to socket 0[core 8[hwt 0]]: [././././././././B/././././././././././././././././././././././././././././././././././././././././././././././././././././././.][./././././././././././././././././././././././././././././././././././././././././././././././././././././././././././././././.]
[n2cn1050:559097] MCW rank 131 bound to socket 0[core 12[hwt 0]]: [././././././././././././B/././././././././././././././././././././././././././././././././././././././././././././././././././.][./././././././././././././././././././././././././././././././././././././././././././././././././././././././././././././././.]
[n2cn1050:559096] MCW rank 130 bound to socket 0[core 8[hwt 0]]: [././././././././B/././././././././././././././././././././././././././././././././././././././././././././././././././././././.][./././././././././././././././././././././././././././././././././././././././././././././././././././././././././././././././.]
[n2cn1050:559097] MCW rank 131 bound to socket 0[core 12[hwt 0]]: [././././././././././././B/././././././././././././././././././././././././././././././././././././././././././././././././././.][./././././././././././././././././././././././././././././././././././././././././././././././././././././././././././././././.]
[n2cn0925:3848779] MCW rank 104 bound to socket 0[core 32[hwt 0]]: [././././././././././././././././././././././././././././././././B/././././././././././././././././././././././././././././././.][./././././././././././././././././././././././././././././././././././././././././././././././././././././././././././././././.]
[n2cn0925:3848779] MCW rank 104 bound to socket 0[core 32[hwt 0]]: [././././././././././././././././././././././././././././././././B/././././././././././././././././././././././././././././././.][./././././././././././././././././././././././././././././././././././././././././././././././././././././././././././././././.]
[n2cn0925:3848782] MCW rank 107 bound to socket 0[core 44[hwt 0]]: [././././././././././././././././././././././././././././././././././././././././././././B/././././././././././././././././././.][./././././././././././././././././././././././././././././././././././././././././././././././././././././././././././././././.]
[n2cn0925:3848782] MCW rank 107 bound to socket 0[core 44[hwt 0]]: [././././././././././././././././././././././././././././././././././././././././././././B/././././././././././././././././././.][./././././././././././././././././././././././././././././././././././././././././././././././././././././././././././././././.]
[n2cn0925:3848780] MCW rank 105 bound to socket 0[core 36[hwt 0]]: [././././././././././././././././././././././././././././././././././././B/././././././././././././././././././././././././././.][./././././././././././././././././././././././././././././././././././././././././././././././././././././././././././././././.]
[n2cn0925:3848795] MCW rank 120 bound to socket 1[core 96[hwt 0]]: [./././././././././././././././././././././././././././././././././././././././././././././././././././././././././././././././.][././././././././././././././././././././././././././././././././B/././././././././././././././././././././././././././././././.]
[n2cn0925:3848780] MCW rank 105 bound to socket 0[core 36[hwt 0]]: [././././././././././././././././././././././././././././././././././././B/././././././././././././././././././././././././././.][./././././././././././././././././././././././././././././././././././././././././././././././././././././././././././././././.]
[n2cn0925:3848795] MCW rank 120 bound to socket 1[core 96[hwt 0]]: [./././././././././././././././././././././././././././././././././././././././././././././././././././././././././././././././.][././././././././././././././././././././././././././././././././B/././././././././././././././././././././././././././././././.]
[n2cn0925:3848787] MCW rank 112 bound to socket 1[core 64[hwt 0]]: [./././././././././././././././././././././././././././././././././././././././././././././././././././././././././././././././.][B/././././././././././././././././././././././././././././././././././././././././././././././././././././././././././././././.]
[n2cn0925:3848787] MCW rank 112 bound to socket 1[core 64[hwt 0]]: [./././././././././././././././././././././././././././././././././././././././././././././././././././././././././././././././.][B/././././././././././././././././././././././././././././././././././././././././././././././././././././././././././././././.]
[n2cn0925:3848796] MCW rank 121 bound to socket 1[core 100[hwt 0]]: [./././././././././././././././././././././././././././././././././././././././././././././././././././././././././././././././.][././././././././././././././././././././././././././././././././././././B/././././././././././././././././././././././././././.]
[n2cn0925:3848796] MCW rank 121 bound to socket 1[core 100[hwt 0]]: [./././././././././././././././././././././././././././././././././././././././././././././././././././././././././././././././.][././././././././././././././././././././././././././././././././././././B/././././././././././././././././././././././././././.]
[n2cn0925:3848776] MCW rank 101 bound to socket 0[core 20[hwt 0]]: [././././././././././././././././././././B/././././././././././././././././././././././././././././././././././././././././././.][./././././././././././././././././././././././././././././././././././././././././././././././././././././././././././././././.]
[n2cn0925:3848776] MCW rank 101 bound to socket 0[core 20[hwt 0]]: [././././././././././././././././././././B/././././././././././././././././././././././././././././././././././././././././././.][./././././././././././././././././././././././././././././././././././././././././././././././././././././././././././././././.]
[n2cn0925:3848792] MCW rank 117 bound to socket 1[core 84[hwt 0]]: [./././././././././././././././././././././././././././././././././././././././././././././././././././././././././././././././.][././././././././././././././././././././B/././././././././././././././././././././././././././././././././././././././././././.]
[n2cn0925:3848800] MCW rank 125 bound to socket 1[core 116[hwt 0]]: [./././././././././././././././././././././././././././././././././././././././././././././././././././././././././././././././.][././././././././././././././././././././././././././././././././././././././././././././././././././././B/././././././././././.]
[n2cn0925:3848791] MCW rank 116 bound to socket 1[core 80[hwt 0]]: [./././././././././././././././././././././././././././././././././././././././././././././././././././././././././././././././.][././././././././././././././././B/././././././././././././././././././././././././././././././././././././././././././././././.]
[n2cn0925:3848802] MCW rank 127 bound to socket 1[core 124[hwt 0]]: [./././././././././././././././././././././././././././././././././././././././././././././././././././././././././././././././.][././././././././././././././././././././././././././././././././././././././././././././././././././././././././././././B/././.]
[n2cn0925:3848798] MCW rank 123 bound to socket 1[core 108[hwt 0]]: [./././././././././././././././././././././././././././././././././././././././././././././././././././././././././././././././.][././././././././././././././././././././././././././././././././././././././././././././B/././././././././././././././././././.]
[n2cn0925:3848784] MCW rank 109 bound to socket 0[core 52[hwt 0]]: [././././././././././././././././././././././././././././././././././././././././././././././././././././B/././././././././././.][./././././././././././././././././././././././././././././././././././././././././././././././././././././././././././././././.]
[n2cn0925:3848792] MCW rank 117 bound to socket 1[core 84[hwt 0]]: [./././././././././././././././././././././././././././././././././././././././././././././././././././././././././././././././.][././././././././././././././././././././B/././././././././././././././././././././././././././././././././././././././././././.]
[n2cn0925:3848800] MCW rank 125 bound to socket 1[core 116[hwt 0]]: [./././././././././././././././././././././././././././././././././././././././././././././././././././././././././././././././.][././././././././././././././././././././././././././././././././././././././././././././././././././././B/././././././././././.]
[n2cn0925:3848791] MCW rank 116 bound to socket 1[core 80[hwt 0]]: [./././././././././././././././././././././././././././././././././././././././././././././././././././././././././././././././.][././././././././././././././././B/././././././././././././././././././././././././././././././././././././././././././././././.]
[n2cn0925:3848802] MCW rank 127 bound to socket 1[core 124[hwt 0]]: [./././././././././././././././././././././././././././././././././././././././././././././././././././././././././././././././.][././././././././././././././././././././././././././././././././././././././././././././././././././././././././././././B/././.]
[n2cn0925:3848798] MCW rank 123 bound to socket 1[core 108[hwt 0]]: [./././././././././././././././././././././././././././././././././././././././././././././././././././././././././././././././.][././././././././././././././././././././././././././././././././././././././././././././B/././././././././././././././././././.]
[n2cn0925:3848784] MCW rank 109 bound to socket 0[core 52[hwt 0]]: [././././././././././././././././././././././././././././././././././././././././././././././././././././B/././././././././././.][./././././././././././././././././././././././././././././././././././././././././././././././././././././././././././././././.]
[n2cn0925:3848793] MCW rank 118 bound to socket 1[core 88[hwt 0]]: [./././././././././././././././././././././././././././././././././././././././././././././././././././././././././././././././.][././././././././././././././././././././././././B/././././././././././././././././././././././././././././././././././././././.]
[n2cn0925:3848788] MCW rank 113 bound to socket 1[core 68[hwt 0]]: [./././././././././././././././././././././././././././././././././././././././././././././././././././././././././././././././.][././././B/././././././././././././././././././././././././././././././././././././././././././././././././././././././././././.]
[n2cn0925:3848785] MCW rank 110 bound to socket 0[core 56[hwt 0]]: [././././././././././././././././././././././././././././././././././././././././././././././././././././././././B/././././././.][./././././././././././././././././././././././././././././././././././././././././././././././././././././././././././././././.]
[n2cn0925:3848793] MCW rank 118 bound to socket 1[core 88[hwt 0]]: [./././././././././././././././././././././././././././././././././././././././././././././././././././././././././././././././.][././././././././././././././././././././././././B/././././././././././././././././././././././././././././././././././././././.]
[n2cn0925:3848788] MCW rank 113 bound to socket 1[core 68[hwt 0]]: [./././././././././././././././././././././././././././././././././././././././././././././././././././././././././././././././.][././././B/././././././././././././././././././././././././././././././././././././././././././././././././././././././././././.]
[n2cn0925:3848799] MCW rank 124 bound to socket 1[core 112[hwt 0]]: [./././././././././././././././././././././././././././././././././././././././././././././././././././././././././././././././.][././././././././././././././././././././././././././././././././././././././././././././././././B/././././././././././././././.]
[n2cn0925:3848785] MCW rank 110 bound to socket 0[core 56[hwt 0]]: [././././././././././././././././././././././././././././././././././././././././././././././././././././././././B/././././././.][./././././././././././././././././././././././././././././././././././././././././././././././././././././././././././././././.]
[n2cn0925:3848801] MCW rank 126 bound to socket 1[core 120[hwt 0]]: [./././././././././././././././././././././././././././././././././././././././././././././././././././././././././././././././.][././././././././././././././././././././././././././././././././././././././././././././././././././././././././B/././././././.]
[n2cn0925:3848799] MCW rank 124 bound to socket 1[core 112[hwt 0]]: [./././././././././././././././././././././././././././././././././././././././././././././././././././././././././././././././.][././././././././././././././././././././././././././././././././././././././././././././././././B/././././././././././././././.]
[n2cn0925:3848801] MCW rank 126 bound to socket 1[core 120[hwt 0]]: [./././././././././././././././././././././././././././././././././././././././././././././././././././././././././././././././.][././././././././././././././././././././././././././././././././././././././././././././././././././././././././B/././././././.]
[n2cn0925:3848771] MCW rank 96 bound to socket 0[core 0[hwt 0]]: [B/././././././././././././././././././././././././././././././././././././././././././././././././././././././././././././././.][./././././././././././././././././././././././././././././././././././././././././././././././././././././././././././././././.]
[n2cn0925:3848772] MCW rank 97 bound to socket 0[core 4[hwt 0]]: [././././B/././././././././././././././././././././././././././././././././././././././././././././././././././././././././././.][./././././././././././././././././././././././././././././././././././././././././././././././././././././././././././././././.]
[n2cn0925:3848797] MCW rank 122 bound to socket 1[core 104[hwt 0]]: [./././././././././././././././././././././././././././././././././././././././././././././././././././././././././././././././.][././././././././././././././././././././././././././././././././././././././././B/././././././././././././././././././././././.]
[n2cn0925:3848771] MCW rank 96 bound to socket 0[core 0[hwt 0]]: [B/././././././././././././././././././././././././././././././././././././././././././././././././././././././././././././././.][./././././././././././././././././././././././././././././././././././././././././././././././././././././././././././././././.]
[n2cn0925:3848772] MCW rank 97 bound to socket 0[core 4[hwt 0]]: [././././B/././././././././././././././././././././././././././././././././././././././././././././././././././././././././././.][./././././././././././././././././././././././././././././././././././././././././././././././././././././././././././././././.]
[n2cn0925:3848797] MCW rank 122 bound to socket 1[core 104[hwt 0]]: [./././././././././././././././././././././././././././././././././././././././././././././././././././././././././././././././.][././././././././././././././././././././././././././././././././././././././././B/././././././././././././././././././././././.]
[n2cn0925:3848773] MCW rank 98 bound to socket 0[core 8[hwt 0]]: [././././././././B/././././././././././././././././././././././././././././././././././././././././././././././././././././././.][./././././././././././././././././././././././././././././././././././././././././././././././././././././././././././././././.]
[n2cn0925:3848774] MCW rank 99 bound to socket 0[core 12[hwt 0]]: [././././././././././././B/././././././././././././././././././././././././././././././././././././././././././././././././././.][./././././././././././././././././././././././././././././././././././././././././././././././././././././././././././././././.]
[n2cn0925:3848773] MCW rank 98 bound to socket 0[core 8[hwt 0]]: [././././././././B/././././././././././././././././././././././././././././././././././././././././././././././././././././././.][./././././././././././././././././././././././././././././././././././././././././././././././././././././././././././././././.]
[n2cn0925:3848774] MCW rank 99 bound to socket 0[core 12[hwt 0]]: [././././././././././././B/././././././././././././././././././././././././././././././././././././././././././././././././././.][./././././././././././././././././././././././././././././././././././././././././././././././././././././././././././././././.]
[n2cn0775.ab2021.local:131728] MCW rank 37 bound to socket 0[core 20[hwt 0]]: [././././././././././././././././././././B/././././././././././././././././././././././././././././././././././././././././././.][./././././././././././././././././././././././././././././././././././././././././././././././././././././././././././././././.]
[n2cn0775.ab2021.local:131727] MCW rank 36 bound to socket 0[core 16[hwt 0]]: [././././././././././././././././B/././././././././././././././././././././././././././././././././././././././././././././././.][./././././././././././././././././././././././././././././././././././././././././././././././././././././././././././././././.]
[n2cn0775.ab2021.local:131728] MCW rank 37 bound to socket 0[core 20[hwt 0]]: [././././././././././././././././././././B/././././././././././././././././././././././././././././././././././././././././././.][./././././././././././././././././././././././././././././././././././././././././././././././././././././././././././././././.]
[n2cn0775.ab2021.local:131732] MCW rank 41 bound to socket 0[core 36[hwt 0]]: [././././././././././././././././././././././././././././././././././././B/././././././././././././././././././././././././././.][./././././././././././././././././././././././././././././././././././././././././././././././././././././././././././././././.]
[n2cn0775.ab2021.local:131727] MCW rank 36 bound to socket 0[core 16[hwt 0]]: [././././././././././././././././B/././././././././././././././././././././././././././././././././././././././././././././././.][./././././././././././././././././././././././././././././././././././././././././././././././././././././././././././././././.]
[n2cn0775.ab2021.local:131731] MCW rank 40 bound to socket 0[core 32[hwt 0]]: [././././././././././././././././././././././././././././././././B/././././././././././././././././././././././././././././././.][./././././././././././././././././././././././././././././././././././././././././././././././././././././././././././././././.]
[n2cn0775.ab2021.local:131732] MCW rank 41 bound to socket 0[core 36[hwt 0]]: [././././././././././././././././././././././././././././././././././././B/././././././././././././././././././././././././././.][./././././././././././././././././././././././././././././././././././././././././././././././././././././././././././././././.]
[n2cn0775.ab2021.local:131731] MCW rank 40 bound to socket 0[core 32[hwt 0]]: [././././././././././././././././././././././././././././././././B/././././././././././././././././././././././././././././././.][./././././././././././././././././././././././././././././././././././././././././././././././././././././././././././././././.]
[n2cn0775.ab2021.local:131734] MCW rank 43 bound to socket 0[core 44[hwt 0]]: [././././././././././././././././././././././././././././././././././././././././././././B/././././././././././././././././././.][./././././././././././././././././././././././././././././././././././././././././././././././././././././././././././././././.]
[n2cn0775.ab2021.local:131733] MCW rank 42 bound to socket 0[core 40[hwt 0]]: [././././././././././././././././././././././././././././././././././././././././B/././././././././././././././././././././././.][./././././././././././././././././././././././././././././././././././././././././././././././././././././././././././././././.]
[n2cn0775.ab2021.local:131734] MCW rank 43 bound to socket 0[core 44[hwt 0]]: [././././././././././././././././././././././././././././././././././././././././././././B/././././././././././././././././././.][./././././././././././././././././././././././././././././././././././././././././././././././././././././././././././././././.]
[n2cn0775.ab2021.local:131733] MCW rank 42 bound to socket 0[core 40[hwt 0]]: [././././././././././././././././././././././././././././././././././././././././B/././././././././././././././././././././././.][./././././././././././././././././././././././././././././././././././././././././././././././././././././././././././././././.]
[n2cn1080:1002732] MCW rank 164 bound to socket 0[core 16[hwt 0]]: [././././././././././././././././B/././././././././././././././././././././././././././././././././././././././././././././././.][./././././././././././././././././././././././././././././././././././././././././././././././././././././././././././././././.]
[n2cn1080:1002732] MCW rank 164 bound to socket 0[core 16[hwt 0]]: [././././././././././././././././B/././././././././././././././././././././././././././././././././././././././././././././././.][./././././././././././././././././././././././././././././././././././././././././././././././././././././././././././././././.]
[n2cn1080:1002733] MCW rank 165 bound to socket 0[core 20[hwt 0]]: [././././././././././././././././././././B/././././././././././././././././././././././././././././././././././././././././././.][./././././././././././././././././././././././././././././././././././././././././././././././././././././././././././././././.]
[n2cn1080:1002733] MCW rank 165 bound to socket 0[core 20[hwt 0]]: [././././././././././././././././././././B/././././././././././././././././././././././././././././././././././././././././././.][./././././././././././././././././././././././././././././././././././././././././././././././././././././././././././././././.]
[n2cn1080:1002742] MCW rank 174 bound to socket 0[core 56[hwt 0]]: [././././././././././././././././././././././././././././././././././././././././././././././././././././././././B/././././././.][./././././././././././././././././././././././././././././././././././././././././././././././././././././././././././././././.]
[n2cn1080:1002743] MCW rank 175 bound to socket 0[core 60[hwt 0]]: [././././././././././././././././././././././././././././././././././././././././././././././././././././././././././././B/././.][./././././././././././././././././././././././././././././././././././././././././././././././././././././././././././././././.]
[n2cn1080:1002742] MCW rank 174 bound to socket 0[core 56[hwt 0]]: [././././././././././././././././././././././././././././././././././././././././././././././././././././././././B/././././././.][./././././././././././././././././././././././././././././././././././././././././././././././././././././././././././././././.]
[n2cn1080:1002743] MCW rank 175 bound to socket 0[core 60[hwt 0]]: [././././././././././././././././././././././././././././././././././././././././././././././././././././././././././././B/././.][./././././././././././././././././././././././././././././././././././././././././././././././././././././././././././././././.]
[n2cn1080:1002737] MCW rank 169 bound to socket 0[core 36[hwt 0]]: [././././././././././././././././././././././././././././././././././././B/././././././././././././././././././././././././././.][./././././././././././././././././././././././././././././././././././././././././././././././././././././././././././././././.]
[n2cn1080:1002737] MCW rank 169 bound to socket 0[core 36[hwt 0]]: [././././././././././././././././././././././././././././././././././././B/././././././././././././././././././././././././././.][./././././././././././././././././././././././././././././././././././././././././././././././././././././././././././././././.]
[n2cn1080:1002738] MCW rank 170 bound to socket 0[core 40[hwt 0]]: [././././././././././././././././././././././././././././././././././././././././B/././././././././././././././././././././././.][./././././././././././././././././././././././././././././././././././././././././././././././././././././././././././././././.]
[n2cn1080:1002739] MCW rank 171 bound to socket 0[core 44[hwt 0]]: [././././././././././././././././././././././././././././././././././././././././././././B/././././././././././././././././././.][./././././././././././././././././././././././././././././././././././././././././././././././././././././././././././././././.]
[n2cn1080:1002738] MCW rank 170 bound to socket 0[core 40[hwt 0]]: [././././././././././././././././././././././././././././././././././././././././B/././././././././././././././././././././././.][./././././././././././././././././././././././././././././././././././././././././././././././././././././././././././././././.]
[n2cn1080:1002739] MCW rank 171 bound to socket 0[core 44[hwt 0]]: [././././././././././././././././././././././././././././././././././././././././././././B/././././././././././././././././././.][./././././././././././././././././././././././././././././././././././././././././././././././././././././././././././././././.]
[n2cn1080:1002736] MCW rank 168 bound to socket 0[core 32[hwt 0]]: [././././././././././././././././././././././././././././././././B/././././././././././././././././././././././././././././././.][./././././././././././././././././././././././././././././././././././././././././././././././././././././././././././././././.]
[n2cn1080:1002736] MCW rank 168 bound to socket 0[core 32[hwt 0]]: [././././././././././././././././././././././././././././././././B/././././././././././././././././././././././././././././././.][./././././././././././././././././././././././././././././././././././././././././././././././././././././././././././././././.]
[n2cn1080:1002751] MCW rank 183 bound to socket 1[core 92[hwt 0]]: [./././././././././././././././././././././././././././././././././././././././././././././././././././././././././././././././.][././././././././././././././././././././././././././././B/././././././././././././././././././././././././././././././././././.]
[n2cn1080:1002751] MCW rank 183 bound to socket 1[core 92[hwt 0]]: [./././././././././././././././././././././././././././././././././././././././././././././././././././././././././././././././.][././././././././././././././././././././././././././././B/././././././././././././././././././././././././././././././././././.]
[n2cn1080:1002744] MCW rank 176 bound to socket 1[core 64[hwt 0]]: [./././././././././././././././././././././././././././././././././././././././././././././././././././././././././././././././.][B/././././././././././././././././././././././././././././././././././././././././././././././././././././././././././././././.]
[n2cn1080:1002745] MCW rank 177 bound to socket 1[core 68[hwt 0]]: [./././././././././././././././././././././././././././././././././././././././././././././././././././././././././././././././.][././././B/././././././././././././././././././././././././././././././././././././././././././././././././././././././././././.]
[n2cn1080:1002748] MCW rank 180 bound to socket 1[core 80[hwt 0]]: [./././././././././././././././././././././././././././././././././././././././././././././././././././././././././././././././.][././././././././././././././././B/././././././././././././././././././././././././././././././././././././././././././././././.]
[n2cn1080:1002744] MCW rank 176 bound to socket 1[core 64[hwt 0]]: [./././././././././././././././././././././././././././././././././././././././././././././././././././././././././././././././.][B/././././././././././././././././././././././././././././././././././././././././././././././././././././././././././././././.]
[n2cn1080:1002745] MCW rank 177 bound to socket 1[core 68[hwt 0]]: [./././././././././././././././././././././././././././././././././././././././././././././././././././././././././././././././.][././././B/././././././././././././././././././././././././././././././././././././././././././././././././././././././././././.]
[n2cn1080:1002748] MCW rank 180 bound to socket 1[core 80[hwt 0]]: [./././././././././././././././././././././././././././././././././././././././././././././././././././././././././././././././.][././././././././././././././././B/././././././././././././././././././././././././././././././././././././././././././././././.]
[n2cn0775.ab2021.local:131735] MCW rank 44 bound to socket 0[core 48[hwt 0]]: [././././././././././././././././././././././././././././././././././././././././././././././././B/././././././././././././././.][./././././././././././././././././././././././././././././././././././././././././././././././././././././././././././././././.]
[n2cn0775.ab2021.local:131735] MCW rank 44 bound to socket 0[core 48[hwt 0]]: [././././././././././././././././././././././././././././././././././././././././././././././././B/././././././././././././././.][./././././././././././././././././././././././././././././././././././././././././././././././././././././././././././././././.]
[n2cn1080:1002759] MCW rank 191 bound to socket 1[core 124[hwt 0]]: [./././././././././././././././././././././././././././././././././././././././././././././././././././././././././././././././.][././././././././././././././././././././././././././././././././././././././././././././././././././././././././././././B/././.]
[n2cn1080:1002753] MCW rank 185 bound to socket 1[core 100[hwt 0]]: [./././././././././././././././././././././././././././././././././././././././././././././././././././././././././././././././.][././././././././././././././././././././././././././././././././././././B/././././././././././././././././././././././././././.]
[n2cn0775.ab2021.local:131736] MCW rank 45 bound to socket 0[core 52[hwt 0]]: [././././././././././././././././././././././././././././././././././././././././././././././././././././B/././././././././././.][./././././././././././././././././././././././././././././././././././././././././././././././././././././././././././././././.]
[n2cn1080:1002749] MCW rank 181 bound to socket 1[core 84[hwt 0]]: [./././././././././././././././././././././././././././././././././././././././././././././././././././././././././././././././.][././././././././././././././././././././B/././././././././././././././././././././././././././././././././././././././././././.]
[n2cn1080:1002759] MCW rank 191 bound to socket 1[core 124[hwt 0]]: [./././././././././././././././././././././././././././././././././././././././././././././././././././././././././././././././.][././././././././././././././././././././././././././././././././././././././././././././././././././././././././././././B/././.]
[n2cn1080:1002753] MCW rank 185 bound to socket 1[core 100[hwt 0]]: [./././././././././././././././././././././././././././././././././././././././././././././././././././././././././././././././.][././././././././././././././././././././././././././././././././././././B/././././././././././././././././././././././././././.]
[n2cn0775.ab2021.local:131736] MCW rank 45 bound to socket 0[core 52[hwt 0]]: [././././././././././././././././././././././././././././././././././././././././././././././././././././B/././././././././././.][./././././././././././././././././././././././././././././././././././././././././././././././././././././././././././././././.]
[n2cn1080:1002749] MCW rank 181 bound to socket 1[core 84[hwt 0]]: [./././././././././././././././././././././././././././././././././././././././././././././././././././././././././././././././.][././././././././././././././././././././B/././././././././././././././././././././././././././././././././././././././././././.]
[n2cn1080:1002757] MCW rank 189 bound to socket 1[core 116[hwt 0]]: [./././././././././././././././././././././././././././././././././././././././././././././././././././././././././././././././.][././././././././././././././././././././././././././././././././././././././././././././././././././././B/././././././././././.]
[n2cn1080:1002755] MCW rank 187 bound to socket 1[core 108[hwt 0]]: [./././././././././././././././././././././././././././././././././././././././././././././././././././././././././././././././.][././././././././././././././././././././././././././././././././././././././././././././B/././././././././././././././././././.]
[n2cn1080:1002757] MCW rank 189 bound to socket 1[core 116[hwt 0]]: [./././././././././././././././././././././././././././././././././././././././././././././././././././././././././././././././.][././././././././././././././././././././././././././././././././././././././././././././././././././././B/././././././././././.]
[n2cn1080:1002735] MCW rank 167 bound to socket 0[core 28[hwt 0]]: [././././././././././././././././././././././././././././B/././././././././././././././././././././././././././././././././././.][./././././././././././././././././././././././././././././././././././././././././././././././././././././././././././././././.]
[n2cn1080:1002755] MCW rank 187 bound to socket 1[core 108[hwt 0]]: [./././././././././././././././././././././././././././././././././././././././././././././././././././././././././././././././.][././././././././././././././././././././././././././././././././././././././././././././B/././././././././././././././././././.]
[n2cn1080:1002740] MCW rank 172 bound to socket 0[core 48[hwt 0]]: [././././././././././././././././././././././././././././././././././././././././././././././././B/././././././././././././././.][./././././././././././././././././././././././././././././././././././././././././././././././././././././././././././././././.]
[n2cn1080:1002735] MCW rank 167 bound to socket 0[core 28[hwt 0]]: [././././././././././././././././././././././././././././B/././././././././././././././././././././././././././././././././././.][./././././././././././././././././././././././././././././././././././././././././././././././././././././././././././././././.]
[n2cn1080:1002740] MCW rank 172 bound to socket 0[core 48[hwt 0]]: [././././././././././././././././././././././././././././././././././././././././././././././././B/././././././././././././././.][./././././././././././././././././././././././././././././././././././././././././././././././././././././././././././././././.]
[n2cn0775.ab2021.local:131738] MCW rank 47 bound to socket 0[core 60[hwt 0]]: [././././././././././././././././././././././././././././././././././././././././././././././././././././././././././././B/././.][./././././././././././././././././././././././././././././././././././././././././././././././././././././././././././././././.]
[n2cn0775.ab2021.local:131737] MCW rank 46 bound to socket 0[core 56[hwt 0]]: [././././././././././././././././././././././././././././././././././././././././././././././././././././././././B/././././././.][./././././././././././././././././././././././././././././././././././././././././././././././././././././././././././././././.]
[n2cn0775.ab2021.local:131738] MCW rank 47 bound to socket 0[core 60[hwt 0]]: [././././././././././././././././././././././././././././././././././././././././././././././././././././././././././././B/././.][./././././././././././././././././././././././././././././././././././././././././././././././././././././././././././././././.]
[n2cn0775.ab2021.local:131737] MCW rank 46 bound to socket 0[core 56[hwt 0]]: [././././././././././././././././././././././././././././././././././././././././././././././././././././././././B/././././././.][./././././././././././././././././././././././././././././././././././././././././././././././././././././././././././././././.]
[n2cn1080:1002754] MCW rank 186 bound to socket 1[core 104[hwt 0]]: [./././././././././././././././././././././././././././././././././././././././././././././././././././././././././././././././.][././././././././././././././././././././././././././././././././././././././././B/././././././././././././././././././././././.]
[n2cn1080:1002750] MCW rank 182 bound to socket 1[core 88[hwt 0]]: [./././././././././././././././././././././././././././././././././././././././././././././././././././././././././././././././.][././././././././././././././././././././././././B/././././././././././././././././././././././././././././././././././././././.]
[n2cn1080:1002754] MCW rank 186 bound to socket 1[core 104[hwt 0]]: [./././././././././././././././././././././././././././././././././././././././././././././././././././././././././././././././.][././././././././././././././././././././././././././././././././././././././././B/././././././././././././././././././././././.]
[n2cn1080:1002756] MCW rank 188 bound to socket 1[core 112[hwt 0]]: [./././././././././././././././././././././././././././././././././././././././././././././././././././././././././././././././.][././././././././././././././././././././././././././././././././././././././././././././././././B/././././././././././././././.]
[n2cn0775.ab2021.local:131746] MCW rank 55 bound to socket 1[core 92[hwt 0]]: [./././././././././././././././././././././././././././././././././././././././././././././././././././././././././././././././.][././././././././././././././././././././././././././././B/././././././././././././././././././././././././././././././././././.]
[n2cn1080:1002752] MCW rank 184 bound to socket 1[core 96[hwt 0]]: [./././././././././././././././././././././././././././././././././././././././././././././././././././././././././././././././.][././././././././././././././././././././././././././././././././B/././././././././././././././././././././././././././././././.]
[n2cn1080:1002750] MCW rank 182 bound to socket 1[core 88[hwt 0]]: [./././././././././././././././././././././././././././././././././././././././././././././././././././././././././././././././.][././././././././././././././././././././././././B/././././././././././././././././././././././././././././././././././././././.]
[n2cn0775.ab2021.local:131746] MCW rank 55 bound to socket 1[core 92[hwt 0]]: [./././././././././././././././././././././././././././././././././././././././././././././././././././././././././././././././.][././././././././././././././././././././././././././././B/././././././././././././././././././././././././././././././././././.]
[n2cn1080:1002756] MCW rank 188 bound to socket 1[core 112[hwt 0]]: [./././././././././././././././././././././././././././././././././././././././././././././././././././././././././././././././.][././././././././././././././././././././././././././././././././././././././././././././././././B/././././././././././././././.]
[n2cn1080:1002752] MCW rank 184 bound to socket 1[core 96[hwt 0]]: [./././././././././././././././././././././././././././././././././././././././././././././././././././././././././././././././.][././././././././././././././././././././././././././././././././B/././././././././././././././././././././././././././././././.]
[n2cn1080:1002729] MCW rank 161 bound to socket 0[core 4[hwt 0]]: [././././B/././././././././././././././././././././././././././././././././././././././././././././././././././././././././././.][./././././././././././././././././././././././././././././././././././././././././././././././././././././././././././././././.]
[n2cn1080:1002730] MCW rank 162 bound to socket 0[core 8[hwt 0]]: [././././././././B/././././././././././././././././././././././././././././././././././././././././././././././././././././././.][./././././././././././././././././././././././././././././././././././././././././././././././././././././././././././././././.]
[n2cn1080:1002728] MCW rank 160 bound to socket 0[core 0[hwt 0]]: [B/././././././././././././././././././././././././././././././././././././././././././././././././././././././././././././././.][./././././././././././././././././././././././././././././././././././././././././././././././././././././././././././././././.]
[n2cn1080:1002729] MCW rank 161 bound to socket 0[core 4[hwt 0]]: [././././B/././././././././././././././././././././././././././././././././././././././././././././././././././././././././././.][./././././././././././././././././././././././././././././././././././././././././././././././././././././././././././././././.]
[n2cn1080:1002731] MCW rank 163 bound to socket 0[core 12[hwt 0]]: [././././././././././././B/././././././././././././././././././././././././././././././././././././././././././././././././././.][./././././././././././././././././././././././././././././././././././././././././././././././././././././././././././././././.]
[n2cn1080:1002730] MCW rank 162 bound to socket 0[core 8[hwt 0]]: [././././././././B/././././././././././././././././././././././././././././././././././././././././././././././././././././././.][./././././././././././././././././././././././././././././././././././././././././././././././././././././././././././././././.]
[n2cn1080:1002728] MCW rank 160 bound to socket 0[core 0[hwt 0]]: [B/././././././././././././././././././././././././././././././././././././././././././././././././././././././././././././././.][./././././././././././././././././././././././././././././././././././././././././././././././././././././././././././././././.]
[n2cn1080:1002731] MCW rank 163 bound to socket 0[core 12[hwt 0]]: [././././././././././././B/././././././././././././././././././././././././././././././././././././././././././././././././././.][./././././././././././././././././././././././././././././././././././././././././././././././././././././././././././././././.]
[n2cn1080:1002758] MCW rank 190 bound to socket 1[core 120[hwt 0]]: [./././././././././././././././././././././././././././././././././././././././././././././././././././././././././././././././.][././././././././././././././././././././././././././././././././././././././././././././././././././././././././B/././././././.]
[n2cn0775.ab2021.local:131730] MCW rank 39 bound to socket 0[core 28[hwt 0]]: [././././././././././././././././././././././././././././B/././././././././././././././././././././././././././././././././././.][./././././././././././././././././././././././././././././././././././././././././././././././././././././././././././././././.]
[n2cn1080:1002758] MCW rank 190 bound to socket 1[core 120[hwt 0]]: [./././././././././././././././././././././././././././././././././././././././././././././././././././././././././././././././.][././././././././././././././././././././././././././././././././././././././././././././././././././././././././B/././././././.]
[n2cn0775.ab2021.local:131730] MCW rank 39 bound to socket 0[core 28[hwt 0]]: [././././././././././././././././././././././././././././B/././././././././././././././././././././././././././././././././././.][./././././././././././././././././././././././././././././././././././././././././././././././././././././././././././././././.]
[n2cn0775.ab2021.local:131748] MCW rank 57 bound to socket 1[core 100[hwt 0]]: [./././././././././././././././././././././././././././././././././././././././././././././././././././././././././././././././.][././././././././././././././././././././././././././././././././././././B/././././././././././././././././././././././././././.]
[n2cn0775.ab2021.local:131739] MCW rank 48 bound to socket 1[core 64[hwt 0]]: [./././././././././././././././././././././././././././././././././././././././././././././././././././././././././././././././.][B/././././././././././././././././././././././././././././././././././././././././././././././././././././././././././././././.]
[n2cn0775.ab2021.local:131740] MCW rank 49 bound to socket 1[core 68[hwt 0]]: [./././././././././././././././././././././././././././././././././././././././././././././././././././././././././././././././.][././././B/././././././././././././././././././././././././././././././././././././././././././././././././././././././././././.]
[n2cn0775.ab2021.local:131742] MCW rank 51 bound to socket 1[core 76[hwt 0]]: [./././././././././././././././././././././././././././././././././././././././././././././././././././././././././././././././.][././././././././././././B/././././././././././././././././././././././././././././././././././././././././././././././././././.]
[n2cn0775.ab2021.local:131750] MCW rank 59 bound to socket 1[core 108[hwt 0]]: [./././././././././././././././././././././././././././././././././././././././././././././././././././././././././././././././.][././././././././././././././././././././././././././././././././././././././././././././B/././././././././././././././././././.]
[n2cn0775.ab2021.local:131754] MCW rank 63 bound to socket 1[core 124[hwt 0]]: [./././././././././././././././././././././././././././././././././././././././././././././././././././././././././././././././.][././././././././././././././././././././././././././././././././././././././././././././././././././././././././././././B/././.]
[n2cn0775.ab2021.local:131748] MCW rank 57 bound to socket 1[core 100[hwt 0]]: [./././././././././././././././././././././././././././././././././././././././././././././././././././././././././././././././.][././././././././././././././././././././././././././././././././././././B/././././././././././././././././././././././././././.]
[n2cn0775.ab2021.local:131739] MCW rank 48 bound to socket 1[core 64[hwt 0]]: [./././././././././././././././././././././././././././././././././././././././././././././././././././././././././././././././.][B/././././././././././././././././././././././././././././././././././././././././././././././././././././././././././././././.]
[n2cn0775.ab2021.local:131740] MCW rank 49 bound to socket 1[core 68[hwt 0]]: [./././././././././././././././././././././././././././././././././././././././././././././././././././././././././././././././.][././././B/././././././././././././././././././././././././././././././././././././././././././././././././././././././././././.]
[n2cn0775.ab2021.local:131742] MCW rank 51 bound to socket 1[core 76[hwt 0]]: [./././././././././././././././././././././././././././././././././././././././././././././././././././././././././././././././.][././././././././././././B/././././././././././././././././././././././././././././././././././././././././././././././././././.]
[n2cn0775.ab2021.local:131752] MCW rank 61 bound to socket 1[core 116[hwt 0]]: [./././././././././././././././././././././././././././././././././././././././././././././././././././././././././././././././.][././././././././././././././././././././././././././././././././././././././././././././././././././././B/././././././././././.]
[n2cn0775.ab2021.local:131750] MCW rank 59 bound to socket 1[core 108[hwt 0]]: [./././././././././././././././././././././././././././././././././././././././././././././././././././././././././././././././.][././././././././././././././././././././././././././././././././././././././././././././B/././././././././././././././././././.]
[n2cn0775.ab2021.local:131754] MCW rank 63 bound to socket 1[core 124[hwt 0]]: [./././././././././././././././././././././././././././././././././././././././././././././././././././././././././././././././.][././././././././././././././././././././././././././././././././././././././././././././././././././././././././././././B/././.]
[n2cn0775.ab2021.local:131752] MCW rank 61 bound to socket 1[core 116[hwt 0]]: [./././././././././././././././././././././././././././././././././././././././././././././././././././././././././././././././.][././././././././././././././././././././././././././././././././././././././././././././././././././././B/././././././././././.]
[n2cn0775.ab2021.local:131747] MCW rank 56 bound to socket 1[core 96[hwt 0]]: [./././././././././././././././././././././././././././././././././././././././././././././././././././././././././././././././.][././././././././././././././././././././././././././././././././B/././././././././././././././././././././././././././././././.]
[n2cn0775.ab2021.local:131747] MCW rank 56 bound to socket 1[core 96[hwt 0]]: [./././././././././././././././././././././././././././././././././././././././././././././././././././././././././././././././.][././././././././././././././././././././././././././././././././B/././././././././././././././././././././././././././././././.]
[n2cn0775.ab2021.local:131724] MCW rank 33 bound to socket 0[core 4[hwt 0]]: [././././B/././././././././././././././././././././././././././././././././././././././././././././././././././././././././././.][./././././././././././././././././././././././././././././././././././././././././././././././././././././././././././././././.]
[n2cn0775.ab2021.local:131723] MCW rank 32 bound to socket 0[core 0[hwt 0]]: [B/././././././././././././././././././././././././././././././././././././././././././././././././././././././././././././././.][./././././././././././././././././././././././././././././././././././././././././././././././././././././././././././././././.]
[n2cn0775.ab2021.local:131724] MCW rank 33 bound to socket 0[core 4[hwt 0]]: [././././B/././././././././././././././././././././././././././././././././././././././././././././././././././././././././././.][./././././././././././././././././././././././././././././././././././././././././././././././././././././././././././././././.]
[n2cn0775.ab2021.local:131723] MCW rank 32 bound to socket 0[core 0[hwt 0]]: [B/././././././././././././././././././././././././././././././././././././././././././././././././././././././././././././././.][./././././././././././././././././././././././././././././././././././././././././././././././././././././././././././././././.]
[n2cn0775.ab2021.local:131741] MCW rank 50 bound to socket 1[core 72[hwt 0]]: [./././././././././././././././././././././././././././././././././././././././././././././././././././././././././././././././.][././././././././B/././././././././././././././././././././././././././././././././././././././././././././././././././././././.]
[n2cn0775.ab2021.local:131741] MCW rank 50 bound to socket 1[core 72[hwt 0]]: [./././././././././././././././././././././././././././././././././././././././././././././././././././././././././././././././.][././././././././B/././././././././././././././././././././././././././././././././././././././././././././././././././././././.]
[n2cn0775.ab2021.local:131751] MCW rank 60 bound to socket 1[core 112[hwt 0]]: [./././././././././././././././././././././././././././././././././././././././././././././././././././././././././././././././.][././././././././././././././././././././././././././././././././././././././././././././././././B/././././././././././././././.]
[n2cn0775.ab2021.local:131749] MCW rank 58 bound to socket 1[core 104[hwt 0]]: [./././././././././././././././././././././././././././././././././././././././././././././././././././././././././././././././.][././././././././././././././././././././././././././././././././././././././././B/././././././././././././././././././././././.]
[n2cn0775.ab2021.local:131751] MCW rank 60 bound to socket 1[core 112[hwt 0]]: [./././././././././././././././././././././././././././././././././././././././././././././././././././././././././././././././.][././././././././././././././././././././././././././././././././././././././././././././././././B/././././././././././././././.]
[n2cn0775.ab2021.local:131745] MCW rank 54 bound to socket 1[core 88[hwt 0]]: [./././././././././././././././././././././././././././././././././././././././././././././././././././././././././././././././.][././././././././././././././././././././././././B/././././././././././././././././././././././././././././././././././././././.]
[n2cn0775.ab2021.local:131749] MCW rank 58 bound to socket 1[core 104[hwt 0]]: [./././././././././././././././././././././././././././././././././././././././././././././././././././././././././././././././.][././././././././././././././././././././././././././././././././././././././././B/././././././././././././././././././././././.]
[n2cn0775.ab2021.local:131745] MCW rank 54 bound to socket 1[core 88[hwt 0]]: [./././././././././././././././././././././././././././././././././././././././././././././././././././././././././././././././.][././././././././././././././././././././././././B/././././././././././././././././././././././././././././././././././././././.]
[n2cn0775.ab2021.local:131753] MCW rank 62 bound to socket 1[core 120[hwt 0]]: [./././././././././././././././././././././././././././././././././././././././././././././././././././././././././././././././.][././././././././././././././././././././././././././././././././././././././././././././././././././././././././B/././././././.]
[n2cn0775.ab2021.local:131753] MCW rank 62 bound to socket 1[core 120[hwt 0]]: [./././././././././././././././././././././././././././././././././././././././././././././././././././././././././././././././.][././././././././././././././././././././././././././././././././././././././././././././././././././././././././B/././././././.]
[n2cn0775.ab2021.local:131726] MCW rank 35 bound to socket 0[core 12[hwt 0]]: [././././././././././././B/././././././././././././././././././././././././././././././././././././././././././././././././././.][./././././././././././././././././././././././././././././././././././././././././././././././././././././././././././././././.]
[n2cn0775.ab2021.local:131726] MCW rank 35 bound to socket 0[core 12[hwt 0]]: [././././././././././././B/././././././././././././././././././././././././././././././././././././././././././././././././././.][./././././././././././././././././././././././././././././././././././././././././././././././././././././././././././././././.]
[n2cn0775.ab2021.local:131729] MCW rank 38 bound to socket 0[core 24[hwt 0]]: [././././././././././././././././././././././././B/././././././././././././././././././././././././././././././././././././././.][./././././././././././././././././././././././././././././././././././././././././././././././././././././././././././././././.]
[n2cn0775.ab2021.local:131729] MCW rank 38 bound to socket 0[core 24[hwt 0]]: [././././././././././././././././././././././././B/././././././././././././././././././././././././././././././././././././././.][./././././././././././././././././././././././././././././././././././././././././././././././././././././././././././././././.]
[n2cn0775.ab2021.local:131743] MCW rank 52 bound to socket 1[core 80[hwt 0]]: [./././././././././././././././././././././././././././././././././././././././././././././././././././././././././././././././.][././././././././././././././././B/././././././././././././././././././././././././././././././././././././././././././././././.]
[n2cn0775.ab2021.local:131744] MCW rank 53 bound to socket 1[core 84[hwt 0]]: [./././././././././././././././././././././././././././././././././././././././././././././././././././././././././././././././.][././././././././././././././././././././B/././././././././././././././././././././././././././././././././././././././././././.]
[n2cn0775.ab2021.local:131744] MCW rank 53 bound to socket 1[core 84[hwt 0]]: [./././././././././././././././././././././././././././././././././././././././././././././././././././././././././././././././.][././././././././././././././././././././B/././././././././././././././././././././././././././././././././././././././././././.]
[n2cn0775.ab2021.local:131743] MCW rank 52 bound to socket 1[core 80[hwt 0]]: [./././././././././././././././././././././././././././././././././././././././././././././././././././././././././././././././.][././././././././././././././././B/././././././././././././././././././././././././././././././././././././././././././././././.]
[n2cn0775.ab2021.local:131725] MCW rank 34 bound to socket 0[core 8[hwt 0]]: [././././././././B/././././././././././././././././././././././././././././././././././././././././././././././././././././././.][./././././././././././././././././././././././././././././././././././././././././././././././././././././././././././././././.]
[n2cn0775.ab2021.local:131725] MCW rank 34 bound to socket 0[core 8[hwt 0]]: [././././././././B/././././././././././././././././././././././././././././././././././././././././././././././././././././././.][./././././././././././././././././././././././././././././././././././././././././././././././././././././././././././././././.]
2025-03-14 05:59:53.109417: I tensorflow/tsl/cuda/cudart_stub.cc:28] Could not find cuda drivers on your machine, GPU will not be used.
2025-03-14 05:59:53.109417: I tensorflow/tsl/cuda/cudart_stub.cc:28] Could not find cuda drivers on your machine, GPU will not be used.
2025-03-14 05:59:53.109417: I tensorflow/tsl/cuda/cudart_stub.cc:28] Could not find cuda drivers on your machine, GPU will not be used.
2025-03-14 05:59:53.109417: I tensorflow/tsl/cuda/cudart_stub.cc:28] Could not find cuda drivers on your machine, GPU will not be used.
2025-03-14 05:59:53.109424: I tensorflow/tsl/cuda/cudart_stub.cc:28] Could not find cuda drivers on your machine, GPU will not be used.
2025-03-14 05:59:53.109854: I tensorflow/tsl/cuda/cudart_stub.cc:28] Could not find cuda drivers on your machine, GPU will not be used.
2025-03-14 05:59:53.109857: I tensorflow/tsl/cuda/cudart_stub.cc:28] Could not find cuda drivers on your machine, GPU will not be used.
2025-03-14 05:59:53.109427: I tensorflow/tsl/cuda/cudart_stub.cc:28] Could not find cuda drivers on your machine, GPU will not be used.
2025-03-14 05:59:53.109653: I tensorflow/tsl/cuda/cudart_stub.cc:28] Could not find cuda drivers on your machine, GPU will not be used.
2025-03-14 05:59:53.109859: I tensorflow/tsl/cuda/cudart_stub.cc:28] Could not find cuda drivers on your machine, GPU will not be used.
2025-03-14 05:59:53.109430: I tensorflow/tsl/cuda/cudart_stub.cc:28] Could not find cuda drivers on your machine, GPU will not be used.
2025-03-14 05:59:53.109868: I tensorflow/tsl/cuda/cudart_stub.cc:28] Could not find cuda drivers on your machine, GPU will not be used.
2025-03-14 05:59:53.109872: I tensorflow/tsl/cuda/cudart_stub.cc:28] Could not find cuda drivers on your machine, GPU will not be used.
2025-03-14 05:59:53.109874: I tensorflow/tsl/cuda/cudart_stub.cc:28] Could not find cuda drivers on your machine, GPU will not be used.
2025-03-14 05:59:53.109862: I tensorflow/tsl/cuda/cudart_stub.cc:28] Could not find cuda drivers on your machine, GPU will not be used.
2025-03-14 05:59:53.109869: I tensorflow/tsl/cuda/cudart_stub.cc:28] Could not find cuda drivers on your machine, GPU will not be used.
2025-03-14 05:59:53.109870: I tensorflow/tsl/cuda/cudart_stub.cc:28] Could not find cuda drivers on your machine, GPU will not be used.
2025-03-14 05:59:53.109865: I tensorflow/tsl/cuda/cudart_stub.cc:28] Could not find cuda drivers on your machine, GPU will not be used.
2025-03-14 05:59:53.109406: I tensorflow/tsl/cuda/cudart_stub.cc:28] Could not find cuda drivers on your machine, GPU will not be used.
2025-03-14 05:59:53.109417: I tensorflow/tsl/cuda/cudart_stub.cc:28] Could not find cuda drivers on your machine, GPU will not be used.
2025-03-14 05:59:53.109840: I tensorflow/tsl/cuda/cudart_stub.cc:28] Could not find cuda drivers on your machine, GPU will not be used.
2025-03-14 05:59:53.109837: I tensorflow/tsl/cuda/cudart_stub.cc:28] Could not find cuda drivers on your machine, GPU will not be used.
2025-03-14 05:59:53.109860: I tensorflow/tsl/cuda/cudart_stub.cc:28] Could not find cuda drivers on your machine, GPU will not be used.
2025-03-14 05:59:53.109863: I tensorflow/tsl/cuda/cudart_stub.cc:28] Could not find cuda drivers on your machine, GPU will not be used.
2025-03-14 05:59:53.109415: I tensorflow/tsl/cuda/cudart_stub.cc:28] Could not find cuda drivers on your machine, GPU will not be used.
2025-03-14 05:59:53.109397: I tensorflow/tsl/cuda/cudart_stub.cc:28] Could not find cuda drivers on your machine, GPU will not be used.
2025-03-14 05:59:53.109881: I tensorflow/tsl/cuda/cudart_stub.cc:28] Could not find cuda drivers on your machine, GPU will not be used.
2025-03-14 05:59:53.110005: I tensorflow/tsl/cuda/cudart_stub.cc:28] Could not find cuda drivers on your machine, GPU will not be used.
2025-03-14 05:59:53.109781: I tensorflow/tsl/cuda/cudart_stub.cc:28] Could not find cuda drivers on your machine, GPU will not be used.
2025-03-14 05:59:53.111224: I tensorflow/tsl/cuda/cudart_stub.cc:28] Could not find cuda drivers on your machine, GPU will not be used.
2025-03-14 05:59:53.111229: I tensorflow/tsl/cuda/cudart_stub.cc:28] Could not find cuda drivers on your machine, GPU will not be used.
2025-03-14 05:59:53.111551: I tensorflow/tsl/cuda/cudart_stub.cc:28] Could not find cuda drivers on your machine, GPU will not be used.
2025-03-14 05:59:54.292755: E tensorflow/compiler/xla/stream_executor/cuda/cuda_dnn.cc:9342] Unable to register cuDNN factory: Attempting to register factory for plugin cuDNN when one has already been registered
2025-03-14 05:59:54.292787: E tensorflow/compiler/xla/stream_executor/cuda/cuda_fft.cc:609] Unable to register cuFFT factory: Attempting to register factory for plugin cuFFT when one has already been registered
2025-03-14 05:59:54.292767: E tensorflow/compiler/xla/stream_executor/cuda/cuda_dnn.cc:9342] Unable to register cuDNN factory: Attempting to register factory for plugin cuDNN when one has already been registered
2025-03-14 05:59:54.292787: E tensorflow/compiler/xla/stream_executor/cuda/cuda_fft.cc:609] Unable to register cuFFT factory: Attempting to register factory for plugin cuFFT when one has already been registered
2025-03-14 05:59:54.292751: E tensorflow/compiler/xla/stream_executor/cuda/cuda_dnn.cc:9342] Unable to register cuDNN factory: Attempting to register factory for plugin cuDNN when one has already been registered
2025-03-14 05:59:54.292778: E tensorflow/compiler/xla/stream_executor/cuda/cuda_fft.cc:609] Unable to register cuFFT factory: Attempting to register factory for plugin cuFFT when one has already been registered
2025-03-14 05:59:54.292746: E tensorflow/compiler/xla/stream_executor/cuda/cuda_dnn.cc:9342] Unable to register cuDNN factory: Attempting to register factory for plugin cuDNN when one has already been registered
2025-03-14 05:59:54.292771: E tensorflow/compiler/xla/stream_executor/cuda/cuda_fft.cc:609] Unable to register cuFFT factory: Attempting to register factory for plugin cuFFT when one has already been registered
2025-03-14 05:59:54.292746: E tensorflow/compiler/xla/stream_executor/cuda/cuda_dnn.cc:9342] Unable to register cuDNN factory: Attempting to register factory for plugin cuDNN when one has already been registered
2025-03-14 05:59:54.292771: E tensorflow/compiler/xla/stream_executor/cuda/cuda_fft.cc:609] Unable to register cuFFT factory: Attempting to register factory for plugin cuFFT when one has already been registered
2025-03-14 05:59:54.292749: E tensorflow/compiler/xla/stream_executor/cuda/cuda_dnn.cc:9342] Unable to register cuDNN factory: Attempting to register factory for plugin cuDNN when one has already been registered
2025-03-14 05:59:54.292773: E tensorflow/compiler/xla/stream_executor/cuda/cuda_fft.cc:609] Unable to register cuFFT factory: Attempting to register factory for plugin cuFFT when one has already been registered
2025-03-14 05:59:54.292761: E tensorflow/compiler/xla/stream_executor/cuda/cuda_dnn.cc:9342] Unable to register cuDNN factory: Attempting to register factory for plugin cuDNN when one has already been registered
2025-03-14 05:59:54.292785: E tensorflow/compiler/xla/stream_executor/cuda/cuda_fft.cc:609] Unable to register cuFFT factory: Attempting to register factory for plugin cuFFT when one has already been registered
2025-03-14 05:59:54.292776: E tensorflow/compiler/xla/stream_executor/cuda/cuda_dnn.cc:9342] Unable to register cuDNN factory: Attempting to register factory for plugin cuDNN when one has already been registered
2025-03-14 05:59:54.292799: E tensorflow/compiler/xla/stream_executor/cuda/cuda_fft.cc:609] Unable to register cuFFT factory: Attempting to register factory for plugin cuFFT when one has already been registered
2025-03-14 05:59:54.292785: E tensorflow/compiler/xla/stream_executor/cuda/cuda_dnn.cc:9342] Unable to register cuDNN factory: Attempting to register factory for plugin cuDNN when one has already been registered
2025-03-14 05:59:54.292800: E tensorflow/compiler/xla/stream_executor/cuda/cuda_fft.cc:609] Unable to register cuFFT factory: Attempting to register factory for plugin cuFFT when one has already been registered
2025-03-14 05:59:54.292771: E tensorflow/compiler/xla/stream_executor/cuda/cuda_dnn.cc:9342] Unable to register cuDNN factory: Attempting to register factory for plugin cuDNN when one has already been registered
2025-03-14 05:59:54.292798: E tensorflow/compiler/xla/stream_executor/cuda/cuda_fft.cc:609] Unable to register cuFFT factory: Attempting to register factory for plugin cuFFT when one has already been registered
2025-03-14 05:59:54.292771: E tensorflow/compiler/xla/stream_executor/cuda/cuda_dnn.cc:9342] Unable to register cuDNN factory: Attempting to register factory for plugin cuDNN when one has already been registered
2025-03-14 05:59:54.292803: E tensorflow/compiler/xla/stream_executor/cuda/cuda_fft.cc:609] Unable to register cuFFT factory: Attempting to register factory for plugin cuFFT when one has already been registered
2025-03-14 05:59:54.292811: E tensorflow/compiler/xla/stream_executor/cuda/cuda_dnn.cc:9342] Unable to register cuDNN factory: Attempting to register factory for plugin cuDNN when one has already been registered
2025-03-14 05:59:54.292841: E tensorflow/compiler/xla/stream_executor/cuda/cuda_fft.cc:609] Unable to register cuFFT factory: Attempting to register factory for plugin cuFFT when one has already been registered
2025-03-14 05:59:54.292783: E tensorflow/compiler/xla/stream_executor/cuda/cuda_dnn.cc:9342] Unable to register cuDNN factory: Attempting to register factory for plugin cuDNN when one has already been registered
2025-03-14 05:59:54.292822: E tensorflow/compiler/xla/stream_executor/cuda/cuda_fft.cc:609] Unable to register cuFFT factory: Attempting to register factory for plugin cuFFT when one has already been registered
2025-03-14 05:59:54.292821: E tensorflow/compiler/xla/stream_executor/cuda/cuda_dnn.cc:9342] Unable to register cuDNN factory: Attempting to register factory for plugin cuDNN when one has already been registered
2025-03-14 05:59:54.292836: E tensorflow/compiler/xla/stream_executor/cuda/cuda_fft.cc:609] Unable to register cuFFT factory: Attempting to register factory for plugin cuFFT when one has already been registered
2025-03-14 05:59:54.292809: E tensorflow/compiler/xla/stream_executor/cuda/cuda_dnn.cc:9342] Unable to register cuDNN factory: Attempting to register factory for plugin cuDNN when one has already been registered
2025-03-14 05:59:54.292841: E tensorflow/compiler/xla/stream_executor/cuda/cuda_fft.cc:609] Unable to register cuFFT factory: Attempting to register factory for plugin cuFFT when one has already been registered
2025-03-14 05:59:54.292814: E tensorflow/compiler/xla/stream_executor/cuda/cuda_dnn.cc:9342] Unable to register cuDNN factory: Attempting to register factory for plugin cuDNN when one has already been registered
2025-03-14 05:59:54.292848: E tensorflow/compiler/xla/stream_executor/cuda/cuda_fft.cc:609] Unable to register cuFFT factory: Attempting to register factory for plugin cuFFT when one has already been registered
2025-03-14 05:59:54.292814: E tensorflow/compiler/xla/stream_executor/cuda/cuda_dnn.cc:9342] Unable to register cuDNN factory: Attempting to register factory for plugin cuDNN when one has already been registered
2025-03-14 05:59:54.292838: E tensorflow/compiler/xla/stream_executor/cuda/cuda_fft.cc:609] Unable to register cuFFT factory: Attempting to register factory for plugin cuFFT when one has already been registered
2025-03-14 05:59:54.292794: E tensorflow/compiler/xla/stream_executor/cuda/cuda_dnn.cc:9342] Unable to register cuDNN factory: Attempting to register factory for plugin cuDNN when one has already been registered
2025-03-14 05:59:54.292816: E tensorflow/compiler/xla/stream_executor/cuda/cuda_fft.cc:609] Unable to register cuFFT factory: Attempting to register factory for plugin cuFFT when one has already been registered
2025-03-14 05:59:54.292787: E tensorflow/compiler/xla/stream_executor/cuda/cuda_dnn.cc:9342] Unable to register cuDNN factory: Attempting to register factory for plugin cuDNN when one has already been registered
2025-03-14 05:59:54.292816: E tensorflow/compiler/xla/stream_executor/cuda/cuda_fft.cc:609] Unable to register cuFFT factory: Attempting to register factory for plugin cuFFT when one has already been registered
2025-03-14 05:59:54.292787: E tensorflow/compiler/xla/stream_executor/cuda/cuda_dnn.cc:9342] Unable to register cuDNN factory: Attempting to register factory for plugin cuDNN when one has already been registered
2025-03-14 05:59:54.292825: E tensorflow/compiler/xla/stream_executor/cuda/cuda_fft.cc:609] Unable to register cuFFT factory: Attempting to register factory for plugin cuFFT when one has already been registered
2025-03-14 05:59:54.292793: E tensorflow/compiler/xla/stream_executor/cuda/cuda_dnn.cc:9342] Unable to register cuDNN factory: Attempting to register factory for plugin cuDNN when one has already been registered
2025-03-14 05:59:54.292808: E tensorflow/compiler/xla/stream_executor/cuda/cuda_fft.cc:609] Unable to register cuFFT factory: Attempting to register factory for plugin cuFFT when one has already been registered
2025-03-14 05:59:54.292777: E tensorflow/compiler/xla/stream_executor/cuda/cuda_dnn.cc:9342] Unable to register cuDNN factory: Attempting to register factory for plugin cuDNN when one has already been registered
2025-03-14 05:59:54.292804: E tensorflow/compiler/xla/stream_executor/cuda/cuda_fft.cc:609] Unable to register cuFFT factory: Attempting to register factory for plugin cuFFT when one has already been registered
2025-03-14 05:59:54.292800: E tensorflow/compiler/xla/stream_executor/cuda/cuda_dnn.cc:9342] Unable to register cuDNN factory: Attempting to register factory for plugin cuDNN when one has already been registered
2025-03-14 05:59:54.292831: E tensorflow/compiler/xla/stream_executor/cuda/cuda_fft.cc:609] Unable to register cuFFT factory: Attempting to register factory for plugin cuFFT when one has already been registered
2025-03-14 05:59:54.292803: E tensorflow/compiler/xla/stream_executor/cuda/cuda_dnn.cc:9342] Unable to register cuDNN factory: Attempting to register factory for plugin cuDNN when one has already been registered
2025-03-14 05:59:54.292819: E tensorflow/compiler/xla/stream_executor/cuda/cuda_fft.cc:609] Unable to register cuFFT factory: Attempting to register factory for plugin cuFFT when one has already been registered
2025-03-14 05:59:54.292813: E tensorflow/compiler/xla/stream_executor/cuda/cuda_dnn.cc:9342] Unable to register cuDNN factory: Attempting to register factory for plugin cuDNN when one has already been registered
2025-03-14 05:59:54.292841: E tensorflow/compiler/xla/stream_executor/cuda/cuda_fft.cc:609] Unable to register cuFFT factory: Attempting to register factory for plugin cuFFT when one has already been registered
2025-03-14 05:59:54.292818: E tensorflow/compiler/xla/stream_executor/cuda/cuda_dnn.cc:9342] Unable to register cuDNN factory: Attempting to register factory for plugin cuDNN when one has already been registered
2025-03-14 05:59:54.292846: E tensorflow/compiler/xla/stream_executor/cuda/cuda_fft.cc:609] Unable to register cuFFT factory: Attempting to register factory for plugin cuFFT when one has already been registered
2025-03-14 05:59:54.292803: E tensorflow/compiler/xla/stream_executor/cuda/cuda_dnn.cc:9342] Unable to register cuDNN factory: Attempting to register factory for plugin cuDNN when one has already been registered
2025-03-14 05:59:54.292835: E tensorflow/compiler/xla/stream_executor/cuda/cuda_fft.cc:609] Unable to register cuFFT factory: Attempting to register factory for plugin cuFFT when one has already been registered
2025-03-14 05:59:54.292816: E tensorflow/compiler/xla/stream_executor/cuda/cuda_dnn.cc:9342] Unable to register cuDNN factory: Attempting to register factory for plugin cuDNN when one has already been registered
2025-03-14 05:59:54.292832: E tensorflow/compiler/xla/stream_executor/cuda/cuda_fft.cc:609] Unable to register cuFFT factory: Attempting to register factory for plugin cuFFT when one has already been registered
2025-03-14 05:59:54.292801: E tensorflow/compiler/xla/stream_executor/cuda/cuda_dnn.cc:9342] Unable to register cuDNN factory: Attempting to register factory for plugin cuDNN when one has already been registered
2025-03-14 05:59:54.292820: E tensorflow/compiler/xla/stream_executor/cuda/cuda_fft.cc:609] Unable to register cuFFT factory: Attempting to register factory for plugin cuFFT when one has already been registered
2025-03-14 05:59:54.292803: E tensorflow/compiler/xla/stream_executor/cuda/cuda_dnn.cc:9342] Unable to register cuDNN factory: Attempting to register factory for plugin cuDNN when one has already been registered
2025-03-14 05:59:54.292820: E tensorflow/compiler/xla/stream_executor/cuda/cuda_fft.cc:609] Unable to register cuFFT factory: Attempting to register factory for plugin cuFFT when one has already been registered
2025-03-14 05:59:54.292802: E tensorflow/compiler/xla/stream_executor/cuda/cuda_dnn.cc:9342] Unable to register cuDNN factory: Attempting to register factory for plugin cuDNN when one has already been registered
2025-03-14 05:59:54.292818: E tensorflow/compiler/xla/stream_executor/cuda/cuda_fft.cc:609] Unable to register cuFFT factory: Attempting to register factory for plugin cuFFT when one has already been registered
2025-03-14 05:59:54.292797: E tensorflow/compiler/xla/stream_executor/cuda/cuda_dnn.cc:9342] Unable to register cuDNN factory: Attempting to register factory for plugin cuDNN when one has already been registered
2025-03-14 05:59:54.292824: E tensorflow/compiler/xla/stream_executor/cuda/cuda_fft.cc:609] Unable to register cuFFT factory: Attempting to register factory for plugin cuFFT when one has already been registered
2025-03-14 05:59:54.295706: E tensorflow/compiler/xla/stream_executor/cuda/cuda_blas.cc:1518] Unable to register cuBLAS factory: Attempting to register factory for plugin cuBLAS when one has already been registered
2025-03-14 05:59:54.295707: E tensorflow/compiler/xla/stream_executor/cuda/cuda_blas.cc:1518] Unable to register cuBLAS factory: Attempting to register factory for plugin cuBLAS when one has already been registered
2025-03-14 05:59:54.295713: E tensorflow/compiler/xla/stream_executor/cuda/cuda_blas.cc:1518] Unable to register cuBLAS factory: Attempting to register factory for plugin cuBLAS when one has already been registered
2025-03-14 05:59:54.295697: E tensorflow/compiler/xla/stream_executor/cuda/cuda_blas.cc:1518] Unable to register cuBLAS factory: Attempting to register factory for plugin cuBLAS when one has already been registered
2025-03-14 05:59:54.295694: E tensorflow/compiler/xla/stream_executor/cuda/cuda_blas.cc:1518] Unable to register cuBLAS factory: Attempting to register factory for plugin cuBLAS when one has already been registered
2025-03-14 05:59:54.295714: E tensorflow/compiler/xla/stream_executor/cuda/cuda_blas.cc:1518] Unable to register cuBLAS factory: Attempting to register factory for plugin cuBLAS when one has already been registered
2025-03-14 05:59:54.295717: E tensorflow/compiler/xla/stream_executor/cuda/cuda_blas.cc:1518] Unable to register cuBLAS factory: Attempting to register factory for plugin cuBLAS when one has already been registered
2025-03-14 05:59:54.295757: E tensorflow/compiler/xla/stream_executor/cuda/cuda_blas.cc:1518] Unable to register cuBLAS factory: Attempting to register factory for plugin cuBLAS when one has already been registered
2025-03-14 05:59:54.295740: E tensorflow/compiler/xla/stream_executor/cuda/cuda_blas.cc:1518] Unable to register cuBLAS factory: Attempting to register factory for plugin cuBLAS when one has already been registered
2025-03-14 05:59:54.295767: E tensorflow/compiler/xla/stream_executor/cuda/cuda_blas.cc:1518] Unable to register cuBLAS factory: Attempting to register factory for plugin cuBLAS when one has already been registered
2025-03-14 05:59:54.295767: E tensorflow/compiler/xla/stream_executor/cuda/cuda_blas.cc:1518] Unable to register cuBLAS factory: Attempting to register factory for plugin cuBLAS when one has already been registered
2025-03-14 05:59:54.295765: E tensorflow/compiler/xla/stream_executor/cuda/cuda_blas.cc:1518] Unable to register cuBLAS factory: Attempting to register factory for plugin cuBLAS when one has already been registered
2025-03-14 05:59:54.295718: E tensorflow/compiler/xla/stream_executor/cuda/cuda_blas.cc:1518] Unable to register cuBLAS factory: Attempting to register factory for plugin cuBLAS when one has already been registered
2025-03-14 05:59:54.295742: E tensorflow/compiler/xla/stream_executor/cuda/cuda_blas.cc:1518] Unable to register cuBLAS factory: Attempting to register factory for plugin cuBLAS when one has already been registered
2025-03-14 05:59:54.295769: E tensorflow/compiler/xla/stream_executor/cuda/cuda_blas.cc:1518] Unable to register cuBLAS factory: Attempting to register factory for plugin cuBLAS when one has already been registered
2025-03-14 05:59:54.295763: E tensorflow/compiler/xla/stream_executor/cuda/cuda_blas.cc:1518] Unable to register cuBLAS factory: Attempting to register factory for plugin cuBLAS when one has already been registered
2025-03-14 05:59:54.295726: E tensorflow/compiler/xla/stream_executor/cuda/cuda_blas.cc:1518] Unable to register cuBLAS factory: Attempting to register factory for plugin cuBLAS when one has already been registered
2025-03-14 05:59:54.295758: E tensorflow/compiler/xla/stream_executor/cuda/cuda_blas.cc:1518] Unable to register cuBLAS factory: Attempting to register factory for plugin cuBLAS when one has already been registered
2025-03-14 05:59:54.295767: E tensorflow/compiler/xla/stream_executor/cuda/cuda_blas.cc:1518] Unable to register cuBLAS factory: Attempting to register factory for plugin cuBLAS when one has already been registered
2025-03-14 05:59:54.295766: E tensorflow/compiler/xla/stream_executor/cuda/cuda_blas.cc:1518] Unable to register cuBLAS factory: Attempting to register factory for plugin cuBLAS when one has already been registered
2025-03-14 05:59:54.295753: E tensorflow/compiler/xla/stream_executor/cuda/cuda_blas.cc:1518] Unable to register cuBLAS factory: Attempting to register factory for plugin cuBLAS when one has already been registered
2025-03-14 05:59:54.295766: E tensorflow/compiler/xla/stream_executor/cuda/cuda_blas.cc:1518] Unable to register cuBLAS factory: Attempting to register factory for plugin cuBLAS when one has already been registered
2025-03-14 05:59:54.295764: E tensorflow/compiler/xla/stream_executor/cuda/cuda_blas.cc:1518] Unable to register cuBLAS factory: Attempting to register factory for plugin cuBLAS when one has already been registered
2025-03-14 05:59:54.295727: E tensorflow/compiler/xla/stream_executor/cuda/cuda_blas.cc:1518] Unable to register cuBLAS factory: Attempting to register factory for plugin cuBLAS when one has already been registered
2025-03-14 05:59:54.295763: E tensorflow/compiler/xla/stream_executor/cuda/cuda_blas.cc:1518] Unable to register cuBLAS factory: Attempting to register factory for plugin cuBLAS when one has already been registered
2025-03-14 05:59:54.295764: E tensorflow/compiler/xla/stream_executor/cuda/cuda_blas.cc:1518] Unable to register cuBLAS factory: Attempting to register factory for plugin cuBLAS when one has already been registered
2025-03-14 05:59:54.295766: E tensorflow/compiler/xla/stream_executor/cuda/cuda_blas.cc:1518] Unable to register cuBLAS factory: Attempting to register factory for plugin cuBLAS when one has already been registered
2025-03-14 05:59:54.295767: E tensorflow/compiler/xla/stream_executor/cuda/cuda_blas.cc:1518] Unable to register cuBLAS factory: Attempting to register factory for plugin cuBLAS when one has already been registered
2025-03-14 05:59:54.295769: E tensorflow/compiler/xla/stream_executor/cuda/cuda_blas.cc:1518] Unable to register cuBLAS factory: Attempting to register factory for plugin cuBLAS when one has already been registered
2025-03-14 05:59:54.295769: E tensorflow/compiler/xla/stream_executor/cuda/cuda_blas.cc:1518] Unable to register cuBLAS factory: Attempting to register factory for plugin cuBLAS when one has already been registered
2025-03-14 05:59:54.295770: E tensorflow/compiler/xla/stream_executor/cuda/cuda_blas.cc:1518] Unable to register cuBLAS factory: Attempting to register factory for plugin cuBLAS when one has already been registered
2025-03-14 05:59:54.295768: E tensorflow/compiler/xla/stream_executor/cuda/cuda_blas.cc:1518] Unable to register cuBLAS factory: Attempting to register factory for plugin cuBLAS when one has already been registered
DeePMD-kit: Cannot find libcudart.so.11.0
implib-gen: libcudart.so.11.0: failed to load library 'libcudart.so.11.0' via callback 'DP_cudart_dlopen'
implib-gen: libcudart.so.11.0: failed to resolve symbol '__cudaRegisterFatBinary', library failed to load
implib-gen: libcudart.so.11.0: failed to load library 'libcudart.so.11.0' via callback 'DP_cudart_dlopen'
implib-gen: libcudart.so.11.0: failed to resolve symbol '__cudaRegisterFunction', library failed to load
implib-gen: libcudart.so.11.0: failed to load library 'libcudart.so.11.0' via callback 'DP_cudart_dlopen'
implib-gen: libcudart.so.11.0: failed to resolve symbol '__cudaRegisterFatBinaryEnd', library failed to load
DeePMD-kit: Cannot find libcudart.so.11.0
implib-gen: libcudart.so.11.0: failed to load library 'libcudart.so.11.0' via callback 'DP_cudart_dlopen'
implib-gen: libcudart.so.11.0: failed to resolve symbol '__cudaRegisterFatBinary', library failed to load
implib-gen: libcudart.so.11.0: failed to load library 'libcudart.so.11.0' via callback 'DP_cudart_dlopen'
implib-gen: libcudart.so.11.0: failed to resolve symbol '__cudaRegisterFunction', library failed to load
implib-gen: libcudart.so.11.0: failed to load library 'libcudart.so.11.0' via callback 'DP_cudart_dlopen'
implib-gen: libcudart.so.11.0: failed to resolve symbol '__cudaRegisterFatBinaryEnd', library failed to load
DeePMD-kit: Cannot find libcudart.so.11.0
DeePMD-kit: Cannot find libcudart.so.11.0
implib-gen: libcudart.so.11.0: failed to load library 'libcudart.so.11.0' via callback 'DP_cudart_dlopen'
implib-gen: libcudart.so.11.0: failed to resolve symbol '__cudaRegisterFatBinary', library failed to load
implib-gen: libcudart.so.11.0: failed to load library 'libcudart.so.11.0' via callback 'DP_cudart_dlopen'
DeePMD-kit: Cannot find libcudart.so.11.0
implib-gen: libcudart.so.11.0: failed to load library 'libcudart.so.11.0' via callback 'DP_cudart_dlopen'
implib-gen: libcudart.so.11.0: failed to resolve symbol '__cudaRegisterFatBinary', library failed to load
implib-gen: libcudart.so.11.0: failed to load library 'libcudart.so.11.0' via callback 'DP_cudart_dlopen'
implib-gen: libcudart.so.11.0: failed to resolve symbol '__cudaRegisterFunction', library failed to load
implib-gen: libcudart.so.11.0: failed to load library 'libcudart.so.11.0' via callback 'DP_cudart_dlopen'
implib-gen: libcudart.so.11.0: failed to resolve symbol '__cudaRegisterFatBinaryEnd', library failed to load
implib-gen: libcudart.so.11.0: failed to load library 'libcudart.so.11.0' via callback 'DP_cudart_dlopen'
implib-gen: libcudart.so.11.0: failed to resolve symbol '__cudaRegisterFatBinary', library failed to load
implib-gen: libcudart.so.11.0: failed to load library 'libcudart.so.11.0' via callback 'DP_cudart_dlopen'
implib-gen: libcudart.so.11.0: failed to resolve symbol '__cudaRegisterFunction', library failed to load
implib-gen: libcudart.so.11.0: failed to load library 'libcudart.so.11.0' via callback 'DP_cudart_dlopen'
implib-gen: libcudart.so.11.0: failed to resolve symbol '__cudaRegisterFatBinaryEnd', library failed to load
implib-gen: libcudart.so.11.0: failed to resolve symbol '__cudaRegisterFunction', library failed to load
implib-gen: libcudart.so.11.0: failed to load library 'libcudart.so.11.0' via callback 'DP_cudart_dlopen'
implib-gen: libcudart.so.11.0: failed to resolve symbol '__cudaRegisterFatBinaryEnd', library failed to load
DeePMD-kit: Cannot find libcudart.so.11.0
implib-gen: libcudart.so.11.0: failed to load library 'libcudart.so.11.0' via callback 'DP_cudart_dlopen'
implib-gen: libcudart.so.11.0: failed to resolve symbol '__cudaRegisterFatBinary', library failed to load
implib-gen: libcudart.so.11.0: failed to load library 'libcudart.so.11.0' via callback 'DP_cudart_dlopen'
implib-gen: libcudart.so.11.0: failed to resolve symbol '__cudaRegisterFunction', library failed to load
implib-gen: libcudart.so.11.0: failed to load library 'libcudart.so.11.0' via callback 'DP_cudart_dlopen'
implib-gen: libcudart.so.11.0: failed to resolve symbol '__cudaRegisterFatBinaryEnd', library failed to load
DeePMD-kit: Cannot find libcudart.so.11.0
DeePMD-kit: Cannot find libcudart.so.11.0
implib-gen: libcudart.so.11.0: failed to load library 'libcudart.so.11.0' via callback 'DP_cudart_dlopen'
implib-gen: libcudart.so.11.0: failed to resolve symbol '__cudaRegisterFatBinary', library failed to load
implib-gen: libcudart.so.11.0: failed to load library 'libcudart.so.11.0' via callback 'DP_cudart_dlopen'
implib-gen: libcudart.so.11.0: failed to load library 'libcudart.so.11.0' via callback 'DP_cudart_dlopen'
implib-gen: libcudart.so.11.0: failed to resolve symbol '__cudaRegisterFatBinary', library failed to load
implib-gen: libcudart.so.11.0: failed to load library 'libcudart.so.11.0' via callback 'DP_cudart_dlopen'
implib-gen: libcudart.so.11.0: failed to resolve symbol '__cudaRegisterFunction', library failed to load
implib-gen: libcudart.so.11.0: failed to load library 'libcudart.so.11.0' via callback 'DP_cudart_dlopen'
implib-gen: libcudart.so.11.0: failed to resolve symbol '__cudaRegisterFatBinaryEnd', library failed to load
implib-gen: libcudart.so.11.0: failed to resolve symbol '__cudaRegisterFunction', library failed to load
implib-gen: libcudart.so.11.0: failed to load library 'libcudart.so.11.0' via callback 'DP_cudart_dlopen'
implib-gen: libcudart.so.11.0: failed to resolve symbol '__cudaRegisterFatBinaryEnd', library failed to load
DeePMD-kit: Cannot find libcudart.so.11.0
implib-gen: libcudart.so.11.0: failed to load library 'libcudart.so.11.0' via callback 'DP_cudart_dlopen'
implib-gen: libcudart.so.11.0: failed to resolve symbol '__cudaRegisterFatBinary', library failed to load
implib-gen: libcudart.so.11.0: failed to load library 'libcudart.so.11.0' via callback 'DP_cudart_dlopen'
DeePMD-kit: Cannot find libcudart.so.11.0
implib-gen: libcudart.so.11.0: failed to load library 'libcudart.so.11.0' via callback 'DP_cudart_dlopen'
implib-gen: libcudart.so.11.0: failed to resolve symbol '__cudaRegisterFatBinary', library failed to load
implib-gen: libcudart.so.11.0: failed to load library 'libcudart.so.11.0' via callback 'DP_cudart_dlopen'
implib-gen: libcudart.so.11.0: failed to resolve symbol '__cudaRegisterFunction', library failed to load
implib-gen: libcudart.so.11.0: failed to load library 'libcudart.so.11.0' via callback 'DP_cudart_dlopen'
implib-gen: libcudart.so.11.0: failed to resolve symbol '__cudaRegisterFatBinaryEnd', library failed to load
DeePMD-kit: Cannot find libcudart.so.11.0
implib-gen: libcudart.so.11.0: failed to load library 'libcudart.so.11.0' via callback 'DP_cudart_dlopen'
implib-gen: libcudart.so.11.0: failed to resolve symbol '__cudaRegisterFatBinary', library failed to load
implib-gen: libcudart.so.11.0: failed to load library 'libcudart.so.11.0' via callback 'DP_cudart_dlopen'
implib-gen: libcudart.so.11.0: failed to resolve symbol '__cudaRegisterFunction', library failed to load
implib-gen: libcudart.so.11.0: failed to load library 'libcudart.so.11.0' via callback 'DP_cudart_dlopen'
implib-gen: libcudart.so.11.0: failed to resolve symbol '__cudaRegisterFatBinaryEnd', library failed to load
implib-gen: libcudart.so.11.0: failed to resolve symbol '__cudaRegisterFunction', library failed to load
implib-gen: libcudart.so.11.0: failed to load library 'libcudart.so.11.0' via callback 'DP_cudart_dlopen'
implib-gen: libcudart.so.11.0: failed to resolve symbol '__cudaRegisterFatBinaryEnd', library failed to load
DeePMD-kit: Cannot find libcudart.so.11.0
implib-gen: libcudart.so.11.0: failed to load library 'libcudart.so.11.0' via callback 'DP_cudart_dlopen'
implib-gen: libcudart.so.11.0: failed to resolve symbol '__cudaRegisterFatBinary', library failed to load
implib-gen: libcudart.so.11.0: failed to load library 'libcudart.so.11.0' via callback 'DP_cudart_dlopen'
implib-gen: libcudart.so.11.0: failed to resolve symbol '__cudaRegisterFunction', library failed to load
implib-gen: libcudart.so.11.0: failed to load library 'libcudart.so.11.0' via callback 'DP_cudart_dlopen'
implib-gen: libcudart.so.11.0: failed to resolve symbol '__cudaRegisterFatBinaryEnd', library failed to load
DeePMD-kit: Cannot find libcudart.so.11.0
implib-gen: libcudart.so.11.0: failed to load library 'libcudart.so.11.0' via callback 'DP_cudart_dlopen'
implib-gen: libcudart.so.11.0: failed to resolve symbol '__cudaRegisterFatBinary', library failed to load
implib-gen: libcudart.so.11.0: failed to load library 'libcudart.so.11.0' via callback 'DP_cudart_dlopen'
implib-gen: libcudart.so.11.0: failed to resolve symbol '__cudaRegisterFunction', library failed to load
implib-gen: libcudart.so.11.0: failed to load library 'libcudart.so.11.0' via callback 'DP_cudart_dlopen'
implib-gen: libcudart.so.11.0: failed to resolve symbol '__cudaRegisterFatBinaryEnd', library failed to load
DeePMD-kit: Cannot find libcudart.so.11.0
DeePMD-kit: Cannot find libcudart.so.11.0
implib-gen: libcudart.so.11.0: failed to load library 'libcudart.so.11.0' via callback 'DP_cudart_dlopen'
implib-gen: libcudart.so.11.0: failed to load library 'libcudart.so.11.0' via callback 'DP_cudart_dlopen'
implib-gen: libcudart.so.11.0: failed to resolve symbol '__cudaRegisterFatBinary', library failed to load
implib-gen: libcudart.so.11.0: failed to load library 'libcudart.so.11.0' via callback 'DP_cudart_dlopen'
implib-gen: libcudart.so.11.0: failed to resolve symbol '__cudaRegisterFunction', library failed to load
implib-gen: libcudart.so.11.0: failed to load library 'libcudart.so.11.0' via callback 'DP_cudart_dlopen'
implib-gen: libcudart.so.11.0: failed to resolve symbol '__cudaRegisterFatBinaryEnd', library failed to load
implib-gen: libcudart.so.11.0: failed to resolve symbol '__cudaRegisterFatBinary', library failed to load
implib-gen: libcudart.so.11.0: failed to load library 'libcudart.so.11.0' via callback 'DP_cudart_dlopen'
implib-gen: libcudart.so.11.0: failed to resolve symbol '__cudaRegisterFunction', library failed to load
implib-gen: libcudart.so.11.0: failed to load library 'libcudart.so.11.0' via callback 'DP_cudart_dlopen'
implib-gen: libcudart.so.11.0: failed to resolve symbol '__cudaRegisterFatBinaryEnd', library failed to load
DeePMD-kit: Cannot find libcudart.so.11.0
implib-gen: libcudart.so.11.0: failed to load library 'libcudart.so.11.0' via callback 'DP_cudart_dlopen'
implib-gen: libcudart.so.11.0: failed to resolve symbol '__cudaRegisterFatBinary', library failed to load
implib-gen: libcudart.so.11.0: failed to load library 'libcudart.so.11.0' via callback 'DP_cudart_dlopen'
implib-gen: libcudart.so.11.0: failed to resolve symbol '__cudaRegisterFunction', library failed to load
implib-gen: libcudart.so.11.0: failed to load library 'libcudart.so.11.0' via callback 'DP_cudart_dlopen'
implib-gen: libcudart.so.11.0: failed to resolve symbol '__cudaRegisterFatBinaryEnd', library failed to load
DeePMD-kit: Cannot find libcudart.so.11.0
DeePMD-kit: Cannot find libcudart.so.11.0
implib-gen: libcudart.so.11.0: failed to load library 'libcudart.so.11.0' via callback 'DP_cudart_dlopen'
implib-gen: libcudart.so.11.0: failed to resolve symbol '__cudaRegisterFatBinary', library failed to load
implib-gen: libcudart.so.11.0: failed to load library 'libcudart.so.11.0' via callback 'DP_cudart_dlopen'
implib-gen: libcudart.so.11.0: failed to load library 'libcudart.so.11.0' via callback 'DP_cudart_dlopen'
implib-gen: libcudart.so.11.0: failed to resolve symbol '__cudaRegisterFatBinary', library failed to load
implib-gen: libcudart.so.11.0: failed to load library 'libcudart.so.11.0' via callback 'DP_cudart_dlopen'
implib-gen: libcudart.so.11.0: failed to resolve symbol '__cudaRegisterFunction', library failed to load
implib-gen: libcudart.so.11.0: failed to load library 'libcudart.so.11.0' via callback 'DP_cudart_dlopen'
implib-gen: libcudart.so.11.0: failed to resolve symbol '__cudaRegisterFatBinaryEnd', library failed to load
implib-gen: libcudart.so.11.0: failed to resolve symbol '__cudaRegisterFunction', library failed to load
implib-gen: libcudart.so.11.0: failed to load library 'libcudart.so.11.0' via callback 'DP_cudart_dlopen'
implib-gen: libcudart.so.11.0: failed to resolve symbol '__cudaRegisterFatBinaryEnd', library failed to load
DeePMD-kit: Cannot find libcudart.so.11.0
DeePMD-kit: Cannot find libcudart.so.11.0
implib-gen: libcudart.so.11.0: failed to load library 'libcudart.so.11.0' via callback 'DP_cudart_dlopen'
implib-gen: libcudart.so.11.0: failed to resolve symbol '__cudaRegisterFatBinary', library failed to load
implib-gen: libcudart.so.11.0: failed to load library 'libcudart.so.11.0' via callback 'DP_cudart_dlopen'
implib-gen: libcudart.so.11.0: failed to resolve symbol '__cudaRegisterFunction', library failed to load
implib-gen: libcudart.so.11.0: failed to load library 'libcudart.so.11.0' via callback 'DP_cudart_dlopen'
implib-gen: libcudart.so.11.0: failed to resolve symbol '__cudaRegisterFatBinary', library failed to load
implib-gen: libcudart.so.11.0: failed to load library 'libcudart.so.11.0' via callback 'DP_cudart_dlopen'
implib-gen: libcudart.so.11.0: failed to resolve symbol '__cudaRegisterFunction', library failed to load
implib-gen: libcudart.so.11.0: failed to load library 'libcudart.so.11.0' via callback 'DP_cudart_dlopen'
implib-gen: libcudart.so.11.0: failed to resolve symbol '__cudaRegisterFatBinaryEnd', library failed to load
implib-gen: libcudart.so.11.0: failed to load library 'libcudart.so.11.0' via callback 'DP_cudart_dlopen'
implib-gen: libcudart.so.11.0: failed to resolve symbol '__cudaRegisterFatBinaryEnd', library failed to load
DeePMD-kit: Cannot find libcudart.so.11.0
DeePMD-kit: Cannot find libcudart.so.11.0
implib-gen: libcudart.so.11.0: failed to load library 'libcudart.so.11.0' via callback 'DP_cudart_dlopen'
DeePMD-kit: Cannot find libcudart.so.11.0
implib-gen: libcudart.so.11.0: failed to load library 'libcudart.so.11.0' via callback 'DP_cudart_dlopen'
implib-gen: libcudart.so.11.0: failed to resolve symbol '__cudaRegisterFatBinary', library failed to load
implib-gen: libcudart.so.11.0: failed to load library 'libcudart.so.11.0' via callback 'DP_cudart_dlopen'
implib-gen: libcudart.so.11.0: failed to resolve symbol '__cudaRegisterFunction', library failed to load
implib-gen: libcudart.so.11.0: failed to load library 'libcudart.so.11.0' via callback 'DP_cudart_dlopen'
implib-gen: libcudart.so.11.0: failed to resolve symbol '__cudaRegisterFatBinaryEnd', library failed to load
DeePMD-kit: Cannot find libcudart.so.11.0
implib-gen: libcudart.so.11.0: failed to load library 'libcudart.so.11.0' via callback 'DP_cudart_dlopen'
implib-gen: libcudart.so.11.0: failed to resolve symbol '__cudaRegisterFatBinary', library failed to load
implib-gen: libcudart.so.11.0: failed to load library 'libcudart.so.11.0' via callback 'DP_cudart_dlopen'
implib-gen: libcudart.so.11.0: failed to resolve symbol '__cudaRegisterFunction', library failed to load
implib-gen: libcudart.so.11.0: failed to load library 'libcudart.so.11.0' via callback 'DP_cudart_dlopen'
implib-gen: libcudart.so.11.0: failed to resolve symbol '__cudaRegisterFatBinaryEnd', library failed to load
implib-gen: libcudart.so.11.0: failed to load library 'libcudart.so.11.0' via callback 'DP_cudart_dlopen'
implib-gen: libcudart.so.11.0: failed to resolve symbol '__cudaRegisterFatBinary', library failed to load
implib-gen: libcudart.so.11.0: failed to load library 'libcudart.so.11.0' via callback 'DP_cudart_dlopen'
implib-gen: libcudart.so.11.0: failed to resolve symbol '__cudaRegisterFunction', library failed to load
implib-gen: libcudart.so.11.0: failed to load library 'libcudart.so.11.0' via callback 'DP_cudart_dlopen'
implib-gen: libcudart.so.11.0: failed to resolve symbol '__cudaRegisterFatBinaryEnd', library failed to load
implib-gen: libcudart.so.11.0: failed to resolve symbol '__cudaRegisterFatBinary', library failed to load
implib-gen: libcudart.so.11.0: failed to load library 'libcudart.so.11.0' via callback 'DP_cudart_dlopen'
implib-gen: libcudart.so.11.0: failed to resolve symbol '__cudaRegisterFunction', library failed to load
implib-gen: libcudart.so.11.0: failed to load library 'libcudart.so.11.0' via callback 'DP_cudart_dlopen'
implib-gen: libcudart.so.11.0: failed to resolve symbol '__cudaRegisterFatBinaryEnd', library failed to load
DeePMD-kit: Cannot find libcudart.so.11.0
implib-gen: libcudart.so.11.0: failed to load library 'libcudart.so.11.0' via callback 'DP_cudart_dlopen'
implib-gen: libcudart.so.11.0: failed to resolve symbol '__cudaRegisterFatBinary', library failed to load
implib-gen: libcudart.so.11.0: failed to load library 'libcudart.so.11.0' via callback 'DP_cudart_dlopen'
DeePMD-kit: Cannot find libcudart.so.11.0
implib-gen: libcudart.so.11.0: failed to load library 'libcudart.so.11.0' via callback 'DP_cudart_dlopen'
implib-gen: libcudart.so.11.0: failed to resolve symbol '__cudaRegisterFatBinary', library failed to load
implib-gen: libcudart.so.11.0: failed to load library 'libcudart.so.11.0' via callback 'DP_cudart_dlopen'
implib-gen: libcudart.so.11.0: failed to resolve symbol '__cudaRegisterFunction', library failed to load
implib-gen: libcudart.so.11.0: failed to load library 'libcudart.so.11.0' via callback 'DP_cudart_dlopen'
implib-gen: libcudart.so.11.0: failed to resolve symbol '__cudaRegisterFatBinaryEnd', library failed to load
DeePMD-kit: Cannot find libcudart.so.11.0
implib-gen: libcudart.so.11.0: failed to load library 'libcudart.so.11.0' via callback 'DP_cudart_dlopen'
implib-gen: libcudart.so.11.0: failed to resolve symbol '__cudaRegisterFatBinary', library failed to load
implib-gen: libcudart.so.11.0: failed to load library 'libcudart.so.11.0' via callback 'DP_cudart_dlopen'
implib-gen: libcudart.so.11.0: failed to resolve symbol '__cudaRegisterFunction', library failed to load
implib-gen: libcudart.so.11.0: failed to load library 'libcudart.so.11.0' via callback 'DP_cudart_dlopen'
implib-gen: libcudart.so.11.0: failed to resolve symbol '__cudaRegisterFatBinaryEnd', library failed to load
DeePMD-kit: Cannot find libcudart.so.11.0
implib-gen: libcudart.so.11.0: failed to load library 'libcudart.so.11.0' via callback 'DP_cudart_dlopen'
implib-gen: libcudart.so.11.0: failed to resolve symbol '__cudaRegisterFatBinary', library failed to load
implib-gen: libcudart.so.11.0: failed to load library 'libcudart.so.11.0' via callback 'DP_cudart_dlopen'
implib-gen: libcudart.so.11.0: failed to resolve symbol '__cudaRegisterFunction', library failed to load
implib-gen: libcudart.so.11.0: failed to load library 'libcudart.so.11.0' via callback 'DP_cudart_dlopen'
implib-gen: libcudart.so.11.0: failed to resolve symbol '__cudaRegisterFatBinaryEnd', library failed to load
DeePMD-kit: Cannot find libcudart.so.11.0
implib-gen: libcudart.so.11.0: failed to load library 'libcudart.so.11.0' via callback 'DP_cudart_dlopen'
implib-gen: libcudart.so.11.0: failed to resolve symbol '__cudaRegisterFatBinary', library failed to load
implib-gen: libcudart.so.11.0: failed to load library 'libcudart.so.11.0' via callback 'DP_cudart_dlopen'
implib-gen: libcudart.so.11.0: failed to resolve symbol '__cudaRegisterFunction', library failed to load
implib-gen: libcudart.so.11.0: failed to load library 'libcudart.so.11.0' via callback 'DP_cudart_dlopen'
implib-gen: libcudart.so.11.0: failed to resolve symbol '__cudaRegisterFatBinaryEnd', library failed to load
DeePMD-kit: Cannot find libcudart.so.11.0
implib-gen: libcudart.so.11.0: failed to load library 'libcudart.so.11.0' via callback 'DP_cudart_dlopen'
implib-gen: libcudart.so.11.0: failed to resolve symbol '__cudaRegisterFatBinary', library failed to load
implib-gen: libcudart.so.11.0: failed to load library 'libcudart.so.11.0' via callback 'DP_cudart_dlopen'
implib-gen: libcudart.so.11.0: failed to resolve symbol '__cudaRegisterFunction', library failed to load
implib-gen: libcudart.so.11.0: failed to load library 'libcudart.so.11.0' via callback 'DP_cudart_dlopen'
implib-gen: libcudart.so.11.0: failed to resolve symbol '__cudaRegisterFatBinaryEnd', library failed to load
implib-gen: libcudart.so.11.0: failed to resolve symbol '__cudaRegisterFunction', library failed to load
implib-gen: libcudart.so.11.0: failed to load library 'libcudart.so.11.0' via callback 'DP_cudart_dlopen'
implib-gen: libcudart.so.11.0: failed to resolve symbol '__cudaRegisterFatBinaryEnd', library failed to load
DeePMD-kit: Cannot find libcudart.so.11.0
implib-gen: libcudart.so.11.0: failed to load library 'libcudart.so.11.0' via callback 'DP_cudart_dlopen'
implib-gen: libcudart.so.11.0: failed to resolve symbol '__cudaRegisterFatBinary', library failed to load
implib-gen: libcudart.so.11.0: failed to load library 'libcudart.so.11.0' via callback 'DP_cudart_dlopen'
implib-gen: libcudart.so.11.0: failed to resolve symbol '__cudaRegisterFunction', library failed to load
implib-gen: libcudart.so.11.0: failed to load library 'libcudart.so.11.0' via callback 'DP_cudart_dlopen'
implib-gen: libcudart.so.11.0: failed to resolve symbol '__cudaRegisterFatBinaryEnd', library failed to load
DeePMD-kit: Cannot find libcudart.so.11.0
implib-gen: libcudart.so.11.0: failed to load library 'libcudart.so.11.0' via callback 'DP_cudart_dlopen'
implib-gen: libcudart.so.11.0: failed to resolve symbol '__cudaRegisterFatBinary', library failed to load
implib-gen: libcudart.so.11.0: failed to load library 'libcudart.so.11.0' via callback 'DP_cudart_dlopen'
implib-gen: libcudart.so.11.0: failed to resolve symbol '__cudaRegisterFunction', library failed to load
implib-gen: libcudart.so.11.0: failed to load library 'libcudart.so.11.0' via callback 'DP_cudart_dlopen'
implib-gen: libcudart.so.11.0: failed to resolve symbol '__cudaRegisterFatBinaryEnd', library failed to load
[n2cn0796.ab2021.local:143849] MCW rank 91 bound to socket 1[core 108[hwt 0]]: [./././././././././././././././././././././././././././././././././././././././././././././././././././././././././././././././.][././././././././././././././././././././././././././././././././././././././././././././B/././././././././././././././././././.]
[n2cn0796.ab2021.local:143849] MCW rank 91 bound to socket 1[core 108[hwt 0]]: [./././././././././././././././././././././././././././././././././././././././././././././././././././././././././././././././.][././././././././././././././././././././././././././././././././././././././././././././B/././././././././././././././././././.]
[n2cn0796.ab2021.local:143831] MCW rank 73 bound to socket 0[core 36[hwt 0]]: [././././././././././././././././././././././././././././././././././././B/././././././././././././././././././././././././././.][./././././././././././././././././././././././././././././././././././././././././././././././././././././././././././././././.]
[n2cn0796.ab2021.local:143831] MCW rank 73 bound to socket 0[core 36[hwt 0]]: [././././././././././././././././././././././././././././././././././././B/././././././././././././././././././././././././././.][./././././././././././././././././././././././././././././././././././././././././././././././././././././././././././././././.]
[n2cn0796.ab2021.local:143836] MCW rank 78 bound to socket 0[core 56[hwt 0]]: [././././././././././././././././././././././././././././././././././././././././././././././././././././././././B/././././././.][./././././././././././././././././././././././././././././././././././././././././././././././././././././././././././././././.]
[n2cn0796.ab2021.local:143837] MCW rank 79 bound to socket 0[core 60[hwt 0]]: [././././././././././././././././././././././././././././././././././././././././././././././././././././././././././././B/././.][./././././././././././././././././././././././././././././././././././././././././././././././././././././././././././././././.]
[n2cn0796.ab2021.local:143836] MCW rank 78 bound to socket 0[core 56[hwt 0]]: [././././././././././././././././././././././././././././././././././././././././././././././././././././././././B/././././././.][./././././././././././././././././././././././././././././././././././././././././././././././././././././././././././././././.]
[n2cn0796.ab2021.local:143837] MCW rank 79 bound to socket 0[core 60[hwt 0]]: [././././././././././././././././././././././././././././././././././././././././././././././././././././././././././././B/././.][./././././././././././././././././././././././././././././././././././././././././././././././././././././././././././././././.]
[n2cn0796.ab2021.local:143830] MCW rank 72 bound to socket 0[core 32[hwt 0]]: [././././././././././././././././././././././././././././././././B/././././././././././././././././././././././././././././././.][./././././././././././././././././././././././././././././././././././././././././././././././././././././././././././././././.]
[n2cn0796.ab2021.local:143832] MCW rank 74 bound to socket 0[core 40[hwt 0]]: [././././././././././././././././././././././././././././././././././././././././B/././././././././././././././././././././././.][./././././././././././././././././././././././././././././././././././././././././././././././././././././././././././././././.]
[n2cn0796.ab2021.local:143830] MCW rank 72 bound to socket 0[core 32[hwt 0]]: [././././././././././././././././././././././././././././././././B/././././././././././././././././././././././././././././././.][./././././././././././././././././././././././././././././././././././././././././././././././././././././././././././././././.]
[n2cn0796.ab2021.local:143832] MCW rank 74 bound to socket 0[core 40[hwt 0]]: [././././././././././././././././././././././././././././././././././././././././B/././././././././././././././././././././././.][./././././././././././././././././././././././././././././././././././././././././././././././././././././././././././././././.]
[n2cn0796.ab2021.local:143833] MCW rank 75 bound to socket 0[core 44[hwt 0]]: [././././././././././././././././././././././././././././././././././././././././././././B/././././././././././././././././././.][./././././././././././././././././././././././././././././././././././././././././././././././././././././././././././././././.]
[n2cn0796.ab2021.local:143829] MCW rank 71 bound to socket 0[core 28[hwt 0]]: [././././././././././././././././././././././././././././B/././././././././././././././././././././././././././././././././././.][./././././././././././././././././././././././././././././././././././././././././././././././././././././././././././././././.]
[n2cn0796.ab2021.local:143833] MCW rank 75 bound to socket 0[core 44[hwt 0]]: [././././././././././././././././././././././././././././././././././././././././././././B/././././././././././././././././././.][./././././././././././././././././././././././././././././././././././././././././././././././././././././././././././././././.]
[n2cn0796.ab2021.local:143829] MCW rank 71 bound to socket 0[core 28[hwt 0]]: [././././././././././././././././././././././././././././B/././././././././././././././././././././././././././././././././././.][./././././././././././././././././././././././././././././././././././././././././././././././././././././././././././././././.]
[n2cn0796.ab2021.local:143826] MCW rank 68 bound to socket 0[core 16[hwt 0]]: [././././././././././././././././B/././././././././././././././././././././././././././././././././././././././././././././././.][./././././././././././././././././././././././././././././././././././././././././././././././././././././././././././././././.]
[n2cn0796.ab2021.local:143828] MCW rank 70 bound to socket 0[core 24[hwt 0]]: [././././././././././././././././././././././././B/././././././././././././././././././././././././././././././././././././././.][./././././././././././././././././././././././././././././././././././././././././././././././././././././././././././././././.]
[n2cn0796.ab2021.local:143826] MCW rank 68 bound to socket 0[core 16[hwt 0]]: [././././././././././././././././B/././././././././././././././././././././././././././././././././././././././././././././././.][./././././././././././././././././././././././././././././././././././././././././././././././././././././././././././././././.]
[n2cn0796.ab2021.local:143828] MCW rank 70 bound to socket 0[core 24[hwt 0]]: [././././././././././././././././././././././././B/././././././././././././././././././././././././././././././././././././././.][./././././././././././././././././././././././././././././././././././././././././././././././././././././././././././././././.]
[n2cn0796.ab2021.local:143846] MCW rank 88 bound to socket 1[core 96[hwt 0]]: [./././././././././././././././././././././././././././././././././././././././././././././././././././././././././././././././.][././././././././././././././././././././././././././././././././B/././././././././././././././././././././././././././././././.]
[n2cn0796.ab2021.local:143839] MCW rank 81 bound to socket 1[core 68[hwt 0]]: [./././././././././././././././././././././././././././././././././././././././././././././././././././././././././././././././.][././././B/././././././././././././././././././././././././././././././././././././././././././././././././././././././././././.]
[n2cn0796.ab2021.local:143846] MCW rank 88 bound to socket 1[core 96[hwt 0]]: [./././././././././././././././././././././././././././././././././././././././././././././././././././././././././././././././.][././././././././././././././././././././././././././././././././B/././././././././././././././././././././././././././././././.]
[n2cn0796.ab2021.local:143842] MCW rank 84 bound to socket 1[core 80[hwt 0]]: [./././././././././././././././././././././././././././././././././././././././././././././././././././././././././././././././.][././././././././././././././././B/././././././././././././././././././././././././././././././././././././././././././././././.]
[n2cn0796.ab2021.local:143839] MCW rank 81 bound to socket 1[core 68[hwt 0]]: [./././././././././././././././././././././././././././././././././././././././././././././././././././././././././././././././.][././././B/././././././././././././././././././././././././././././././././././././././././././././././././././././././././././.]
[n2cn0796.ab2021.local:143842] MCW rank 84 bound to socket 1[core 80[hwt 0]]: [./././././././././././././././././././././././././././././././././././././././././././././././././././././././././././././././.][././././././././././././././././B/././././././././././././././././././././././././././././././././././././././././././././././.]
[n2cn0796.ab2021.local:143845] MCW rank 87 bound to socket 1[core 92[hwt 0]]: [./././././././././././././././././././././././././././././././././././././././././././././././././././././././././././././././.][././././././././././././././././././././././././././././B/././././././././././././././././././././././././././././././././././.]
[n2cn0796.ab2021.local:143845] MCW rank 87 bound to socket 1[core 92[hwt 0]]: [./././././././././././././././././././././././././././././././././././././././././././././././././././././././././././././././.][././././././././././././././././././././././././././././B/././././././././././././././././././././././././././././././././././.]
[n2cn0796.ab2021.local:143851] MCW rank 93 bound to socket 1[core 116[hwt 0]]: [./././././././././././././././././././././././././././././././././././././././././././././././././././././././././././././././.][././././././././././././././././././././././././././././././././././././././././././././././././././././B/././././././././././.]
[n2cn0796.ab2021.local:143853] MCW rank 95 bound to socket 1[core 124[hwt 0]]: [./././././././././././././././././././././././././././././././././././././././././././././././././././././././././././././././.][././././././././././././././././././././././././././././././././././././././././././././././././././././././././././././B/././.]
[n2cn0796.ab2021.local:143851] MCW rank 93 bound to socket 1[core 116[hwt 0]]: [./././././././././././././././././././././././././././././././././././././././././././././././././././././././././././././././.][././././././././././././././././././././././././././././././././././././././././././././././././././././B/././././././././././.]
[n2cn0796.ab2021.local:143853] MCW rank 95 bound to socket 1[core 124[hwt 0]]: [./././././././././././././././././././././././././././././././././././././././././././././././././././././././././././././././.][././././././././././././././././././././././././././././././././././././././././././././././././././././././././././././B/././.]
[n2cn0796.ab2021.local:143835] MCW rank 77 bound to socket 0[core 52[hwt 0]]: [././././././././././././././././././././././././././././././././././././././././././././././././././././B/././././././././././.][./././././././././././././././././././././././././././././././././././././././././././././././././././././././././././././././.]
[n2cn0796.ab2021.local:143834] MCW rank 76 bound to socket 0[core 48[hwt 0]]: [././././././././././././././././././././././././././././././././././././././././././././././././B/././././././././././././././.][./././././././././././././././././././././././././././././././././././././././././././././././././././././././././././././././.]
[n2cn0796.ab2021.local:143834] MCW rank 76 bound to socket 0[core 48[hwt 0]]: [././././././././././././././././././././././././././././././././././././././././././././././././B/././././././././././././././.][./././././././././././././././././././././././././././././././././././././././././././././././././././././././././././././././.]
[n2cn0796.ab2021.local:143835] MCW rank 77 bound to socket 0[core 52[hwt 0]]: [././././././././././././././././././././././././././././././././././././././././././././././././././././B/././././././././././.][./././././././././././././././././././././././././././././././././././././././././././././././././././././././././././././././.]
[n2cn0796.ab2021.local:143827] MCW rank 69 bound to socket 0[core 20[hwt 0]]: [././././././././././././././././././././B/././././././././././././././././././././././././././././././././././././././././././.][./././././././././././././././././././././././././././././././././././././././././././././././././././././././././././././././.]
[n2cn0796.ab2021.local:143823] MCW rank 65 bound to socket 0[core 4[hwt 0]]: [././././B/././././././././././././././././././././././././././././././././././././././././././././././././././././././././././.][./././././././././././././././././././././././././././././././././././././././././././././././././././././././././././././././.]
[n2cn0796.ab2021.local:143822] MCW rank 64 bound to socket 0[core 0[hwt 0]]: [B/././././././././././././././././././././././././././././././././././././././././././././././././././././././././././././././.][./././././././././././././././././././././././././././././././././././././././././././././././././././././././././././././././.]
[n2cn0796.ab2021.local:143827] MCW rank 69 bound to socket 0[core 20[hwt 0]]: [././././././././././././././././././././B/././././././././././././././././././././././././././././././././././././././././././.][./././././././././././././././././././././././././././././././././././././././././././././././././././././././././././././././.]
[n2cn0796.ab2021.local:143823] MCW rank 65 bound to socket 0[core 4[hwt 0]]: [././././B/././././././././././././././././././././././././././././././././././././././././././././././././././././././././././.][./././././././././././././././././././././././././././././././././././././././././././././././././././././././././././././././.]
[n2cn0796.ab2021.local:143822] MCW rank 64 bound to socket 0[core 0[hwt 0]]: [B/././././././././././././././././././././././././././././././././././././././././././././././././././././././././././././././.][./././././././././././././././././././././././././././././././././././././././././././././././././././././././././././././././.]
[n2cn0796.ab2021.local:143847] MCW rank 89 bound to socket 1[core 100[hwt 0]]: [./././././././././././././././././././././././././././././././././././././././././././././././././././././././././././././././.][././././././././././././././././././././././././././././././././././././B/././././././././././././././././././././././././././.]
[n2cn0796.ab2021.local:143847] MCW rank 89 bound to socket 1[core 100[hwt 0]]: [./././././././././././././././././././././././././././././././././././././././././././././././././././././././././././././././.][././././././././././././././././././././././././././././././././././././B/././././././././././././././././././././././././././.]
[n2cn0796.ab2021.local:143838] MCW rank 80 bound to socket 1[core 64[hwt 0]]: [./././././././././././././././././././././././././././././././././././././././././././././././././././././././././././././././.][B/././././././././././././././././././././././././././././././././././././././././././././././././././././././././././././././.]
[n2cn0796.ab2021.local:143838] MCW rank 80 bound to socket 1[core 64[hwt 0]]: [./././././././././././././././././././././././././././././././././././././././././././././././././././././././././././././././.][B/././././././././././././././././././././././././././././././././././././././././././././././././././././././././././././././.]
[n2cn0796.ab2021.local:143843] MCW rank 85 bound to socket 1[core 84[hwt 0]]: [./././././././././././././././././././././././././././././././././././././././././././././././././././././././././././././././.][././././././././././././././././././././B/././././././././././././././././././././././././././././././././././././././././././.]
[n2cn0796.ab2021.local:143852] MCW rank 94 bound to socket 1[core 120[hwt 0]]: [./././././././././././././././././././././././././././././././././././././././././././././././././././././././././././././././.][././././././././././././././././././././././././././././././././././././././././././././././././././././././././B/././././././.]
[n2cn0796.ab2021.local:143843] MCW rank 85 bound to socket 1[core 84[hwt 0]]: [./././././././././././././././././././././././././././././././././././././././././././././././././././././././././././././././.][././././././././././././././././././././B/././././././././././././././././././././././././././././././././././././././././././.]
[n2cn0796.ab2021.local:143840] MCW rank 82 bound to socket 1[core 72[hwt 0]]: [./././././././././././././././././././././././././././././././././././././././././././././././././././././././././././././././.][././././././././B/././././././././././././././././././././././././././././././././././././././././././././././././././././././.]
[n2cn0796.ab2021.local:143852] MCW rank 94 bound to socket 1[core 120[hwt 0]]: [./././././././././././././././././././././././././././././././././././././././././././././././././././././././././././././././.][././././././././././././././././././././././././././././././././././././././././././././././././././././././././B/././././././.]
[n2cn0796.ab2021.local:143840] MCW rank 82 bound to socket 1[core 72[hwt 0]]: [./././././././././././././././././././././././././././././././././././././././././././././././././././././././././././././././.][././././././././B/././././././././././././././././././././././././././././././././././././././././././././././././././././././.]
[n2cn0796.ab2021.local:143841] MCW rank 83 bound to socket 1[core 76[hwt 0]]: [./././././././././././././././././././././././././././././././././././././././././././././././././././././././././././././././.][././././././././././././B/././././././././././././././././././././././././././././././././././././././././././././././././././.]
[n2cn0796.ab2021.local:143844] MCW rank 86 bound to socket 1[core 88[hwt 0]]: [./././././././././././././././././././././././././././././././././././././././././././././././././././././././././././././././.][././././././././././././././././././././././././B/././././././././././././././././././././././././././././././././././././././.]
[n2cn0796.ab2021.local:143841] MCW rank 83 bound to socket 1[core 76[hwt 0]]: [./././././././././././././././././././././././././././././././././././././././././././././././././././././././././././././././.][././././././././././././B/././././././././././././././././././././././././././././././././././././././././././././././././././.]
[n2cn0796.ab2021.local:143844] MCW rank 86 bound to socket 1[core 88[hwt 0]]: [./././././././././././././././././././././././././././././././././././././././././././././././././././././././././././././././.][././././././././././././././././././././././././B/././././././././././././././././././././././././././././././././././././././.]
[n2cn0796.ab2021.local:143850] MCW rank 92 bound to socket 1[core 112[hwt 0]]: [./././././././././././././././././././././././././././././././././././././././././././././././././././././././././././././././.][././././././././././././././././././././././././././././././././././././././././././././././././B/././././././././././././././.]
[n2cn0796.ab2021.local:143850] MCW rank 92 bound to socket 1[core 112[hwt 0]]: [./././././././././././././././././././././././././././././././././././././././././././././././././././././././././././././././.][././././././././././././././././././././././././././././././././././././././././././././././././B/././././././././././././././.]
[n2cn0796.ab2021.local:143848] MCW rank 90 bound to socket 1[core 104[hwt 0]]: [./././././././././././././././././././././././././././././././././././././././././././././././././././././././././././././././.][././././././././././././././././././././././././././././././././././././././././B/././././././././././././././././././././././.]
[n2cn0796.ab2021.local:143848] MCW rank 90 bound to socket 1[core 104[hwt 0]]: [./././././././././././././././././././././././././././././././././././././././././././././././././././././././././././././././.][././././././././././././././././././././././././././././././././././././././././B/././././././././././././././././././././././.]
[n2cn0796.ab2021.local:143825] MCW rank 67 bound to socket 0[core 12[hwt 0]]: [././././././././././././B/././././././././././././././././././././././././././././././././././././././././././././././././././.][./././././././././././././././././././././././././././././././././././././././././././././././././././././././././././././././.]
[n2cn0796.ab2021.local:143824] MCW rank 66 bound to socket 0[core 8[hwt 0]]: [././././././././B/././././././././././././././././././././././././././././././././././././././././././././././././././././././.][./././././././././././././././././././././././././././././././././././././././././././././././././././././././././././././././.]
[n2cn0796.ab2021.local:143825] MCW rank 67 bound to socket 0[core 12[hwt 0]]: [././././././././././././B/././././././././././././././././././././././././././././././././././././././././././././././././././.][./././././././././././././././././././././././././././././././././././././././././././././././././././././././././././././././.]
[n2cn0796.ab2021.local:143824] MCW rank 66 bound to socket 0[core 8[hwt 0]]: [././././././././B/././././././././././././././././././././././././././././././././././././././././././././././././././././././.][./././././././././././././././././././././././././././././././././././././././././././././././././././././././././././././././.]
implib-gen: libcudart.so.11.0: failed to load library 'libcudart.so.11.0' via callback 'DP_cudart_dlopen'
implib-gen: libcudart.so.11.0: failed to resolve symbol '__cudaUnregisterFatBinary', library failed to load
implib-gen: libcudart.so.11.0: failed to load library 'libcudart.so.11.0' via callback 'DP_cudart_dlopen'
implib-gen: libcudart.so.11.0: failed to resolve symbol '__cudaUnregisterFatBinary', library failed to load
implib-gen: libcudart.so.11.0: failed to load library 'libcudart.so.11.0' via callback 'DP_cudart_dlopen'
implib-gen: libcudart.so.11.0: failed to resolve symbol '__cudaUnregisterFatBinary', library failed to load
implib-gen: libcudart.so.11.0: failed to load library 'libcudart.so.11.0' via callback 'DP_cudart_dlopen'
implib-gen: libcudart.so.11.0: failed to resolve symbol '__cudaUnregisterFatBinary', library failed to load
implib-gen: libcudart.so.11.0: failed to load library 'libcudart.so.11.0' via callback 'DP_cudart_dlopen'
implib-gen: libcudart.so.11.0: failed to resolve symbol '__cudaUnregisterFatBinary', library failed to load
implib-gen: libcudart.so.11.0: failed to load library 'libcudart.so.11.0' via callback 'DP_cudart_dlopen'
implib-gen: libcudart.so.11.0: failed to resolve symbol '__cudaUnregisterFatBinary', library failed to load
implib-gen: libcudart.so.11.0: failed to load library 'libcudart.so.11.0' via callback 'DP_cudart_dlopen'
implib-gen: libcudart.so.11.0: failed to resolve symbol '__cudaUnregisterFatBinary', library failed to load
implib-gen: libcudart.so.11.0: failed to load library 'libcudart.so.11.0' via callback 'DP_cudart_dlopen'
implib-gen: libcudart.so.11.0: failed to resolve symbol '__cudaUnregisterFatBinary', library failed to load
implib-gen: libcudart.so.11.0: failed to load library 'libcudart.so.11.0' via callback 'DP_cudart_dlopen'
implib-gen: libcudart.so.11.0: failed to resolve symbol '__cudaUnregisterFatBinary', library failed to load
implib-gen: libcudart.so.11.0: failed to load library 'libcudart.so.11.0' via callback 'DP_cudart_dlopen'
implib-gen: libcudart.so.11.0: failed to resolve symbol '__cudaUnregisterFatBinary', library failed to load
implib-gen: libcudart.so.11.0: failed to load library 'libcudart.so.11.0' via callback 'DP_cudart_dlopen'
implib-gen: libcudart.so.11.0: failed to resolve symbol '__cudaUnregisterFatBinary', library failed to load
implib-gen: libcudart.so.11.0: failed to load library 'libcudart.so.11.0' via callback 'DP_cudart_dlopen'
implib-gen: libcudart.so.11.0: failed to resolve symbol '__cudaUnregisterFatBinary', library failed to load
implib-gen: libcudart.so.11.0: failed to load library 'libcudart.so.11.0' via callback 'DP_cudart_dlopen'
implib-gen: libcudart.so.11.0: failed to resolve symbol '__cudaUnregisterFatBinary', library failed to load
implib-gen: libcudart.so.11.0: failed to load library 'libcudart.so.11.0' via callback 'DP_cudart_dlopen'
implib-gen: libcudart.so.11.0: failed to resolve symbol '__cudaUnregisterFatBinary', library failed to load
implib-gen: libcudart.so.11.0: failed to load library 'libcudart.so.11.0' via callback 'DP_cudart_dlopen'
implib-gen: libcudart.so.11.0: failed to resolve symbol '__cudaUnregisterFatBinary', library failed to load
implib-gen: libcudart.so.11.0: failed to load library 'libcudart.so.11.0' via callback 'DP_cudart_dlopen'
implib-gen: libcudart.so.11.0: failed to resolve symbol '__cudaUnregisterFatBinary', library failed to load
implib-gen: libcudart.so.11.0: failed to load library 'libcudart.so.11.0' via callback 'DP_cudart_dlopen'
implib-gen: libcudart.so.11.0: failed to resolve symbol '__cudaUnregisterFatBinary', library failed to load
implib-gen: libcudart.so.11.0: failed to load library 'libcudart.so.11.0' via callback 'DP_cudart_dlopen'
implib-gen: libcudart.so.11.0: failed to resolve symbol '__cudaUnregisterFatBinary', library failed to load
implib-gen: libcudart.so.11.0: failed to load library 'libcudart.so.11.0' via callback 'DP_cudart_dlopen'
implib-gen: libcudart.so.11.0: failed to resolve symbol '__cudaUnregisterFatBinary', library failed to load
implib-gen: libcudart.so.11.0: failed to load library 'libcudart.so.11.0' via callback 'DP_cudart_dlopen'
implib-gen: libcudart.so.11.0: failed to resolve symbol '__cudaUnregisterFatBinary', library failed to load
implib-gen: libcudart.so.11.0: failed to load library 'libcudart.so.11.0' via callback 'DP_cudart_dlopen'
implib-gen: libcudart.so.11.0: failed to resolve symbol '__cudaUnregisterFatBinary', library failed to load
implib-gen: libcudart.so.11.0: failed to load library 'libcudart.so.11.0' via callback 'DP_cudart_dlopen'
implib-gen: libcudart.so.11.0: failed to resolve symbol '__cudaUnregisterFatBinary', library failed to load
implib-gen: libcudart.so.11.0: failed to load library 'libcudart.so.11.0' via callback 'DP_cudart_dlopen'
implib-gen: libcudart.so.11.0: failed to resolve symbol '__cudaUnregisterFatBinary', library failed to load
implib-gen: libcudart.so.11.0: failed to load library 'libcudart.so.11.0' via callback 'DP_cudart_dlopen'
implib-gen: libcudart.so.11.0: failed to resolve symbol '__cudaUnregisterFatBinary', library failed to load
implib-gen: libcudart.so.11.0: failed to load library 'libcudart.so.11.0' via callback 'DP_cudart_dlopen'
implib-gen: libcudart.so.11.0: failed to resolve symbol '__cudaUnregisterFatBinary', library failed to load
implib-gen: libcudart.so.11.0: failed to load library 'libcudart.so.11.0' via callback 'DP_cudart_dlopen'
implib-gen: libcudart.so.11.0: failed to resolve symbol '__cudaUnregisterFatBinary', library failed to load
implib-gen: libcudart.so.11.0: failed to load library 'libcudart.so.11.0' via callback 'DP_cudart_dlopen'
implib-gen: libcudart.so.11.0: failed to resolve symbol '__cudaUnregisterFatBinary', library failed to load
implib-gen: libcudart.so.11.0: failed to load library 'libcudart.so.11.0' via callback 'DP_cudart_dlopen'
implib-gen: libcudart.so.11.0: failed to resolve symbol '__cudaUnregisterFatBinary', library failed to load
implib-gen: libcudart.so.11.0: failed to load library 'libcudart.so.11.0' via callback 'DP_cudart_dlopen'
implib-gen: libcudart.so.11.0: failed to resolve symbol '__cudaUnregisterFatBinary', library failed to load
implib-gen: libcudart.so.11.0: failed to load library 'libcudart.so.11.0' via callback 'DP_cudart_dlopen'
implib-gen: libcudart.so.11.0: failed to resolve symbol '__cudaUnregisterFatBinary', library failed to load
implib-gen: libcudart.so.11.0: failed to load library 'libcudart.so.11.0' via callback 'DP_cudart_dlopen'
implib-gen: libcudart.so.11.0: failed to resolve symbol '__cudaUnregisterFatBinary', library failed to load
implib-gen: libcudart.so.11.0: failed to load library 'libcudart.so.11.0' via callback 'DP_cudart_dlopen'
implib-gen: libcudart.so.11.0: failed to resolve symbol '__cudaUnregisterFatBinary', library failed to load
implib-gen: libcudart.so.11.0: failed to load library 'libcudart.so.11.0' via callback 'DP_cudart_dlopen'
implib-gen: libcudart.so.11.0: failed to resolve symbol '__cudaUnregisterFatBinary', library failed to load
implib-gen: libcudart.so.11.0: failed to load library 'libcudart.so.11.0' via callback 'DP_cudart_dlopen'
implib-gen: libcudart.so.11.0: failed to resolve symbol '__cudaUnregisterFatBinary', library failed to load
implib-gen: libcudart.so.11.0: failed to load library 'libcudart.so.11.0' via callback 'DP_cudart_dlopen'
implib-gen: libcudart.so.11.0: failed to resolve symbol '__cudaUnregisterFatBinary', library failed to load
implib-gen: libcudart.so.11.0: failed to load library 'libcudart.so.11.0' via callback 'DP_cudart_dlopen'
implib-gen: libcudart.so.11.0: failed to resolve symbol '__cudaUnregisterFatBinary', library failed to load
implib-gen: libcudart.so.11.0: failed to load library 'libcudart.so.11.0' via callback 'DP_cudart_dlopen'
implib-gen: libcudart.so.11.0: failed to resolve symbol '__cudaUnregisterFatBinary', library failed to load
implib-gen: libcudart.so.11.0: failed to load library 'libcudart.so.11.0' via callback 'DP_cudart_dlopen'
implib-gen: libcudart.so.11.0: failed to resolve symbol '__cudaUnregisterFatBinary', library failed to load
implib-gen: libcudart.so.11.0: failed to load library 'libcudart.so.11.0' via callback 'DP_cudart_dlopen'
implib-gen: libcudart.so.11.0: failed to resolve symbol '__cudaUnregisterFatBinary', library failed to load
implib-gen: libcudart.so.11.0: failed to load library 'libcudart.so.11.0' via callback 'DP_cudart_dlopen'
implib-gen: libcudart.so.11.0: failed to resolve symbol '__cudaUnregisterFatBinary', library failed to load
implib-gen: libcudart.so.11.0: failed to load library 'libcudart.so.11.0' via callback 'DP_cudart_dlopen'
implib-gen: libcudart.so.11.0: failed to resolve symbol '__cudaUnregisterFatBinary', library failed to load
implib-gen: libcudart.so.11.0: failed to load library 'libcudart.so.11.0' via callback 'DP_cudart_dlopen'
implib-gen: libcudart.so.11.0: failed to resolve symbol '__cudaUnregisterFatBinary', library failed to load
implib-gen: libcudart.so.11.0: failed to load library 'libcudart.so.11.0' via callback 'DP_cudart_dlopen'
implib-gen: libcudart.so.11.0: failed to resolve symbol '__cudaUnregisterFatBinary', library failed to load
implib-gen: libcudart.so.11.0: failed to load library 'libcudart.so.11.0' via callback 'DP_cudart_dlopen'
implib-gen: libcudart.so.11.0: failed to resolve symbol '__cudaUnregisterFatBinary', library failed to load
implib-gen: libcudart.so.11.0: failed to load library 'libcudart.so.11.0' via callback 'DP_cudart_dlopen'
implib-gen: libcudart.so.11.0: failed to resolve symbol '__cudaUnregisterFatBinary', library failed to load
implib-gen: libcudart.so.11.0: failed to load library 'libcudart.so.11.0' via callback 'DP_cudart_dlopen'
implib-gen: libcudart.so.11.0: failed to resolve symbol '__cudaUnregisterFatBinary', library failed to load
implib-gen: libcudart.so.11.0: failed to load library 'libcudart.so.11.0' via callback 'DP_cudart_dlopen'
implib-gen: libcudart.so.11.0: failed to resolve symbol '__cudaUnregisterFatBinary', library failed to load
implib-gen: libcudart.so.11.0: failed to load library 'libcudart.so.11.0' via callback 'DP_cudart_dlopen'
implib-gen: libcudart.so.11.0: failed to resolve symbol '__cudaUnregisterFatBinary', library failed to load
implib-gen: libcudart.so.11.0: failed to load library 'libcudart.so.11.0' via callback 'DP_cudart_dlopen'
implib-gen: libcudart.so.11.0: failed to resolve symbol '__cudaUnregisterFatBinary', library failed to load
implib-gen: libcudart.so.11.0: failed to load library 'libcudart.so.11.0' via callback 'DP_cudart_dlopen'
implib-gen: libcudart.so.11.0: failed to resolve symbol '__cudaUnregisterFatBinary', library failed to load
implib-gen: libcudart.so.11.0: failed to load library 'libcudart.so.11.0' via callback 'DP_cudart_dlopen'
implib-gen: libcudart.so.11.0: failed to resolve symbol '__cudaUnregisterFatBinary', library failed to load
implib-gen: libcudart.so.11.0: failed to load library 'libcudart.so.11.0' via callback 'DP_cudart_dlopen'
implib-gen: libcudart.so.11.0: failed to resolve symbol '__cudaUnregisterFatBinary', library failed to load
implib-gen: libcudart.so.11.0: failed to load library 'libcudart.so.11.0' via callback 'DP_cudart_dlopen'
implib-gen: libcudart.so.11.0: failed to resolve symbol '__cudaUnregisterFatBinary', library failed to load
implib-gen: libcudart.so.11.0: failed to load library 'libcudart.so.11.0' via callback 'DP_cudart_dlopen'
implib-gen: libcudart.so.11.0: failed to resolve symbol '__cudaUnregisterFatBinary', library failed to load
implib-gen: libcudart.so.11.0: failed to load library 'libcudart.so.11.0' via callback 'DP_cudart_dlopen'
implib-gen: libcudart.so.11.0: failed to resolve symbol '__cudaUnregisterFatBinary', library failed to load
implib-gen: libcudart.so.11.0: failed to load library 'libcudart.so.11.0' via callback 'DP_cudart_dlopen'
implib-gen: libcudart.so.11.0: failed to resolve symbol '__cudaUnregisterFatBinary', library failed to load
implib-gen: libcudart.so.11.0: failed to load library 'libcudart.so.11.0' via callback 'DP_cudart_dlopen'
implib-gen: libcudart.so.11.0: failed to resolve symbol '__cudaUnregisterFatBinary', library failed to load
implib-gen: libcudart.so.11.0: failed to load library 'libcudart.so.11.0' via callback 'DP_cudart_dlopen'
implib-gen: libcudart.so.11.0: failed to resolve symbol '__cudaUnregisterFatBinary', library failed to load
implib-gen: libcudart.so.11.0: failed to load library 'libcudart.so.11.0' via callback 'DP_cudart_dlopen'
implib-gen: libcudart.so.11.0: failed to resolve symbol '__cudaUnregisterFatBinary', library failed to load
implib-gen: libcudart.so.11.0: failed to load library 'libcudart.so.11.0' via callback 'DP_cudart_dlopen'
implib-gen: libcudart.so.11.0: failed to resolve symbol '__cudaUnregisterFatBinary', library failed to load
implib-gen: libcudart.so.11.0: failed to load library 'libcudart.so.11.0' via callback 'DP_cudart_dlopen'
implib-gen: libcudart.so.11.0: failed to resolve symbol '__cudaUnregisterFatBinary', library failed to load
implib-gen: libcudart.so.11.0: failed to load library 'libcudart.so.11.0' via callback 'DP_cudart_dlopen'
implib-gen: libcudart.so.11.0: failed to resolve symbol '__cudaUnregisterFatBinary', library failed to load
implib-gen: libcudart.so.11.0: failed to load library 'libcudart.so.11.0' via callback 'DP_cudart_dlopen'
implib-gen: libcudart.so.11.0: failed to resolve symbol '__cudaUnregisterFatBinary', library failed to load
implib-gen: libcudart.so.11.0: failed to load library 'libcudart.so.11.0' via callback 'DP_cudart_dlopen'
implib-gen: libcudart.so.11.0: failed to resolve symbol '__cudaUnregisterFatBinary', library failed to load
implib-gen: libcudart.so.11.0: failed to load library 'libcudart.so.11.0' via callback 'DP_cudart_dlopen'
implib-gen: libcudart.so.11.0: failed to resolve symbol '__cudaUnregisterFatBinary', library failed to load
implib-gen: libcudart.so.11.0: failed to load library 'libcudart.so.11.0' via callback 'DP_cudart_dlopen'
implib-gen: libcudart.so.11.0: failed to resolve symbol '__cudaUnregisterFatBinary', library failed to load
implib-gen: libcudart.so.11.0: failed to load library 'libcudart.so.11.0' via callback 'DP_cudart_dlopen'
implib-gen: libcudart.so.11.0: failed to resolve symbol '__cudaUnregisterFatBinary', library failed to load
implib-gen: libcudart.so.11.0: failed to load library 'libcudart.so.11.0' via callback 'DP_cudart_dlopen'
implib-gen: libcudart.so.11.0: failed to resolve symbol '__cudaUnregisterFatBinary', library failed to load
implib-gen: libcudart.so.11.0: failed to load library 'libcudart.so.11.0' via callback 'DP_cudart_dlopen'
implib-gen: libcudart.so.11.0: failed to resolve symbol '__cudaUnregisterFatBinary', library failed to load
implib-gen: libcudart.so.11.0: failed to load library 'libcudart.so.11.0' via callback 'DP_cudart_dlopen'
implib-gen: libcudart.so.11.0: failed to resolve symbol '__cudaUnregisterFatBinary', library failed to load
implib-gen: libcudart.so.11.0: failed to load library 'libcudart.so.11.0' via callback 'DP_cudart_dlopen'
implib-gen: libcudart.so.11.0: failed to resolve symbol '__cudaUnregisterFatBinary', library failed to load
implib-gen: libcudart.so.11.0: failed to load library 'libcudart.so.11.0' via callback 'DP_cudart_dlopen'
implib-gen: libcudart.so.11.0: failed to resolve symbol '__cudaUnregisterFatBinary', library failed to load
implib-gen: libcudart.so.11.0: failed to load library 'libcudart.so.11.0' via callback 'DP_cudart_dlopen'
implib-gen: libcudart.so.11.0: failed to resolve symbol '__cudaUnregisterFatBinary', library failed to load
implib-gen: libcudart.so.11.0: failed to load library 'libcudart.so.11.0' via callback 'DP_cudart_dlopen'
implib-gen: libcudart.so.11.0: failed to resolve symbol '__cudaUnregisterFatBinary', library failed to load
implib-gen: libcudart.so.11.0: failed to load library 'libcudart.so.11.0' via callback 'DP_cudart_dlopen'
implib-gen: libcudart.so.11.0: failed to resolve symbol '__cudaUnregisterFatBinary', library failed to load
implib-gen: libcudart.so.11.0: failed to load library 'libcudart.so.11.0' via callback 'DP_cudart_dlopen'
implib-gen: libcudart.so.11.0: failed to resolve symbol '__cudaUnregisterFatBinary', library failed to load
implib-gen: libcudart.so.11.0: failed to load library 'libcudart.so.11.0' via callback 'DP_cudart_dlopen'
implib-gen: libcudart.so.11.0: failed to resolve symbol '__cudaUnregisterFatBinary', library failed to load
implib-gen: libcudart.so.11.0: failed to load library 'libcudart.so.11.0' via callback 'DP_cudart_dlopen'
implib-gen: libcudart.so.11.0: failed to resolve symbol '__cudaUnregisterFatBinary', library failed to load
implib-gen: libcudart.so.11.0: failed to load library 'libcudart.so.11.0' via callback 'DP_cudart_dlopen'
implib-gen: libcudart.so.11.0: failed to resolve symbol '__cudaUnregisterFatBinary', library failed to load
implib-gen: libcudart.so.11.0: failed to load library 'libcudart.so.11.0' via callback 'DP_cudart_dlopen'
implib-gen: libcudart.so.11.0: failed to resolve symbol '__cudaUnregisterFatBinary', library failed to load
implib-gen: libcudart.so.11.0: failed to load library 'libcudart.so.11.0' via callback 'DP_cudart_dlopen'
implib-gen: libcudart.so.11.0: failed to resolve symbol '__cudaUnregisterFatBinary', library failed to load
implib-gen: libcudart.so.11.0: failed to load library 'libcudart.so.11.0' via callback 'DP_cudart_dlopen'
implib-gen: libcudart.so.11.0: failed to resolve symbol '__cudaUnregisterFatBinary', library failed to load
implib-gen: libcudart.so.11.0: failed to load library 'libcudart.so.11.0' via callback 'DP_cudart_dlopen'
implib-gen: libcudart.so.11.0: failed to resolve symbol '__cudaUnregisterFatBinary', library failed to load
implib-gen: libcudart.so.11.0: failed to load library 'libcudart.so.11.0' via callback 'DP_cudart_dlopen'
implib-gen: libcudart.so.11.0: failed to resolve symbol '__cudaUnregisterFatBinary', library failed to load
implib-gen: libcudart.so.11.0: failed to load library 'libcudart.so.11.0' via callback 'DP_cudart_dlopen'
implib-gen: libcudart.so.11.0: failed to resolve symbol '__cudaUnregisterFatBinary', library failed to load
implib-gen: libcudart.so.11.0: failed to load library 'libcudart.so.11.0' via callback 'DP_cudart_dlopen'
implib-gen: libcudart.so.11.0: failed to resolve symbol '__cudaUnregisterFatBinary', library failed to load
implib-gen: libcudart.so.11.0: failed to load library 'libcudart.so.11.0' via callback 'DP_cudart_dlopen'
implib-gen: libcudart.so.11.0: failed to resolve symbol '__cudaUnregisterFatBinary', library failed to load
implib-gen: libcudart.so.11.0: failed to load library 'libcudart.so.11.0' via callback 'DP_cudart_dlopen'
implib-gen: libcudart.so.11.0: failed to resolve symbol '__cudaUnregisterFatBinary', library failed to load
implib-gen: libcudart.so.11.0: failed to load library 'libcudart.so.11.0' via callback 'DP_cudart_dlopen'
implib-gen: libcudart.so.11.0: failed to resolve symbol '__cudaUnregisterFatBinary', library failed to load
implib-gen: libcudart.so.11.0: failed to load library 'libcudart.so.11.0' via callback 'DP_cudart_dlopen'
implib-gen: libcudart.so.11.0: failed to resolve symbol '__cudaUnregisterFatBinary', library failed to load
implib-gen: libcudart.so.11.0: failed to load library 'libcudart.so.11.0' via callback 'DP_cudart_dlopen'
implib-gen: libcudart.so.11.0: failed to resolve symbol '__cudaUnregisterFatBinary', library failed to load
implib-gen: libcudart.so.11.0: failed to load library 'libcudart.so.11.0' via callback 'DP_cudart_dlopen'
implib-gen: libcudart.so.11.0: failed to resolve symbol '__cudaUnregisterFatBinary', library failed to load
implib-gen: libcudart.so.11.0: failed to load library 'libcudart.so.11.0' via callback 'DP_cudart_dlopen'
implib-gen: libcudart.so.11.0: failed to resolve symbol '__cudaUnregisterFatBinary', library failed to load
implib-gen: libcudart.so.11.0: failed to load library 'libcudart.so.11.0' via callback 'DP_cudart_dlopen'
implib-gen: libcudart.so.11.0: failed to resolve symbol '__cudaUnregisterFatBinary', library failed to load
implib-gen: libcudart.so.11.0: failed to load library 'libcudart.so.11.0' via callback 'DP_cudart_dlopen'
implib-gen: libcudart.so.11.0: failed to resolve symbol '__cudaUnregisterFatBinary', library failed to load
implib-gen: libcudart.so.11.0: failed to load library 'libcudart.so.11.0' via callback 'DP_cudart_dlopen'
implib-gen: libcudart.so.11.0: failed to resolve symbol '__cudaUnregisterFatBinary', library failed to load
implib-gen: libcudart.so.11.0: failed to load library 'libcudart.so.11.0' via callback 'DP_cudart_dlopen'
implib-gen: libcudart.so.11.0: failed to resolve symbol '__cudaUnregisterFatBinary', library failed to load
implib-gen: libcudart.so.11.0: failed to load library 'libcudart.so.11.0' via callback 'DP_cudart_dlopen'
implib-gen: libcudart.so.11.0: failed to resolve symbol '__cudaUnregisterFatBinary', library failed to load
implib-gen: libcudart.so.11.0: failed to load library 'libcudart.so.11.0' via callback 'DP_cudart_dlopen'
implib-gen: libcudart.so.11.0: failed to resolve symbol '__cudaUnregisterFatBinary', library failed to load
implib-gen: libcudart.so.11.0: failed to load library 'libcudart.so.11.0' via callback 'DP_cudart_dlopen'
implib-gen: libcudart.so.11.0: failed to resolve symbol '__cudaUnregisterFatBinary', library failed to load
implib-gen: libcudart.so.11.0: failed to load library 'libcudart.so.11.0' via callback 'DP_cudart_dlopen'
implib-gen: libcudart.so.11.0: failed to resolve symbol '__cudaUnregisterFatBinary', library failed to load
implib-gen: libcudart.so.11.0: failed to load library 'libcudart.so.11.0' via callback 'DP_cudart_dlopen'
implib-gen: libcudart.so.11.0: failed to resolve symbol '__cudaUnregisterFatBinary', library failed to load
implib-gen: libcudart.so.11.0: failed to load library 'libcudart.so.11.0' via callback 'DP_cudart_dlopen'
implib-gen: libcudart.so.11.0: failed to resolve symbol '__cudaUnregisterFatBinary', library failed to load
implib-gen: libcudart.so.11.0: failed to load library 'libcudart.so.11.0' via callback 'DP_cudart_dlopen'
implib-gen: libcudart.so.11.0: failed to resolve symbol '__cudaUnregisterFatBinary', library failed to load
implib-gen: libcudart.so.11.0: failed to load library 'libcudart.so.11.0' via callback 'DP_cudart_dlopen'
implib-gen: libcudart.so.11.0: failed to resolve symbol '__cudaUnregisterFatBinary', library failed to load
implib-gen: libcudart.so.11.0: failed to load library 'libcudart.so.11.0' via callback 'DP_cudart_dlopen'
implib-gen: libcudart.so.11.0: failed to resolve symbol '__cudaUnregisterFatBinary', library failed to load
implib-gen: libcudart.so.11.0: failed to load library 'libcudart.so.11.0' via callback 'DP_cudart_dlopen'
implib-gen: libcudart.so.11.0: failed to resolve symbol '__cudaUnregisterFatBinary', library failed to load
implib-gen: libcudart.so.11.0: failed to load library 'libcudart.so.11.0' via callback 'DP_cudart_dlopen'
implib-gen: libcudart.so.11.0: failed to resolve symbol '__cudaUnregisterFatBinary', library failed to load
implib-gen: libcudart.so.11.0: failed to load library 'libcudart.so.11.0' via callback 'DP_cudart_dlopen'
implib-gen: libcudart.so.11.0: failed to resolve symbol '__cudaUnregisterFatBinary', library failed to load
implib-gen: libcudart.so.11.0: failed to load library 'libcudart.so.11.0' via callback 'DP_cudart_dlopen'
implib-gen: libcudart.so.11.0: failed to resolve symbol '__cudaUnregisterFatBinary', library failed to load
implib-gen: libcudart.so.11.0: failed to load library 'libcudart.so.11.0' via callback 'DP_cudart_dlopen'
implib-gen: libcudart.so.11.0: failed to resolve symbol '__cudaUnregisterFatBinary', library failed to load
implib-gen: libcudart.so.11.0: failed to load library 'libcudart.so.11.0' via callback 'DP_cudart_dlopen'
implib-gen: libcudart.so.11.0: failed to resolve symbol '__cudaUnregisterFatBinary', library failed to load
implib-gen: libcudart.so.11.0: failed to load library 'libcudart.so.11.0' via callback 'DP_cudart_dlopen'
implib-gen: libcudart.so.11.0: failed to resolve symbol '__cudaUnregisterFatBinary', library failed to load
implib-gen: libcudart.so.11.0: failed to load library 'libcudart.so.11.0' via callback 'DP_cudart_dlopen'
implib-gen: libcudart.so.11.0: failed to resolve symbol '__cudaUnregisterFatBinary', library failed to load
implib-gen: libcudart.so.11.0: failed to load library 'libcudart.so.11.0' via callback 'DP_cudart_dlopen'
implib-gen: libcudart.so.11.0: failed to resolve symbol '__cudaUnregisterFatBinary', library failed to load
implib-gen: libcudart.so.11.0: failed to load library 'libcudart.so.11.0' via callback 'DP_cudart_dlopen'
implib-gen: libcudart.so.11.0: failed to resolve symbol '__cudaUnregisterFatBinary', library failed to load
implib-gen: libcudart.so.11.0: failed to load library 'libcudart.so.11.0' via callback 'DP_cudart_dlopen'
implib-gen: libcudart.so.11.0: failed to resolve symbol '__cudaUnregisterFatBinary', library failed to load
implib-gen: libcudart.so.11.0: failed to load library 'libcudart.so.11.0' via callback 'DP_cudart_dlopen'
implib-gen: libcudart.so.11.0: failed to resolve symbol '__cudaUnregisterFatBinary', library failed to load
implib-gen: libcudart.so.11.0: failed to load library 'libcudart.so.11.0' via callback 'DP_cudart_dlopen'
implib-gen: libcudart.so.11.0: failed to resolve symbol '__cudaUnregisterFatBinary', library failed to load
implib-gen: libcudart.so.11.0: failed to load library 'libcudart.so.11.0' via callback 'DP_cudart_dlopen'
implib-gen: libcudart.so.11.0: failed to resolve symbol '__cudaUnregisterFatBinary', library failed to load
implib-gen: libcudart.so.11.0: failed to load library 'libcudart.so.11.0' via callback 'DP_cudart_dlopen'
implib-gen: libcudart.so.11.0: failed to resolve symbol '__cudaUnregisterFatBinary', library failed to load
implib-gen: libcudart.so.11.0: failed to load library 'libcudart.so.11.0' via callback 'DP_cudart_dlopen'
implib-gen: libcudart.so.11.0: failed to resolve symbol '__cudaUnregisterFatBinary', library failed to load
implib-gen: libcudart.so.11.0: failed to load library 'libcudart.so.11.0' via callback 'DP_cudart_dlopen'
implib-gen: libcudart.so.11.0: failed to resolve symbol '__cudaUnregisterFatBinary', library failed to load
implib-gen: libcudart.so.11.0: failed to load library 'libcudart.so.11.0' via callback 'DP_cudart_dlopen'
implib-gen: libcudart.so.11.0: failed to resolve symbol '__cudaUnregisterFatBinary', library failed to load
implib-gen: libcudart.so.11.0: failed to load library 'libcudart.so.11.0' via callback 'DP_cudart_dlopen'
implib-gen: libcudart.so.11.0: failed to resolve symbol '__cudaUnregisterFatBinary', library failed to load
implib-gen: libcudart.so.11.0: failed to load library 'libcudart.so.11.0' via callback 'DP_cudart_dlopen'
implib-gen: libcudart.so.11.0: failed to resolve symbol '__cudaUnregisterFatBinary', library failed to load
implib-gen: libcudart.so.11.0: failed to load library 'libcudart.so.11.0' via callback 'DP_cudart_dlopen'
implib-gen: libcudart.so.11.0: failed to resolve symbol '__cudaUnregisterFatBinary', library failed to load
implib-gen: libcudart.so.11.0: failed to load library 'libcudart.so.11.0' via callback 'DP_cudart_dlopen'
implib-gen: libcudart.so.11.0: failed to resolve symbol '__cudaUnregisterFatBinary', library failed to load
implib-gen: libcudart.so.11.0: failed to load library 'libcudart.so.11.0' via callback 'DP_cudart_dlopen'
implib-gen: libcudart.so.11.0: failed to resolve symbol '__cudaUnregisterFatBinary', library failed to load
implib-gen: libcudart.so.11.0: failed to load library 'libcudart.so.11.0' via callback 'DP_cudart_dlopen'
implib-gen: libcudart.so.11.0: failed to resolve symbol '__cudaUnregisterFatBinary', library failed to load
implib-gen: libcudart.so.11.0: failed to load library 'libcudart.so.11.0' via callback 'DP_cudart_dlopen'
implib-gen: libcudart.so.11.0: failed to resolve symbol '__cudaUnregisterFatBinary', library failed to load
implib-gen: libcudart.so.11.0: failed to load library 'libcudart.so.11.0' via callback 'DP_cudart_dlopen'
implib-gen: libcudart.so.11.0: failed to resolve symbol '__cudaUnregisterFatBinary', library failed to load
implib-gen: libcudart.so.11.0: failed to load library 'libcudart.so.11.0' via callback 'DP_cudart_dlopen'
implib-gen: libcudart.so.11.0: failed to resolve symbol '__cudaUnregisterFatBinary', library failed to load
implib-gen: libcudart.so.11.0: failed to load library 'libcudart.so.11.0' via callback 'DP_cudart_dlopen'
implib-gen: libcudart.so.11.0: failed to resolve symbol '__cudaUnregisterFatBinary', library failed to load
implib-gen: libcudart.so.11.0: failed to load library 'libcudart.so.11.0' via callback 'DP_cudart_dlopen'
implib-gen: libcudart.so.11.0: failed to resolve symbol '__cudaUnregisterFatBinary', library failed to load
implib-gen: libcudart.so.11.0: failed to load library 'libcudart.so.11.0' via callback 'DP_cudart_dlopen'
implib-gen: libcudart.so.11.0: failed to resolve symbol '__cudaUnregisterFatBinary', library failed to load
implib-gen: libcudart.so.11.0: failed to load library 'libcudart.so.11.0' via callback 'DP_cudart_dlopen'
implib-gen: libcudart.so.11.0: failed to load library 'libcudart.so.11.0' via callback 'DP_cudart_dlopen'
implib-gen: libcudart.so.11.0: failed to resolve symbol '__cudaUnregisterFatBinary', library failed to load
implib-gen: libcudart.so.11.0: failed to resolve symbol '__cudaUnregisterFatBinary', library failed to load
implib-gen: libcudart.so.11.0: failed to load library 'libcudart.so.11.0' via callback 'DP_cudart_dlopen'
implib-gen: libcudart.so.11.0: failed to resolve symbol '__cudaUnregisterFatBinary', library failed to load
implib-gen: libcudart.so.11.0: failed to load library 'libcudart.so.11.0' via callback 'DP_cudart_dlopen'
implib-gen: libcudart.so.11.0: failed to resolve symbol '__cudaUnregisterFatBinary', library failed to load
implib-gen: libcudart.so.11.0: failed to load library 'libcudart.so.11.0' via callback 'DP_cudart_dlopen'
implib-gen: libcudart.so.11.0: failed to resolve symbol '__cudaUnregisterFatBinary', library failed to load
implib-gen: libcudart.so.11.0: failed to load library 'libcudart.so.11.0' via callback 'DP_cudart_dlopen'
implib-gen: libcudart.so.11.0: failed to resolve symbol '__cudaUnregisterFatBinary', library failed to load
implib-gen: libcudart.so.11.0: failed to load library 'libcudart.so.11.0' via callback 'DP_cudart_dlopen'
implib-gen: libcudart.so.11.0: failed to resolve symbol '__cudaUnregisterFatBinary', library failed to load
implib-gen: libcudart.so.11.0: failed to load library 'libcudart.so.11.0' via callback 'DP_cudart_dlopen'
implib-gen: libcudart.so.11.0: failed to resolve symbol '__cudaUnregisterFatBinary', library failed to load
implib-gen: libcudart.so.11.0: failed to load library 'libcudart.so.11.0' via callback 'DP_cudart_dlopen'
implib-gen: libcudart.so.11.0: failed to resolve symbol '__cudaUnregisterFatBinary', library failed to load
implib-gen: libcudart.so.11.0: failed to load library 'libcudart.so.11.0' via callback 'DP_cudart_dlopen'
implib-gen: libcudart.so.11.0: failed to resolve symbol '__cudaUnregisterFatBinary', library failed to load
implib-gen: libcudart.so.11.0: failed to load library 'libcudart.so.11.0' via callback 'DP_cudart_dlopen'
implib-gen: libcudart.so.11.0: failed to resolve symbol '__cudaUnregisterFatBinary', library failed to load
implib-gen: libcudart.so.11.0: failed to load library 'libcudart.so.11.0' via callback 'DP_cudart_dlopen'
implib-gen: libcudart.so.11.0: failed to resolve symbol '__cudaUnregisterFatBinary', library failed to load
implib-gen: libcudart.so.11.0: failed to load library 'libcudart.so.11.0' via callback 'DP_cudart_dlopen'
implib-gen: libcudart.so.11.0: failed to resolve symbol '__cudaUnregisterFatBinary', library failed to load
implib-gen: libcudart.so.11.0: failed to load library 'libcudart.so.11.0' via callback 'DP_cudart_dlopen'
implib-gen: libcudart.so.11.0: failed to resolve symbol '__cudaUnregisterFatBinary', library failed to load
implib-gen: libcudart.so.11.0: failed to load library 'libcudart.so.11.0' via callback 'DP_cudart_dlopen'
implib-gen: libcudart.so.11.0: failed to resolve symbol '__cudaUnregisterFatBinary', library failed to load
implib-gen: libcudart.so.11.0: failed to load library 'libcudart.so.11.0' via callback 'DP_cudart_dlopen'
implib-gen: libcudart.so.11.0: failed to resolve symbol '__cudaUnregisterFatBinary', library failed to load
implib-gen: libcudart.so.11.0: failed to load library 'libcudart.so.11.0' via callback 'DP_cudart_dlopen'
implib-gen: libcudart.so.11.0: failed to resolve symbol '__cudaUnregisterFatBinary', library failed to load
implib-gen: libcudart.so.11.0: failed to load library 'libcudart.so.11.0' via callback 'DP_cudart_dlopen'
implib-gen: libcudart.so.11.0: failed to resolve symbol '__cudaUnregisterFatBinary', library failed to load
implib-gen: libcudart.so.11.0: failed to load library 'libcudart.so.11.0' via callback 'DP_cudart_dlopen'
implib-gen: libcudart.so.11.0: failed to resolve symbol '__cudaUnregisterFatBinary', library failed to load
implib-gen: libcudart.so.11.0: failed to load library 'libcudart.so.11.0' via callback 'DP_cudart_dlopen'
implib-gen: libcudart.so.11.0: failed to resolve symbol '__cudaUnregisterFatBinary', library failed to load
implib-gen: libcudart.so.11.0: failed to load library 'libcudart.so.11.0' via callback 'DP_cudart_dlopen'
implib-gen: libcudart.so.11.0: failed to resolve symbol '__cudaUnregisterFatBinary', library failed to load
implib-gen: libcudart.so.11.0: failed to load library 'libcudart.so.11.0' via callback 'DP_cudart_dlopen'
implib-gen: libcudart.so.11.0: failed to resolve symbol '__cudaUnregisterFatBinary', library failed to load
implib-gen: libcudart.so.11.0: failed to load library 'libcudart.so.11.0' via callback 'DP_cudart_dlopen'
implib-gen: libcudart.so.11.0: failed to resolve symbol '__cudaUnregisterFatBinary', library failed to load
implib-gen: libcudart.so.11.0: failed to load library 'libcudart.so.11.0' via callback 'DP_cudart_dlopen'
implib-gen: libcudart.so.11.0: failed to resolve symbol '__cudaUnregisterFatBinary', library failed to load
implib-gen: libcudart.so.11.0: failed to load library 'libcudart.so.11.0' via callback 'DP_cudart_dlopen'
implib-gen: libcudart.so.11.0: failed to resolve symbol '__cudaUnregisterFatBinary', library failed to load
implib-gen: libcudart.so.11.0: failed to load library 'libcudart.so.11.0' via callback 'DP_cudart_dlopen'
implib-gen: libcudart.so.11.0: failed to resolve symbol '__cudaUnregisterFatBinary', library failed to load
implib-gen: libcudart.so.11.0: failed to load library 'libcudart.so.11.0' via callback 'DP_cudart_dlopen'
implib-gen: libcudart.so.11.0: failed to resolve symbol '__cudaUnregisterFatBinary', library failed to load
implib-gen: libcudart.so.11.0: failed to load library 'libcudart.so.11.0' via callback 'DP_cudart_dlopen'
implib-gen: libcudart.so.11.0: failed to resolve symbol '__cudaUnregisterFatBinary', library failed to load
implib-gen: libcudart.so.11.0: failed to load library 'libcudart.so.11.0' via callback 'DP_cudart_dlopen'
implib-gen: libcudart.so.11.0: failed to resolve symbol '__cudaUnregisterFatBinary', library failed to load
implib-gen: libcudart.so.11.0: failed to load library 'libcudart.so.11.0' via callback 'DP_cudart_dlopen'
implib-gen: libcudart.so.11.0: failed to resolve symbol '__cudaUnregisterFatBinary', library failed to load
implib-gen: libcudart.so.11.0: failed to load library 'libcudart.so.11.0' via callback 'DP_cudart_dlopen'
implib-gen: libcudart.so.11.0: failed to resolve symbol '__cudaUnregisterFatBinary', library failed to load
implib-gen: libcudart.so.11.0: failed to load library 'libcudart.so.11.0' via callback 'DP_cudart_dlopen'
implib-gen: libcudart.so.11.0: failed to resolve symbol '__cudaUnregisterFatBinary', library failed to load
implib-gen: libcudart.so.11.0: failed to load library 'libcudart.so.11.0' via callback 'DP_cudart_dlopen'
implib-gen: libcudart.so.11.0: failed to resolve symbol '__cudaUnregisterFatBinary', library failed to load
implib-gen: libcudart.so.11.0: failed to load library 'libcudart.so.11.0' via callback 'DP_cudart_dlopen'
implib-gen: libcudart.so.11.0: failed to resolve symbol '__cudaUnregisterFatBinary', library failed to load
implib-gen: libcudart.so.11.0: failed to load library 'libcudart.so.11.0' via callback 'DP_cudart_dlopen'
implib-gen: libcudart.so.11.0: failed to resolve symbol '__cudaUnregisterFatBinary', library failed to load
implib-gen: libcudart.so.11.0: failed to load library 'libcudart.so.11.0' via callback 'DP_cudart_dlopen'
implib-gen: libcudart.so.11.0: failed to resolve symbol '__cudaUnregisterFatBinary', library failed to load
implib-gen: libcudart.so.11.0: failed to load library 'libcudart.so.11.0' via callback 'DP_cudart_dlopen'
implib-gen: libcudart.so.11.0: failed to resolve symbol '__cudaUnregisterFatBinary', library failed to load
implib-gen: libcudart.so.11.0: failed to load library 'libcudart.so.11.0' via callback 'DP_cudart_dlopen'
implib-gen: libcudart.so.11.0: failed to resolve symbol '__cudaUnregisterFatBinary', library failed to load
implib-gen: libcudart.so.11.0: failed to load library 'libcudart.so.11.0' via callback 'DP_cudart_dlopen'
implib-gen: libcudart.so.11.0: failed to resolve symbol '__cudaUnregisterFatBinary', library failed to load
implib-gen: libcudart.so.11.0: failed to load library 'libcudart.so.11.0' via callback 'DP_cudart_dlopen'
implib-gen: libcudart.so.11.0: failed to resolve symbol '__cudaUnregisterFatBinary', library failed to load
implib-gen: libcudart.so.11.0: failed to load library 'libcudart.so.11.0' via callback 'DP_cudart_dlopen'
implib-gen: libcudart.so.11.0: failed to resolve symbol '__cudaUnregisterFatBinary', library failed to load
implib-gen: libcudart.so.11.0: failed to load library 'libcudart.so.11.0' via callback 'DP_cudart_dlopen'
implib-gen: libcudart.so.11.0: failed to resolve symbol '__cudaUnregisterFatBinary', library failed to load
implib-gen: libcudart.so.11.0: failed to load library 'libcudart.so.11.0' via callback 'DP_cudart_dlopen'
implib-gen: libcudart.so.11.0: failed to resolve symbol '__cudaUnregisterFatBinary', library failed to load
implib-gen: libcudart.so.11.0: failed to load library 'libcudart.so.11.0' via callback 'DP_cudart_dlopen'
implib-gen: libcudart.so.11.0: failed to resolve symbol '__cudaUnregisterFatBinary', library failed to load
implib-gen: libcudart.so.11.0: failed to load library 'libcudart.so.11.0' via callback 'DP_cudart_dlopen'
implib-gen: libcudart.so.11.0: failed to resolve symbol '__cudaUnregisterFatBinary', library failed to load
implib-gen: libcudart.so.11.0: failed to load library 'libcudart.so.11.0' via callback 'DP_cudart_dlopen'
implib-gen: libcudart.so.11.0: failed to resolve symbol '__cudaUnregisterFatBinary', library failed to load
implib-gen: libcudart.so.11.0: failed to load library 'libcudart.so.11.0' via callback 'DP_cudart_dlopen'
implib-gen: libcudart.so.11.0: failed to resolve symbol '__cudaUnregisterFatBinary', library failed to load
implib-gen: libcudart.so.11.0: failed to load library 'libcudart.so.11.0' via callback 'DP_cudart_dlopen'
implib-gen: libcudart.so.11.0: failed to resolve symbol '__cudaUnregisterFatBinary', library failed to load
implib-gen: libcudart.so.11.0: failed to load library 'libcudart.so.11.0' via callback 'DP_cudart_dlopen'
implib-gen: libcudart.so.11.0: failed to resolve symbol '__cudaUnregisterFatBinary', library failed to load
implib-gen: libcudart.so.11.0: failed to load library 'libcudart.so.11.0' via callback 'DP_cudart_dlopen'
implib-gen: libcudart.so.11.0: failed to resolve symbol '__cudaUnregisterFatBinary', library failed to load
implib-gen: libcudart.so.11.0: failed to load library 'libcudart.so.11.0' via callback 'DP_cudart_dlopen'
implib-gen: libcudart.so.11.0: failed to resolve symbol '__cudaUnregisterFatBinary', library failed to load
implib-gen: libcudart.so.11.0: failed to load library 'libcudart.so.11.0' via callback 'DP_cudart_dlopen'
implib-gen: libcudart.so.11.0: failed to resolve symbol '__cudaUnregisterFatBinary', library failed to load
implib-gen: libcudart.so.11.0: failed to load library 'libcudart.so.11.0' via callback 'DP_cudart_dlopen'
implib-gen: libcudart.so.11.0: failed to resolve symbol '__cudaUnregisterFatBinary', library failed to load
implib-gen: libcudart.so.11.0: failed to load library 'libcudart.so.11.0' via callback 'DP_cudart_dlopen'
implib-gen: libcudart.so.11.0: failed to resolve symbol '__cudaUnregisterFatBinary', library failed to load
implib-gen: libcudart.so.11.0: failed to load library 'libcudart.so.11.0' via callback 'DP_cudart_dlopen'
implib-gen: libcudart.so.11.0: failed to resolve symbol '__cudaUnregisterFatBinary', library failed to load
implib-gen: libcudart.so.11.0: failed to load library 'libcudart.so.11.0' via callback 'DP_cudart_dlopen'
implib-gen: libcudart.so.11.0: failed to resolve symbol '__cudaUnregisterFatBinary', library failed to load
